<?xml version="1.0" encoding="UTF-8"?><magicdraw><literalinteger classType="LiteralInteger" humanType="Literal Integer" icon="ElectronicsAssemblyCaseStudy_files/icon_literalinteger_1747824475.svg" id="004e2245-f75b-48e6-a176-97aa7921e59b"><documentation humanName="Documentation"/><name humanName="Name"/><owner classType="InputPin" humanName="Owner" humanType="Input Pin" icon="ElectronicsAssemblyCaseStudy_files/icon_inputpin_562685863.svg" mode="e" name="workOrderIN" refid="a3b918f6-8acf-4c45-8220-97c80eb64194"/><owningLower classType="InputPin" humanName="Owning Lower" humanType="Input Pin" icon="ElectronicsAssemblyCaseStudy_files/icon_inputpin_562685863.svg" name="workOrderIN" refid="a3b918f6-8acf-4c45-8220-97c80eb64194"/><qualifiedName humanName="Qualified Name">0 - Production System Reference Architecture::5 - Architecture pkg::5.0 - Functional Architecture::5.0.1 - Make::Iteration4::MakeGeneratedWireKitB::WireAssy_CutStripManual::workOrderIN::</qualifiedName><text humanName="Text" mode="standard">1</text><TO_DO humanName="To Do"/><TYPE_MODIFIER humanName="Type Modifier"/><value humanName="Value" mode="s,e">1</value><visibility humanName="Visibility">public</visibility></literalinteger></magicdraw>