<?xml version="1.0" encoding="UTF-8"?><magicdraw><instancespecification classType="InstanceSpecification" humanType="Instance Specification" icon="ElectronicsAssemblyCaseStudy_files/icon_instancespecification_13643661.svg" id="00634863-584f-430f-8a5d-35e76c849a12"><classifier humanName="Classifier" mode="s,e"><stereotype classType="Stereotype" humanType="Stereotype" icon="ElectronicsAssemblyCaseStudy_files/icon_stereotype_1181413890.svg" name="Block" refid="8e0fce90-9291-4dd4-b177-0d6e47dccd70"/></classifier><documentation humanName="Documentation"/><name humanName="Name" mode="s,e"/><owner classType="Class" humanName="Owner" humanType="Block" icon="ElectronicsAssemblyCaseStudy_files/icon_block_1181413890.svg" mode="s,e" name="DaughterCard+PB" refid="1ecaf56c-5f2c-443c-bd92-83ecedab7bd4"/><qualifiedName humanName="Qualified Name" mode="e">2 - Product Specification::DaughterCard+PB::</qualifiedName><stereotypedElement classType="Class" humanName="Stereotyped Element" humanType="Block" icon="ElectronicsAssemblyCaseStudy_files/icon_block_1181413890.svg" name="DaughterCard+PB" refid="1ecaf56c-5f2c-443c-bd92-83ecedab7bd4"/><TO_DO humanName="To Do" mode="s,e"/><visibility humanName="Visibility">public</visibility></instancespecification></magicdraw>