<?xml version="1.0" encoding="UTF-8"?><magicdraw><package classType="Package" humanType="Package" icon="ElectronicsAssemblyCaseStudy_files/icon_package_1622863652.svg" id="011d96b1-b81e-4d0e-8530-50d6ef2e7501"><documentation humanName="Documentation"/><name humanName="Name" mode="s,e">3.1 - Quality Use Cases</name><namespace classType="Package" humanName="Namespace" humanType="Package" icon="ElectronicsAssemblyCaseStudy_files/icon_package_1622863652.svg" name="3 - Use Cases - pkg" refid="95f01347-a201-4386-b902-05c5e4048669"/><nestingPackage classType="Package" humanName="Nesting Package" humanType="Package" icon="ElectronicsAssemblyCaseStudy_files/icon_package_1622863652.svg" name="3 - Use Cases - pkg" refid="95f01347-a201-4386-b902-05c5e4048669"/><owner classType="Package" humanName="Owner" humanType="Package" icon="ElectronicsAssemblyCaseStudy_files/icon_package_1622863652.svg" mode="s,e" name="3 - Use Cases - pkg" refid="95f01347-a201-4386-b902-05c5e4048669"/><owningPackage classType="Package" humanName="Owning Package" humanType="Package" icon="ElectronicsAssemblyCaseStudy_files/icon_package_1622863652.svg" name="3 - Use Cases - pkg" refid="95f01347-a201-4386-b902-05c5e4048669"/><qualifiedName humanName="Qualified Name" mode="e">0 - Production System Reference Architecture::3 - Use Cases - pkg::3.1 - Quality Use Cases</qualifiedName><TO_DO humanName="To Do" mode="s,e"/><URI humanName="URI" mode="s,e"/><visibility humanName="Visibility">public</visibility></package></magicdraw>