<?xml version="1.0" encoding="UTF-8"?><magicdraw><literalinteger classType="LiteralInteger" humanType="Literal Integer" icon="ElectronicsAssemblyCaseStudy_files/icon_literalinteger_1747824475.svg" id="013dbc84-0a1e-4aa2-9e46-4322591069b6"><documentation humanName="Documentation"/><name humanName="Name"/><owner classType="Slot" humanName="Owner" humanType="Slot" icon="ElectronicsAssemblyCaseStudy_files/icon_slot_283253595.svg" mode="e" refid="eb8ea9e5-0897-4583-b8ba-c5295621d828"/><owningSlot classType="Slot" humanName="Owning Slot" humanType="Slot" icon="ElectronicsAssemblyCaseStudy_files/icon_slot_283253595.svg" refid="eb8ea9e5-0897-4583-b8ba-c5295621d828"/><qualifiedName humanName="Qualified Name"/><text humanName="Text" mode="standard">500</text><TO_DO humanName="To Do"/><TYPE_MODIFIER humanName="Type Modifier"/><value humanName="Value" mode="s,e">500</value><visibility humanName="Visibility">public</visibility></literalinteger></magicdraw>