<?xml version="1.0" encoding="UTF-8"?><magicdraw><literalstring classType="LiteralString" humanType="Literal String" icon="ElectronicsAssemblyCaseStudy_files/icon_literalstring_1903496650.svg" id="017cab82-0e6a-48ba-b7cd-11f6a80bc1ff"><documentation humanName="Documentation"/><name humanName="Name"/><owner classType="Property" humanName="Owner" humanType="Value Property" icon="ElectronicsAssemblyCaseStudy_files/icon_valueproperty_47622969.svg" mode="e" name="partNumber" refid="5836dce2-e5ba-4899-b8e6-8f1ab2e571a3"/><owningProperty classType="Property" humanName="Owning Property" humanType="Value Property" icon="ElectronicsAssemblyCaseStudy_files/icon_valueproperty_47622969.svg" name="partNumber" refid="5836dce2-e5ba-4899-b8e6-8f1ab2e571a3"/><qualifiedName humanName="Qualified Name">2 - Product Specification::CCA1+MP::partNumber::</qualifiedName><text humanName="Text" mode="standard">868-4+MP</text><TO_DO humanName="To Do"/><TYPE_MODIFIER humanName="Type Modifier"/><value humanName="Value" mode="s,e">868-4+MP</value><visibility humanName="Visibility">public</visibility></literalstring></magicdraw>