<?xml version="1.0" encoding="UTF-8"?><magicdraw><instancespecification classType="InstanceSpecification" humanType="Instance Specification" icon="ElectronicsAssemblyCaseStudy_files/icon_instancespecification_13643661.svg" id="01ab7a3b-0409-42e5-b9af-0338bcce56a4"><classifier humanName="Classifier" mode="s,e"><stereotype classType="Stereotype" humanType="Stereotype" icon="ElectronicsAssemblyCaseStudy_files/icon_stereotype_47622969.svg" name="ValueProperty" refid="bdfa68cc-211c-4f1f-bfeb-ab872e01816f"/></classifier><documentation humanName="Documentation"/><name humanName="Name" mode="s,e"/><owner classType="Property" humanName="Owner" humanType="Value Property" icon="ElectronicsAssemblyCaseStudy_files/icon_valueproperty_47622969.svg" mode="s,e" name="partNumber" refid="13e5e4d7-f08b-4001-88d0-34f9ce14c1a1"/><qualifiedName humanName="Qualified Name" mode="e">2 - Product Specification::DaughterCard+PB::partNumber::</qualifiedName><stereotypedElement classType="Property" humanName="Stereotyped Element" humanType="Value Property" icon="ElectronicsAssemblyCaseStudy_files/icon_valueproperty_47622969.svg" name="partNumber" refid="13e5e4d7-f08b-4001-88d0-34f9ce14c1a1"/><TO_DO humanName="To Do" mode="s,e"/><visibility humanName="Visibility">public</visibility></instancespecification></magicdraw>