<?xml version="1.0" encoding="UTF-8"?><magicdraw><activity classType="Activity" humanType="Activity" icon="ElectronicsAssemblyCaseStudy_files/icon_activity_1076127169.svg" id="01c1bb87-ece5-4f70-9bac-4880bd4276c1"><derivedExplanation humanName="Derived Explanation"/><documentation humanName="Documentation"/><effectiveIRI humanName="Effective IRI"/><isAbstract humanName="Is Abstract">false</isAbstract><isActive humanName="Is Active">false</isActive><isFinalSpecialization humanName="Is Final Specialization">false</isFinalSpecialization><isLeaf humanName="Is Leaf">false</isLeaf><isReadOnly humanName="Is Read Only" mode="s,e">false</isReadOnly><isReentrant humanName="Is Reentrant">true</isReentrant><isSingleExecution humanName="Is Single Execution" mode="s,e">false</isSingleExecution><member humanName="Member"><diagram classType="Diagram" humanType="Diagram" icon="ElectronicsAssemblyCaseStudy_files/icon_SysML Activity Diagram_1550211747.svg" name="GetSensorCard+PR" refid="5c4528bf-e76f-4a96-b8a4-c8194bb87895"/><parameter classType="Parameter" humanType="Parameter" icon="ElectronicsAssemblyCaseStudy_files/icon_parameter_1919576980.svg" name="partOUT" refid="ec26af59-8856-4eb3-8ce8-6cff7a3be9d1"/><parameter classType="Parameter" humanType="Parameter" icon="ElectronicsAssemblyCaseStudy_files/icon_parameter_1919576980.svg" name="workOrderIN" refid="d448fa62-e2fb-48ab-a47d-235ba080aeae"/></member><name humanName="Name" mode="s,e">GetSensorCard+PR</name><namespace classType="Package" humanName="Namespace" humanType="Package" icon="ElectronicsAssemblyCaseStudy_files/icon_package_1622863652.svg" name="Iteration3" refid="ab7edd0c-74e8-4f77-b8fa-804cf48b4d41"/><node humanName="Node" mode="s,e"><activityparameternode classType="ActivityParameterNode" humanType="Activity Parameter Node" icon="ElectronicsAssemblyCaseStudy_files/icon_activityparameternode_419280591.svg" name="partOUT" refid="9fd1f88a-4f9a-4858-adc5-36e21cfb5df6"/><callbehavioraction classType="CallBehaviorAction" humanType="Call Behavior Action" icon="ElectronicsAssemblyCaseStudy_files/icon_callbehavioraction_66845334.svg" name="SensorCard_PR" refid="2b53e9dc-9b3b-4201-aeca-8b180fc80fb6"/><activityparameternode classType="ActivityParameterNode" humanType="Activity Parameter Node" icon="ElectronicsAssemblyCaseStudy_files/icon_activityparameternode_419280591.svg" name="workOrderIN" refid="e1066a1c-fa38-4014-b6ce-2869d1b39ee1"/></node><ownedDiagram humanName="Owned Diagram"><diagram classType="Diagram" humanType="Diagram" icon="ElectronicsAssemblyCaseStudy_files/icon_SysML Activity Diagram_1550211747.svg" name="GetSensorCard+PR" refid="5c4528bf-e76f-4a96-b8a4-c8194bb87895"/></ownedDiagram><ownedElement humanName="Owned Element"><diagram classType="Diagram" humanType="Diagram" icon="ElectronicsAssemblyCaseStudy_files/icon_SysML Activity Diagram_1550211747.svg" name="GetSensorCard+PR" refid="5c4528bf-e76f-4a96-b8a4-c8194bb87895"/><activityparameternode classType="ActivityParameterNode" humanType="Activity Parameter Node" icon="ElectronicsAssemblyCaseStudy_files/icon_activityparameternode_419280591.svg" name="partOUT" refid="9fd1f88a-4f9a-4858-adc5-36e21cfb5df6"/><parameter classType="Parameter" humanType="Parameter" icon="ElectronicsAssemblyCaseStudy_files/icon_parameter_1919576980.svg" name="partOUT" refid="ec26af59-8856-4eb3-8ce8-6cff7a3be9d1"/><callbehavioraction classType="CallBehaviorAction" humanType="Call Behavior Action" icon="ElectronicsAssemblyCaseStudy_files/icon_callbehavioraction_66845334.svg" name="SensorCard_PR" refid="2b53e9dc-9b3b-4201-aeca-8b180fc80fb6"/><activityparameternode classType="ActivityParameterNode" humanType="Activity Parameter Node" icon="ElectronicsAssemblyCaseStudy_files/icon_activityparameternode_419280591.svg" name="workOrderIN" refid="e1066a1c-fa38-4014-b6ce-2869d1b39ee1"/><parameter classType="Parameter" humanType="Parameter" icon="ElectronicsAssemblyCaseStudy_files/icon_parameter_1919576980.svg" name="workOrderIN" refid="d448fa62-e2fb-48ab-a47d-235ba080aeae"/></ownedElement><ownedMember humanName="Owned Member"><diagram classType="Diagram" humanType="Diagram" icon="ElectronicsAssemblyCaseStudy_files/icon_SysML Activity Diagram_1550211747.svg" name="GetSensorCard+PR" refid="5c4528bf-e76f-4a96-b8a4-c8194bb87895"/><parameter classType="Parameter" humanType="Parameter" icon="ElectronicsAssemblyCaseStudy_files/icon_parameter_1919576980.svg" name="partOUT" refid="ec26af59-8856-4eb3-8ce8-6cff7a3be9d1"/><parameter classType="Parameter" humanType="Parameter" icon="ElectronicsAssemblyCaseStudy_files/icon_parameter_1919576980.svg" name="workOrderIN" refid="d448fa62-e2fb-48ab-a47d-235ba080aeae"/></ownedMember><ownedParameter humanName="Owned Parameter"><parameter classType="Parameter" humanType="Parameter" icon="ElectronicsAssemblyCaseStudy_files/icon_parameter_1919576980.svg" name="partOUT" refid="ec26af59-8856-4eb3-8ce8-6cff7a3be9d1"/><parameter classType="Parameter" humanType="Parameter" icon="ElectronicsAssemblyCaseStudy_files/icon_parameter_1919576980.svg" name="workOrderIN" refid="d448fa62-e2fb-48ab-a47d-235ba080aeae"/></ownedParameter><owner classType="Package" humanName="Owner" humanType="Package" icon="ElectronicsAssemblyCaseStudy_files/icon_package_1622863652.svg" mode="s,e" name="Iteration3" refid="ab7edd0c-74e8-4f77-b8fa-804cf48b4d41"/><owningPackage classType="Package" humanName="Owning Package" humanType="Package" icon="ElectronicsAssemblyCaseStudy_files/icon_package_1622863652.svg" name="Iteration3" refid="ab7edd0c-74e8-4f77-b8fa-804cf48b4d41"/><package classType="Package" humanName="Package" humanType="Package" icon="ElectronicsAssemblyCaseStudy_files/icon_package_1622863652.svg" name="Iteration3" refid="ab7edd0c-74e8-4f77-b8fa-804cf48b4d41"/><qualifiedName humanName="Qualified Name" mode="e">0 - Production System Reference Architecture::5 - Architecture pkg::5.0 - Functional Architecture::5.0.0 - Get::Iteration3::GetSensorCard+PR</qualifiedName><TO_DO humanName="To Do" mode="s,e"/><usedClassifier humanName="Used Classifier"><block classType="Class" humanType="Block" icon="ElectronicsAssemblyCaseStudy_files/icon_block_879333290.svg" name="SensorCard+PR" refid="d436a940-c76e-43b2-8dc6-898601d583d8"/></usedClassifier><visibility humanName="Visibility">public</visibility></activity></magicdraw>