<?xml version="1.0" encoding="UTF-8"?><magicdraw><literalstring classType="LiteralString" humanType="Literal String" icon="ElectronicsAssemblyCaseStudy_files/icon_literalstring_1903496650.svg" id="01d8590b-7b2b-42d4-b2b0-df9aaf57e4a3"><documentation humanName="Documentation"/><name humanName="Name"/><owner classType="Slot" humanName="Owner" humanType="Slot" icon="ElectronicsAssemblyCaseStudy_files/icon_slot_283253595.svg" mode="e" refid="05b14d8f-b8d0-4838-951d-6883447b4462"/><owningSlot classType="Slot" humanName="Owning Slot" humanType="Slot" icon="ElectronicsAssemblyCaseStudy_files/icon_slot_283253595.svg" refid="05b14d8f-b8d0-4838-951d-6883447b4462"/><qualifiedName humanName="Qualified Name"/><text humanName="Text" mode="standard">What kinds of regulators (and their concerns) must be considered when designing and operating and production system?</text><TO_DO humanName="To Do"/><TYPE_MODIFIER humanName="Type Modifier"/><value humanName="Value" mode="s,e">What kinds of regulators (and their concerns) must be considered when designing and operating and production system?</value><visibility humanName="Visibility">public</visibility></literalstring></magicdraw>