<?xml version="1.0" encoding="UTF-8"?><magicdraw><callbehavioraction classType="CallBehaviorAction" humanType="Call Behavior Action" icon="ElectronicsAssemblyCaseStudy_files/icon_callbehavioraction_66845334.svg" id="020f6149-64c5-43d9-95a1-f209b039f8ec"><activity classType="Activity" humanName="Activity" humanType="Activity" icon="ElectronicsAssemblyCaseStudy_files/icon_activity_1076127169.svg" name="GetCCA2" refid="615a94a6-afd4-4967-abd1-6bf1f84b9ba0"/><argument humanName="Argument"><inputpin classType="InputPin" humanType="Input Pin" icon="ElectronicsAssemblyCaseStudy_files/icon_inputpin_562685863.svg" name="workOrderIN" refid="560dd8bc-f4c6-400b-bab6-4bc2b1b5be6d"/></argument><behavior classType="Activity" humanName="Behavior" humanType="Activity" icon="ElectronicsAssemblyCaseStudy_files/icon_activity_1076127169.svg" mode="s,e" name="MakeCCA2" refid="40f6b63e-55b5-46dc-9fd4-2211d610cb20"/><documentation humanName="Documentation"/><input humanName="Input"><inputpin classType="InputPin" humanType="Input Pin" icon="ElectronicsAssemblyCaseStudy_files/icon_inputpin_562685863.svg" name="workOrderIN" refid="560dd8bc-f4c6-400b-bab6-4bc2b1b5be6d"/></input><isLeaf humanName="Is Leaf">false</isLeaf><isLocallyReentrant humanName="Is Locally Reentrant ">false</isLocallyReentrant><isSynchronous humanName="Is Synchronous" mode="e">true</isSynchronous><name humanName="Name" mode="s,e"/><output humanName="Output"><outputpin classType="OutputPin" humanType="Output Pin" icon="ElectronicsAssemblyCaseStudy_files/icon_outputpin_168870325.svg" name="partOUT" refid="8ebf1b20-b550-4b8a-9970-28b03d13e596"/></output><ownedElement humanName="Owned Element"><outputpin classType="OutputPin" humanType="Output Pin" icon="ElectronicsAssemblyCaseStudy_files/icon_outputpin_168870325.svg" name="partOUT" refid="8ebf1b20-b550-4b8a-9970-28b03d13e596"/><inputpin classType="InputPin" humanType="Input Pin" icon="ElectronicsAssemblyCaseStudy_files/icon_inputpin_562685863.svg" name="workOrderIN" refid="560dd8bc-f4c6-400b-bab6-4bc2b1b5be6d"/></ownedElement><owner classType="Activity" humanName="Owner" humanType="Activity" icon="ElectronicsAssemblyCaseStudy_files/icon_activity_1076127169.svg" mode="s,e" name="GetCCA2" refid="615a94a6-afd4-4967-abd1-6bf1f84b9ba0"/><qualifiedName humanName="Qualified Name" mode="e">0 - Production System Reference Architecture::5 - Architecture pkg::5.0 - Functional Architecture::5.0.0 - Get::Iteration2::GetCCA2::</qualifiedName><result humanName="Result"><outputpin classType="OutputPin" humanType="Output Pin" icon="ElectronicsAssemblyCaseStudy_files/icon_outputpin_168870325.svg" name="partOUT" refid="8ebf1b20-b550-4b8a-9970-28b03d13e596"/></result><TO_DO humanName="To Do" mode="s,e"/><visibility humanName="Visibility">public</visibility><appearsIn><diagram classType="Diagram" humanType="Diagram" icon="ElectronicsAssemblyCaseStudy_files/icon_SysML Activity Diagram_1550211747.svg" name="GetCCA2" refid="89c9cb58-30f1-45ad-b271-7046f70ca155"/></appearsIn></callbehavioraction></magicdraw>