<?xml version="1.0" encoding="UTF-8"?><magicdraw><elementvalue classType="ElementValue" humanType="Element Value" icon="ElectronicsAssemblyCaseStudy_files/icon_elementvalue_1770746812.svg" id="021bfb24-1ebf-4f63-8140-fee21dbf3ffb"><documentation humanName="Documentation"/><element classType="Stereotype" humanName="Element" humanType="Stereotype" icon="ElectronicsAssemblyCaseStudy_files/icon_stereotype_918307166.svg" mode="s,e" name="AbstractRequirement" refid="2cad6c59-0acb-485b-87d5-a5884f444199"/><name humanName="Name"/><owner classType="Slot" humanName="Owner" humanType="Slot" icon="ElectronicsAssemblyCaseStudy_files/icon_slot_283253595.svg" mode="e" refid="0f32d8fa-fe88-40ed-b52f-18e7a9bdf14e"/><owningSlot classType="Slot" humanName="Owning Slot" humanType="Slot" icon="ElectronicsAssemblyCaseStudy_files/icon_slot_283253595.svg" refid="0f32d8fa-fe88-40ed-b52f-18e7a9bdf14e"/><qualifiedName humanName="Qualified Name"/><text humanName="Text" mode="standard">AbstractRequirement</text><TO_DO humanName="To Do"/><TYPE_MODIFIER humanName="Type Modifier"/><visibility humanName="Visibility">public</visibility></elementvalue></magicdraw>