<?xml version="1.0" encoding="UTF-8"?><magicdraw><literalstring classType="LiteralString" humanType="Literal String" icon="ElectronicsAssemblyCaseStudy_files/icon_literalstring_1903496650.svg" id="024bff73-82c1-4a66-82cb-ccb2e88e72cf"><documentation humanName="Documentation"/><name humanName="Name"/><owner classType="Slot" humanName="Owner" humanType="Slot" icon="ElectronicsAssemblyCaseStudy_files/icon_slot_283253595.svg" mode="e" refid="7f6d4469-e4fe-4341-8028-486ddd644b98"/><owningSlot classType="Slot" humanName="Owning Slot" humanType="Slot" icon="ElectronicsAssemblyCaseStudy_files/icon_slot_283253595.svg" refid="7f6d4469-e4fe-4341-8028-486ddd644b98"/><qualifiedName humanName="Qualified Name"/><text humanName="Text" mode="standard">gthiers</text><TO_DO humanName="To Do"/><TYPE_MODIFIER humanName="Type Modifier"/><value humanName="Value" mode="s,e">gthiers</value><visibility humanName="Visibility">public</visibility></literalstring></magicdraw>