<?xml version="1.0" encoding="UTF-8"?><magicdraw><literalinteger classType="LiteralInteger" humanType="Literal Integer" icon="ElectronicsAssemblyCaseStudy_files/icon_literalinteger_1747824475.svg" id="025f543a-56bb-4a6b-bf7f-f014c04f3d25"><documentation humanName="Documentation"/><name humanName="Name"/><owner classType="OutputPin" humanName="Owner" humanType="Output Pin" icon="ElectronicsAssemblyCaseStudy_files/icon_outputpin_168870325.svg" mode="e" name="partOUT" refid="016438c3-0c88-4483-a958-8c54ec498bfb"/><owningLower classType="OutputPin" humanName="Owning Lower" humanType="Output Pin" icon="ElectronicsAssemblyCaseStudy_files/icon_outputpin_168870325.svg" name="partOUT" refid="016438c3-0c88-4483-a958-8c54ec498bfb"/><qualifiedName humanName="Qualified Name">0 - Production System Reference Architecture::5 - Architecture pkg::5.0 - Functional Architecture::5.0.8 - GetInputs::Iteration1::GetInputs_Coupler::ChassisElecEquip::partOUT::</qualifiedName><text humanName="Text" mode="standard">1</text><TO_DO humanName="To Do"/><TYPE_MODIFIER humanName="Type Modifier"/><value humanName="Value" mode="s,e">1</value><visibility humanName="Visibility">public</visibility></literalinteger></magicdraw>