<?xml version="1.0" encoding="UTF-8"?><magicdraw><literalstring classType="LiteralString" humanType="Literal String" icon="ElectronicsAssemblyCaseStudy_files/icon_literalstring_1903496650.svg" id="0261678e-006a-4a30-b886-db3464f6b182"><documentation humanName="Documentation"/><name humanName="Name"/><owner classType="Slot" humanName="Owner" humanType="Slot" icon="ElectronicsAssemblyCaseStudy_files/icon_slot_283253595.svg" mode="e" refid="817850b8-323b-4ea8-a967-59f94665befc"/><owningSlot classType="Slot" humanName="Owning Slot" humanType="Slot" icon="ElectronicsAssemblyCaseStudy_files/icon_slot_283253595.svg" refid="817850b8-323b-4ea8-a967-59f94665befc"/><qualifiedName humanName="Qualified Name"/><text humanName="Text" mode="standard">6/4/20 1:04 PM</text><TO_DO humanName="To Do"/><TYPE_MODIFIER humanName="Type Modifier"/><value humanName="Value" mode="s,e">6/4/20 1:04 PM</value><visibility humanName="Visibility">public</visibility></literalstring></magicdraw>