<?xml version="1.0" encoding="UTF-8"?><magicdraw><controlflow classType="ControlFlow" humanType="Control Flow" icon="ElectronicsAssemblyCaseStudy_files/icon_controlflow_1765690649.svg" id="029769cd-43db-46c7-b4ee-0f5a67b15c9a"><activity classType="Activity" humanName="Activity" humanType="Activity" icon="ElectronicsAssemblyCaseStudy_files/icon_activity_1076127169.svg" name="MakeSensorCard+PR" refid="3e61a0e4-9701-43f3-a7b8-ac412f564ad2"/><documentation humanName="Documentation"/><isLeaf humanName="Is Leaf">false</isLeaf><name humanName="Name" mode="s,e"/><ownedElement humanName="Owned Element"><literalunlimitednatural classType="LiteralUnlimitedNatural" humanType="Literal Unlimited Natural" icon="ElectronicsAssemblyCaseStudy_files/icon_literalunlimitednatural_1702058771.svg" name="1" refid="0329908b-cdb0-4ecf-b64c-36753f20b2c5" text="1"/></ownedElement><owner classType="Activity" humanName="Owner" humanType="Activity" icon="ElectronicsAssemblyCaseStudy_files/icon_activity_1076127169.svg" mode="s,e" name="MakeSensorCard+PR" refid="3e61a0e4-9701-43f3-a7b8-ac412f564ad2"/><qualifiedName humanName="Qualified Name" mode="e">0 - Production System Reference Architecture::5 - Architecture pkg::5.0 - Functional Architecture::5.0.1 - Make::Iteration3::MakeSensorCard+PR::</qualifiedName><source classType="CallBehaviorAction" humanName="Source" humanType="Call Behavior Action" icon="ElectronicsAssemblyCaseStudy_files/icon_callbehavioraction_66845334.svg" mode="s,e" name="Quality_Postwave_2nd" refid="d72e8eb4-0ef0-4f06-b9c1-fe48573e12a3"/><target classType="CallBehaviorAction" humanName="Target" humanType="Call Behavior Action" icon="ElectronicsAssemblyCaseStudy_files/icon_callbehavioraction_66845334.svg" mode="s,e" name="ReceiveTo" refid="5f73520b-df74-4a81-a1d2-1a9cd1d9b02f"/><TO_DO humanName="To Do" mode="s,e"/><visibility humanName="Visibility">public</visibility><weight classType="LiteralUnlimitedNatural" humanName="Weight" humanType="Literal Unlimited Natural" icon="ElectronicsAssemblyCaseStudy_files/icon_literalunlimitednatural_1702058771.svg" mode="e" name="1" refid="0329908b-cdb0-4ecf-b64c-36753f20b2c5" text="1"/><appearsIn><diagram classType="Diagram" humanType="Diagram" icon="ElectronicsAssemblyCaseStudy_files/icon_SysML Activity Diagram_1550211747.svg" name="MakeSensorCard+PR" refid="e9952953-09be-4d66-9510-fd5df2aa76fe"/></appearsIn></controlflow></magicdraw>