<?xml version="1.0" encoding="UTF-8"?><magicdraw><package classType="Package" humanType="Package" icon="ElectronicsAssemblyCaseStudy_files/icon_package_1622863652.svg" id="02b61958-5ac5-4d58-ab80-cb141f56a3a2"><documentation humanName="Documentation"/><member humanName="Member"><diagram classType="Diagram" humanType="Diagram" icon="ElectronicsAssemblyCaseStudy_files/icon_SysML Package Diagram_1163278293.svg" name="1 - Business Function Stakeholders pkg" refid="7a9a1de0-eab8-4f5a-8ff3-295ffbc12e8b"/><package classType="Package" humanType="Package" icon="ElectronicsAssemblyCaseStudy_files/icon_package_1622863652.svg" name="1.1.1 Stakeholders pkg" refid="e0ccf502-1fa0-4b26-89be-5fccc74cdfc4"/><package classType="Package" humanType="Package" icon="ElectronicsAssemblyCaseStudy_files/icon_package_1622863652.svg" name="1.1.2 Needs &amp; Objectives pkg" refid="6dd07680-2d7b-4cb5-9de2-f94fd719d176"/><package classType="Package" humanType="Package" icon="ElectronicsAssemblyCaseStudy_files/icon_package_1622863652.svg" name="1.1.3 Constraints &amp; Requirements pkg" refid="f854f931-ab24-492b-a409-21ea03d07a4c"/></member><name humanName="Name" mode="s,e">1.1 - Business Function pkg</name><namespace classType="Package" humanName="Namespace" humanType="Package" icon="ElectronicsAssemblyCaseStudy_files/icon_package_1622863652.svg" name="1 - Stakeholders pkg" refid="d2aae795-86c3-4a6e-9276-fe0db243feec"/><nestedPackage humanName="Nested Package"><package classType="Package" humanType="Package" icon="ElectronicsAssemblyCaseStudy_files/icon_package_1622863652.svg" name="1.1.1 Stakeholders pkg" refid="e0ccf502-1fa0-4b26-89be-5fccc74cdfc4"/><package classType="Package" humanType="Package" icon="ElectronicsAssemblyCaseStudy_files/icon_package_1622863652.svg" name="1.1.2 Needs &amp; Objectives pkg" refid="6dd07680-2d7b-4cb5-9de2-f94fd719d176"/><package classType="Package" humanType="Package" icon="ElectronicsAssemblyCaseStudy_files/icon_package_1622863652.svg" name="1.1.3 Constraints &amp; Requirements pkg" refid="f854f931-ab24-492b-a409-21ea03d07a4c"/></nestedPackage><nestingPackage classType="Package" humanName="Nesting Package" humanType="Package" icon="ElectronicsAssemblyCaseStudy_files/icon_package_1622863652.svg" name="1 - Stakeholders pkg" refid="d2aae795-86c3-4a6e-9276-fe0db243feec"/><ownedComment humanName="Owned Comment"><comment classType="Comment" humanType="Comment" icon="ElectronicsAssemblyCaseStudy_files/icon_comment_1472036907.svg" refid="3f7dfe15-9dc7-400a-a4bd-f461aa4007d6"/><comment classType="Comment" humanType="Comment" icon="ElectronicsAssemblyCaseStudy_files/icon_comment_1472036907.svg" refid="c7567983-70fd-4376-89b3-8d887ac999f2"/></ownedComment><ownedDiagram humanName="Owned Diagram"><diagram classType="Diagram" humanType="Diagram" icon="ElectronicsAssemblyCaseStudy_files/icon_SysML Package Diagram_1163278293.svg" name="1 - Business Function Stakeholders pkg" refid="7a9a1de0-eab8-4f5a-8ff3-295ffbc12e8b"/></ownedDiagram><ownedElement humanName="Owned Element"><comment classType="Comment" humanType="Comment" icon="ElectronicsAssemblyCaseStudy_files/icon_comment_1472036907.svg" refid="3f7dfe15-9dc7-400a-a4bd-f461aa4007d6"/><comment classType="Comment" humanType="Comment" icon="ElectronicsAssemblyCaseStudy_files/icon_comment_1472036907.svg" refid="c7567983-70fd-4376-89b3-8d887ac999f2"/><diagram classType="Diagram" humanType="Diagram" icon="ElectronicsAssemblyCaseStudy_files/icon_SysML Package Diagram_1163278293.svg" name="1 - Business Function Stakeholders pkg" refid="7a9a1de0-eab8-4f5a-8ff3-295ffbc12e8b"/><package classType="Package" humanType="Package" icon="ElectronicsAssemblyCaseStudy_files/icon_package_1622863652.svg" name="1.1.1 Stakeholders pkg" refid="e0ccf502-1fa0-4b26-89be-5fccc74cdfc4"/><package classType="Package" humanType="Package" icon="ElectronicsAssemblyCaseStudy_files/icon_package_1622863652.svg" name="1.1.2 Needs &amp; Objectives pkg" refid="6dd07680-2d7b-4cb5-9de2-f94fd719d176"/><package classType="Package" humanType="Package" icon="ElectronicsAssemblyCaseStudy_files/icon_package_1622863652.svg" name="1.1.3 Constraints &amp; Requirements pkg" refid="f854f931-ab24-492b-a409-21ea03d07a4c"/></ownedElement><ownedMember humanName="Owned Member"><diagram classType="Diagram" humanType="Diagram" icon="ElectronicsAssemblyCaseStudy_files/icon_SysML Package Diagram_1163278293.svg" name="1 - Business Function Stakeholders pkg" refid="7a9a1de0-eab8-4f5a-8ff3-295ffbc12e8b"/><package classType="Package" humanType="Package" icon="ElectronicsAssemblyCaseStudy_files/icon_package_1622863652.svg" name="1.1.1 Stakeholders pkg" refid="e0ccf502-1fa0-4b26-89be-5fccc74cdfc4"/><package classType="Package" humanType="Package" icon="ElectronicsAssemblyCaseStudy_files/icon_package_1622863652.svg" name="1.1.2 Needs &amp; Objectives pkg" refid="6dd07680-2d7b-4cb5-9de2-f94fd719d176"/><package classType="Package" humanType="Package" icon="ElectronicsAssemblyCaseStudy_files/icon_package_1622863652.svg" name="1.1.3 Constraints &amp; Requirements pkg" refid="f854f931-ab24-492b-a409-21ea03d07a4c"/></ownedMember><owner classType="Package" humanName="Owner" humanType="Package" icon="ElectronicsAssemblyCaseStudy_files/icon_package_1622863652.svg" mode="s,e" name="1 - Stakeholders pkg" refid="d2aae795-86c3-4a6e-9276-fe0db243feec"/><owningPackage classType="Package" humanName="Owning Package" humanType="Package" icon="ElectronicsAssemblyCaseStudy_files/icon_package_1622863652.svg" name="1 - Stakeholders pkg" refid="d2aae795-86c3-4a6e-9276-fe0db243feec"/><packagedElement humanName="Packaged Element"><package classType="Package" humanType="Package" icon="ElectronicsAssemblyCaseStudy_files/icon_package_1622863652.svg" name="1.1.1 Stakeholders pkg" refid="e0ccf502-1fa0-4b26-89be-5fccc74cdfc4"/><package classType="Package" humanType="Package" icon="ElectronicsAssemblyCaseStudy_files/icon_package_1622863652.svg" name="1.1.2 Needs &amp; Objectives pkg" refid="6dd07680-2d7b-4cb5-9de2-f94fd719d176"/><package classType="Package" humanType="Package" icon="ElectronicsAssemblyCaseStudy_files/icon_package_1622863652.svg" name="1.1.3 Constraints &amp; Requirements pkg" refid="f854f931-ab24-492b-a409-21ea03d07a4c"/></packagedElement><qualifiedName humanName="Qualified Name" mode="e">0 - Production System Reference Architecture::1 - Stakeholders pkg::1.1 - Business Function pkg</qualifiedName><TO_DO humanName="To Do" mode="s,e"/><URI humanName="URI" mode="s,e"/><visibility humanName="Visibility">public</visibility></package></magicdraw>