<?xml version="1.0" encoding="UTF-8"?><magicdraw><property classType="Property" humanType="Property" icon="ElectronicsAssemblyCaseStudy_files/icon_property_1222216476.svg" id="02bd1d45-da2a-4bf1-8959-b5122c308a99"><aggregation humanName="Aggregation" mode="s,e">none</aggregation><UMLClass classType="Activity" humanName="Class" humanType="Activity" icon="ElectronicsAssemblyCaseStudy_files/icon_activity_1076127169.svg" name="Program" refid="7a657ed5-4bb6-4573-b4e5-0cb582f87a89"/><classifier classType="Activity" humanName="Classifier" humanType="Activity" icon="ElectronicsAssemblyCaseStudy_files/icon_activity_1076127169.svg" name="Program" refid="7a657ed5-4bb6-4573-b4e5-0cb582f87a89"/><documentation humanName="Documentation"/><effectiveIRI humanName="Effective IRI"/><featuringClassifier classType="Activity" humanName="Featuring Classifier" humanType="Activity" icon="ElectronicsAssemblyCaseStudy_files/icon_activity_1076127169.svg" name="Program" refid="7a657ed5-4bb6-4573-b4e5-0cb582f87a89"/><isComposite humanName="Is Composite">false</isComposite><isDerived humanName="Is Derived" mode="s,e">false</isDerived><isDerivedUnion humanName="Is Derived Union" mode="e">false</isDerivedUnion><isID humanName="Is ID" mode="e">false</isID><isLeaf humanName="Is Leaf">false</isLeaf><isOrdered humanName="Is Ordered" mode="e">false</isOrdered><isReadOnly humanName="Is Read Only" mode="s,e">false</isReadOnly><isStatic humanName="Is Static" mode="s,e">false</isStatic><isUnique humanName="Is Unique" mode="e">true</isUnique><lower humanName="Lower">1</lower><multiplicity humanName="Multiplicity" mode="s,e"/><multiplicity humanName="Multiplicity" mode="s,e"/><name humanName="Name" mode="s,e"/><namespace classType="Activity" humanName="Namespace" humanType="Activity" icon="ElectronicsAssemblyCaseStudy_files/icon_activity_1076127169.svg" name="Program" refid="7a657ed5-4bb6-4573-b4e5-0cb582f87a89"/><navigable humanName="Navigable" mode="e">true</navigable><ownedBy classType="Activity" humanName="Owned By" humanType="Activity" icon="ElectronicsAssemblyCaseStudy_files/icon_activity_1076127169.svg" mode="s,e" name="Program" refid="7a657ed5-4bb6-4573-b4e5-0cb582f87a89"/><owner classType="Activity" humanName="Owner" humanType="Activity" icon="ElectronicsAssemblyCaseStudy_files/icon_activity_1076127169.svg" name="Program" refid="7a657ed5-4bb6-4573-b4e5-0cb582f87a89"/><qualifiedName humanName="Qualified Name" mode="e">0 - Production System Reference Architecture::5 - Architecture pkg::5.0 - Functional Architecture::5.0.1 - Make::Core::Program::</qualifiedName><redefinitionContext humanName="Redefinition Context"><activity classType="Activity" humanType="Activity" icon="ElectronicsAssemblyCaseStudy_files/icon_activity_1076127169.svg" name="Program" refid="7a657ed5-4bb6-4573-b4e5-0cb582f87a89"/></redefinitionContext><TO_DO humanName="To Do" mode="s,e"/><TYPE_MODIFIER humanName="Type Modifier" mode="e"/><upper humanName="Upper">1</upper><visibility humanName="Visibility" mode="s,e">public</visibility></property></magicdraw>