<?xml version="1.0" encoding="UTF-8"?><magicdraw><elementvalue classType="ElementValue" humanType="Element Value" icon="ElectronicsAssemblyCaseStudy_files/icon_elementvalue_1770746812.svg" id="02cf3265-6b98-4709-a914-7c4fa4ccfc04"><documentation humanName="Documentation"/><element classType="Actor" humanName="Element" humanType="Actor" icon="ElectronicsAssemblyCaseStudy_files/icon_actor_1378559537.svg" mode="s,e" name="Suppliers" refid="96710fbf-f640-4b70-8ae8-1ce4786aea4a"/><name humanName="Name"/><owner classType="Slot" humanName="Owner" humanType="Slot" icon="ElectronicsAssemblyCaseStudy_files/icon_slot_283253595.svg" mode="e" refid="73cdb015-0081-4b54-b522-a1b2c154c533"/><owningSlot classType="Slot" humanName="Owning Slot" humanType="Slot" icon="ElectronicsAssemblyCaseStudy_files/icon_slot_283253595.svg" refid="73cdb015-0081-4b54-b522-a1b2c154c533"/><qualifiedName humanName="Qualified Name"/><text humanName="Text" mode="standard">Suppliers</text><TO_DO humanName="To Do"/><TYPE_MODIFIER humanName="Type Modifier"/><visibility humanName="Visibility">public</visibility></elementvalue></magicdraw>