<?xml version="1.0" encoding="UTF-8"?><magicdraw><literalstring classType="LiteralString" humanType="Literal String" icon="ElectronicsAssemblyCaseStudy_files/icon_literalstring_1903496650.svg" id="02e6559d-0dee-4da2-9d99-f4e25cc27d61"><documentation humanName="Documentation"/><name humanName="Name"/><owner classType="Slot" humanName="Owner" humanType="Slot" icon="ElectronicsAssemblyCaseStudy_files/icon_slot_283253595.svg" mode="e" refid="f690d7e6-48a2-4b18-b645-ba3db0d6500c"/><owningSlot classType="Slot" humanName="Owning Slot" humanType="Slot" icon="ElectronicsAssemblyCaseStudy_files/icon_slot_283253595.svg" refid="f690d7e6-48a2-4b18-b645-ba3db0d6500c"/><qualifiedName humanName="Qualified Name"/><text humanName="Text" mode="standard">gthiers</text><TO_DO humanName="To Do"/><TYPE_MODIFIER humanName="Type Modifier"/><value humanName="Value" mode="s,e">gthiers</value><visibility humanName="Visibility">public</visibility></literalstring></magicdraw>