<?xml version="1.0" encoding="UTF-8"?><magicdraw><association classType="Association" humanType="Association" icon="ElectronicsAssemblyCaseStudy_files/icon_association_1818389811.svg" id="035003ff-746b-4607-9289-53ea591101b2"><documentation humanName="Documentation"/><endType humanName="End Type"><block classType="Class" humanType="Block" icon="ElectronicsAssemblyCaseStudy_files/icon_block_1181413890.svg" name="ChassisElectricalEquipment" refid="8e0e50fb-681e-4e16-aa20-3d626476ee24"/><block classType="Class" humanType="Block" icon="ElectronicsAssemblyCaseStudy_files/icon_block_1181413890.svg" name="Filter" refid="fa7b7beb-76ac-48ac-877f-dd84bb683d86"/></endType><feature humanName="Feature"><property classType="Property" humanType="Property" icon="ElectronicsAssemblyCaseStudy_files/icon_property_1222216476.svg" name=" : 2 - Product Specification::ChassisElectricalEquipment" refid="96945a61-16f2-4a4b-a1c6-6b7c0b4e8ad1"/></feature><isAbstract humanName="Is Abstract">false</isAbstract><isDerived humanName="Is Derived">false</isDerived><isFinalSpecialization humanName="Is Final Specialization">false</isFinalSpecialization><isLeaf humanName="Is Leaf">false</isLeaf><member humanName="Member"><property classType="Property" humanType="Property" icon="ElectronicsAssemblyCaseStudy_files/icon_property_1222216476.svg" name=" : 2 - Product Specification::ChassisElectricalEquipment" refid="96945a61-16f2-4a4b-a1c6-6b7c0b4e8ad1"/><partproperty classType="Property" humanType="Part Property" icon="ElectronicsAssemblyCaseStudy_files/icon_partproperty_121885089.svg" name="Filter" refid="f2c24f31-52d8-493f-be2b-795c84123343"/></member><memberEnd humanName="Member End"><property classType="Property" humanType="Property" icon="ElectronicsAssemblyCaseStudy_files/icon_property_1222216476.svg" name=" : 2 - Product Specification::ChassisElectricalEquipment" refid="96945a61-16f2-4a4b-a1c6-6b7c0b4e8ad1"/><partproperty classType="Property" humanType="Part Property" icon="ElectronicsAssemblyCaseStudy_files/icon_partproperty_121885089.svg" name="Filter" refid="f2c24f31-52d8-493f-be2b-795c84123343"/></memberEnd><name humanName="Name" mode="s,e"/><namespace classType="Package" humanName="Namespace" humanType="Package" icon="ElectronicsAssemblyCaseStudy_files/icon_package_1622863652.svg" name="2 - Product Specification" refid="c60c79a5-b7f7-4c37-a0e9-ddc356a54655"/><ownedElement humanName="Owned Element"><property classType="Property" humanType="Property" icon="ElectronicsAssemblyCaseStudy_files/icon_property_1222216476.svg" name=" : 2 - Product Specification::ChassisElectricalEquipment" refid="96945a61-16f2-4a4b-a1c6-6b7c0b4e8ad1"/></ownedElement><ownedEnd humanName="Owned End"><property classType="Property" humanType="Property" icon="ElectronicsAssemblyCaseStudy_files/icon_property_1222216476.svg" name=" : 2 - Product Specification::ChassisElectricalEquipment" refid="96945a61-16f2-4a4b-a1c6-6b7c0b4e8ad1"/></ownedEnd><ownedMember humanName="Owned Member"><property classType="Property" humanType="Property" icon="ElectronicsAssemblyCaseStudy_files/icon_property_1222216476.svg" name=" : 2 - Product Specification::ChassisElectricalEquipment" refid="96945a61-16f2-4a4b-a1c6-6b7c0b4e8ad1"/></ownedMember><owner classType="Package" humanName="Owner" humanType="Package" icon="ElectronicsAssemblyCaseStudy_files/icon_package_1622863652.svg" mode="s,e" name="2 - Product Specification" refid="c60c79a5-b7f7-4c37-a0e9-ddc356a54655"/><owningPackage classType="Package" humanName="Owning Package" humanType="Package" icon="ElectronicsAssemblyCaseStudy_files/icon_package_1622863652.svg" name="2 - Product Specification" refid="c60c79a5-b7f7-4c37-a0e9-ddc356a54655"/><package classType="Package" humanName="Package" humanType="Package" icon="ElectronicsAssemblyCaseStudy_files/icon_package_1622863652.svg" name="2 - Product Specification" refid="c60c79a5-b7f7-4c37-a0e9-ddc356a54655"/><qualifiedName humanName="Qualified Name" mode="e">2 - Product Specification::</qualifiedName><relatedElement humanName="Related Element"><block classType="Class" humanType="Block" icon="ElectronicsAssemblyCaseStudy_files/icon_block_1181413890.svg" name="ChassisElectricalEquipment" refid="8e0e50fb-681e-4e16-aa20-3d626476ee24"/><block classType="Class" humanType="Block" icon="ElectronicsAssemblyCaseStudy_files/icon_block_1181413890.svg" name="Filter" refid="fa7b7beb-76ac-48ac-877f-dd84bb683d86"/></relatedElement><TO_DO humanName="To Do"/><visibility humanName="Visibility" mode="s,e">public</visibility><appearsIn><diagram classType="Diagram" humanType="Diagram" icon="ElectronicsAssemblyCaseStudy_files/icon_SysML Block Definition Diagram_596372014.svg" name="BDD_PartMBOM" refid="64291a04-b654-4d6a-9316-88a4b77e74ef"/><diagram classType="Diagram" humanType="Diagram" icon="ElectronicsAssemblyCaseStudy_files/icon_SysML Block Definition Diagram_596372014.svg" name="BDD_PartConnectModelLibrary" refid="e2e894aa-64a9-4c5e-80ea-c3b92692153d"/><diagram classType="Diagram" humanType="Diagram" icon="ElectronicsAssemblyCaseStudy_files/icon_SysML Block Definition Diagram_596372014.svg" name="BDD_PartEBOM" refid="792fa2e3-4c97-482a-94e9-f699cbdba639"/></appearsIn></association></magicdraw>