<?xml version="1.0" encoding="UTF-8"?><magicdraw><generalization classType="Generalization" humanType="Generalization" icon="ElectronicsAssemblyCaseStudy_files/icon_generalization_1702478809.svg" id="03ad5667-0b45-4028-8d7b-bbd75c7d1323"><documentation humanName="Documentation"/><general classType="Class" humanName="General" humanType="Block" icon="ElectronicsAssemblyCaseStudy_files/icon_block_1181413890.svg" mode="s,e" name="Part" refid="c516c8a0-bcdd-4c9b-ae10-51922a11b225"/><isSubstitutable humanName="Is Substitutable">true</isSubstitutable><owner classType="Class" humanName="Owner" humanType="Block" icon="ElectronicsAssemblyCaseStudy_files/icon_block_1181413890.svg" mode="s,e" name="ChassisElectricalEquipment+PR" refid="b9656145-d6d7-409d-bc9e-2b3176e49b92"/><relatedElement humanName="Related Element"><block classType="Class" humanType="Block" icon="ElectronicsAssemblyCaseStudy_files/icon_block_1181413890.svg" name="ChassisElectricalEquipment+PR" refid="b9656145-d6d7-409d-bc9e-2b3176e49b92"/><block classType="Class" humanType="Block" icon="ElectronicsAssemblyCaseStudy_files/icon_block_1181413890.svg" name="Part" refid="c516c8a0-bcdd-4c9b-ae10-51922a11b225"/></relatedElement><source humanName="Source"><block classType="Class" humanType="Block" icon="ElectronicsAssemblyCaseStudy_files/icon_block_1181413890.svg" name="ChassisElectricalEquipment+PR" refid="b9656145-d6d7-409d-bc9e-2b3176e49b92"/></source><specific classType="Class" humanName="Specific" humanType="Block" icon="ElectronicsAssemblyCaseStudy_files/icon_block_1181413890.svg" mode="s,e" name="ChassisElectricalEquipment+PR" refid="b9656145-d6d7-409d-bc9e-2b3176e49b92"/><target humanName="Target"><block classType="Class" humanType="Block" icon="ElectronicsAssemblyCaseStudy_files/icon_block_1181413890.svg" name="Part" refid="c516c8a0-bcdd-4c9b-ae10-51922a11b225"/></target><TO_DO humanName="To Do" mode="s,e"/></generalization></magicdraw>