<?xml version="1.0" encoding="UTF-8"?><magicdraw><generalization classType="Generalization" humanType="Generalization" icon="ElectronicsAssemblyCaseStudy_files/icon_generalization_1702478809.svg" id="03cfc8bf-bc53-4428-be13-7bfc1a7b83eb"><documentation humanName="Documentation"/><general classType="Activity" humanName="General" humanType="Activity" icon="ElectronicsAssemblyCaseStudy_files/icon_activity_1076127169.svg" mode="s,e" name="Solder" refid="060a498a-7177-468f-b532-96ba54fd41f9"/><isSubstitutable humanName="Is Substitutable">true</isSubstitutable><owner classType="Activity" humanName="Owner" humanType="Activity" icon="ElectronicsAssemblyCaseStudy_files/icon_activity_1076127169.svg" mode="s,e" name="SelectiveSolder" refid="faab38a1-e37f-42f7-89e7-459503ec44a9"/><relatedElement humanName="Related Element"><activity classType="Activity" humanType="Activity" icon="ElectronicsAssemblyCaseStudy_files/icon_activity_1076127169.svg" name="SelectiveSolder" refid="faab38a1-e37f-42f7-89e7-459503ec44a9"/><activity classType="Activity" humanType="Activity" icon="ElectronicsAssemblyCaseStudy_files/icon_activity_1076127169.svg" name="Solder" refid="060a498a-7177-468f-b532-96ba54fd41f9"/></relatedElement><source humanName="Source"><activity classType="Activity" humanType="Activity" icon="ElectronicsAssemblyCaseStudy_files/icon_activity_1076127169.svg" name="SelectiveSolder" refid="faab38a1-e37f-42f7-89e7-459503ec44a9"/></source><specific classType="Activity" humanName="Specific" humanType="Activity" icon="ElectronicsAssemblyCaseStudy_files/icon_activity_1076127169.svg" mode="s,e" name="SelectiveSolder" refid="faab38a1-e37f-42f7-89e7-459503ec44a9"/><target humanName="Target"><activity classType="Activity" humanType="Activity" icon="ElectronicsAssemblyCaseStudy_files/icon_activity_1076127169.svg" name="Solder" refid="060a498a-7177-468f-b532-96ba54fd41f9"/></target><TO_DO humanName="To Do" mode="s,e"/><appearsIn><diagram classType="Diagram" humanType="Diagram" icon="ElectronicsAssemblyCaseStudy_files/icon_SysML Block Definition Diagram_596372014.svg" name="BDD_CoreProcessTaxonomy" refid="75305b3d-35df-4acf-afbd-8d7137804b25"/></appearsIn></generalization></magicdraw>