<?xml version="1.0" encoding="UTF-8"?><magicdraw><package classType="Package" humanType="Package" icon="ElectronicsAssemblyCaseStudy_files/icon_package_1622863652.svg" id="0415b6e6-1c8d-4933-aaa1-52a94f7a8d22"><documentation humanName="Documentation"/><name humanName="Name" mode="s,e">Safety Requirements</name><namespace classType="Package" humanName="Namespace" humanType="Package" icon="ElectronicsAssemblyCaseStudy_files/icon_package_1622863652.svg" name="4.1.2 - Making/Production Requirements - pkg" refid="52e9702a-c7bd-4a44-97d1-6c84b57821c0"/><nestingPackage classType="Package" humanName="Nesting Package" humanType="Package" icon="ElectronicsAssemblyCaseStudy_files/icon_package_1622863652.svg" name="4.1.2 - Making/Production Requirements - pkg" refid="52e9702a-c7bd-4a44-97d1-6c84b57821c0"/><owner classType="Package" humanName="Owner" humanType="Package" icon="ElectronicsAssemblyCaseStudy_files/icon_package_1622863652.svg" mode="s,e" name="4.1.2 - Making/Production Requirements - pkg" refid="52e9702a-c7bd-4a44-97d1-6c84b57821c0"/><owningPackage classType="Package" humanName="Owning Package" humanType="Package" icon="ElectronicsAssemblyCaseStudy_files/icon_package_1622863652.svg" name="4.1.2 - Making/Production Requirements - pkg" refid="52e9702a-c7bd-4a44-97d1-6c84b57821c0"/><qualifiedName humanName="Qualified Name" mode="e">0 - Production System Reference Architecture::4 - Requirements pkg::4.1 - L1 Enterprise Requirements pkg::4.1.2 - Making/Production Requirements - pkg::Safety Requirements</qualifiedName><TO_DO humanName="To Do" mode="s,e"/><URI humanName="URI" mode="s,e"/><visibility humanName="Visibility">public</visibility></package></magicdraw>