<?xml version="1.0" encoding="UTF-8"?><magicdraw><literalboolean classType="LiteralBoolean" humanType="Literal Boolean" icon="ElectronicsAssemblyCaseStudy_files/icon_literalboolean_1153301927.svg" id="043d1b99-1033-47cd-80c8-4649f4ae7f2b"><documentation humanName="Documentation"/><name humanName="Name"/><owner classType="Slot" humanName="Owner" humanType="Slot" icon="ElectronicsAssemblyCaseStudy_files/icon_slot_283253595.svg" mode="e" refid="70caa520-abe5-45d7-b841-bbbe5f4732d2"/><owningSlot classType="Slot" humanName="Owning Slot" humanType="Slot" icon="ElectronicsAssemblyCaseStudy_files/icon_slot_283253595.svg" refid="70caa520-abe5-45d7-b841-bbbe5f4732d2"/><qualifiedName humanName="Qualified Name"/><text humanName="Text" mode="standard">false</text><TO_DO humanName="To Do"/><TYPE_MODIFIER humanName="Type Modifier"/><value humanName="Value" mode="s,e">false</value><visibility humanName="Visibility">public</visibility></literalboolean></magicdraw>