<?xml version="1.0" encoding="UTF-8"?><magicdraw><instancespecification classType="InstanceSpecification" humanType="Instance Specification" icon="ElectronicsAssemblyCaseStudy_files/icon_instancespecification_13643661.svg" id="0531d956-18cf-4e2e-85c7-e292585ff2ad"><classifier humanName="Classifier" mode="s,e"><stereotype classType="Stereotype" humanType="Stereotype" icon="ElectronicsAssemblyCaseStudy_files/icon_stereotype_1181413890.svg" name="Block" refid="8e0fce90-9291-4dd4-b177-0d6e47dccd70"/></classifier><documentation humanName="Documentation"/><name humanName="Name" mode="s,e"/><owner classType="Class" humanName="Owner" humanType="Block" icon="ElectronicsAssemblyCaseStudy_files/icon_block_1181413890.svg" mode="s,e" name="FinalAssembly" refid="39accc20-79e0-47e6-8b19-ad1f407c5347"/><qualifiedName humanName="Qualified Name" mode="e">0 - Production System Reference Architecture::5 - Architecture pkg::5.1 - Hierarchical Physical Architecture::5.1.4 - L3 Work Centers pkg::FinalAssembly::</qualifiedName><stereotypedElement classType="Class" humanName="Stereotyped Element" humanType="Block" icon="ElectronicsAssemblyCaseStudy_files/icon_block_1181413890.svg" name="FinalAssembly" refid="39accc20-79e0-47e6-8b19-ad1f407c5347"/><TO_DO humanName="To Do" mode="s,e"/><visibility humanName="Visibility">public</visibility></instancespecification></magicdraw>