<?xml version="1.0" encoding="UTF-8"?><magicdraw><slot classType="Slot" humanType="Slot" icon="ElectronicsAssemblyCaseStudy_files/icon_slot_283253595.svg" id="057cb4eb-d176-4c0d-83c3-35814c4e0525"><definingFeature classType="Property" humanName="Defining Feature" humanType="Property" icon="ElectronicsAssemblyCaseStudy_files/icon_property_1222216476.svg" mode="s,e" name="Id" refid="70e95e23-9dc9-4211-a8bd-e6c40992cdbc"/><documentation humanName="Documentation"/><ownedElement humanName="Owned Element"><literalstring classType="LiteralString" humanType="Literal String" icon="ElectronicsAssemblyCaseStudy_files/icon_literalstring_1903496650.svg" name="75.2" refid="9a35c5e2-3ca3-44b9-81e7-33ec8e9539bd" text="75.2"/></ownedElement><owner classType="InstanceSpecification" humanName="Owner" humanType="Instance Specification" icon="ElectronicsAssemblyCaseStudy_files/icon_instancespecification_13643661.svg" mode="s,e" name=" : 0 - Production System Reference Architecture::1 - Stakeholders pkg::1.3 - Stakeholder Concerns pkg::StakeholderConcern" refid="a8c28720-c387-4428-90f7-2dc15bdd811a"/><owningInstance classType="InstanceSpecification" humanName="Owning Instance" humanType="Instance Specification" icon="ElectronicsAssemblyCaseStudy_files/icon_instancespecification_13643661.svg" name=" : 0 - Production System Reference Architecture::1 - Stakeholders pkg::1.3 - Stakeholder Concerns pkg::StakeholderConcern" refid="a8c28720-c387-4428-90f7-2dc15bdd811a"/><TO_DO humanName="To Do" mode="s,e"/><value humanName="Value" mode="s,e"><literalstring classType="LiteralString" humanType="Literal String" icon="ElectronicsAssemblyCaseStudy_files/icon_literalstring_1903496650.svg" name="75.2" refid="9a35c5e2-3ca3-44b9-81e7-33ec8e9539bd" text="75.2"/></value></slot></magicdraw>