<?xml version="1.0" encoding="UTF-8"?><magicdraw><literalstring classType="LiteralString" humanType="Literal String" icon="ElectronicsAssemblyCaseStudy_files/icon_literalstring_1903496650.svg" id="0586c367-ffb3-46d6-b102-da313fd8d52e"><documentation humanName="Documentation"/><name humanName="Name"/><owner classType="Slot" humanName="Owner" humanType="Slot" icon="ElectronicsAssemblyCaseStudy_files/icon_slot_283253595.svg" mode="e" refid="4a48a99d-dca0-41aa-96a8-66cb2b143e8e"/><owningSlot classType="Slot" humanName="Owning Slot" humanType="Slot" icon="ElectronicsAssemblyCaseStudy_files/icon_slot_283253595.svg" refid="4a48a99d-dca0-41aa-96a8-66cb2b143e8e"/><qualifiedName humanName="Qualified Name"/><text humanName="Text" mode="standard">QPROP:Element:Derived</text><TO_DO humanName="To Do"/><TYPE_MODIFIER humanName="Type Modifier"/><value humanName="Value" mode="s,e">QPROP:Element:Derived</value><visibility humanName="Visibility">public</visibility></literalstring></magicdraw>