<?xml version="1.0" encoding="UTF-8"?><magicdraw><valueproperty classType="Property" humanType="Value Property" icon="ElectronicsAssemblyCaseStudy_files/icon_valueproperty_47622969.svg" id="058b930e-4143-49b9-b89c-8f953ed778ed"><aggregation humanName="Aggregation" mode="s,e">composite</aggregation><APPLIED_STEREOTYPES humanName="Applied Stereotype" mode="s,e"><stereotype classType="Stereotype" humanType="Stereotype" icon="ElectronicsAssemblyCaseStudy_files/icon_stereotype_47622969.svg" name="ValueProperty" refid="bdfa68cc-211c-4f1f-bfeb-ab872e01816f"/></APPLIED_STEREOTYPES><appliedStereotype humanName="Applied Stereotype" mode="s,e"><stereotype classType="Stereotype" humanType="Stereotype" icon="ElectronicsAssemblyCaseStudy_files/icon_stereotype_47622969.svg" name="ValueProperty" refid="bdfa68cc-211c-4f1f-bfeb-ab872e01816f"><property classType="Property" humanName="Base_ Element" humanType="Property" icon="ElectronicsAssemblyCaseStudy_files/icon_property_1222216476.svg" name="base_Element" refid="e842a895-4bd7-40d8-8c74-d7765cbd399c"/><property classType="Property" humanName="Base_ Property" humanType="Property" icon="ElectronicsAssemblyCaseStudy_files/icon_property_1222216476.svg" name="base_Property" refid="dd5be087-0e79-4083-8cc0-fe86bc0ea595"/></stereotype></appliedStereotype><appliedStereotypeInstance classType="InstanceSpecification" humanName="Applied Stereotype Instance" humanType="Instance Specification" icon="ElectronicsAssemblyCaseStudy_files/icon_instancespecification_13643661.svg" name=" : MD Customization for SysML::additional_stereotypes::ValueProperty" refid="95cd36f4-dd60-485f-a2ec-c09a000e7984"/><UMLClass classType="Class" humanName="Class" humanType="Block" icon="ElectronicsAssemblyCaseStudy_files/icon_block_1181413890.svg" name="CableAssembly3" refid="7902fa7d-188a-4012-8005-100d62882a8c"/><classifier classType="Class" humanName="Classifier" humanType="Block" icon="ElectronicsAssemblyCaseStudy_files/icon_block_1181413890.svg" name="CableAssembly3" refid="7902fa7d-188a-4012-8005-100d62882a8c"/><defaultValue classType="LiteralString" humanName="Default Value" humanType="Literal String" icon="ElectronicsAssemblyCaseStudy_files/icon_literalstring_1903496650.svg" mode="s,e" name="868-15" refid="f1a8e3a6-7482-43a9-bb61-fc3a1e5e20df" text="868-15"/><documentation humanName="Documentation"/><effectiveIRI humanName="Effective IRI"/><featuringClassifier classType="Class" humanName="Featuring Classifier" humanType="Block" icon="ElectronicsAssemblyCaseStudy_files/icon_block_1181413890.svg" name="CableAssembly3" refid="7902fa7d-188a-4012-8005-100d62882a8c"/><isComposite humanName="Is Composite">true</isComposite><isDerived humanName="Is Derived" mode="s,e">false</isDerived><isDerivedUnion humanName="Is Derived Union" mode="e">false</isDerivedUnion><isID humanName="Is ID" mode="e">false</isID><isLeaf humanName="Is Leaf">false</isLeaf><isOrdered humanName="Is Ordered" mode="e">false</isOrdered><isReadOnly humanName="Is Read Only" mode="s,e">false</isReadOnly><isStatic humanName="Is Static" mode="s,e">true</isStatic><isUnique humanName="Is Unique" mode="e">true</isUnique><lower humanName="Lower">1</lower><lowerValue classType="LiteralInteger" humanName="Lower Value" humanType="Literal Integer" icon="ElectronicsAssemblyCaseStudy_files/icon_literalinteger_1747824475.svg" name="1" refid="2f9a0a2e-bccd-44e2-91dc-5471f80c07d4" text="1"/><multiplicity humanName="Multiplicity" mode="s,e">1</multiplicity><multiplicity humanName="Multiplicity" mode="s,e">1</multiplicity><name humanName="Name" mode="s,e">partNumber</name><namespace classType="Class" humanName="Namespace" humanType="Block" icon="ElectronicsAssemblyCaseStudy_files/icon_block_1181413890.svg" name="CableAssembly3" refid="7902fa7d-188a-4012-8005-100d62882a8c"/><navigable humanName="Navigable" mode="e">true</navigable><ownedBy classType="Class" humanName="Owned By" humanType="Block" icon="ElectronicsAssemblyCaseStudy_files/icon_block_1181413890.svg" mode="s,e" name="CableAssembly3" refid="7902fa7d-188a-4012-8005-100d62882a8c"/><ownedElement humanName="Owned Element"><instancespecification classType="InstanceSpecification" humanType="Instance Specification" icon="ElectronicsAssemblyCaseStudy_files/icon_instancespecification_13643661.svg" name=" : MD Customization for SysML::additional_stereotypes::ValueProperty" refid="95cd36f4-dd60-485f-a2ec-c09a000e7984"/><literalinteger classType="LiteralInteger" humanType="Literal Integer" icon="ElectronicsAssemblyCaseStudy_files/icon_literalinteger_1747824475.svg" name="1" refid="2f9a0a2e-bccd-44e2-91dc-5471f80c07d4" text="1"/><literalunlimitednatural classType="LiteralUnlimitedNatural" humanType="Literal Unlimited Natural" icon="ElectronicsAssemblyCaseStudy_files/icon_literalunlimitednatural_1702058771.svg" name="1" refid="f9d4d9cd-d95f-411d-9087-5529cb8357fb" text="1"/><literalstring classType="LiteralString" humanType="Literal String" icon="ElectronicsAssemblyCaseStudy_files/icon_literalstring_1903496650.svg" name="868-15" refid="f1a8e3a6-7482-43a9-bb61-fc3a1e5e20df" text="868-15"/></ownedElement><owner classType="Class" humanName="Owner" humanType="Block" icon="ElectronicsAssemblyCaseStudy_files/icon_block_1181413890.svg" name="CableAssembly3" refid="7902fa7d-188a-4012-8005-100d62882a8c"/><qualifiedName humanName="Qualified Name" mode="e">2 - Product Specification::CableAssembly3::partNumber</qualifiedName><redefinedElement humanName="Redefined Element"><valueproperty classType="Property" humanType="Value Property" icon="ElectronicsAssemblyCaseStudy_files/icon_valueproperty_47622969.svg" name="partNumber" refid="46b0bd00-08a1-4916-9619-3df8358ccd24"/></redefinedElement><redefinedProperty humanName="Redefined Property" mode="e"><valueproperty classType="Property" humanType="Value Property" icon="ElectronicsAssemblyCaseStudy_files/icon_valueproperty_47622969.svg" name="partNumber" refid="46b0bd00-08a1-4916-9619-3df8358ccd24"/></redefinedProperty><redefinitionContext humanName="Redefinition Context"><block classType="Class" humanType="Block" icon="ElectronicsAssemblyCaseStudy_files/icon_block_1181413890.svg" name="CableAssembly3" refid="7902fa7d-188a-4012-8005-100d62882a8c"/></redefinitionContext><TO_DO humanName="To Do" mode="s,e"/><type classType="DataType" humanName="Type" humanType="Value Type" icon="ElectronicsAssemblyCaseStudy_files/icon_valuetype_897895203.svg" mode="s,e" name="String" refid="7911994f-d889-425a-905d-8b132dc1a807"/><TYPE_MODIFIER humanName="Type Modifier" mode="e"/><upper humanName="Upper">1</upper><upperValue classType="LiteralUnlimitedNatural" humanName="Upper Value" humanType="Literal Unlimited Natural" icon="ElectronicsAssemblyCaseStudy_files/icon_literalunlimitednatural_1702058771.svg" name="1" refid="f9d4d9cd-d95f-411d-9087-5529cb8357fb" text="1"/><appearsIn><diagram classType="Diagram" humanType="Diagram" icon="ElectronicsAssemblyCaseStudy_files/icon_SysML Block Definition Diagram_596372014.svg" name="BDD_PartMBOM" refid="64291a04-b654-4d6a-9316-88a4b77e74ef"/><diagram classType="Diagram" humanType="Diagram" icon="ElectronicsAssemblyCaseStudy_files/icon_SysML Block Definition Diagram_596372014.svg" name="BDD_PartAbFam1" refid="3e8c1dbf-1e42-4868-ba3e-81690c440c36"/><diagram classType="Diagram" humanType="Diagram" icon="ElectronicsAssemblyCaseStudy_files/icon_SysML Block Definition Diagram_596372014.svg" name="BDD_PartConnectModelLibrary" refid="e2e894aa-64a9-4c5e-80ea-c3b92692153d"/><diagram classType="Diagram" humanType="Diagram" icon="ElectronicsAssemblyCaseStudy_files/icon_SysML Block Definition Diagram_596372014.svg" name="BDD_PartAbFam3" refid="ce239b95-bb2b-4f96-a06d-6f603a2ffefb"/><diagram classType="Diagram" humanType="Diagram" icon="ElectronicsAssemblyCaseStudy_files/icon_SysML Block Definition Diagram_596372014.svg" name="BDD_PartEBOM" refid="792fa2e3-4c97-482a-94e9-f699cbdba639"/></appearsIn></valueproperty></magicdraw>