<?xml version="1.0" encoding="UTF-8"?><magicdraw><slot classType="Slot" humanType="Slot" icon="ElectronicsAssemblyCaseStudy_files/icon_slot_283253595.svg" id="05984e6d-05fc-41ec-aec5-3d8de80cfb12"><definingFeature classType="Property" humanName="Defining Feature" humanType="Property" icon="ElectronicsAssemblyCaseStudy_files/icon_property_1222216476.svg" mode="s,e" name="stakeholder" refid="23ebff80-df22-47e1-9b24-ef7624033fa6"/><documentation humanName="Documentation"/><ownedElement humanName="Owned Element"><elementvalue classType="ElementValue" humanType="Element Value" icon="ElectronicsAssemblyCaseStudy_files/icon_elementvalue_1770746812.svg" name="Regulators" refid="fced5ff6-57b5-478a-9396-e1c0e811de1d" text="Regulators"/></ownedElement><owner classType="InstanceSpecification" humanName="Owner" humanType="Instance Specification" icon="ElectronicsAssemblyCaseStudy_files/icon_instancespecification_13643661.svg" mode="s,e" name=" : 0 - Production System Reference Architecture::1 - Stakeholders pkg::1.3 - Stakeholder Concerns pkg::StakeholderConcern" refid="0b61e093-d127-41ee-b8ad-9ccff8fc97dd"/><owningInstance classType="InstanceSpecification" humanName="Owning Instance" humanType="Instance Specification" icon="ElectronicsAssemblyCaseStudy_files/icon_instancespecification_13643661.svg" name=" : 0 - Production System Reference Architecture::1 - Stakeholders pkg::1.3 - Stakeholder Concerns pkg::StakeholderConcern" refid="0b61e093-d127-41ee-b8ad-9ccff8fc97dd"/><TO_DO humanName="To Do" mode="s,e"/><value humanName="Value" mode="s,e"><elementvalue classType="ElementValue" humanType="Element Value" icon="ElectronicsAssemblyCaseStudy_files/icon_elementvalue_1770746812.svg" name="Regulators" refid="fced5ff6-57b5-478a-9396-e1c0e811de1d" text="Regulators"/></value></slot></magicdraw>