<?xml version="1.0" encoding="UTF-8"?><magicdraw><slot classType="Slot" humanType="Slot" icon="ElectronicsAssemblyCaseStudy_files/icon_slot_283253595.svg" id="05b14d8f-b8d0-4838-951d-6883447b4462"><definingFeature classType="Property" humanName="Defining Feature" humanType="Property" icon="ElectronicsAssemblyCaseStudy_files/icon_property_1222216476.svg" mode="s,e" name="Text" refid="276f8ce5-69de-4660-87a3-7a7b5d0e6546"/><documentation humanName="Documentation"/><ownedElement humanName="Owned Element"><literalstring classType="LiteralString" humanType="Literal String" icon="ElectronicsAssemblyCaseStudy_files/icon_literalstring_1903496650.svg" name="What kinds of regulators (and their concerns) must be considered when designing and operating and production system?" refid="01d8590b-7b2b-42d4-b2b0-df9aaf57e4a3" text="What kinds of regulators (and their concerns) must be considered when designing and operating and production system?"/></ownedElement><owner classType="InstanceSpecification" humanName="Owner" humanType="Instance Specification" icon="ElectronicsAssemblyCaseStudy_files/icon_instancespecification_13643661.svg" mode="s,e" name=" : 0 - Production System Reference Architecture::1 - Stakeholders pkg::1.3 - Stakeholder Concerns pkg::StakeholderConcern" refid="2e21ae60-426c-4a7b-a7d7-65640082737d"/><owningInstance classType="InstanceSpecification" humanName="Owning Instance" humanType="Instance Specification" icon="ElectronicsAssemblyCaseStudy_files/icon_instancespecification_13643661.svg" name=" : 0 - Production System Reference Architecture::1 - Stakeholders pkg::1.3 - Stakeholder Concerns pkg::StakeholderConcern" refid="2e21ae60-426c-4a7b-a7d7-65640082737d"/><TO_DO humanName="To Do" mode="s,e"/><value humanName="Value" mode="s,e"><literalstring classType="LiteralString" humanType="Literal String" icon="ElectronicsAssemblyCaseStudy_files/icon_literalstring_1903496650.svg" name="What kinds of regulators (and their concerns) must be considered when designing and operating and production system?" refid="01d8590b-7b2b-42d4-b2b0-df9aaf57e4a3" text="What kinds of regulators (and their concerns) must be considered when designing and operating and production system?"/></value></slot></magicdraw>