<?xml version="1.0" encoding="UTF-8"?><magicdraw><slot classType="Slot" humanType="Slot" icon="ElectronicsAssemblyCaseStudy_files/icon_slot_283253595.svg" id="05e0b950-e463-4f90-948a-280118d9b9ea"><definingFeature classType="Property" humanName="Defining Feature" humanType="Property" icon="ElectronicsAssemblyCaseStudy_files/icon_property_1222216476.svg" mode="s,e" name="Text" refid="276f8ce5-69de-4660-87a3-7a7b5d0e6546"/><documentation humanName="Documentation"/><ownedElement humanName="Owned Element"><literalstring classType="LiteralString" humanType="Literal String" icon="ElectronicsAssemblyCaseStudy_files/icon_literalstring_1903496650.svg" name="When inspection should be performed?" refid="b2007293-7f4c-4d01-ab45-749059d6415d" text="When inspection should be performed?"/></ownedElement><owner classType="InstanceSpecification" humanName="Owner" humanType="Instance Specification" icon="ElectronicsAssemblyCaseStudy_files/icon_instancespecification_13643661.svg" mode="s,e" name=" : 0 - Production System Reference Architecture::1 - Stakeholders pkg::1.3 - Stakeholder Concerns pkg::StakeholderConcern" refid="d70c1e59-67a2-477b-b0fa-5adda29a707e"/><owningInstance classType="InstanceSpecification" humanName="Owning Instance" humanType="Instance Specification" icon="ElectronicsAssemblyCaseStudy_files/icon_instancespecification_13643661.svg" name=" : 0 - Production System Reference Architecture::1 - Stakeholders pkg::1.3 - Stakeholder Concerns pkg::StakeholderConcern" refid="d70c1e59-67a2-477b-b0fa-5adda29a707e"/><TO_DO humanName="To Do" mode="s,e"/><value humanName="Value" mode="s,e"><literalstring classType="LiteralString" humanType="Literal String" icon="ElectronicsAssemblyCaseStudy_files/icon_literalstring_1903496650.svg" name="When inspection should be performed?" refid="b2007293-7f4c-4d01-ab45-749059d6415d" text="When inspection should be performed?"/></value></slot></magicdraw>