<?xml version="1.0" encoding="UTF-8"?><magicdraw><rationale classType="Comment" humanType="Rationale" icon="ElectronicsAssemblyCaseStudy_files/icon_rationale_111675361.svg" id="05e3ba92-79a8-4e44-a7bc-d06894204fbc"><APPLIED_STEREOTYPES humanName="Applied Stereotype" mode="s,e"><stereotype classType="Stereotype" humanType="Stereotype" icon="ElectronicsAssemblyCaseStudy_files/icon_stereotype_111675361.svg" name="Rationale" refid="55b7dafd-c98e-4f18-9533-65fb2731df2d"/></APPLIED_STEREOTYPES><appliedStereotype humanName="Applied Stereotype" mode="s,e"><stereotype classType="Stereotype" humanType="Stereotype" icon="ElectronicsAssemblyCaseStudy_files/icon_stereotype_111675361.svg" name="Rationale" refid="55b7dafd-c98e-4f18-9533-65fb2731df2d"><property classType="Property" humanName="Base_ Comment" humanType="Property" icon="ElectronicsAssemblyCaseStudy_files/icon_property_1222216476.svg" name="base_Comment" refid="98d080ef-386c-4c6c-b351-5cf2177d3cab"/></stereotype></appliedStereotype><appliedStereotypeInstance classType="InstanceSpecification" humanName="Applied Stereotype Instance" humanType="Instance Specification" icon="ElectronicsAssemblyCaseStudy_files/icon_instancespecification_13643661.svg" name=" : SysML::ModelElements::Rationale" refid="8957fd56-2ed0-4365-8c24-c9627c1d7fdd"/><body humanName="Body" mode="s,e">Business Function Stakeholders define the exogenous Needs, Objectives, Constraints, and Requirements for the Production System. These are considered to be inputs to the system design process.</body><documentation humanName="Documentation"/><ownedElement humanName="Owned Element"><instancespecification classType="InstanceSpecification" humanType="Instance Specification" icon="ElectronicsAssemblyCaseStudy_files/icon_instancespecification_13643661.svg" name=" : SysML::ModelElements::Rationale" refid="8957fd56-2ed0-4365-8c24-c9627c1d7fdd"/></ownedElement><owner classType="Package" humanName="Owner" humanType="Package" icon="ElectronicsAssemblyCaseStudy_files/icon_package_1622863652.svg" mode="s,e" name="1.1.1 Stakeholders pkg" refid="e0ccf502-1fa0-4b26-89be-5fccc74cdfc4"/><owningElement classType="Package" humanName="Owning Element" humanType="Package" icon="ElectronicsAssemblyCaseStudy_files/icon_package_1622863652.svg" name="1.1.1 Stakeholders pkg" refid="e0ccf502-1fa0-4b26-89be-5fccc74cdfc4"/><TO_DO humanName="To Do" mode="s,e"/><appearsIn><diagram classType="Diagram" humanType="Diagram" icon="ElectronicsAssemblyCaseStudy_files/icon_SysML Use Case Diagram_994112509.svg" name="1.1 - Business Function Stakeholders pkg" refid="685edcf2-15ea-484a-a1d5-63d1da03b9f3"/></appearsIn></rationale></magicdraw>