<?xml version="1.0" encoding="UTF-8"?><magicdraw><inputpin classType="InputPin" humanType="Input Pin" icon="ElectronicsAssemblyCaseStudy_files/icon_inputpin_562685863.svg" id="05fec0b8-3ccb-47c0-824d-6f57ad5d0eb5"><documentation humanName="Documentation"/><isControl humanName="Is Control" mode="e">false</isControl><isControlType humanName="Is Control Type">false</isControlType><isLeaf humanName="Is Leaf">false</isLeaf><isOrdered humanName="Is Ordered">false</isOrdered><isUnique humanName="Is Unique">true</isUnique><lower humanName="Lower">1</lower><lowerValue classType="LiteralInteger" humanName="Lower Value" humanType="Literal Integer" icon="ElectronicsAssemblyCaseStudy_files/icon_literalinteger_1747824475.svg" name="1" refid="17558377-413e-4c8d-b02c-4922e596807d" text="1"/><multiplicity humanName="Multiplicity" mode="s,e">1</multiplicity><multiplicity humanName="Multiplicity" mode="s,e">1</multiplicity><name humanName="Name" mode="s,e">workOrderIN</name><ordering humanName="Ordering">FIFO</ordering><ownedElement humanName="Owned Element"><literalinteger classType="LiteralInteger" humanType="Literal Integer" icon="ElectronicsAssemblyCaseStudy_files/icon_literalinteger_1747824475.svg" name="1" refid="17558377-413e-4c8d-b02c-4922e596807d" text="1"/><literalunlimitednatural classType="LiteralUnlimitedNatural" humanType="Literal Unlimited Natural" icon="ElectronicsAssemblyCaseStudy_files/icon_literalunlimitednatural_1702058771.svg" name="1" refid="c56be537-c473-4bb1-902c-68cb70fea562" text="1"/></ownedElement><owner classType="CallBehaviorAction" humanName="Owner" humanType="Call Behavior Action" icon="ElectronicsAssemblyCaseStudy_files/icon_callbehavioraction_66845334.svg" mode="s,e" name="Inputs" refid="49903306-13c8-4a69-bfbc-fbfaa434adb8"/><qualifiedName humanName="Qualified Name" mode="e">0 - Production System Reference Architecture::5 - Architecture pkg::5.0 - Functional Architecture::5.0.1 - Make::Iteration4::MakeSensorCard+PB::Inputs::workOrderIN</qualifiedName><syncElement classType="Parameter" humanName="Sync Element" humanType="Parameter" icon="ElectronicsAssemblyCaseStudy_files/icon_parameter_1919576980.svg" name="workOrderIN" refid="30333e52-ab5e-40c5-81c5-ac71ce4e80f9"/><TO_DO humanName="To Do" mode="s,e"/><TYPE_MODIFIER humanName="Type Modifier"/><upper humanName="Upper">1</upper><upperValue classType="LiteralUnlimitedNatural" humanName="Upper Value" humanType="Literal Unlimited Natural" icon="ElectronicsAssemblyCaseStudy_files/icon_literalunlimitednatural_1702058771.svg" name="1" refid="c56be537-c473-4bb1-902c-68cb70fea562" text="1"/><visibility humanName="Visibility">public</visibility><appearsIn><diagram classType="Diagram" humanType="Diagram" icon="ElectronicsAssemblyCaseStudy_files/icon_SysML Activity Diagram_1550211747.svg" name="MakeSensorCard+PB" refid="2de4e332-bc5c-460a-affe-8c9f2b21c048"/></appearsIn></inputpin></magicdraw>