<?xml version="1.0" encoding="UTF-8"?><magicdraw><activity classType="Activity" humanType="Activity" icon="ElectronicsAssemblyCaseStudy_files/icon_activity_1076127169.svg" id="060a498a-7177-468f-b532-96ba54fd41f9"><allSpecificClassifiers humanName="All Specific Classifiers"><activity classType="Activity" humanType="Activity" icon="ElectronicsAssemblyCaseStudy_files/icon_activity_1076127169.svg" name="SelectiveSolder" refid="faab38a1-e37f-42f7-89e7-459503ec44a9"/><activity classType="Activity" humanType="Activity" icon="ElectronicsAssemblyCaseStudy_files/icon_activity_1076127169.svg" name="WaveSolder" refid="28bd6fd6-3b33-4d03-b4e4-a0c7b5156b67"/></allSpecificClassifiers><derivedExplanation humanName="Derived Explanation"/><documentation humanName="Documentation"/><effectiveIRI humanName="Effective IRI"/><isAbstract humanName="Is Abstract">true</isAbstract><isActive humanName="Is Active">false</isActive><isFinalSpecialization humanName="Is Final Specialization">false</isFinalSpecialization><isLeaf humanName="Is Leaf">false</isLeaf><isReadOnly humanName="Is Read Only" mode="s,e">false</isReadOnly><isReentrant humanName="Is Reentrant">true</isReentrant><isSingleExecution humanName="Is Single Execution" mode="s,e">false</isSingleExecution><member humanName="Member"><parameter classType="Parameter" humanType="Parameter" icon="ElectronicsAssemblyCaseStudy_files/icon_parameter_1919576980.svg" name="partIN" refid="6ac39b02-6c2d-46ad-86b9-e45697a59d60"/><parameter classType="Parameter" humanType="Parameter" icon="ElectronicsAssemblyCaseStudy_files/icon_parameter_1919576980.svg" name="partOUT" refid="c82f8419-367c-4431-851d-d259746cf240"/><parameter classType="Parameter" humanType="Parameter" icon="ElectronicsAssemblyCaseStudy_files/icon_parameter_1919576980.svg" name="workOrderIN" refid="68040ec7-5354-42c0-86d5-aeb341c3af36"/></member><name humanName="Name" mode="s,e">Solder</name><namespace classType="Package" humanName="Namespace" humanType="Package" icon="ElectronicsAssemblyCaseStudy_files/icon_package_1622863652.svg" name="Core" refid="324f6d6c-80d9-4fe7-814e-03d2b345b860"/><node humanName="Node" mode="s,e"><activityparameternode classType="ActivityParameterNode" humanType="Activity Parameter Node" icon="ElectronicsAssemblyCaseStudy_files/icon_activityparameternode_419280591.svg" name="partIN" refid="4e26bc6d-b8a0-459e-bf79-3730895033b3"/><activityparameternode classType="ActivityParameterNode" humanType="Activity Parameter Node" icon="ElectronicsAssemblyCaseStudy_files/icon_activityparameternode_419280591.svg" name="partOUT" refid="96e7c941-d7eb-4a41-9a1a-885114714c07"/><activityparameternode classType="ActivityParameterNode" humanType="Activity Parameter Node" icon="ElectronicsAssemblyCaseStudy_files/icon_activityparameternode_419280591.svg" name="workOrderIN" refid="f2e89c39-5bb6-4989-aa59-8951191553bb"/></node><ownedElement humanName="Owned Element"><activityparameternode classType="ActivityParameterNode" humanType="Activity Parameter Node" icon="ElectronicsAssemblyCaseStudy_files/icon_activityparameternode_419280591.svg" name="partIN" refid="4e26bc6d-b8a0-459e-bf79-3730895033b3"/><parameter classType="Parameter" humanType="Parameter" icon="ElectronicsAssemblyCaseStudy_files/icon_parameter_1919576980.svg" name="partIN" refid="6ac39b02-6c2d-46ad-86b9-e45697a59d60"/><activityparameternode classType="ActivityParameterNode" humanType="Activity Parameter Node" icon="ElectronicsAssemblyCaseStudy_files/icon_activityparameternode_419280591.svg" name="partOUT" refid="96e7c941-d7eb-4a41-9a1a-885114714c07"/><parameter classType="Parameter" humanType="Parameter" icon="ElectronicsAssemblyCaseStudy_files/icon_parameter_1919576980.svg" name="partOUT" refid="c82f8419-367c-4431-851d-d259746cf240"/><activityparameternode classType="ActivityParameterNode" humanType="Activity Parameter Node" icon="ElectronicsAssemblyCaseStudy_files/icon_activityparameternode_419280591.svg" name="workOrderIN" refid="f2e89c39-5bb6-4989-aa59-8951191553bb"/><parameter classType="Parameter" humanType="Parameter" icon="ElectronicsAssemblyCaseStudy_files/icon_parameter_1919576980.svg" name="workOrderIN" refid="68040ec7-5354-42c0-86d5-aeb341c3af36"/></ownedElement><ownedMember humanName="Owned Member"><parameter classType="Parameter" humanType="Parameter" icon="ElectronicsAssemblyCaseStudy_files/icon_parameter_1919576980.svg" name="partIN" refid="6ac39b02-6c2d-46ad-86b9-e45697a59d60"/><parameter classType="Parameter" humanType="Parameter" icon="ElectronicsAssemblyCaseStudy_files/icon_parameter_1919576980.svg" name="partOUT" refid="c82f8419-367c-4431-851d-d259746cf240"/><parameter classType="Parameter" humanType="Parameter" icon="ElectronicsAssemblyCaseStudy_files/icon_parameter_1919576980.svg" name="workOrderIN" refid="68040ec7-5354-42c0-86d5-aeb341c3af36"/></ownedMember><ownedParameter humanName="Owned Parameter"><parameter classType="Parameter" humanType="Parameter" icon="ElectronicsAssemblyCaseStudy_files/icon_parameter_1919576980.svg" name="partIN" refid="6ac39b02-6c2d-46ad-86b9-e45697a59d60"/><parameter classType="Parameter" humanType="Parameter" icon="ElectronicsAssemblyCaseStudy_files/icon_parameter_1919576980.svg" name="partOUT" refid="c82f8419-367c-4431-851d-d259746cf240"/><parameter classType="Parameter" humanType="Parameter" icon="ElectronicsAssemblyCaseStudy_files/icon_parameter_1919576980.svg" name="workOrderIN" refid="68040ec7-5354-42c0-86d5-aeb341c3af36"/></ownedParameter><owner classType="Package" humanName="Owner" humanType="Package" icon="ElectronicsAssemblyCaseStudy_files/icon_package_1622863652.svg" mode="s,e" name="Core" refid="324f6d6c-80d9-4fe7-814e-03d2b345b860"/><owningPackage classType="Package" humanName="Owning Package" humanType="Package" icon="ElectronicsAssemblyCaseStudy_files/icon_package_1622863652.svg" name="Core" refid="324f6d6c-80d9-4fe7-814e-03d2b345b860"/><package classType="Package" humanName="Package" humanType="Package" icon="ElectronicsAssemblyCaseStudy_files/icon_package_1622863652.svg" name="Core" refid="324f6d6c-80d9-4fe7-814e-03d2b345b860"/><qualifiedName humanName="Qualified Name" mode="e">0 - Production System Reference Architecture::5 - Architecture pkg::5.0 - Functional Architecture::5.0.1 - Make::Core::Solder</qualifiedName><specificClassifier humanName="Specific Classifier"><activity classType="Activity" humanType="Activity" icon="ElectronicsAssemblyCaseStudy_files/icon_activity_1076127169.svg" name="SelectiveSolder" refid="faab38a1-e37f-42f7-89e7-459503ec44a9"/><activity classType="Activity" humanType="Activity" icon="ElectronicsAssemblyCaseStudy_files/icon_activity_1076127169.svg" name="WaveSolder" refid="28bd6fd6-3b33-4d03-b4e4-a0c7b5156b67"/></specificClassifier><TO_DO humanName="To Do" mode="s,e"/><usedClassifier humanName="Used Classifier"><block classType="Class" humanType="Block" icon="ElectronicsAssemblyCaseStudy_files/icon_block_879333290.svg" name="Part" refid="c516c8a0-bcdd-4c9b-ae10-51922a11b225"/></usedClassifier><visibility humanName="Visibility">public</visibility><appearsIn><diagram classType="Diagram" humanType="Diagram" icon="ElectronicsAssemblyCaseStudy_files/icon_SysML Block Definition Diagram_596372014.svg" name="BDD_CoreProcessTaxonomy" refid="75305b3d-35df-4acf-afbd-8d7137804b25"/></appearsIn></activity></magicdraw>