<?xml version="1.0" encoding="UTF-8"?><magicdraw><parameter classType="Parameter" humanType="Parameter" icon="ElectronicsAssemblyCaseStudy_files/icon_parameter_1919576980.svg" id="06643ca4-6a8c-4550-b176-ddb8508fddce"><default humanName="Default"/><direction humanName="Direction" mode="s,e">in</direction><documentation humanName="Documentation"/><isException humanName="Is Exception">false</isException><isOrdered humanName="Is Ordered">false</isOrdered><isStream humanName="Is Stream" mode="e">false</isStream><isUnique humanName="Is Unique">true</isUnique><lower humanName="Lower">1</lower><lowerValue classType="LiteralInteger" humanName="Lower Value" humanType="Literal Integer" icon="ElectronicsAssemblyCaseStudy_files/icon_literalinteger_1747824475.svg" name="1" refid="11037275-786b-460e-b7bc-9b0ddd6578c5" text="1"/><multiplicity humanName="Multiplicity" mode="s,e">1</multiplicity><multiplicity humanName="Multiplicity" mode="s,e">1</multiplicity><name humanName="Name" mode="s,e">workOrderIN</name><namespace classType="Activity" humanName="Namespace" humanType="Activity" icon="ElectronicsAssemblyCaseStudy_files/icon_activity_1076127169.svg" name="Auto" refid="1acf5a9f-f115-4b5b-aad4-db0a6765ac31"/><ownedElement humanName="Owned Element"><literalinteger classType="LiteralInteger" humanType="Literal Integer" icon="ElectronicsAssemblyCaseStudy_files/icon_literalinteger_1747824475.svg" name="1" refid="11037275-786b-460e-b7bc-9b0ddd6578c5" text="1"/><literalunlimitednatural classType="LiteralUnlimitedNatural" humanType="Literal Unlimited Natural" icon="ElectronicsAssemblyCaseStudy_files/icon_literalunlimitednatural_1702058771.svg" name="1" refid="38b75cd9-8148-4ca0-9360-1312cf81206c" text="1"/></ownedElement><owner classType="Activity" humanName="Owner" humanType="Activity" icon="ElectronicsAssemblyCaseStudy_files/icon_activity_1076127169.svg" mode="s,e" name="Auto" refid="1acf5a9f-f115-4b5b-aad4-db0a6765ac31"/><qualifiedName humanName="Qualified Name">0 - Production System Reference Architecture::5 - Architecture pkg::5.0 - Functional Architecture::5.0.1 - Make::Core::Auto::workOrderIN</qualifiedName><TO_DO humanName="To Do" mode="s,e"/><TYPE_MODIFIER humanName="Type Modifier" mode="e"/><upper humanName="Upper">1</upper><upperValue classType="LiteralUnlimitedNatural" humanName="Upper Value" humanType="Literal Unlimited Natural" icon="ElectronicsAssemblyCaseStudy_files/icon_literalunlimitednatural_1702058771.svg" name="1" refid="38b75cd9-8148-4ca0-9360-1312cf81206c" text="1"/><visibility humanName="Visibility">public</visibility></parameter></magicdraw>