<?xml version="1.0" encoding="UTF-8"?><magicdraw><activityparameternode classType="ActivityParameterNode" humanType="Activity Parameter Node" icon="ElectronicsAssemblyCaseStudy_files/icon_activityparameternode_419280591.svg" id="06c7b0d2-80e1-4a20-bc7c-7ee278de2477"><activity classType="Activity" humanName="Activity" humanType="Activity" icon="ElectronicsAssemblyCaseStudy_files/icon_activity_1076127169.svg" name="GetCoupler" refid="85115af6-8124-49b1-ac87-766853050e95"/><documentation humanName="Documentation"/><isControlType humanName="Is Control Type" mode="e">false</isControlType><isLeaf humanName="Is Leaf">false</isLeaf><name humanName="Name" mode="s,e">workOrderIN</name><ordering humanName="Ordering" mode="e">FIFO</ordering><owner classType="Activity" humanName="Owner" humanType="Activity" icon="ElectronicsAssemblyCaseStudy_files/icon_activity_1076127169.svg" mode="s,e" name="GetCoupler" refid="85115af6-8124-49b1-ac87-766853050e95"/><parameter classType="Parameter" humanName="Parameter" humanType="Parameter" icon="ElectronicsAssemblyCaseStudy_files/icon_parameter_1919576980.svg" mode="s,e" name="workOrderIN" refid="3f7b452f-2f01-4f6a-b5dc-7bc972b6fafe"/><qualifiedName humanName="Qualified Name" mode="e">0 - Production System Reference Architecture::5 - Architecture pkg::5.0 - Functional Architecture::5.0.0 - Get::Iteration1::GetCoupler::workOrderIN</qualifiedName><TO_DO humanName="To Do" mode="s,e"/><TYPE_MODIFIER humanName="Type Modifier"/><visibility humanName="Visibility">public</visibility><appearsIn><diagram classType="Diagram" humanType="Diagram" icon="ElectronicsAssemblyCaseStudy_files/icon_SysML Activity Diagram_1550211747.svg" name="GetCoupler" refid="fa0b7e8c-3245-42e6-9911-12f7e2b43716"/></appearsIn></activityparameternode></magicdraw>