<?xml version="1.0" encoding="UTF-8"?><magicdraw><literalinteger classType="LiteralInteger" humanType="Literal Integer" icon="ElectronicsAssemblyCaseStudy_files/icon_literalinteger_1747824475.svg" id="06ce18a7-2d37-43e3-bac9-a5fc0abab8c3"><documentation humanName="Documentation"/><name humanName="Name"/><owner classType="Parameter" humanName="Owner" humanType="Parameter" icon="ElectronicsAssemblyCaseStudy_files/icon_parameter_1919576980.svg" mode="e" name="workOrderIN" refid="111a2234-d75c-4739-af15-75abb2e10c1f"/><owningLower classType="Parameter" humanName="Owning Lower" humanType="Parameter" icon="ElectronicsAssemblyCaseStudy_files/icon_parameter_1919576980.svg" name="workOrderIN" refid="111a2234-d75c-4739-af15-75abb2e10c1f"/><qualifiedName humanName="Qualified Name">0 - Production System Reference Architecture::5 - Architecture pkg::5.0 - Functional Architecture::5.0.9 - PutOutputs::Iteration3::PutOutputs_SensorCard+PBA::workOrderIN::</qualifiedName><text humanName="Text" mode="standard">1</text><TO_DO humanName="To Do"/><TYPE_MODIFIER humanName="Type Modifier"/><value humanName="Value" mode="s,e">1</value><visibility humanName="Visibility">public</visibility></literalinteger></magicdraw>