<?xml version="1.0" encoding="UTF-8"?><magicdraw><literalstring classType="LiteralString" humanType="Literal String" icon="ElectronicsAssemblyCaseStudy_files/icon_literalstring_1903496650.svg" id="0740b073-0b3f-4753-a69e-403d6d86eecf"><documentation humanName="Documentation"/><name humanName="Name"/><owner classType="Slot" humanName="Owner" humanType="Slot" icon="ElectronicsAssemblyCaseStudy_files/icon_slot_283253595.svg" mode="e" refid="4f6ce4f0-e171-4e10-87c2-90be9152db15"/><owningSlot classType="Slot" humanName="Owning Slot" humanType="Slot" icon="ElectronicsAssemblyCaseStudy_files/icon_slot_283253595.svg" refid="4f6ce4f0-e171-4e10-87c2-90be9152db15"/><qualifiedName humanName="Qualified Name"/><text humanName="Text" mode="standard">QPROP:Element:verifyMethod</text><TO_DO humanName="To Do"/><TYPE_MODIFIER humanName="Type Modifier"/><value humanName="Value" mode="s,e">QPROP:Element:verifyMethod</value><visibility humanName="Visibility">public</visibility></literalstring></magicdraw>