<?xml version="1.0" encoding="UTF-8"?><magicdraw><package classType="Package" humanType="Package" icon="ElectronicsAssemblyCaseStudy_files/icon_package_1622863652.svg" id="07510833-70eb-4b67-9c82-aff8818f59c1"><documentation humanName="Documentation"/><name humanName="Name" mode="s,e">5.0.6 - Source</name><namespace classType="Package" humanName="Namespace" humanType="Package" icon="ElectronicsAssemblyCaseStudy_files/icon_package_1622863652.svg" name="5.0 - Functional Architecture" refid="1fc1a042-1f20-42e2-9063-9d1093d45cff"/><nestingPackage classType="Package" humanName="Nesting Package" humanType="Package" icon="ElectronicsAssemblyCaseStudy_files/icon_package_1622863652.svg" name="5.0 - Functional Architecture" refid="1fc1a042-1f20-42e2-9063-9d1093d45cff"/><owner classType="Package" humanName="Owner" humanType="Package" icon="ElectronicsAssemblyCaseStudy_files/icon_package_1622863652.svg" mode="s,e" name="5.0 - Functional Architecture" refid="1fc1a042-1f20-42e2-9063-9d1093d45cff"/><owningPackage classType="Package" humanName="Owning Package" humanType="Package" icon="ElectronicsAssemblyCaseStudy_files/icon_package_1622863652.svg" name="5.0 - Functional Architecture" refid="1fc1a042-1f20-42e2-9063-9d1093d45cff"/><qualifiedName humanName="Qualified Name" mode="e">0 - Production System Reference Architecture::5 - Architecture pkg::5.0 - Functional Architecture::5.0.6 - Source</qualifiedName><TO_DO humanName="To Do" mode="s,e"/><URI humanName="URI" mode="s,e"/><visibility humanName="Visibility">public</visibility></package></magicdraw>