<?xml version="1.0" encoding="UTF-8"?><magicdraw><literalstring classType="LiteralString" humanType="Literal String" icon="ElectronicsAssemblyCaseStudy_files/icon_literalstring_1903496650.svg" id="07916d5d-861f-4713-8df1-04f325144637"><documentation humanName="Documentation"/><name humanName="Name"/><owner classType="Slot" humanName="Owner" humanType="Slot" icon="ElectronicsAssemblyCaseStudy_files/icon_slot_283253595.svg" mode="e" refid="b0fb6a60-8c2f-4715-9a8d-c23ff7a92fde"/><owningSlot classType="Slot" humanName="Owning Slot" humanType="Slot" icon="ElectronicsAssemblyCaseStudy_files/icon_slot_283253595.svg" refid="b0fb6a60-8c2f-4715-9a8d-c23ff7a92fde"/><qualifiedName humanName="Qualified Name"/><text humanName="Text" mode="standard">52.4</text><TO_DO humanName="To Do"/><TYPE_MODIFIER humanName="Type Modifier"/><value humanName="Value" mode="s,e">52.4</value><visibility humanName="Visibility">public</visibility></literalstring></magicdraw>