<?xml version="1.0" encoding="UTF-8"?><magicdraw><elementvalue classType="ElementValue" humanType="Element Value" icon="ElectronicsAssemblyCaseStudy_files/icon_elementvalue_1770746812.svg" id="0870ae4c-06a7-48c8-ace9-8ca33561663a"><documentation humanName="Documentation"/><element classType="Actor" humanName="Element" humanType="Actor" icon="ElectronicsAssemblyCaseStudy_files/icon_actor_1378559537.svg" mode="s,e" name="Maintenance" refid="ed4fdb17-d28e-44d1-8059-99317957d3ae"/><name humanName="Name"/><owner classType="Slot" humanName="Owner" humanType="Slot" icon="ElectronicsAssemblyCaseStudy_files/icon_slot_283253595.svg" mode="e" refid="118b9354-675d-476f-bc85-b740f51b1521"/><owningSlot classType="Slot" humanName="Owning Slot" humanType="Slot" icon="ElectronicsAssemblyCaseStudy_files/icon_slot_283253595.svg" refid="118b9354-675d-476f-bc85-b740f51b1521"/><qualifiedName humanName="Qualified Name"/><text humanName="Text" mode="standard">Maintenance</text><TO_DO humanName="To Do"/><TYPE_MODIFIER humanName="Type Modifier"/><visibility humanName="Visibility">public</visibility></elementvalue></magicdraw>