<?xml version="1.0" encoding="UTF-8"?><magicdraw><literalunlimitednatural classType="LiteralUnlimitedNatural" humanType="Literal Unlimited Natural" icon="ElectronicsAssemblyCaseStudy_files/icon_literalunlimitednatural_1702058771.svg" id="089a48b2-cb91-4897-b463-ed6922f1f664"><documentation humanName="Documentation"/><name humanName="Name"/><owner classType="ControlFlow" humanName="Owner" humanType="Control Flow" icon="ElectronicsAssemblyCaseStudy_files/icon_controlflow_1765690649.svg" isRelationship="true" mode="e" name="Control Flow[0 - Production System Reference Architecture::5 - Architecture pkg::5.0 - Functional Architecture::5.0.1 - Make::Iteration2::MakeSensorCard::Inputs -&gt; 0 - Production System Reference Architecture::5 - Architecture pkg::5.0 - Functional Architecture::5.0.1 - Make::Iteration2::MakeSensorCard::Kitting]" refid="22c7f2de-c959-4786-9cee-3c03ae488d35"/><qualifiedName humanName="Qualified Name">0 - Production System Reference Architecture::5 - Architecture pkg::5.0 - Functional Architecture::5.0.1 - Make::Iteration2::MakeSensorCard::::</qualifiedName><text humanName="Text" mode="standard">1</text><TO_DO humanName="To Do"/><TYPE_MODIFIER humanName="Type Modifier"/><value humanName="Value" mode="s,e">1</value><visibility humanName="Visibility">public</visibility></literalunlimitednatural></magicdraw>