<?xml version="1.0" encoding="UTF-8"?><magicdraw><literalstring classType="LiteralString" humanType="Literal String" icon="ElectronicsAssemblyCaseStudy_files/icon_literalstring_1903496650.svg" id="08c46cf6-c924-4b97-b3d0-1f6199b33103"><documentation humanName="Documentation"/><name humanName="Name"/><owner classType="Slot" humanName="Owner" humanType="Slot" icon="ElectronicsAssemblyCaseStudy_files/icon_slot_283253595.svg" mode="e" refid="34c23c5b-e855-441c-9198-cc8390ffd7d6"/><owningSlot classType="Slot" humanName="Owning Slot" humanType="Slot" icon="ElectronicsAssemblyCaseStudy_files/icon_slot_283253595.svg" refid="34c23c5b-e855-441c-9198-cc8390ffd7d6"/><qualifiedName humanName="Qualified Name"/><text humanName="Text" mode="standard">gthiers</text><TO_DO humanName="To Do"/><TYPE_MODIFIER humanName="Type Modifier"/><value humanName="Value" mode="s,e">gthiers</value><visibility humanName="Visibility">public</visibility></literalstring></magicdraw>