<?xml version="1.0" encoding="UTF-8"?><magicdraw><inputpin classType="InputPin" humanType="Input Pin" icon="ElectronicsAssemblyCaseStudy_files/icon_inputpin_562685863.svg" id="08f68683-b114-4fec-bedd-7b80be203213"><documentation humanName="Documentation"/><isControl humanName="Is Control" mode="e">false</isControl><isControlType humanName="Is Control Type">false</isControlType><isLeaf humanName="Is Leaf">false</isLeaf><isOrdered humanName="Is Ordered">false</isOrdered><isUnique humanName="Is Unique">true</isUnique><lower humanName="Lower">1</lower><lowerValue classType="LiteralInteger" humanName="Lower Value" humanType="Literal Integer" icon="ElectronicsAssemblyCaseStudy_files/icon_literalinteger_1747824475.svg" name="1" refid="56555a2c-f78d-44b1-8ccf-6f23a6b9e596" text="1"/><multiplicity humanName="Multiplicity" mode="s,e">1</multiplicity><multiplicity humanName="Multiplicity" mode="s,e">1</multiplicity><name humanName="Name" mode="s,e">partIN</name><ordering humanName="Ordering">FIFO</ordering><ownedElement humanName="Owned Element"><literalinteger classType="LiteralInteger" humanType="Literal Integer" icon="ElectronicsAssemblyCaseStudy_files/icon_literalinteger_1747824475.svg" name="1" refid="56555a2c-f78d-44b1-8ccf-6f23a6b9e596" text="1"/><literalunlimitednatural classType="LiteralUnlimitedNatural" humanType="Literal Unlimited Natural" icon="ElectronicsAssemblyCaseStudy_files/icon_literalunlimitednatural_1702058771.svg" name="1" refid="51e2ff3e-3944-4f30-a0ce-ee49e0639388" text="1"/></ownedElement><owner classType="CallBehaviorAction" humanName="Owner" humanType="Call Behavior Action" icon="ElectronicsAssemblyCaseStudy_files/icon_callbehavioraction_66845334.svg" mode="s,e" name="UnitAssembly_TouchUp" refid="5ac9fe56-0462-478f-b1b9-2aa10bc24921"/><qualifiedName humanName="Qualified Name" mode="e">0 - Production System Reference Architecture::5 - Architecture pkg::5.0 - Functional Architecture::5.0.1 - Make::Iteration1::MakeCoupler::UnitAssembly_TouchUp::partIN</qualifiedName><syncElement classType="Parameter" humanName="Sync Element" humanType="Parameter" icon="ElectronicsAssemblyCaseStudy_files/icon_parameter_1919576980.svg" name="partIN" refid="f395cf88-4267-463d-bb48-f3a09b09ffbd"/><TO_DO humanName="To Do" mode="s,e"/><type classType="Class" humanName="Type" humanType="Block" icon="ElectronicsAssemblyCaseStudy_files/icon_block_1181413890.svg" mode="s,e" name="Coupler" refid="5e65e277-2f1c-47dd-ae0e-6b0b3b356cca"/><TYPE_MODIFIER humanName="Type Modifier"/><upper humanName="Upper">1</upper><upperValue classType="LiteralUnlimitedNatural" humanName="Upper Value" humanType="Literal Unlimited Natural" icon="ElectronicsAssemblyCaseStudy_files/icon_literalunlimitednatural_1702058771.svg" name="1" refid="51e2ff3e-3944-4f30-a0ce-ee49e0639388" text="1"/><visibility humanName="Visibility">public</visibility><appearsIn><diagram classType="Diagram" humanType="Diagram" icon="ElectronicsAssemblyCaseStudy_files/icon_SysML Activity Diagram_1550211747.svg" name="MakeCoupler" refid="8318f4c0-ec8d-44ee-a804-ca3ed3dbbd04"/></appearsIn></inputpin></magicdraw>