<?xml version="1.0" encoding="UTF-8"?><magicdraw><generalization classType="Generalization" humanType="Generalization" icon="ElectronicsAssemblyCaseStudy_files/icon_generalization_1702478809.svg" id="0970eea0-c071-427b-986e-74116c044422"><documentation humanName="Documentation"/><general classType="Class" humanName="General" humanType="Block" icon="ElectronicsAssemblyCaseStudy_files/icon_block_1181413890.svg" mode="s,e" name="Part" refid="c516c8a0-bcdd-4c9b-ae10-51922a11b225"/><isSubstitutable humanName="Is Substitutable">true</isSubstitutable><owner classType="Class" humanName="Owner" humanType="Block" icon="ElectronicsAssemblyCaseStudy_files/icon_block_1181413890.svg" mode="s,e" name="CCA2+MP" refid="372fbe4f-e2f2-4020-86e8-c5846541887c"/><relatedElement humanName="Related Element"><block classType="Class" humanType="Block" icon="ElectronicsAssemblyCaseStudy_files/icon_block_1181413890.svg" name="CCA2+MP" refid="372fbe4f-e2f2-4020-86e8-c5846541887c"/><block classType="Class" humanType="Block" icon="ElectronicsAssemblyCaseStudy_files/icon_block_1181413890.svg" name="Part" refid="c516c8a0-bcdd-4c9b-ae10-51922a11b225"/></relatedElement><source humanName="Source"><block classType="Class" humanType="Block" icon="ElectronicsAssemblyCaseStudy_files/icon_block_1181413890.svg" name="CCA2+MP" refid="372fbe4f-e2f2-4020-86e8-c5846541887c"/></source><specific classType="Class" humanName="Specific" humanType="Block" icon="ElectronicsAssemblyCaseStudy_files/icon_block_1181413890.svg" mode="s,e" name="CCA2+MP" refid="372fbe4f-e2f2-4020-86e8-c5846541887c"/><target humanName="Target"><block classType="Class" humanType="Block" icon="ElectronicsAssemblyCaseStudy_files/icon_block_1181413890.svg" name="Part" refid="c516c8a0-bcdd-4c9b-ae10-51922a11b225"/></target><TO_DO humanName="To Do" mode="s,e"/></generalization></magicdraw>