<?xml version="1.0" encoding="UTF-8"?><magicdraw><literalstring classType="LiteralString" humanType="Literal String" icon="ElectronicsAssemblyCaseStudy_files/icon_literalstring_1903496650.svg" id="09a89a22-3e7f-40ea-84aa-79d099214fa7"><documentation humanName="Documentation"/><name humanName="Name"/><owner classType="Slot" humanName="Owner" humanType="Slot" icon="ElectronicsAssemblyCaseStudy_files/icon_slot_283253595.svg" mode="e" refid="f7b7f8fa-3e92-4920-86b7-aef213647dbc"/><owningSlot classType="Slot" humanName="Owning Slot" humanType="Slot" icon="ElectronicsAssemblyCaseStudy_files/icon_slot_283253595.svg" refid="f7b7f8fa-3e92-4920-86b7-aef213647dbc"/><qualifiedName humanName="Qualified Name"/><text humanName="Text" mode="standard">QPROP:Element:verifyMethod</text><TO_DO humanName="To Do"/><TYPE_MODIFIER humanName="Type Modifier"/><value humanName="Value" mode="s,e">QPROP:Element:verifyMethod</value><visibility humanName="Visibility">public</visibility></literalstring></magicdraw>