<?xml version="1.0" encoding="UTF-8"?><magicdraw><property classType="Property" humanType="Property" icon="ElectronicsAssemblyCaseStudy_files/icon_property_1222216476.svg" id="09ad21de-8ee9-4a95-a584-a7ccf94b0cfa"><aggregation humanName="Aggregation" mode="s,e">none</aggregation><association classType="Association" humanName="Association" humanType="Association" icon="ElectronicsAssemblyCaseStudy_files/icon_association_1818389811.svg" isRelationship="true" name="Association[2 - Product Specification::CableAssembly4 -&gt; GeneratedWireKitA:2 - Product Specification::GeneratedWireKitA]" refid="f7351bdb-f920-473c-a605-b2c5c3eaf4ed"/><documentation humanName="Documentation"/><effectiveIRI humanName="Effective IRI"/><featuringClassifier classType="Association" humanName="Featuring Classifier" humanType="Association" icon="ElectronicsAssemblyCaseStudy_files/icon_association_1818389811.svg" isRelationship="true" name="Association[2 - Product Specification::CableAssembly4 -&gt; GeneratedWireKitA:2 - Product Specification::GeneratedWireKitA]" refid="f7351bdb-f920-473c-a605-b2c5c3eaf4ed"/><isComposite humanName="Is Composite">false</isComposite><isDerived humanName="Is Derived" mode="s,e">false</isDerived><isDerivedUnion humanName="Is Derived Union" mode="e">false</isDerivedUnion><isID humanName="Is ID" mode="e">false</isID><isLeaf humanName="Is Leaf">false</isLeaf><isOrdered humanName="Is Ordered" mode="e">false</isOrdered><isReadOnly humanName="Is Read Only" mode="s,e">false</isReadOnly><isStatic humanName="Is Static" mode="s,e">false</isStatic><isUnique humanName="Is Unique" mode="e">true</isUnique><lower humanName="Lower">1</lower><multiplicity humanName="Multiplicity" mode="s,e"/><multiplicity humanName="Multiplicity" mode="s,e"/><name humanName="Name" mode="s,e"/><namespace classType="Association" humanName="Namespace" humanType="Association" icon="ElectronicsAssemblyCaseStudy_files/icon_association_1818389811.svg" isRelationship="true" name="Association[2 - Product Specification::CableAssembly4 -&gt; GeneratedWireKitA:2 - Product Specification::GeneratedWireKitA]" refid="f7351bdb-f920-473c-a605-b2c5c3eaf4ed"/><navigable humanName="Navigable" mode="e">false</navigable><opposite classType="Property" humanName="Opposite" humanType="Part Property" icon="ElectronicsAssemblyCaseStudy_files/icon_partproperty_121885089.svg" name="GeneratedWireKitA" refid="c49580b8-2b97-4244-b4ee-0c71b04f7c55"/><ownedBy classType="Association" humanName="Owned By" humanType="Association" icon="ElectronicsAssemblyCaseStudy_files/icon_association_1818389811.svg" isRelationship="true" mode="s,e" name="Association[2 - Product Specification::CableAssembly4 -&gt; GeneratedWireKitA:2 - Product Specification::GeneratedWireKitA]" refid="f7351bdb-f920-473c-a605-b2c5c3eaf4ed"/><owner classType="Association" humanName="Owner" humanType="Association" icon="ElectronicsAssemblyCaseStudy_files/icon_association_1818389811.svg" isRelationship="true" name="Association[2 - Product Specification::CableAssembly4 -&gt; GeneratedWireKitA:2 - Product Specification::GeneratedWireKitA]" refid="f7351bdb-f920-473c-a605-b2c5c3eaf4ed"/><owningAssociation classType="Association" humanName="Owning Association" humanType="Association" icon="ElectronicsAssemblyCaseStudy_files/icon_association_1818389811.svg" isRelationship="true" name="Association[2 - Product Specification::CableAssembly4 -&gt; GeneratedWireKitA:2 - Product Specification::GeneratedWireKitA]" refid="f7351bdb-f920-473c-a605-b2c5c3eaf4ed"/><qualifiedName humanName="Qualified Name" mode="e">2 - Product Specification::::</qualifiedName><redefinitionContext humanName="Redefinition Context"><association classType="Association" humanType="Association" icon="ElectronicsAssemblyCaseStudy_files/icon_association_1818389811.svg" isRelationship="true" name="Association[2 - Product Specification::CableAssembly4 -&gt; GeneratedWireKitA:2 - Product Specification::GeneratedWireKitA]" refid="f7351bdb-f920-473c-a605-b2c5c3eaf4ed"/></redefinitionContext><TO_DO humanName="To Do" mode="s,e"/><type classType="Class" humanName="Type" humanType="Block" icon="ElectronicsAssemblyCaseStudy_files/icon_block_1181413890.svg" mode="s,e" name="CableAssembly4" refid="df01b966-d08c-4984-be3c-133406b4975e"/><TYPE_MODIFIER humanName="Type Modifier" mode="e"/><upper humanName="Upper">1</upper><visibility humanName="Visibility" mode="s,e">public</visibility><appearsIn><diagram classType="Diagram" humanType="Diagram" icon="ElectronicsAssemblyCaseStudy_files/icon_SysML Block Definition Diagram_596372014.svg" name="BDD_PartMBOM" refid="64291a04-b654-4d6a-9316-88a4b77e74ef"/></appearsIn></property></magicdraw>