<?xml version="1.0" encoding="UTF-8"?><magicdraw><instancespecification classType="InstanceSpecification" humanType="Instance Specification" icon="ElectronicsAssemblyCaseStudy_files/icon_instancespecification_13643661.svg" id="09e63802-14c0-4039-944f-57066e90fec0"><classifier humanName="Classifier" mode="s,e"><stereotype classType="Stereotype" humanType="Stereotype" icon="ElectronicsAssemblyCaseStudy_files/icon_stereotype_1259612741.svg" name="performanceRequirement" refid="b74418d7-7796-45c0-82f9-64a12d9a2790"/></classifier><documentation humanName="Documentation"/><name humanName="Name" mode="s,e"/><ownedElement humanName="Owned Element"><slot classType="Slot" humanType="Slot" icon="ElectronicsAssemblyCaseStudy_files/icon_slot_283253595.svg" refid="c655871a-ffb1-4b7f-b980-088357bd7d47"/><slot classType="Slot" humanType="Slot" icon="ElectronicsAssemblyCaseStudy_files/icon_slot_283253595.svg" refid="665fb3b5-54ce-402b-ba1b-0ae43962d4e4"/></ownedElement><owner classType="Class" humanName="Owner" humanType="Performance Requirement" icon="ElectronicsAssemblyCaseStudy_files/icon_performancerequirement_1259612741.svg" mode="s,e" name="Delivery Performance to Customer Commit Date" refid="52a69110-7127-4985-87e7-642bfb3c2103"/><qualifiedName humanName="Qualified Name" mode="e">0 - Production System Reference Architecture::4 - Requirements pkg::4.1 - L1 Enterprise Requirements pkg::Performance_Requirements::Reliability::Perfect_Order_Fulfillment::Delivery Performance to Customer Commit Date::</qualifiedName><slot humanName="Slot"><slot classType="Slot" humanType="Slot" icon="ElectronicsAssemblyCaseStudy_files/icon_slot_283253595.svg" refid="c655871a-ffb1-4b7f-b980-088357bd7d47"/><slot classType="Slot" humanType="Slot" icon="ElectronicsAssemblyCaseStudy_files/icon_slot_283253595.svg" refid="665fb3b5-54ce-402b-ba1b-0ae43962d4e4"/></slot><stereotypedElement classType="Class" humanName="Stereotyped Element" humanType="Performance Requirement" icon="ElectronicsAssemblyCaseStudy_files/icon_performancerequirement_1259612741.svg" name="Delivery Performance to Customer Commit Date" refid="52a69110-7127-4985-87e7-642bfb3c2103"/><TO_DO humanName="To Do" mode="s,e"/><visibility humanName="Visibility">public</visibility></instancespecification></magicdraw>