<?xml version="1.0" encoding="UTF-8"?><magicdraw><parameter classType="Parameter" humanType="Parameter" icon="ElectronicsAssemblyCaseStudy_files/icon_parameter_1919576980.svg" id="09f6a8e0-a739-4967-a8fa-6fc2b0dd1e0c"><default humanName="Default"/><direction humanName="Direction" mode="s,e">in</direction><documentation humanName="Documentation"/><isException humanName="Is Exception">false</isException><isOrdered humanName="Is Ordered">false</isOrdered><isStream humanName="Is Stream" mode="e">false</isStream><isUnique humanName="Is Unique">true</isUnique><lower humanName="Lower">1</lower><lowerValue classType="LiteralInteger" humanName="Lower Value" humanType="Literal Integer" icon="ElectronicsAssemblyCaseStudy_files/icon_literalinteger_1747824475.svg" name="1" refid="58872e25-9b5d-4d87-8320-3d38cc9a09ea" text="1"/><multiplicity humanName="Multiplicity" mode="s,e">1</multiplicity><multiplicity humanName="Multiplicity" mode="s,e">1</multiplicity><name humanName="Name" mode="s,e">workOrderIN</name><namespace classType="Activity" humanName="Namespace" humanType="Activity" icon="ElectronicsAssemblyCaseStudy_files/icon_activity_1076127169.svg" name="LaserMarking" refid="921337c4-67ff-4686-aa26-3cf0949fde5d"/><ownedElement humanName="Owned Element"><literalinteger classType="LiteralInteger" humanType="Literal Integer" icon="ElectronicsAssemblyCaseStudy_files/icon_literalinteger_1747824475.svg" name="1" refid="58872e25-9b5d-4d87-8320-3d38cc9a09ea" text="1"/><literalunlimitednatural classType="LiteralUnlimitedNatural" humanType="Literal Unlimited Natural" icon="ElectronicsAssemblyCaseStudy_files/icon_literalunlimitednatural_1702058771.svg" name="1" refid="9029ca7b-185b-4917-b37a-123e81aef5bc" text="1"/></ownedElement><owner classType="Activity" humanName="Owner" humanType="Activity" icon="ElectronicsAssemblyCaseStudy_files/icon_activity_1076127169.svg" mode="s,e" name="LaserMarking" refid="921337c4-67ff-4686-aa26-3cf0949fde5d"/><qualifiedName humanName="Qualified Name">0 - Production System Reference Architecture::5 - Architecture pkg::5.0 - Functional Architecture::5.0.1 - Make::CoreSpecializations::LaserMarking::workOrderIN</qualifiedName><TO_DO humanName="To Do" mode="s,e"/><TYPE_MODIFIER humanName="Type Modifier" mode="e"/><upper humanName="Upper">1</upper><upperValue classType="LiteralUnlimitedNatural" humanName="Upper Value" humanType="Literal Unlimited Natural" icon="ElectronicsAssemblyCaseStudy_files/icon_literalunlimitednatural_1702058771.svg" name="1" refid="9029ca7b-185b-4917-b37a-123e81aef5bc" text="1"/><visibility humanName="Visibility">public</visibility></parameter></magicdraw>