<?xml version="1.0" encoding="UTF-8"?><magicdraw><activityparameternode classType="ActivityParameterNode" humanType="Activity Parameter Node" icon="ElectronicsAssemblyCaseStudy_files/icon_activityparameternode_419280591.svg" id="0a3ca5a4-113c-4143-88be-1868f148f739"><activity classType="Activity" humanName="Activity" humanType="Activity" icon="ElectronicsAssemblyCaseStudy_files/icon_activity_1076127169.svg" name="MakeControlCardAssyMod" refid="fbfa4883-4704-470f-ba4f-9e9e35abb29e"/><documentation humanName="Documentation"/><isControlType humanName="Is Control Type" mode="e">false</isControlType><isLeaf humanName="Is Leaf">false</isLeaf><name humanName="Name" mode="s,e">partOUT</name><ordering humanName="Ordering" mode="e">FIFO</ordering><owner classType="Activity" humanName="Owner" humanType="Activity" icon="ElectronicsAssemblyCaseStudy_files/icon_activity_1076127169.svg" mode="s,e" name="MakeControlCardAssyMod" refid="fbfa4883-4704-470f-ba4f-9e9e35abb29e"/><parameter classType="Parameter" humanName="Parameter" humanType="Parameter" icon="ElectronicsAssemblyCaseStudy_files/icon_parameter_1919576980.svg" mode="s,e" name="partOUT" refid="f029889f-1678-407e-af51-71bb989f20d0"/><qualifiedName humanName="Qualified Name" mode="e">0 - Production System Reference Architecture::5 - Architecture pkg::5.0 - Functional Architecture::5.0.1 - Make::Iteration3::MakeControlCardAssyMod::partOUT</qualifiedName><TO_DO humanName="To Do" mode="s,e"/><type classType="Class" humanName="Type" humanType="Block" icon="ElectronicsAssemblyCaseStudy_files/icon_block_1181413890.svg" mode="s,e" name="ControlCardAssemblyModified" refid="6c336983-9191-4a89-a80c-df202f61e667"/><TYPE_MODIFIER humanName="Type Modifier"/><visibility humanName="Visibility">public</visibility></activityparameternode></magicdraw>