<?xml version="1.0" encoding="UTF-8"?><magicdraw><activityparameternode classType="ActivityParameterNode" humanType="Activity Parameter Node" icon="ElectronicsAssemblyCaseStudy_files/icon_activityparameternode_419280591.svg" id="0a612990-a462-468d-a3b4-d182dea5dae5"><activity classType="Activity" humanName="Activity" humanType="Activity" icon="ElectronicsAssemblyCaseStudy_files/icon_activity_1076127169.svg" name="GetGeneratedWireKitC" refid="71b235f1-d701-4848-a11c-b0e5df2e622d"/><documentation humanName="Documentation"/><isControlType humanName="Is Control Type" mode="e">false</isControlType><isLeaf humanName="Is Leaf">false</isLeaf><name humanName="Name" mode="s,e">workOrderIN</name><ordering humanName="Ordering" mode="e">FIFO</ordering><owner classType="Activity" humanName="Owner" humanType="Activity" icon="ElectronicsAssemblyCaseStudy_files/icon_activity_1076127169.svg" mode="s,e" name="GetGeneratedWireKitC" refid="71b235f1-d701-4848-a11c-b0e5df2e622d"/><parameter classType="Parameter" humanName="Parameter" humanType="Parameter" icon="ElectronicsAssemblyCaseStudy_files/icon_parameter_1919576980.svg" mode="s,e" name="workOrderIN" refid="67c4e5c8-d308-45e8-ad1f-dbd73f3b7307"/><qualifiedName humanName="Qualified Name" mode="e">0 - Production System Reference Architecture::5 - Architecture pkg::5.0 - Functional Architecture::5.0.0 - Get::Iteration4::GetGeneratedWireKitC::workOrderIN</qualifiedName><TO_DO humanName="To Do" mode="s,e"/><TYPE_MODIFIER humanName="Type Modifier"/><visibility humanName="Visibility">public</visibility><appearsIn><diagram classType="Diagram" humanType="Diagram" icon="ElectronicsAssemblyCaseStudy_files/icon_SysML Activity Diagram_1550211747.svg" name="GetGeneratedWireKitC" refid="5240382c-78ff-4fd1-96c6-3e1929682d02"/></appearsIn></activityparameternode></magicdraw>