<?xml version="1.0" encoding="UTF-8"?><magicdraw><slot classType="Slot" humanType="Slot" icon="ElectronicsAssemblyCaseStudy_files/icon_slot_283253595.svg" id="0a899402-80ff-43f2-a9e5-88df7bbf08d9"><definingFeature classType="Property" humanName="Defining Feature" humanType="Property" icon="ElectronicsAssemblyCaseStudy_files/icon_property_1222216476.svg" mode="s,e" name="Text" refid="276f8ce5-69de-4660-87a3-7a7b5d0e6546"/><documentation humanName="Documentation"/><ownedElement humanName="Owned Element"><literalstring classType="LiteralString" humanType="Literal String" icon="ElectronicsAssemblyCaseStudy_files/icon_literalstring_1903496650.svg" name="e.g. DOT, FHWA -- What regulations apply to safely transporting raw materials and components as well as finished products?" refid="9678b99e-dfc8-4c9c-bb15-f68d5a4c07b3" text="e.g. DOT, FHWA -- What regulations apply to safely transporting raw materials and components as well as finished products?"/></ownedElement><owner classType="InstanceSpecification" humanName="Owner" humanType="Instance Specification" icon="ElectronicsAssemblyCaseStudy_files/icon_instancespecification_13643661.svg" mode="s,e" name=" : 0 - Production System Reference Architecture::1 - Stakeholders pkg::1.3 - Stakeholder Concerns pkg::StakeholderConcern" refid="400eedde-2ee9-4527-baa1-ce29c5e5b3a4"/><owningInstance classType="InstanceSpecification" humanName="Owning Instance" humanType="Instance Specification" icon="ElectronicsAssemblyCaseStudy_files/icon_instancespecification_13643661.svg" name=" : 0 - Production System Reference Architecture::1 - Stakeholders pkg::1.3 - Stakeholder Concerns pkg::StakeholderConcern" refid="400eedde-2ee9-4527-baa1-ce29c5e5b3a4"/><TO_DO humanName="To Do" mode="s,e"/><value humanName="Value" mode="s,e"><literalstring classType="LiteralString" humanType="Literal String" icon="ElectronicsAssemblyCaseStudy_files/icon_literalstring_1903496650.svg" name="e.g. DOT, FHWA -- What regulations apply to safely transporting raw materials and components as well as finished products?" refid="9678b99e-dfc8-4c9c-bb15-f68d5a4c07b3" text="e.g. DOT, FHWA -- What regulations apply to safely transporting raw materials and components as well as finished products?"/></value></slot></magicdraw>