<?xml version="1.0" encoding="UTF-8"?><magicdraw><instancespecification classType="InstanceSpecification" humanType="Instance Specification" icon="ElectronicsAssemblyCaseStudy_files/icon_instancespecification_13643661.svg" id="0aad36df-2e7d-48ee-ad88-69ee41267e6d"><classifier humanName="Classifier" mode="s,e"><stereotype classType="Stereotype" humanType="Stereotype" icon="ElectronicsAssemblyCaseStudy_files/icon_stereotype_1181413890.svg" name="Block" refid="8e0fce90-9291-4dd4-b177-0d6e47dccd70"/></classifier><documentation humanName="Documentation"/><name humanName="Name" mode="s,e"/><owner classType="Class" humanName="Owner" humanType="Block" icon="ElectronicsAssemblyCaseStudy_files/icon_block_1181413890.svg" mode="s,e" name="ControlCardAssemblyModified+PB" refid="312838d3-e3e7-4153-9965-5dfda6f48800"/><qualifiedName humanName="Qualified Name" mode="e">2 - Product Specification::ControlCardAssemblyModified+PB::</qualifiedName><stereotypedElement classType="Class" humanName="Stereotyped Element" humanType="Block" icon="ElectronicsAssemblyCaseStudy_files/icon_block_1181413890.svg" name="ControlCardAssemblyModified+PB" refid="312838d3-e3e7-4153-9965-5dfda6f48800"/><TO_DO humanName="To Do" mode="s,e"/><visibility humanName="Visibility">public</visibility></instancespecification></magicdraw>