<?xml version="1.0" encoding="UTF-8"?><magicdraw><literalstring classType="LiteralString" humanType="Literal String" icon="ElectronicsAssemblyCaseStudy_files/icon_literalstring_1903496650.svg" id="0ad1d26f-d520-405e-a360-8805f20de16b"><documentation humanName="Documentation"/><name humanName="Name"/><owner classType="Slot" humanName="Owner" humanType="Slot" icon="ElectronicsAssemblyCaseStudy_files/icon_slot_283253595.svg" mode="e" refid="4638d103-4612-4b6c-83e2-9c5af7b8542a"/><owningSlot classType="Slot" humanName="Owning Slot" humanType="Slot" icon="ElectronicsAssemblyCaseStudy_files/icon_slot_283253595.svg" refid="4638d103-4612-4b6c-83e2-9c5af7b8542a"/><qualifiedName humanName="Qualified Name"/><text humanName="Text" mode="standard">QPROP:Element:TracedTo</text><TO_DO humanName="To Do"/><TYPE_MODIFIER humanName="Type Modifier"/><value humanName="Value" mode="s,e">QPROP:Element:TracedTo</value><visibility humanName="Visibility">public</visibility></literalstring></magicdraw>