<?xml version="1.0" encoding="UTF-8"?><magicdraw><literalinteger classType="LiteralInteger" humanType="Literal Integer" icon="ElectronicsAssemblyCaseStudy_files/icon_literalinteger_1747824475.svg" id="0adf9ea2-8152-4fa9-adcc-3b05be206121"><documentation humanName="Documentation"/><name humanName="Name"/><owner classType="InputPin" humanName="Owner" humanType="Input Pin" icon="ElectronicsAssemblyCaseStudy_files/icon_inputpin_562685863.svg" mode="e" name="partIN" refid="c0e76c1b-213f-492a-8e31-ab33dfc3f80b"/><owningLower classType="InputPin" humanName="Owning Lower" humanType="Input Pin" icon="ElectronicsAssemblyCaseStudy_files/icon_inputpin_562685863.svg" name="partIN" refid="c0e76c1b-213f-492a-8e31-ab33dfc3f80b"/><qualifiedName humanName="Qualified Name">0 - Production System Reference Architecture::5 - Architecture pkg::5.0 - Functional Architecture::5.0.1 - Make::Iteration1::MakeCoupler::LeakCheck::partIN::</qualifiedName><text humanName="Text" mode="standard">1</text><TO_DO humanName="To Do"/><TYPE_MODIFIER humanName="Type Modifier"/><value humanName="Value" mode="s,e">1</value><visibility humanName="Visibility">public</visibility></literalinteger></magicdraw>