<?xml version="1.0" encoding="UTF-8"?><magicdraw><instancespecification classType="InstanceSpecification" humanType="Instance Specification" icon="ElectronicsAssemblyCaseStudy_files/icon_instancespecification_13643661.svg" id="0b61e093-d127-41ee-b8ad-9ccff8fc97dd"><classifier humanName="Classifier" mode="s,e"><stereotype classType="Stereotype" humanType="Stereotype" icon="ElectronicsAssemblyCaseStudy_files/icon_stereotype_918307166.svg" name="StakeholderConcern" refid="0523df55-f46a-455d-93a5-4642a88f69b8"/></classifier><documentation humanName="Documentation"/><name humanName="Name" mode="s,e"/><ownedElement humanName="Owned Element"><slot classType="Slot" humanType="Slot" icon="ElectronicsAssemblyCaseStudy_files/icon_slot_283253595.svg" refid="05984e6d-05fc-41ec-aec5-3d8de80cfb12"/><slot classType="Slot" humanType="Slot" icon="ElectronicsAssemblyCaseStudy_files/icon_slot_283253595.svg" refid="f5d77ba0-2a06-4727-b3f2-f1012785df92"/><slot classType="Slot" humanType="Slot" icon="ElectronicsAssemblyCaseStudy_files/icon_slot_283253595.svg" refid="cc89dd09-7a27-4baa-a5d7-073052bd9b1d"/></ownedElement><owner classType="Class" humanName="Owner" humanType="StakeholderConcern" icon="ElectronicsAssemblyCaseStudy_files/icon_stakeholderconcern_1682619279.svg" mode="s,e" name="EnvironmentalConcerns" refid="2c571d48-5519-4d7e-8bfd-7c183f743daa"/><qualifiedName humanName="Qualified Name" mode="e">0 - Production System Reference Architecture::1 - Stakeholders pkg::1.3 - Stakeholder Concerns pkg::Regulation_Concerns::EnvironmentalConcerns::</qualifiedName><slot humanName="Slot"><slot classType="Slot" humanType="Slot" icon="ElectronicsAssemblyCaseStudy_files/icon_slot_283253595.svg" refid="05984e6d-05fc-41ec-aec5-3d8de80cfb12"/><slot classType="Slot" humanType="Slot" icon="ElectronicsAssemblyCaseStudy_files/icon_slot_283253595.svg" refid="f5d77ba0-2a06-4727-b3f2-f1012785df92"/><slot classType="Slot" humanType="Slot" icon="ElectronicsAssemblyCaseStudy_files/icon_slot_283253595.svg" refid="cc89dd09-7a27-4baa-a5d7-073052bd9b1d"/></slot><stereotypedElement classType="Class" humanName="Stereotyped Element" humanType="StakeholderConcern" icon="ElectronicsAssemblyCaseStudy_files/icon_stakeholderconcern_1682619279.svg" name="EnvironmentalConcerns" refid="2c571d48-5519-4d7e-8bfd-7c183f743daa"/><TO_DO humanName="To Do" mode="s,e"/><visibility humanName="Visibility">public</visibility></instancespecification></magicdraw>