<?xml version="1.0" encoding="UTF-8"?><magicdraw><slot classType="Slot" humanType="Slot" icon="ElectronicsAssemblyCaseStudy_files/icon_slot_283253595.svg" id="0b7f80ca-cc93-4ddb-a057-dbeae78a6510"><definingFeature classType="Property" humanName="Defining Feature" humanType="Property" icon="ElectronicsAssemblyCaseStudy_files/icon_property_1222216476.svg" mode="s,e" name="showFilter" refid="20ce6d1f-40ea-44af-be55-bfb828595334"/><documentation humanName="Documentation"/><ownedElement humanName="Owned Element"><literalboolean classType="LiteralBoolean" humanType="Literal Boolean" icon="ElectronicsAssemblyCaseStudy_files/icon_literalboolean_1153301927.svg" name="true" refid="1e7e4be6-097b-452b-bea9-96a813c68d53" text="true"/></ownedElement><owner classType="InstanceSpecification" humanName="Owner" humanType="Instance Specification" icon="ElectronicsAssemblyCaseStudy_files/icon_instancespecification_13643661.svg" mode="s,e" name=" : MD Customization for Requirements::additional_stereotypes::RequirementTable, UML Standard Profile::MagicDraw Profile::DiagramTable, UML Standard Profile::MagicDraw Profile::DiagramInfo" refid="d14c51f3-3d63-409c-8dba-70ef7b1485d6"/><owningInstance classType="InstanceSpecification" humanName="Owning Instance" humanType="Instance Specification" icon="ElectronicsAssemblyCaseStudy_files/icon_instancespecification_13643661.svg" name=" : MD Customization for Requirements::additional_stereotypes::RequirementTable, UML Standard Profile::MagicDraw Profile::DiagramTable, UML Standard Profile::MagicDraw Profile::DiagramInfo" refid="d14c51f3-3d63-409c-8dba-70ef7b1485d6"/><TO_DO humanName="To Do" mode="s,e"/><value humanName="Value" mode="s,e"><literalboolean classType="LiteralBoolean" humanType="Literal Boolean" icon="ElectronicsAssemblyCaseStudy_files/icon_literalboolean_1153301927.svg" name="true" refid="1e7e4be6-097b-452b-bea9-96a813c68d53" text="true"/></value></slot></magicdraw>