<?xml version="1.0" encoding="UTF-8"?><magicdraw><literalunlimitednatural classType="LiteralUnlimitedNatural" humanType="Literal Unlimited Natural" icon="ElectronicsAssemblyCaseStudy_files/icon_literalunlimitednatural_1702058771.svg" id="0b849e30-e63d-4fbe-a78e-9be7f621b32f"><documentation humanName="Documentation"/><name humanName="Name"/><owner classType="Parameter" humanName="Owner" humanType="Parameter" icon="ElectronicsAssemblyCaseStudy_files/icon_parameter_1919576980.svg" mode="e" name="partOUT" refid="6a3dc9ec-38a2-40fd-89ce-4a686746432d"/><owningUpper classType="Parameter" humanName="Owning Upper" humanType="Parameter" icon="ElectronicsAssemblyCaseStudy_files/icon_parameter_1919576980.svg" name="partOUT" refid="6a3dc9ec-38a2-40fd-89ce-4a686746432d"/><qualifiedName humanName="Qualified Name">0 - Production System Reference Architecture::5 - Architecture pkg::5.0 - Functional Architecture::5.0.1 - Make::CoreSpecializations::WireCutStrip::partOUT::</qualifiedName><text humanName="Text" mode="standard">1</text><TO_DO humanName="To Do"/><TYPE_MODIFIER humanName="Type Modifier"/><value humanName="Value" mode="s,e">1</value><visibility humanName="Visibility">public</visibility></literalunlimitednatural></magicdraw>