<?xml version="1.0" encoding="UTF-8"?><magicdraw><association classType="Association" humanType="Association" icon="ElectronicsAssemblyCaseStudy_files/icon_association_1818389811.svg" id="0c5e5392-0271-4c11-9039-2bcd3a9aeb89"><documentation humanName="Documentation"/><endType humanName="End Type"><block classType="Class" humanType="Block" icon="ElectronicsAssemblyCaseStudy_files/icon_block_1181413890.svg" name="SensorCard" refid="a0f3f7ca-dc4c-459e-811a-ad3baac1e8d9"/><block classType="Class" humanType="Block" icon="ElectronicsAssemblyCaseStudy_files/icon_block_1181413890.svg" name="SensorCard+PR" refid="d436a940-c76e-43b2-8dc6-898601d583d8"/></endType><feature humanName="Feature"><property classType="Property" humanType="Property" icon="ElectronicsAssemblyCaseStudy_files/icon_property_1222216476.svg" name=" : 2 - Product Specification::SensorCard" refid="283715d2-cedf-43bc-98e7-f4c4df2b3d65"/></feature><isAbstract humanName="Is Abstract">false</isAbstract><isDerived humanName="Is Derived">false</isDerived><isFinalSpecialization humanName="Is Final Specialization">false</isFinalSpecialization><isLeaf humanName="Is Leaf">false</isLeaf><member humanName="Member"><property classType="Property" humanType="Property" icon="ElectronicsAssemblyCaseStudy_files/icon_property_1222216476.svg" name=" : 2 - Product Specification::SensorCard" refid="283715d2-cedf-43bc-98e7-f4c4df2b3d65"/><partproperty classType="Property" humanType="Part Property" icon="ElectronicsAssemblyCaseStudy_files/icon_partproperty_121885089.svg" name="SensorCard+PR" refid="e0ce9ea5-dc81-43be-b3f2-9192d0ad7d94"/></member><memberEnd humanName="Member End"><property classType="Property" humanType="Property" icon="ElectronicsAssemblyCaseStudy_files/icon_property_1222216476.svg" name=" : 2 - Product Specification::SensorCard" refid="283715d2-cedf-43bc-98e7-f4c4df2b3d65"/><partproperty classType="Property" humanType="Part Property" icon="ElectronicsAssemblyCaseStudy_files/icon_partproperty_121885089.svg" name="SensorCard+PR" refid="e0ce9ea5-dc81-43be-b3f2-9192d0ad7d94"/></memberEnd><name humanName="Name" mode="s,e"/><namespace classType="Package" humanName="Namespace" humanType="Package" icon="ElectronicsAssemblyCaseStudy_files/icon_package_1622863652.svg" name="2 - Product Specification" refid="c60c79a5-b7f7-4c37-a0e9-ddc356a54655"/><ownedElement humanName="Owned Element"><property classType="Property" humanType="Property" icon="ElectronicsAssemblyCaseStudy_files/icon_property_1222216476.svg" name=" : 2 - Product Specification::SensorCard" refid="283715d2-cedf-43bc-98e7-f4c4df2b3d65"/></ownedElement><ownedEnd humanName="Owned End"><property classType="Property" humanType="Property" icon="ElectronicsAssemblyCaseStudy_files/icon_property_1222216476.svg" name=" : 2 - Product Specification::SensorCard" refid="283715d2-cedf-43bc-98e7-f4c4df2b3d65"/></ownedEnd><ownedMember humanName="Owned Member"><property classType="Property" humanType="Property" icon="ElectronicsAssemblyCaseStudy_files/icon_property_1222216476.svg" name=" : 2 - Product Specification::SensorCard" refid="283715d2-cedf-43bc-98e7-f4c4df2b3d65"/></ownedMember><owner classType="Package" humanName="Owner" humanType="Package" icon="ElectronicsAssemblyCaseStudy_files/icon_package_1622863652.svg" mode="s,e" name="2 - Product Specification" refid="c60c79a5-b7f7-4c37-a0e9-ddc356a54655"/><owningPackage classType="Package" humanName="Owning Package" humanType="Package" icon="ElectronicsAssemblyCaseStudy_files/icon_package_1622863652.svg" name="2 - Product Specification" refid="c60c79a5-b7f7-4c37-a0e9-ddc356a54655"/><package classType="Package" humanName="Package" humanType="Package" icon="ElectronicsAssemblyCaseStudy_files/icon_package_1622863652.svg" name="2 - Product Specification" refid="c60c79a5-b7f7-4c37-a0e9-ddc356a54655"/><qualifiedName humanName="Qualified Name" mode="e">2 - Product Specification::</qualifiedName><relatedElement humanName="Related Element"><block classType="Class" humanType="Block" icon="ElectronicsAssemblyCaseStudy_files/icon_block_1181413890.svg" name="SensorCard" refid="a0f3f7ca-dc4c-459e-811a-ad3baac1e8d9"/><block classType="Class" humanType="Block" icon="ElectronicsAssemblyCaseStudy_files/icon_block_1181413890.svg" name="SensorCard+PR" refid="d436a940-c76e-43b2-8dc6-898601d583d8"/></relatedElement><TO_DO humanName="To Do"/><visibility humanName="Visibility" mode="s,e">public</visibility><appearsIn><diagram classType="Diagram" humanType="Diagram" icon="ElectronicsAssemblyCaseStudy_files/icon_SysML Block Definition Diagram_596372014.svg" name="BDD_PartMBOM" refid="64291a04-b654-4d6a-9316-88a4b77e74ef"/></appearsIn></association></magicdraw>