<?xml version="1.0" encoding="UTF-8"?><magicdraw><association classType="Association" humanType="Association" icon="ElectronicsAssemblyCaseStudy_files/icon_association_1818389811.svg" id="0c8a432c-675a-46d6-aa0a-a3700626d4b2"><documentation humanName="Documentation"/><endType humanName="End Type"><block classType="Class" humanType="Block" icon="ElectronicsAssemblyCaseStudy_files/icon_block_1181413890.svg" name="CableAssembly3" refid="7902fa7d-188a-4012-8005-100d62882a8c"/><block classType="Class" humanType="Block" icon="ElectronicsAssemblyCaseStudy_files/icon_block_1181413890.svg" name="Coupler" refid="5e65e277-2f1c-47dd-ae0e-6b0b3b356cca"/></endType><feature humanName="Feature"><property classType="Property" humanType="Property" icon="ElectronicsAssemblyCaseStudy_files/icon_property_1222216476.svg" name=" : 2 - Product Specification::Coupler" refid="abb170a4-2f43-4580-a9dd-5da19a846ef5"/></feature><isAbstract humanName="Is Abstract">false</isAbstract><isDerived humanName="Is Derived">false</isDerived><isFinalSpecialization humanName="Is Final Specialization">false</isFinalSpecialization><isLeaf humanName="Is Leaf">false</isLeaf><member humanName="Member"><property classType="Property" humanType="Property" icon="ElectronicsAssemblyCaseStudy_files/icon_property_1222216476.svg" name=" : 2 - Product Specification::Coupler" refid="abb170a4-2f43-4580-a9dd-5da19a846ef5"/><partproperty classType="Property" humanType="Part Property" icon="ElectronicsAssemblyCaseStudy_files/icon_partproperty_121885089.svg" name="CableAssembly3" refid="2a943c9c-1715-4bee-991b-fd54eaac57a3"/></member><memberEnd humanName="Member End"><property classType="Property" humanType="Property" icon="ElectronicsAssemblyCaseStudy_files/icon_property_1222216476.svg" name=" : 2 - Product Specification::Coupler" refid="abb170a4-2f43-4580-a9dd-5da19a846ef5"/><partproperty classType="Property" humanType="Part Property" icon="ElectronicsAssemblyCaseStudy_files/icon_partproperty_121885089.svg" name="CableAssembly3" refid="2a943c9c-1715-4bee-991b-fd54eaac57a3"/></memberEnd><name humanName="Name" mode="s,e"/><namespace classType="Package" humanName="Namespace" humanType="Package" icon="ElectronicsAssemblyCaseStudy_files/icon_package_1622863652.svg" name="2 - Product Specification" refid="c60c79a5-b7f7-4c37-a0e9-ddc356a54655"/><ownedElement humanName="Owned Element"><property classType="Property" humanType="Property" icon="ElectronicsAssemblyCaseStudy_files/icon_property_1222216476.svg" name=" : 2 - Product Specification::Coupler" refid="abb170a4-2f43-4580-a9dd-5da19a846ef5"/></ownedElement><ownedEnd humanName="Owned End"><property classType="Property" humanType="Property" icon="ElectronicsAssemblyCaseStudy_files/icon_property_1222216476.svg" name=" : 2 - Product Specification::Coupler" refid="abb170a4-2f43-4580-a9dd-5da19a846ef5"/></ownedEnd><ownedMember humanName="Owned Member"><property classType="Property" humanType="Property" icon="ElectronicsAssemblyCaseStudy_files/icon_property_1222216476.svg" name=" : 2 - Product Specification::Coupler" refid="abb170a4-2f43-4580-a9dd-5da19a846ef5"/></ownedMember><owner classType="Package" humanName="Owner" humanType="Package" icon="ElectronicsAssemblyCaseStudy_files/icon_package_1622863652.svg" mode="s,e" name="2 - Product Specification" refid="c60c79a5-b7f7-4c37-a0e9-ddc356a54655"/><owningPackage classType="Package" humanName="Owning Package" humanType="Package" icon="ElectronicsAssemblyCaseStudy_files/icon_package_1622863652.svg" name="2 - Product Specification" refid="c60c79a5-b7f7-4c37-a0e9-ddc356a54655"/><package classType="Package" humanName="Package" humanType="Package" icon="ElectronicsAssemblyCaseStudy_files/icon_package_1622863652.svg" name="2 - Product Specification" refid="c60c79a5-b7f7-4c37-a0e9-ddc356a54655"/><qualifiedName humanName="Qualified Name" mode="e">2 - Product Specification::</qualifiedName><relatedElement humanName="Related Element"><block classType="Class" humanType="Block" icon="ElectronicsAssemblyCaseStudy_files/icon_block_1181413890.svg" name="CableAssembly3" refid="7902fa7d-188a-4012-8005-100d62882a8c"/><block classType="Class" humanType="Block" icon="ElectronicsAssemblyCaseStudy_files/icon_block_1181413890.svg" name="Coupler" refid="5e65e277-2f1c-47dd-ae0e-6b0b3b356cca"/></relatedElement><TO_DO humanName="To Do"/><visibility humanName="Visibility" mode="s,e">public</visibility><appearsIn><diagram classType="Diagram" humanType="Diagram" icon="ElectronicsAssemblyCaseStudy_files/icon_SysML Block Definition Diagram_596372014.svg" name="BDD_PartMBOM" refid="64291a04-b654-4d6a-9316-88a4b77e74ef"/><diagram classType="Diagram" humanType="Diagram" icon="ElectronicsAssemblyCaseStudy_files/icon_SysML Block Definition Diagram_596372014.svg" name="BDD_PartAbFam1" refid="3e8c1dbf-1e42-4868-ba3e-81690c440c36"/><diagram classType="Diagram" humanType="Diagram" icon="ElectronicsAssemblyCaseStudy_files/icon_SysML Block Definition Diagram_596372014.svg" name="BDD_PartConnectModelLibrary" refid="e2e894aa-64a9-4c5e-80ea-c3b92692153d"/><diagram classType="Diagram" humanType="Diagram" icon="ElectronicsAssemblyCaseStudy_files/icon_SysML Block Definition Diagram_596372014.svg" name="BDD_PartAbFam3" refid="ce239b95-bb2b-4f96-a06d-6f603a2ffefb"/><diagram classType="Diagram" humanType="Diagram" icon="ElectronicsAssemblyCaseStudy_files/icon_SysML Block Definition Diagram_596372014.svg" name="BDD_PartEBOM" refid="792fa2e3-4c97-482a-94e9-f699cbdba639"/></appearsIn></association></magicdraw>