<?xml version="1.0" encoding="UTF-8"?><magicdraw><controlflow classType="ControlFlow" humanType="Control Flow" icon="ElectronicsAssemblyCaseStudy_files/icon_controlflow_1765690649.svg" id="0cc3be4c-ec31-406e-b250-2076bc66ac91"><activity classType="Activity" humanName="Activity" humanType="Activity" icon="ElectronicsAssemblyCaseStudy_files/icon_activity_1076127169.svg" name="MakeSensorCard+PBA" refid="a9111117-57b5-488f-97e7-1b748d62c704"/><documentation humanName="Documentation"/><isLeaf humanName="Is Leaf">false</isLeaf><name humanName="Name" mode="s,e"/><ownedElement humanName="Owned Element"><literalunlimitednatural classType="LiteralUnlimitedNatural" humanType="Literal Unlimited Natural" icon="ElectronicsAssemblyCaseStudy_files/icon_literalunlimitednatural_1702058771.svg" name="1" refid="f2baee5e-61aa-4852-8467-3fed63c51df7" text="1"/></ownedElement><owner classType="Activity" humanName="Owner" humanType="Activity" icon="ElectronicsAssemblyCaseStudy_files/icon_activity_1076127169.svg" mode="s,e" name="MakeSensorCard+PBA" refid="a9111117-57b5-488f-97e7-1b748d62c704"/><qualifiedName humanName="Qualified Name" mode="e">0 - Production System Reference Architecture::5 - Architecture pkg::5.0 - Functional Architecture::5.0.1 - Make::Iteration3::MakeSensorCard+PBA::</qualifiedName><source classType="CallBehaviorAction" humanName="Source" humanType="Call Behavior Action" icon="ElectronicsAssemblyCaseStudy_files/icon_callbehavioraction_66845334.svg" mode="s,e" name="Inputs" refid="93f7ee0e-e981-4798-8a55-e3810a8218b4"/><target classType="CallBehaviorAction" humanName="Target" humanType="Call Behavior Action" icon="ElectronicsAssemblyCaseStudy_files/icon_callbehavioraction_66845334.svg" mode="s,e" name="Kitting" refid="18b67ce7-331b-4301-ae58-feb52ff8e0b5"/><TO_DO humanName="To Do" mode="s,e"/><visibility humanName="Visibility">public</visibility><weight classType="LiteralUnlimitedNatural" humanName="Weight" humanType="Literal Unlimited Natural" icon="ElectronicsAssemblyCaseStudy_files/icon_literalunlimitednatural_1702058771.svg" mode="e" name="1" refid="f2baee5e-61aa-4852-8467-3fed63c51df7" text="1"/><appearsIn><diagram classType="Diagram" humanType="Diagram" icon="ElectronicsAssemblyCaseStudy_files/icon_SysML Activity Diagram_1550211747.svg" name="MakeSensorCard+PBA" refid="f4621b3b-7b68-4104-ac9e-f922f24cc7a8"/></appearsIn></controlflow></magicdraw>