<?xml version="1.0" encoding="UTF-8"?><magicdraw><generalization classType="Generalization" humanType="Generalization" icon="ElectronicsAssemblyCaseStudy_files/icon_generalization_1702478809.svg" id="0cfabee2-b1e5-4faf-a4c5-8d6b69f4bb7f"><documentation humanName="Documentation"/><general classType="Activity" humanName="General" humanType="Activity" icon="ElectronicsAssemblyCaseStudy_files/icon_activity_1076127169.svg" mode="s,e" name="Manual" refid="c7af1f18-dc29-41e3-ad8d-834502ebfb08"/><isSubstitutable humanName="Is Substitutable">true</isSubstitutable><owner classType="Activity" humanName="Owner" humanType="Activity" icon="ElectronicsAssemblyCaseStudy_files/icon_activity_1076127169.svg" mode="s,e" name="TouchUp" refid="710d1fbd-f116-4f9a-ba4e-1ae74345dbe8"/><relatedElement humanName="Related Element"><activity classType="Activity" humanType="Activity" icon="ElectronicsAssemblyCaseStudy_files/icon_activity_1076127169.svg" name="Manual" refid="c7af1f18-dc29-41e3-ad8d-834502ebfb08"/><activity classType="Activity" humanType="Activity" icon="ElectronicsAssemblyCaseStudy_files/icon_activity_1076127169.svg" name="TouchUp" refid="710d1fbd-f116-4f9a-ba4e-1ae74345dbe8"/></relatedElement><source humanName="Source"><activity classType="Activity" humanType="Activity" icon="ElectronicsAssemblyCaseStudy_files/icon_activity_1076127169.svg" name="TouchUp" refid="710d1fbd-f116-4f9a-ba4e-1ae74345dbe8"/></source><specific classType="Activity" humanName="Specific" humanType="Activity" icon="ElectronicsAssemblyCaseStudy_files/icon_activity_1076127169.svg" mode="s,e" name="TouchUp" refid="710d1fbd-f116-4f9a-ba4e-1ae74345dbe8"/><target humanName="Target"><activity classType="Activity" humanType="Activity" icon="ElectronicsAssemblyCaseStudy_files/icon_activity_1076127169.svg" name="Manual" refid="c7af1f18-dc29-41e3-ad8d-834502ebfb08"/></target><TO_DO humanName="To Do" mode="s,e"/><appearsIn><diagram classType="Diagram" humanType="Diagram" icon="ElectronicsAssemblyCaseStudy_files/icon_SysML Block Definition Diagram_596372014.svg" name="BDD_CoreProcessTaxonomy" refid="75305b3d-35df-4acf-afbd-8d7137804b25"/></appearsIn></generalization></magicdraw>