<?xml version="1.0" encoding="UTF-8"?><magicdraw><callbehavioraction classType="CallBehaviorAction" humanType="Call Behavior Action" icon="ElectronicsAssemblyCaseStudy_files/icon_callbehavioraction_66845334.svg" id="0d557ea3-54bf-4347-b350-f9a07ceeaa3e"><activity classType="Activity" humanName="Activity" humanType="Activity" icon="ElectronicsAssemblyCaseStudy_files/icon_activity_1076127169.svg" name="GetSensorCard+PBA" refid="5a83e2a3-39da-496b-b52c-b9fbbdde90e3"/><argument humanName="Argument"><inputpin classType="InputPin" humanType="Input Pin" icon="ElectronicsAssemblyCaseStudy_files/icon_inputpin_562685863.svg" name="workOrderIN" refid="98d62fff-fa0c-44c9-b8ff-fce79d5797ec"/></argument><behavior classType="Activity" humanName="Behavior" humanType="Activity" icon="ElectronicsAssemblyCaseStudy_files/icon_activity_1076127169.svg" mode="s,e" name="MakeSensorCard+PBA" refid="a9111117-57b5-488f-97e7-1b748d62c704"/><documentation humanName="Documentation"/><input humanName="Input"><inputpin classType="InputPin" humanType="Input Pin" icon="ElectronicsAssemblyCaseStudy_files/icon_inputpin_562685863.svg" name="workOrderIN" refid="98d62fff-fa0c-44c9-b8ff-fce79d5797ec"/></input><isLeaf humanName="Is Leaf">false</isLeaf><isLocallyReentrant humanName="Is Locally Reentrant ">false</isLocallyReentrant><isSynchronous humanName="Is Synchronous" mode="e">true</isSynchronous><name humanName="Name" mode="s,e">SensorCard_PBA</name><output humanName="Output"><outputpin classType="OutputPin" humanType="Output Pin" icon="ElectronicsAssemblyCaseStudy_files/icon_outputpin_168870325.svg" name="partOUT" refid="7a82cada-c06b-4fdf-9bd3-683b8f00c7e0"/></output><ownedElement humanName="Owned Element"><outputpin classType="OutputPin" humanType="Output Pin" icon="ElectronicsAssemblyCaseStudy_files/icon_outputpin_168870325.svg" name="partOUT" refid="7a82cada-c06b-4fdf-9bd3-683b8f00c7e0"/><inputpin classType="InputPin" humanType="Input Pin" icon="ElectronicsAssemblyCaseStudy_files/icon_inputpin_562685863.svg" name="workOrderIN" refid="98d62fff-fa0c-44c9-b8ff-fce79d5797ec"/></ownedElement><owner classType="Activity" humanName="Owner" humanType="Activity" icon="ElectronicsAssemblyCaseStudy_files/icon_activity_1076127169.svg" mode="s,e" name="GetSensorCard+PBA" refid="5a83e2a3-39da-496b-b52c-b9fbbdde90e3"/><qualifiedName humanName="Qualified Name" mode="e">0 - Production System Reference Architecture::5 - Architecture pkg::5.0 - Functional Architecture::5.0.0 - Get::Iteration3::GetSensorCard+PBA::SensorCard_PBA</qualifiedName><result humanName="Result"><outputpin classType="OutputPin" humanType="Output Pin" icon="ElectronicsAssemblyCaseStudy_files/icon_outputpin_168870325.svg" name="partOUT" refid="7a82cada-c06b-4fdf-9bd3-683b8f00c7e0"/></result><TO_DO humanName="To Do" mode="s,e"/><visibility humanName="Visibility">public</visibility><appearsIn><diagram classType="Diagram" humanType="Diagram" icon="ElectronicsAssemblyCaseStudy_files/icon_SysML Activity Diagram_1550211747.svg" name="GetSensorCard+PBA" refid="0da47c04-6d7b-4119-9f3f-68e1c32476ac"/></appearsIn></callbehavioraction></magicdraw>