<?xml version="1.0" encoding="UTF-8"?><magicdraw><slot classType="Slot" humanType="Slot" icon="ElectronicsAssemblyCaseStudy_files/icon_slot_283253595.svg" id="0d584226-1df4-4815-91f0-1073b63bf02e"><definingFeature classType="Property" humanName="Defining Feature" humanType="Property" icon="ElectronicsAssemblyCaseStudy_files/icon_property_1222216476.svg" mode="s,e" name="showColumnIcons" refid="feae84f5-82cd-479f-96e6-5a3b56de67c8"/><documentation humanName="Documentation"/><ownedElement humanName="Owned Element"><literalboolean classType="LiteralBoolean" humanType="Literal Boolean" icon="ElectronicsAssemblyCaseStudy_files/icon_literalboolean_1153301927.svg" name="true" refid="cf1b0e61-c824-46cf-92c1-2e3d73e51ed7" text="true"/></ownedElement><owner classType="InstanceSpecification" humanName="Owner" humanType="Instance Specification" icon="ElectronicsAssemblyCaseStudy_files/icon_instancespecification_13643661.svg" mode="s,e" name=" : MD Customization for Requirements::additional_stereotypes::RequirementTable, UML Standard Profile::MagicDraw Profile::DiagramTable, UML Standard Profile::MagicDraw Profile::DiagramInfo" refid="1158ad66-45c4-45d9-8d30-e6a60aa85ea4"/><owningInstance classType="InstanceSpecification" humanName="Owning Instance" humanType="Instance Specification" icon="ElectronicsAssemblyCaseStudy_files/icon_instancespecification_13643661.svg" name=" : MD Customization for Requirements::additional_stereotypes::RequirementTable, UML Standard Profile::MagicDraw Profile::DiagramTable, UML Standard Profile::MagicDraw Profile::DiagramInfo" refid="1158ad66-45c4-45d9-8d30-e6a60aa85ea4"/><TO_DO humanName="To Do" mode="s,e"/><value humanName="Value" mode="s,e"><literalboolean classType="LiteralBoolean" humanType="Literal Boolean" icon="ElectronicsAssemblyCaseStudy_files/icon_literalboolean_1153301927.svg" name="true" refid="cf1b0e61-c824-46cf-92c1-2e3d73e51ed7" text="true"/></value></slot></magicdraw>