<?xml version="1.0" encoding="UTF-8"?><magicdraw><instancespecification classType="InstanceSpecification" humanType="Instance Specification" icon="ElectronicsAssemblyCaseStudy_files/icon_instancespecification_13643661.svg" id="0d9da9e8-2e26-456a-8297-abd74b882290"><classifier humanName="Classifier" mode="s,e"><stereotype classType="Stereotype" humanType="Stereotype" icon="ElectronicsAssemblyCaseStudy_files/icon_stereotype_121885089.svg" name="PartProperty" refid="5ec63198-65df-49a1-8147-038baa884a49"/></classifier><documentation humanName="Documentation"/><name humanName="Name" mode="s,e"/><owner classType="Property" humanName="Owner" humanType="Part Property" icon="ElectronicsAssemblyCaseStudy_files/icon_partproperty_121885089.svg" mode="s,e" name="MicrocircuitModified" refid="41aceaed-d05a-456d-8d0b-d1e7bc6319b2"/><qualifiedName humanName="Qualified Name" mode="e">2 - Product Specification::ControlCard::MicrocircuitModified::</qualifiedName><stereotypedElement classType="Property" humanName="Stereotyped Element" humanType="Part Property" icon="ElectronicsAssemblyCaseStudy_files/icon_partproperty_121885089.svg" name="MicrocircuitModified" refid="41aceaed-d05a-456d-8d0b-d1e7bc6319b2"/><TO_DO humanName="To Do" mode="s,e"/><visibility humanName="Visibility">public</visibility></instancespecification></magicdraw>