<?xml version="1.0" encoding="UTF-8"?><magicdraw><diagram classType="Diagram" diagramType="SysML Activity Diagram" height="143" humanType="Diagram" icon="ElectronicsAssemblyCaseStudy_files/icon_SysML Activity Diagram_1550211747.svg" id="0da47c04-6d7b-4119-9f3f-68e1c32476ac" src="ElectronicsAssemblyCaseStudy_files/0da47c04-6d7b-4119-9f3f-68e1c32476ac.svg" width="860"><APPLIED_STEREOTYPES humanName="Applied Stereotype" mode="s,e"><stereotype classType="Stereotype" humanType="Stereotype" icon="ElectronicsAssemblyCaseStudy_files/icon_stereotype_918307166.svg" name="DiagramInfo" refid="ace076d1-a486-4673-a2cc-4978d8b7f5a1"/></APPLIED_STEREOTYPES><appliedStereotype humanName="Applied Stereotype" mode="s,e"><stereotype classType="Stereotype" humanType="Stereotype" icon="ElectronicsAssemblyCaseStudy_files/icon_stereotype_918307166.svg" name="DiagramInfo" refid="ace076d1-a486-4673-a2cc-4978d8b7f5a1"><property classType="Property" humanName="Author" humanType="Property" icon="ElectronicsAssemblyCaseStudy_files/icon_property_1222216476.svg" name="Author" refid="9aa461fb-7317-4f16-ac4e-61634f883029"><String>gthiers</String></property><property classType="Property" humanName="Base_ Diagram" humanType="Property" icon="ElectronicsAssemblyCaseStudy_files/icon_property_1222216476.svg" name="base_Diagram" refid="9d1a7e77-182b-4732-bdc6-7dfa6660aaf8"/><property classType="Property" humanName="Base_ Element" humanType="Property" icon="ElectronicsAssemblyCaseStudy_files/icon_property_1222216476.svg" name="base_Element" refid="e842a895-4bd7-40d8-8c74-d7765cbd399c"/><property classType="Property" humanName="Creation Date" humanType="Property" icon="ElectronicsAssemblyCaseStudy_files/icon_property_1222216476.svg" name="Creation date" refid="d64585ee-fa79-48fd-b878-a451791c8ed4"><String>5/15/20 1:08 AM</String></property><property classType="Property" humanName="Last modified by" humanType="Property" icon="ElectronicsAssemblyCaseStudy_files/icon_property_1222216476.svg" name="Last modified by" refid="9ee9da34-aabb-4ba6-8d14-a92b0776d9a9"/><property classType="Property" humanName="Modification Date" humanType="Property" icon="ElectronicsAssemblyCaseStudy_files/icon_property_1222216476.svg" name="Modification date" refid="eb997445-7ef5-44cc-8ecf-52c04d5a3c1b"/></stereotype></appliedStereotype><appliedStereotypeInstance classType="InstanceSpecification" humanName="Applied Stereotype Instance" humanType="Instance Specification" icon="ElectronicsAssemblyCaseStudy_files/icon_instancespecification_13643661.svg" name=" : UML Standard Profile::MagicDraw Profile::DiagramInfo" refid="f9eeafdf-da45-4228-83f8-7f3568dd0bc3"/><context classType="Activity" humanName="Context" humanType="Activity" icon="ElectronicsAssemblyCaseStudy_files/icon_activity_1076127169.svg" mode="s,e" name="GetSensorCard+PBA" refid="5a83e2a3-39da-496b-b52c-b9fbbdde90e3"/><documentation humanName="Documentation"/><map><area isNotContentShape="false" name="Output Pin partOUT" refid="7a82cada-c06b-4fdf-9bd3-683b8f00c7e0" shape="rect" type="0"><point x="2332" y="372"/><point x="2384" y="372"/><point x="2384" y="424"/><point x="2332" y="424"/></area><area isNotContentShape="false" name="Input Pin workOrderIN" refid="98d62fff-fa0c-44c9-b8ff-fce79d5797ec" shape="rect" type="0"><point x="1724" y="372"/><point x="1776" y="372"/><point x="1776" y="424"/><point x="1724" y="424"/></area><area isNotContentShape="false" name="Call Behavior Action SensorCard_PBA" refid="0d557ea3-54bf-4347-b350-f9a07ceeaa3e" shape="rect" type="0"><point x="1772" y="280"/><point x="2336" y="280"/><point x="2336" y="476"/><point x="1772" y="476"/></area><area isNotContentShape="false" name="Activity Parameter Node partOUT" refid="aaf8348b-a34e-4653-a520-ff8c23bcbbd2" shape="rect" type="0"><point x="2696" y="196"/><point x="3424" y="196"/><point x="3424" y="288"/><point x="2696" y="288"/></area><area isNotContentShape="false" name="Activity Parameter Node workOrderIN" refid="a48d9499-f79b-4d3b-8f4c-bc5e353de80f" shape="rect" type="0"><point x="20" y="140"/><point x="1168" y="140"/><point x="1168" y="232"/><point x="20" y="232"/></area></map><name humanName="Name" mode="s,e">GetSensorCard+PBA</name><namespace classType="Activity" humanName="Namespace" humanType="Activity" icon="ElectronicsAssemblyCaseStudy_files/icon_activity_1076127169.svg" name="GetSensorCard+PBA" refid="5a83e2a3-39da-496b-b52c-b9fbbdde90e3"/><ownedElement humanName="Owned Element"><instancespecification classType="InstanceSpecification" humanType="Instance Specification" icon="ElectronicsAssemblyCaseStudy_files/icon_instancespecification_13643661.svg" name=" : UML Standard Profile::MagicDraw Profile::DiagramInfo" refid="f9eeafdf-da45-4228-83f8-7f3568dd0bc3"/></ownedElement><owner classType="Activity" humanName="Owner" humanType="Activity" icon="ElectronicsAssemblyCaseStudy_files/icon_activity_1076127169.svg" mode="s,e" name="GetSensorCard+PBA" refid="5a83e2a3-39da-496b-b52c-b9fbbdde90e3"/><ownerOfDiagram classType="Activity" humanName="Owner Of Diagram" humanType="Activity" icon="ElectronicsAssemblyCaseStudy_files/icon_activity_1076127169.svg" name="GetSensorCard+PBA" refid="5a83e2a3-39da-496b-b52c-b9fbbdde90e3"/><qualifiedName humanName="Qualified Name" mode="e">0 - Production System Reference Architecture::5 - Architecture pkg::5.0 - Functional Architecture::5.0.0 - Get::Iteration3::GetSensorCard+PBA::GetSensorCard+PBA</qualifiedName><TO_DO humanName="To Do" mode="s,e"/><DIAGRAM_TYPE_DERIVED_PROPERTY humanName="Type">SysML Activity Diagram</DIAGRAM_TYPE_DERIVED_PROPERTY><visibility humanName="Visibility">public</visibility></diagram></magicdraw>