<?xml version="1.0" encoding="UTF-8"?><magicdraw><generalization classType="Generalization" humanType="Generalization" icon="ElectronicsAssemblyCaseStudy_files/icon_generalization_1702478809.svg" id="0df9194d-0fd7-4cc8-a8ad-f54c32dc9671"><documentation humanName="Documentation"/><general classType="Class" humanName="General" humanType="Block" icon="ElectronicsAssemblyCaseStudy_files/icon_block_1181413890.svg" mode="s,e" name="Part" refid="c516c8a0-bcdd-4c9b-ae10-51922a11b225"/><isSubstitutable humanName="Is Substitutable">true</isSubstitutable><owner classType="Class" humanName="Owner" humanType="Block" icon="ElectronicsAssemblyCaseStudy_files/icon_block_1181413890.svg" mode="s,e" name="ElectronicAssembly" refid="8938c79b-8f50-4696-b470-dd7476821c1a"/><relatedElement humanName="Related Element"><block classType="Class" humanType="Block" icon="ElectronicsAssemblyCaseStudy_files/icon_block_1181413890.svg" name="ElectronicAssembly" refid="8938c79b-8f50-4696-b470-dd7476821c1a"/><block classType="Class" humanType="Block" icon="ElectronicsAssemblyCaseStudy_files/icon_block_1181413890.svg" name="Part" refid="c516c8a0-bcdd-4c9b-ae10-51922a11b225"/></relatedElement><source humanName="Source"><block classType="Class" humanType="Block" icon="ElectronicsAssemblyCaseStudy_files/icon_block_1181413890.svg" name="ElectronicAssembly" refid="8938c79b-8f50-4696-b470-dd7476821c1a"/></source><specific classType="Class" humanName="Specific" humanType="Block" icon="ElectronicsAssemblyCaseStudy_files/icon_block_1181413890.svg" mode="s,e" name="ElectronicAssembly" refid="8938c79b-8f50-4696-b470-dd7476821c1a"/><target humanName="Target"><block classType="Class" humanType="Block" icon="ElectronicsAssemblyCaseStudy_files/icon_block_1181413890.svg" name="Part" refid="c516c8a0-bcdd-4c9b-ae10-51922a11b225"/></target><TO_DO humanName="To Do" mode="s,e"/></generalization></magicdraw>