<?xml version="1.0" encoding="UTF-8"?><magicdraw><property classType="Property" humanType="Property" icon="ElectronicsAssemblyCaseStudy_files/icon_property_1222216476.svg" id="0e14d247-cc2f-46e5-bbf3-d663f187d937"><aggregation humanName="Aggregation" mode="s,e">none</aggregation><association classType="Extension" humanName="Association" humanType="Extension" icon="ElectronicsAssemblyCaseStudy_files/icon_extension_161954075.svg" isRelationship="true" name="Extension[extension_BusinessObjective:0 - Production System Reference Architecture::1 - Stakeholders pkg::1.1 - Business Function pkg::1.1.2 Needs &amp; Objectives pkg::BusinessObjective - base_Class:UML Standard Profile::UML2 Metamodel::Class]" refid="6373110c-e070-4567-a47a-a63f125be1cc"/><UMLClass classType="Stereotype" humanName="Class" humanType="Stereotype" icon="ElectronicsAssemblyCaseStudy_files/icon_stereotype_918307166.svg" name="BusinessObjective" refid="5a84eeb1-48d5-4af4-9501-7af9640ecbca"/><classifier classType="Stereotype" humanName="Classifier" humanType="Stereotype" icon="ElectronicsAssemblyCaseStudy_files/icon_stereotype_918307166.svg" name="BusinessObjective" refid="5a84eeb1-48d5-4af4-9501-7af9640ecbca"/><documentation humanName="Documentation"/><effectiveIRI humanName="Effective IRI"/><featuringClassifier classType="Stereotype" humanName="Featuring Classifier" humanType="Stereotype" icon="ElectronicsAssemblyCaseStudy_files/icon_stereotype_918307166.svg" name="BusinessObjective" refid="5a84eeb1-48d5-4af4-9501-7af9640ecbca"/><isComposite humanName="Is Composite">false</isComposite><isDerived humanName="Is Derived" mode="s,e">false</isDerived><isDerivedUnion humanName="Is Derived Union" mode="e">false</isDerivedUnion><isID humanName="Is ID" mode="e">false</isID><isLeaf humanName="Is Leaf">false</isLeaf><isOrdered humanName="Is Ordered" mode="e">false</isOrdered><isReadOnly humanName="Is Read Only" mode="s,e">false</isReadOnly><isStatic humanName="Is Static" mode="s,e">false</isStatic><isUnique humanName="Is Unique" mode="e">true</isUnique><lower humanName="Lower">1</lower><multiplicity humanName="Multiplicity" mode="s,e"/><multiplicity humanName="Multiplicity" mode="s,e"/><name humanName="Name" mode="s,e">base_Class</name><namespace classType="Stereotype" humanName="Namespace" humanType="Stereotype" icon="ElectronicsAssemblyCaseStudy_files/icon_stereotype_918307166.svg" name="BusinessObjective" refid="5a84eeb1-48d5-4af4-9501-7af9640ecbca"/><navigable humanName="Navigable" mode="e">true</navigable><opposite classType="ExtensionEnd" humanName="Opposite" humanType="Extension End" icon="ElectronicsAssemblyCaseStudy_files/icon_extensionend_1951322463.svg" name="extension_BusinessObjective" refid="0cb52309-1b03-4971-98b5-046c99589adb"/><ownedBy classType="Stereotype" humanName="Owned By" humanType="Stereotype" icon="ElectronicsAssemblyCaseStudy_files/icon_stereotype_918307166.svg" mode="s,e" name="BusinessObjective" refid="5a84eeb1-48d5-4af4-9501-7af9640ecbca"/><owner classType="Stereotype" humanName="Owner" humanType="Stereotype" icon="ElectronicsAssemblyCaseStudy_files/icon_stereotype_918307166.svg" name="BusinessObjective" refid="5a84eeb1-48d5-4af4-9501-7af9640ecbca"/><qualifiedName humanName="Qualified Name" mode="e">0 - Production System Reference Architecture::1 - Stakeholders pkg::1.1 - Business Function pkg::1.1.2 Needs &amp; Objectives pkg::BusinessObjective::base_Class</qualifiedName><redefinitionContext humanName="Redefinition Context"><stereotype classType="Stereotype" humanType="Stereotype" icon="ElectronicsAssemblyCaseStudy_files/icon_stereotype_918307166.svg" name="BusinessObjective" refid="5a84eeb1-48d5-4af4-9501-7af9640ecbca"/></redefinitionContext><TO_DO humanName="To Do" mode="s,e"/><type classType="Class" humanName="Type" humanType="Class" icon="ElectronicsAssemblyCaseStudy_files/icon_class_1089242599.svg" mode="s,e" name="Class" refid="d1675d11-baa9-4f38-8999-df3ffed63534"/><TYPE_MODIFIER humanName="Type Modifier" mode="e"/><upper humanName="Upper">1</upper><visibility humanName="Visibility" mode="s,e">private</visibility></property></magicdraw>