<?xml version="1.0" encoding="UTF-8"?><magicdraw><outputpin classType="OutputPin" humanType="Output Pin" icon="ElectronicsAssemblyCaseStudy_files/icon_outputpin_168870325.svg" id="0e324e19-44c9-41b8-9c32-b78ca596c792"><documentation humanName="Documentation"/><isControl humanName="Is Control" mode="e">false</isControl><isControlType humanName="Is Control Type">false</isControlType><isLeaf humanName="Is Leaf">false</isLeaf><isOrdered humanName="Is Ordered">false</isOrdered><isUnique humanName="Is Unique">true</isUnique><lower humanName="Lower">1</lower><lowerValue classType="LiteralInteger" humanName="Lower Value" humanType="Literal Integer" icon="ElectronicsAssemblyCaseStudy_files/icon_literalinteger_1747824475.svg" name="1" refid="e5c1bb45-74d0-48c6-b9ac-f1dc61c5cafc" text="1"/><multiplicity humanName="Multiplicity" mode="s,e">1</multiplicity><multiplicity humanName="Multiplicity" mode="s,e">1</multiplicity><name humanName="Name" mode="s,e">partOUT</name><ordering humanName="Ordering">FIFO</ordering><ownedElement humanName="Owned Element"><literalinteger classType="LiteralInteger" humanType="Literal Integer" icon="ElectronicsAssemblyCaseStudy_files/icon_literalinteger_1747824475.svg" name="1" refid="e5c1bb45-74d0-48c6-b9ac-f1dc61c5cafc" text="1"/><literalunlimitednatural classType="LiteralUnlimitedNatural" humanType="Literal Unlimited Natural" icon="ElectronicsAssemblyCaseStudy_files/icon_literalunlimitednatural_1702058771.svg" name="1" refid="a7484b4e-fb84-4b84-9fbc-27aa79391fc1" text="1"/></ownedElement><owner classType="CallBehaviorAction" humanName="Owner" humanType="Call Behavior Action" icon="ElectronicsAssemblyCaseStudy_files/icon_callbehavioraction_66845334.svg" mode="s,e" name="Test_FinalData" refid="fadcf286-83c7-4494-afa3-c287ccf3287b"/><qualifiedName humanName="Qualified Name" mode="e">0 - Production System Reference Architecture::5 - Architecture pkg::5.0 - Functional Architecture::5.0.1 - Make::Iteration1::MakeCoupler::Test_FinalData::partOUT</qualifiedName><syncElement classType="Parameter" humanName="Sync Element" humanType="Parameter" icon="ElectronicsAssemblyCaseStudy_files/icon_parameter_1919576980.svg" name="partOUT" refid="e81d2c00-503e-4ada-917d-ffbddc506d02"/><TO_DO humanName="To Do" mode="s,e"/><type classType="Class" humanName="Type" humanType="Block" icon="ElectronicsAssemblyCaseStudy_files/icon_block_1181413890.svg" mode="s,e" name="Coupler" refid="5e65e277-2f1c-47dd-ae0e-6b0b3b356cca"/><TYPE_MODIFIER humanName="Type Modifier"/><upper humanName="Upper">1</upper><upperValue classType="LiteralUnlimitedNatural" humanName="Upper Value" humanType="Literal Unlimited Natural" icon="ElectronicsAssemblyCaseStudy_files/icon_literalunlimitednatural_1702058771.svg" name="1" refid="a7484b4e-fb84-4b84-9fbc-27aa79391fc1" text="1"/><visibility humanName="Visibility">public</visibility><appearsIn><diagram classType="Diagram" humanType="Diagram" icon="ElectronicsAssemblyCaseStudy_files/icon_SysML Activity Diagram_1550211747.svg" name="MakeCoupler" refid="8318f4c0-ec8d-44ee-a804-ca3ed3dbbd04"/></appearsIn></outputpin></magicdraw>