<?xml version="1.0" encoding="UTF-8"?><magicdraw><literalstring classType="LiteralString" humanType="Literal String" icon="ElectronicsAssemblyCaseStudy_files/icon_literalstring_1903496650.svg" id="0e3cd701-4a2b-4013-8177-ab0d8f871928"><documentation humanName="Documentation"/><name humanName="Name"/><owner classType="Slot" humanName="Owner" humanType="Slot" icon="ElectronicsAssemblyCaseStudy_files/icon_slot_283253595.svg" mode="e" refid="5e163ebe-019c-405a-b5a0-83859cdc205d"/><owningSlot classType="Slot" humanName="Owning Slot" humanType="Slot" icon="ElectronicsAssemblyCaseStudy_files/icon_slot_283253595.svg" refid="5e163ebe-019c-405a-b5a0-83859cdc205d"/><qualifiedName humanName="Qualified Name"/><text humanName="Text" mode="standard">QPROP:Element:TracedTo</text><TO_DO humanName="To Do"/><TYPE_MODIFIER humanName="Type Modifier"/><value humanName="Value" mode="s,e">QPROP:Element:TracedTo</value><visibility humanName="Visibility">public</visibility></literalstring></magicdraw>