<?xml version="1.0" encoding="UTF-8"?><magicdraw><activityparameternode classType="ActivityParameterNode" humanType="Activity Parameter Node" icon="ElectronicsAssemblyCaseStudy_files/icon_activityparameternode_419280591.svg" id="0e53c936-ad9c-4051-a973-03b77978a31d"><activity classType="Activity" humanName="Activity" humanType="Activity" icon="ElectronicsAssemblyCaseStudy_files/icon_activity_1076127169.svg" name="GetSensorCard+MP" refid="2929b9d3-f607-4227-b865-c0f7ddc3e3ab"/><documentation humanName="Documentation"/><isControlType humanName="Is Control Type" mode="e">false</isControlType><isLeaf humanName="Is Leaf">false</isLeaf><name humanName="Name" mode="s,e">partOUT</name><ordering humanName="Ordering" mode="e">FIFO</ordering><owner classType="Activity" humanName="Owner" humanType="Activity" icon="ElectronicsAssemblyCaseStudy_files/icon_activity_1076127169.svg" mode="s,e" name="GetSensorCard+MP" refid="2929b9d3-f607-4227-b865-c0f7ddc3e3ab"/><parameter classType="Parameter" humanName="Parameter" humanType="Parameter" icon="ElectronicsAssemblyCaseStudy_files/icon_parameter_1919576980.svg" mode="s,e" name="partOUT" refid="f9f51624-b82b-4f78-b051-708cbc539f0b"/><qualifiedName humanName="Qualified Name" mode="e">0 - Production System Reference Architecture::5 - Architecture pkg::5.0 - Functional Architecture::5.0.0 - Get::Iteration4::GetSensorCard+MP::partOUT</qualifiedName><TO_DO humanName="To Do" mode="s,e"/><type classType="Class" humanName="Type" humanType="Block" icon="ElectronicsAssemblyCaseStudy_files/icon_block_879333290.svg" mode="s,e" name="SensorCard+MP" refid="b773db20-e6cd-4eec-babe-dd65c5ccdb40"/><TYPE_MODIFIER humanName="Type Modifier"/><visibility humanName="Visibility">public</visibility><appearsIn><diagram classType="Diagram" humanType="Diagram" icon="ElectronicsAssemblyCaseStudy_files/icon_SysML Activity Diagram_1550211747.svg" name="GetSensorCard+MP" refid="ac7c9cda-a886-48ab-8049-93ba0ac9dbc7"/></appearsIn></activityparameternode></magicdraw>