<?xml version="1.0" encoding="UTF-8"?><magicdraw><block classType="Class" humanType="Block" icon="ElectronicsAssemblyCaseStudy_files/icon_block_1181413890.svg" id="0ea9e888-79c9-48ae-8211-54f8f4097673"><allGeneralClassifiers humanName="All General Classifiers"><block classType="Class" humanType="Block" icon="ElectronicsAssemblyCaseStudy_files/icon_block_1181413890.svg" name="Part" refid="c516c8a0-bcdd-4c9b-ae10-51922a11b225"/></allGeneralClassifiers><APPLIED_STEREOTYPES humanName="Applied Stereotype" mode="e"><stereotype classType="Stereotype" humanType="Stereotype" icon="ElectronicsAssemblyCaseStudy_files/icon_stereotype_1181413890.svg" name="Block" refid="8e0fce90-9291-4dd4-b177-0d6e47dccd70"/></APPLIED_STEREOTYPES><appliedStereotype humanName="Applied Stereotype" mode="e"><stereotype classType="Stereotype" humanType="Stereotype" icon="ElectronicsAssemblyCaseStudy_files/icon_stereotype_1181413890.svg" name="Block" refid="8e0fce90-9291-4dd4-b177-0d6e47dccd70"><property classType="Property" humanName="Base_ Class" humanType="Property" icon="ElectronicsAssemblyCaseStudy_files/icon_property_1222216476.svg" name="base_Class" refid="748f064a-a5b4-42b3-83e5-465ad4663848"/><property classType="Property" humanName="Is Encapsulated" humanType="Property" icon="ElectronicsAssemblyCaseStudy_files/icon_property_1222216476.svg" name="isEncapsulated" refid="bafafc96-d5fb-4df4-a990-b4c7651f1d34"/></stereotype></appliedStereotype><appliedStereotypeInstance classType="InstanceSpecification" humanName="Applied Stereotype Instance" humanType="Instance Specification" icon="ElectronicsAssemblyCaseStudy_files/icon_instancespecification_13643661.svg" name=" : SysML::Blocks::Block" refid="ebf4d16e-8a6f-437c-8e0b-df0a0c087c8e"/><attribute humanName="Attribute"><valueproperty classType="Property" humanType="Value Property" icon="ElectronicsAssemblyCaseStudy_files/icon_valueproperty_47622969.svg" name="partNumber" refid="e376e1fd-c12b-4978-b9ea-17b6dbf3654a"/></attribute><derivedExplanation humanName="Derived Explanation"/><documentation humanName="Documentation"/><effectiveIRI humanName="Effective IRI"/><feature humanName="Feature"><valueproperty classType="Property" humanType="Value Property" icon="ElectronicsAssemblyCaseStudy_files/icon_valueproperty_47622969.svg" name="partNumber" refid="e376e1fd-c12b-4978-b9ea-17b6dbf3654a"/></feature><general humanName="General"><block classType="Class" humanType="Block" icon="ElectronicsAssemblyCaseStudy_files/icon_block_1181413890.svg" name="Part" refid="c516c8a0-bcdd-4c9b-ae10-51922a11b225"/></general><generalization humanName="Generalization"><generalization classType="Generalization" humanType="Generalization" icon="ElectronicsAssemblyCaseStudy_files/icon_generalization_1702478809.svg" isRelationship="true" refid="c63f53be-3c02-47db-9cf8-515b2a33bcdb"/></generalization><inheritedMember humanName="Inherited Member"><valueproperty classType="Property" humanType="Value Property" icon="ElectronicsAssemblyCaseStudy_files/icon_valueproperty_47622969.svg" name="partNumber" refid="46b0bd00-08a1-4916-9619-3df8358ccd24"/><valueproperty classType="Property" humanType="Value Property" icon="ElectronicsAssemblyCaseStudy_files/icon_valueproperty_47622969.svg" name="serialNumber" refid="ddb7cb8d-abe9-4ab7-bd72-b330add64ef4"/></inheritedMember><isAbstract humanName="Is Abstract">false</isAbstract><isActive humanName="Is Active">false</isActive><isFinalSpecialization humanName="Is Final Specialization" mode="e">false</isFinalSpecialization><isLeaf humanName="Is Leaf" mode="e">false</isLeaf><member humanName="Member"><valueproperty classType="Property" humanType="Value Property" icon="ElectronicsAssemblyCaseStudy_files/icon_valueproperty_47622969.svg" name="partNumber" refid="e376e1fd-c12b-4978-b9ea-17b6dbf3654a"/><valueproperty classType="Property" humanType="Value Property" icon="ElectronicsAssemblyCaseStudy_files/icon_valueproperty_47622969.svg" name="partNumber" refid="46b0bd00-08a1-4916-9619-3df8358ccd24"/><valueproperty classType="Property" humanType="Value Property" icon="ElectronicsAssemblyCaseStudy_files/icon_valueproperty_47622969.svg" name="serialNumber" refid="ddb7cb8d-abe9-4ab7-bd72-b330add64ef4"/></member><name humanName="Name" mode="s,e">ElectronicAssembly+PB</name><namespace classType="Package" humanName="Namespace" humanType="Package" icon="ElectronicsAssemblyCaseStudy_files/icon_package_1622863652.svg" name="2 - Product Specification" refid="c60c79a5-b7f7-4c37-a0e9-ddc356a54655"/><ownedAttribute humanName="Owned Attribute"><valueproperty classType="Property" humanType="Value Property" icon="ElectronicsAssemblyCaseStudy_files/icon_valueproperty_47622969.svg" name="partNumber" refid="e376e1fd-c12b-4978-b9ea-17b6dbf3654a"/></ownedAttribute><ownedElement humanName="Owned Element"><generalization classType="Generalization" humanType="Generalization" icon="ElectronicsAssemblyCaseStudy_files/icon_generalization_1702478809.svg" isRelationship="true" refid="c63f53be-3c02-47db-9cf8-515b2a33bcdb"/><instancespecification classType="InstanceSpecification" humanType="Instance Specification" icon="ElectronicsAssemblyCaseStudy_files/icon_instancespecification_13643661.svg" name=" : SysML::Blocks::Block" refid="ebf4d16e-8a6f-437c-8e0b-df0a0c087c8e"/><valueproperty classType="Property" humanType="Value Property" icon="ElectronicsAssemblyCaseStudy_files/icon_valueproperty_47622969.svg" name="partNumber" refid="e376e1fd-c12b-4978-b9ea-17b6dbf3654a"/></ownedElement><ownedMember humanName="Owned Member"><valueproperty classType="Property" humanType="Value Property" icon="ElectronicsAssemblyCaseStudy_files/icon_valueproperty_47622969.svg" name="partNumber" refid="e376e1fd-c12b-4978-b9ea-17b6dbf3654a"/></ownedMember><owner classType="Package" humanName="Owner" humanType="Package" icon="ElectronicsAssemblyCaseStudy_files/icon_package_1622863652.svg" mode="e" name="2 - Product Specification" refid="c60c79a5-b7f7-4c37-a0e9-ddc356a54655"/><owningPackage classType="Package" humanName="Owning Package" humanType="Package" icon="ElectronicsAssemblyCaseStudy_files/icon_package_1622863652.svg" name="2 - Product Specification" refid="c60c79a5-b7f7-4c37-a0e9-ddc356a54655"/><package classType="Package" humanName="Package" humanType="Package" icon="ElectronicsAssemblyCaseStudy_files/icon_package_1622863652.svg" name="2 - Product Specification" refid="c60c79a5-b7f7-4c37-a0e9-ddc356a54655"/><part humanName="Part"><valueproperty classType="Property" humanType="Value Property" icon="ElectronicsAssemblyCaseStudy_files/icon_valueproperty_47622969.svg" name="partNumber" refid="e376e1fd-c12b-4978-b9ea-17b6dbf3654a"/></part><qualifiedName humanName="Qualified Name" mode="s,e">2 - Product Specification::ElectronicAssembly+PB</qualifiedName><role humanName="Role"><valueproperty classType="Property" humanType="Value Property" icon="ElectronicsAssemblyCaseStudy_files/icon_valueproperty_47622969.svg" name="partNumber" refid="e376e1fd-c12b-4978-b9ea-17b6dbf3654a"/></role><superClass humanName="Super Class"><block classType="Class" humanType="Block" icon="ElectronicsAssemblyCaseStudy_files/icon_block_1181413890.svg" name="Part" refid="c516c8a0-bcdd-4c9b-ae10-51922a11b225"/></superClass><TO_DO humanName="To Do" mode="s,e"/><usedAsType humanName="Used As Type"><partproperty classType="Property" humanType="Part Property" icon="ElectronicsAssemblyCaseStudy_files/icon_partproperty_121885089.svg" name="ElectronicAssembly+PB" refid="4c36463c-b906-4041-bb66-77fa56b07482"/></usedAsType><visibility humanName="Visibility">public</visibility><appearsIn><diagram classType="Diagram" humanType="Diagram" icon="ElectronicsAssemblyCaseStudy_files/icon_SysML Block Definition Diagram_596372014.svg" name="BDD_PartMBOM" refid="64291a04-b654-4d6a-9316-88a4b77e74ef"/></appearsIn></block></magicdraw>