<?xml version="1.0" encoding="UTF-8"?><magicdraw><businessconstraint classType="Class" humanType="BusinessConstraint" icon="ElectronicsAssemblyCaseStudy_files/icon_businessconstraint_1682619279.svg" id="0ec01288-f7f9-4519-9907-4d3e47e28c02"><APPLIED_STEREOTYPES humanName="Applied Stereotype" mode="e"><stereotype classType="Stereotype" humanType="Stereotype" icon="ElectronicsAssemblyCaseStudy_files/icon_stereotype_918307166.svg" name="BusinessConstraint" refid="1ea42179-231d-41be-9764-582cccc7d79c"/></APPLIED_STEREOTYPES><appliedStereotype humanName="Applied Stereotype" mode="e"><stereotype classType="Stereotype" humanType="Stereotype" icon="ElectronicsAssemblyCaseStudy_files/icon_stereotype_918307166.svg" name="BusinessConstraint" refid="1ea42179-231d-41be-9764-582cccc7d79c"><property classType="Property" humanName="Base_ Class" humanType="Property" icon="ElectronicsAssemblyCaseStudy_files/icon_property_1222216476.svg" name="base_Class" refid="13165690-3e30-4216-bb53-99ef7d550909"/><property classType="Property" humanName="Base_ Class" humanType="Property" icon="ElectronicsAssemblyCaseStudy_files/icon_property_1222216476.svg" name="base_Class" refid="2f4551a7-c615-44bb-a631-da62ee645935"/><property classType="Property" humanName="Base_ Class" humanType="Property" icon="ElectronicsAssemblyCaseStudy_files/icon_property_1222216476.svg" name="base_Class" refid="74161ac9-f4ee-41ab-b2f1-83f08b04e1ab"/><property classType="Property" humanName="Base_ Class" humanType="Property" icon="ElectronicsAssemblyCaseStudy_files/icon_property_1222216476.svg" name="base_Class" refid="b5485d06-7317-490e-b869-ee00b0a582cd"/><property classType="Property" humanName="Base_ Named Element" humanType="Property" icon="ElectronicsAssemblyCaseStudy_files/icon_property_1222216476.svg" name="base_NamedElement" refid="c4b654ad-1733-45e5-ad16-3392b56127e9"/><property classType="Property" humanName="Derived" humanType="Property" icon="ElectronicsAssemblyCaseStudy_files/icon_property_1222216476.svg" name="Derived" refid="9efe314f-936d-45bc-bbae-da6754bf1d0b"/><property classType="Property" humanName="Derived From" humanType="Property" icon="ElectronicsAssemblyCaseStudy_files/icon_property_1222216476.svg" name="DerivedFrom" refid="3f3dddbd-08c1-4890-91c2-e5e28da00608"/><property classType="Property" humanName="Id" humanType="Property" icon="ElectronicsAssemblyCaseStudy_files/icon_property_1222216476.svg" name="Id" refid="70e95e23-9dc9-4211-a8bd-e6c40992cdbc"><String>70.1</String></property><property classType="Property" humanName="Master" humanType="Property" icon="ElectronicsAssemblyCaseStudy_files/icon_property_1222216476.svg" name="Master" refid="003fd7ac-9986-4819-bf1b-347e133f08ff"/><property classType="Property" humanName="Refined By" humanType="Property" icon="ElectronicsAssemblyCaseStudy_files/icon_property_1222216476.svg" name="RefinedBy" refid="dc5873df-0eee-4f57-9e28-fbe6d8b606f2"/><property classType="Property" humanName="Risk" humanType="Property" icon="ElectronicsAssemblyCaseStudy_files/icon_property_1222216476.svg" name="risk" refid="f677da46-c631-451c-8708-2032bd1f48d7"/><property classType="Property" humanName="Satisfied By" humanType="Property" icon="ElectronicsAssemblyCaseStudy_files/icon_property_1222216476.svg" name="SatisfiedBy" refid="7d7d3681-997a-42a5-b430-bff0061720e4"/><property classType="Property" humanName="Source" humanType="Property" icon="ElectronicsAssemblyCaseStudy_files/icon_property_1222216476.svg" name="source" refid="4b088684-fedb-4880-9446-af6b69c3ad20"/><property classType="Property" humanName="Stakeholder" humanType="Property" icon="ElectronicsAssemblyCaseStudy_files/icon_property_1222216476.svg" name="stakeholder" refid="c0511aea-47ec-4a8e-acc3-2e83d7339413"><actor classType="Actor" humanType="Actor" icon="ElectronicsAssemblyCaseStudy_files/icon_actor_1378559537.svg" name="SocioGeoPolitical" refid="0696b697-c597-4bdc-9390-188cd45c9e61"/></property><property classType="Property" humanName="Text" humanType="Property" icon="ElectronicsAssemblyCaseStudy_files/icon_property_1222216476.svg" name="Text" refid="276f8ce5-69de-4660-87a3-7a7b5d0e6546"><String>"Content Requirements"</String></property><property classType="Property" humanName="Traced To" humanType="Property" icon="ElectronicsAssemblyCaseStudy_files/icon_property_1222216476.svg" name="TracedTo" refid="f434643f-c936-422d-82cc-2044f736b55a"/><property classType="Property" humanName="Verified By" humanType="Property" icon="ElectronicsAssemblyCaseStudy_files/icon_property_1222216476.svg" name="VerifiedBy" refid="e048b615-aab0-4a82-af75-86d8454c084b"/><property classType="Property" humanName="Verify Method" humanType="Property" icon="ElectronicsAssemblyCaseStudy_files/icon_property_1222216476.svg" name="verifyMethod" refid="61d63a70-8ac3-45af-8074-d577f68427e6"/></stereotype></appliedStereotype><appliedStereotypeInstance classType="InstanceSpecification" humanName="Applied Stereotype Instance" humanType="Instance Specification" icon="ElectronicsAssemblyCaseStudy_files/icon_instancespecification_13643661.svg" name=" : 0 - Production System Reference Architecture::1 - Stakeholders pkg::1.1 - Business Function pkg::1.1.3 Constraints &amp; Requirements pkg::BusinessConstraint" refid="aa62cfd8-38db-4801-94a6-567c710075b0"/><UMLClass classType="Class" humanName="Class" humanType="BusinessConstraint" icon="ElectronicsAssemblyCaseStudy_files/icon_businessconstraint_1682619279.svg" name="TopLevelBusinessConstraint" refid="a50c1ed8-18bf-4818-8759-5fc96d6356f9"/><derivedExplanation humanName="Derived Explanation"/><documentation humanName="Documentation"/><effectiveIRI humanName="Effective IRI"/><isAbstract humanName="Is Abstract">false</isAbstract><isActive humanName="Is Active">false</isActive><isFinalSpecialization humanName="Is Final Specialization" mode="e">false</isFinalSpecialization><isLeaf humanName="Is Leaf" mode="e">false</isLeaf><name humanName="Name" mode="s,e">SocioGeoPoliticalConstraint</name><namespace classType="Class" humanName="Namespace" humanType="BusinessConstraint" icon="ElectronicsAssemblyCaseStudy_files/icon_businessconstraint_1682619279.svg" name="TopLevelBusinessConstraint" refid="a50c1ed8-18bf-4818-8759-5fc96d6356f9"/><ownedElement humanName="Owned Element"><instancespecification classType="InstanceSpecification" humanType="Instance Specification" icon="ElectronicsAssemblyCaseStudy_files/icon_instancespecification_13643661.svg" name=" : 0 - Production System Reference Architecture::1 - Stakeholders pkg::1.1 - Business Function pkg::1.1.3 Constraints &amp; Requirements pkg::BusinessConstraint" refid="aa62cfd8-38db-4801-94a6-567c710075b0"/></ownedElement><owner classType="Class" humanName="Owner" humanType="BusinessConstraint" icon="ElectronicsAssemblyCaseStudy_files/icon_businessconstraint_1682619279.svg" mode="e" name="TopLevelBusinessConstraint" refid="a50c1ed8-18bf-4818-8759-5fc96d6356f9"/><qualifiedName humanName="Qualified Name" mode="s,e">0 - Production System Reference Architecture::1 - Stakeholders pkg::1.1 - Business Function pkg::1.1.3 Constraints &amp; Requirements pkg::TopLevelBusinessConstraint::SocioGeoPoliticalConstraint</qualifiedName><redefinitionContext humanName="Redefinition Context"><businessconstraint classType="Class" humanType="BusinessConstraint" icon="ElectronicsAssemblyCaseStudy_files/icon_businessconstraint_1682619279.svg" name="TopLevelBusinessConstraint" refid="a50c1ed8-18bf-4818-8759-5fc96d6356f9"/></redefinitionContext><TO_DO humanName="To Do" mode="s,e"/><visibility humanName="Visibility">public</visibility><appearsIn><diagram classType="Diagram" humanType="Diagram" icon="ElectronicsAssemblyCaseStudy_files/icon_Requirement Table_1509490496.svg" name="1.1.3 Constraints &amp; Requirements pkg" refid="4fef3212-11ce-4c67-a7a5-0e8abf5a10a8"/></appearsIn></businessconstraint></magicdraw>