<?xml version="1.0" encoding="UTF-8"?><magicdraw><slot classType="Slot" humanType="Slot" icon="ElectronicsAssemblyCaseStudy_files/icon_slot_283253595.svg" id="0f32d8fa-fe88-40ed-b52f-18e7a9bdf14e"><definingFeature classType="Property" humanName="Defining Feature" humanType="Property" icon="ElectronicsAssemblyCaseStudy_files/icon_property_1222216476.svg" mode="s,e" name="rowElementType" refid="5492f445-5902-481f-96ed-367799fdb3b5"/><documentation humanName="Documentation"/><ownedElement humanName="Owned Element"><elementvalue classType="ElementValue" humanType="Element Value" icon="ElectronicsAssemblyCaseStudy_files/icon_elementvalue_1770746812.svg" name="AbstractRequirement" refid="021bfb24-1ebf-4f63-8140-fee21dbf3ffb" text="AbstractRequirement"/><elementvalue classType="ElementValue" humanType="Element Value" icon="ElectronicsAssemblyCaseStudy_files/icon_elementvalue_1770746812.svg" name="Requirement" refid="b10bca79-46c4-4669-8cff-e950f3d065bf" text="Requirement"/></ownedElement><owner classType="InstanceSpecification" humanName="Owner" humanType="Instance Specification" icon="ElectronicsAssemblyCaseStudy_files/icon_instancespecification_13643661.svg" mode="s,e" name=" : MD Customization for Requirements::additional_stereotypes::RequirementTable, UML Standard Profile::MagicDraw Profile::DiagramTable, UML Standard Profile::MagicDraw Profile::DiagramInfo" refid="db80bc19-2ba8-4b79-b189-d9496a7e2e39"/><owningInstance classType="InstanceSpecification" humanName="Owning Instance" humanType="Instance Specification" icon="ElectronicsAssemblyCaseStudy_files/icon_instancespecification_13643661.svg" name=" : MD Customization for Requirements::additional_stereotypes::RequirementTable, UML Standard Profile::MagicDraw Profile::DiagramTable, UML Standard Profile::MagicDraw Profile::DiagramInfo" refid="db80bc19-2ba8-4b79-b189-d9496a7e2e39"/><TO_DO humanName="To Do" mode="s,e"/><value humanName="Value" mode="s,e"><elementvalue classType="ElementValue" humanType="Element Value" icon="ElectronicsAssemblyCaseStudy_files/icon_elementvalue_1770746812.svg" name="AbstractRequirement" refid="021bfb24-1ebf-4f63-8140-fee21dbf3ffb" text="AbstractRequirement"/><elementvalue classType="ElementValue" humanType="Element Value" icon="ElectronicsAssemblyCaseStudy_files/icon_elementvalue_1770746812.svg" name="Requirement" refid="b10bca79-46c4-4669-8cff-e950f3d065bf" text="Requirement"/></value></slot></magicdraw>