<?xml version="1.0" encoding="UTF-8"?><magicdraw><literalunlimitednatural classType="LiteralUnlimitedNatural" humanType="Literal Unlimited Natural" icon="ElectronicsAssemblyCaseStudy_files/icon_literalunlimitednatural_1702058771.svg" id="0f6deae8-0d35-4f0f-b6cb-250bfdb75678"><documentation humanName="Documentation"/><name humanName="Name"/><owner classType="ControlFlow" humanName="Owner" humanType="Control Flow" icon="ElectronicsAssemblyCaseStudy_files/icon_controlflow_1765690649.svg" isRelationship="true" mode="e" name="Control Flow[0 - Production System Reference Architecture::5 - Architecture pkg::5.0 - Functional Architecture::5.0.1 - Make::Iteration3::MakeSensorCard+PR::Postwave_2nd -&gt; 0 - Production System Reference Architecture::5 - Architecture pkg::5.0 - Functional Architecture::5.0.1 - Make::Iteration3::MakeSensorCard+PR::HandCleaning]" refid="f0b53052-c9a8-4898-8c45-a1ba9bd11e5c"/><qualifiedName humanName="Qualified Name">0 - Production System Reference Architecture::5 - Architecture pkg::5.0 - Functional Architecture::5.0.1 - Make::Iteration3::MakeSensorCard+PR::::</qualifiedName><text humanName="Text" mode="standard">1</text><TO_DO humanName="To Do"/><TYPE_MODIFIER humanName="Type Modifier"/><value humanName="Value" mode="s,e">1</value><visibility humanName="Visibility">public</visibility></literalunlimitednatural></magicdraw>