<?xml version="1.0" encoding="UTF-8"?><magicdraw><association classType="Association" humanType="Association" icon="ElectronicsAssemblyCaseStudy_files/icon_association_1818389811.svg" id="0ffb367b-227f-4877-836c-37dca609704d"><documentation humanName="Documentation"/><endType humanName="End Type"><block classType="Class" humanType="Block" icon="ElectronicsAssemblyCaseStudy_files/icon_block_1181413890.svg" name="Coupler" refid="5e65e277-2f1c-47dd-ae0e-6b0b3b356cca"/><block classType="Class" humanType="Block" icon="ElectronicsAssemblyCaseStudy_files/icon_block_1181413890.svg" name="ElectronicAssembly" refid="8938c79b-8f50-4696-b470-dd7476821c1a"/></endType><feature humanName="Feature"><property classType="Property" humanType="Property" icon="ElectronicsAssemblyCaseStudy_files/icon_property_1222216476.svg" name=" : 2 - Product Specification::Coupler" refid="ebc7d06d-0256-461c-9378-eab36481b4f0"/></feature><isAbstract humanName="Is Abstract">false</isAbstract><isDerived humanName="Is Derived">false</isDerived><isFinalSpecialization humanName="Is Final Specialization">false</isFinalSpecialization><isLeaf humanName="Is Leaf">false</isLeaf><member humanName="Member"><property classType="Property" humanType="Property" icon="ElectronicsAssemblyCaseStudy_files/icon_property_1222216476.svg" name=" : 2 - Product Specification::Coupler" refid="ebc7d06d-0256-461c-9378-eab36481b4f0"/><partproperty classType="Property" humanType="Part Property" icon="ElectronicsAssemblyCaseStudy_files/icon_partproperty_121885089.svg" name="ElectronicAssembly" refid="5c4909ce-f55a-4266-b431-3b91a29d0370"/></member><memberEnd humanName="Member End"><property classType="Property" humanType="Property" icon="ElectronicsAssemblyCaseStudy_files/icon_property_1222216476.svg" name=" : 2 - Product Specification::Coupler" refid="ebc7d06d-0256-461c-9378-eab36481b4f0"/><partproperty classType="Property" humanType="Part Property" icon="ElectronicsAssemblyCaseStudy_files/icon_partproperty_121885089.svg" name="ElectronicAssembly" refid="5c4909ce-f55a-4266-b431-3b91a29d0370"/></memberEnd><name humanName="Name" mode="s,e"/><namespace classType="Package" humanName="Namespace" humanType="Package" icon="ElectronicsAssemblyCaseStudy_files/icon_package_1622863652.svg" name="2 - Product Specification" refid="c60c79a5-b7f7-4c37-a0e9-ddc356a54655"/><ownedElement humanName="Owned Element"><property classType="Property" humanType="Property" icon="ElectronicsAssemblyCaseStudy_files/icon_property_1222216476.svg" name=" : 2 - Product Specification::Coupler" refid="ebc7d06d-0256-461c-9378-eab36481b4f0"/></ownedElement><ownedEnd humanName="Owned End"><property classType="Property" humanType="Property" icon="ElectronicsAssemblyCaseStudy_files/icon_property_1222216476.svg" name=" : 2 - Product Specification::Coupler" refid="ebc7d06d-0256-461c-9378-eab36481b4f0"/></ownedEnd><ownedMember humanName="Owned Member"><property classType="Property" humanType="Property" icon="ElectronicsAssemblyCaseStudy_files/icon_property_1222216476.svg" name=" : 2 - Product Specification::Coupler" refid="ebc7d06d-0256-461c-9378-eab36481b4f0"/></ownedMember><owner classType="Package" humanName="Owner" humanType="Package" icon="ElectronicsAssemblyCaseStudy_files/icon_package_1622863652.svg" mode="s,e" name="2 - Product Specification" refid="c60c79a5-b7f7-4c37-a0e9-ddc356a54655"/><owningPackage classType="Package" humanName="Owning Package" humanType="Package" icon="ElectronicsAssemblyCaseStudy_files/icon_package_1622863652.svg" name="2 - Product Specification" refid="c60c79a5-b7f7-4c37-a0e9-ddc356a54655"/><package classType="Package" humanName="Package" humanType="Package" icon="ElectronicsAssemblyCaseStudy_files/icon_package_1622863652.svg" name="2 - Product Specification" refid="c60c79a5-b7f7-4c37-a0e9-ddc356a54655"/><qualifiedName humanName="Qualified Name" mode="e">2 - Product Specification::</qualifiedName><relatedElement humanName="Related Element"><block classType="Class" humanType="Block" icon="ElectronicsAssemblyCaseStudy_files/icon_block_1181413890.svg" name="Coupler" refid="5e65e277-2f1c-47dd-ae0e-6b0b3b356cca"/><block classType="Class" humanType="Block" icon="ElectronicsAssemblyCaseStudy_files/icon_block_1181413890.svg" name="ElectronicAssembly" refid="8938c79b-8f50-4696-b470-dd7476821c1a"/></relatedElement><TO_DO humanName="To Do"/><visibility humanName="Visibility" mode="s,e">public</visibility><appearsIn><diagram classType="Diagram" humanType="Diagram" icon="ElectronicsAssemblyCaseStudy_files/icon_SysML Block Definition Diagram_596372014.svg" name="BDD_PartMBOM" refid="64291a04-b654-4d6a-9316-88a4b77e74ef"/><diagram classType="Diagram" humanType="Diagram" icon="ElectronicsAssemblyCaseStudy_files/icon_SysML Block Definition Diagram_596372014.svg" name="BDD_PartConnectModelLibrary" refid="e2e894aa-64a9-4c5e-80ea-c3b92692153d"/><diagram classType="Diagram" humanType="Diagram" icon="ElectronicsAssemblyCaseStudy_files/icon_SysML Block Definition Diagram_596372014.svg" name="BDD_PartEBOM" refid="792fa2e3-4c97-482a-94e9-f699cbdba639"/></appearsIn></association></magicdraw>