<?xml version="1.0" encoding="UTF-8"?><magicdraw><literalstring classType="LiteralString" humanType="Literal String" icon="ElectronicsAssemblyCaseStudy_files/icon_literalstring_1903496650.svg" id="105ce703-ab62-4097-934d-36b0a248f0f8"><documentation humanName="Documentation"/><name humanName="Name"/><owner classType="Slot" humanName="Owner" humanType="Slot" icon="ElectronicsAssemblyCaseStudy_files/icon_slot_283253595.svg" mode="e" refid="cdffaaff-719c-45a7-ac2c-a772231ec5db"/><owningSlot classType="Slot" humanName="Owning Slot" humanType="Slot" icon="ElectronicsAssemblyCaseStudy_files/icon_slot_283253595.svg" refid="cdffaaff-719c-45a7-ac2c-a772231ec5db"/><qualifiedName humanName="Qualified Name"/><text humanName="Text" mode="standard">gthiers</text><TO_DO humanName="To Do"/><TYPE_MODIFIER humanName="Type Modifier"/><value humanName="Value" mode="s,e">gthiers</value><visibility humanName="Visibility">public</visibility></literalstring></magicdraw>