<?xml version="1.0" encoding="UTF-8"?><magicdraw><callbehavioraction classType="CallBehaviorAction" humanType="Call Behavior Action" icon="ElectronicsAssemblyCaseStudy_files/icon_callbehavioraction_66845334.svg" id="1097abc2-2d76-4f3e-9744-ee3a4bfef1d1"><activity classType="Activity" humanName="Activity" humanType="Activity" icon="ElectronicsAssemblyCaseStudy_files/icon_activity_1076127169.svg" name="MakeCoupler" refid="97950c7b-7e82-42c2-ba30-0c80f56b02ef"/><argument humanName="Argument"><inputpin classType="InputPin" humanType="Input Pin" icon="ElectronicsAssemblyCaseStudy_files/icon_inputpin_562685863.svg" name="workOrderIN" refid="05a640d6-c9b0-4464-8b18-8eb202b87e81"/></argument><behavior classType="Activity" humanName="Behavior" humanType="Activity" icon="ElectronicsAssemblyCaseStudy_files/icon_activity_1076127169.svg" mode="s,e" name="GetInputs_Coupler" refid="d0b0d55b-5f64-4349-a3f6-4839b4cd7b50"/><documentation humanName="Documentation"/><input humanName="Input"><inputpin classType="InputPin" humanType="Input Pin" icon="ElectronicsAssemblyCaseStudy_files/icon_inputpin_562685863.svg" name="workOrderIN" refid="05a640d6-c9b0-4464-8b18-8eb202b87e81"/></input><isLeaf humanName="Is Leaf">false</isLeaf><isLocallyReentrant humanName="Is Locally Reentrant ">false</isLocallyReentrant><isSynchronous humanName="Is Synchronous" mode="e">true</isSynchronous><name humanName="Name" mode="s,e">Inputs</name><outgoing humanName="Outgoing"><controlflow classType="ControlFlow" humanType="Control Flow" icon="ElectronicsAssemblyCaseStudy_files/icon_controlflow_1765690649.svg" isRelationship="true" name="Control Flow[0 - Production System Reference Architecture::5 - Architecture pkg::5.0 - Functional Architecture::5.0.1 - Make::Iteration1::MakeCoupler::Inputs -&gt; 0 - Production System Reference Architecture::5 - Architecture pkg::5.0 - Functional Architecture::5.0.1 - Make::Iteration1::MakeCoupler::UnitAssembly]" refid="2bd2b395-b388-4aca-be49-71cbe7ef0925"/></outgoing><output humanName="Output"><outputpin classType="OutputPin" humanType="Output Pin" icon="ElectronicsAssemblyCaseStudy_files/icon_outputpin_168870325.svg" name="cableAssy1" refid="489dea21-82f7-4c2f-bc90-24fb813c5cc5"/><outputpin classType="OutputPin" humanType="Output Pin" icon="ElectronicsAssemblyCaseStudy_files/icon_outputpin_168870325.svg" name="cableAssy3" refid="cca5f9e3-acc5-4fb3-8f76-2e3082bcad22"/><outputpin classType="OutputPin" humanType="Output Pin" icon="ElectronicsAssemblyCaseStudy_files/icon_outputpin_168870325.svg" name="cableAssy4" refid="d3e7bba7-7b8b-401d-86f4-070e2c9b1d43"/><outputpin classType="OutputPin" humanType="Output Pin" icon="ElectronicsAssemblyCaseStudy_files/icon_outputpin_168870325.svg" name="cca2" refid="b23fac56-b211-48f8-8f0b-39af90fcf611"/><outputpin classType="OutputPin" humanType="Output Pin" icon="ElectronicsAssemblyCaseStudy_files/icon_outputpin_168870325.svg" name="chassisElecEquip" refid="f6b04337-18b4-4583-bffd-314a62cc4a44"/><outputpin classType="OutputPin" humanType="Output Pin" icon="ElectronicsAssemblyCaseStudy_files/icon_outputpin_168870325.svg" name="daughterCard" refid="a4823f54-020a-4b87-a7f2-2d0e0ea55208"/><outputpin classType="OutputPin" humanType="Output Pin" icon="ElectronicsAssemblyCaseStudy_files/icon_outputpin_168870325.svg" name="elecAssy" refid="7782db15-38d3-4b00-9057-e77546495ec8"/><outputpin classType="OutputPin" humanType="Output Pin" icon="ElectronicsAssemblyCaseStudy_files/icon_outputpin_168870325.svg" name="progAssy" refid="3ea32194-a7e3-4d78-acb1-157dd6ad428c"/><outputpin classType="OutputPin" humanType="Output Pin" icon="ElectronicsAssemblyCaseStudy_files/icon_outputpin_168870325.svg" name="sensorCard" refid="14203e2f-1b6c-4f30-964a-15264270f40d"/></output><ownedElement humanName="Owned Element"><outputpin classType="OutputPin" humanType="Output Pin" icon="ElectronicsAssemblyCaseStudy_files/icon_outputpin_168870325.svg" name="cableAssy1" refid="489dea21-82f7-4c2f-bc90-24fb813c5cc5"/><outputpin classType="OutputPin" humanType="Output Pin" icon="ElectronicsAssemblyCaseStudy_files/icon_outputpin_168870325.svg" name="cableAssy3" refid="cca5f9e3-acc5-4fb3-8f76-2e3082bcad22"/><outputpin classType="OutputPin" humanType="Output Pin" icon="ElectronicsAssemblyCaseStudy_files/icon_outputpin_168870325.svg" name="cableAssy4" refid="d3e7bba7-7b8b-401d-86f4-070e2c9b1d43"/><outputpin classType="OutputPin" humanType="Output Pin" icon="ElectronicsAssemblyCaseStudy_files/icon_outputpin_168870325.svg" name="cca2" refid="b23fac56-b211-48f8-8f0b-39af90fcf611"/><outputpin classType="OutputPin" humanType="Output Pin" icon="ElectronicsAssemblyCaseStudy_files/icon_outputpin_168870325.svg" name="chassisElecEquip" refid="f6b04337-18b4-4583-bffd-314a62cc4a44"/><outputpin classType="OutputPin" humanType="Output Pin" icon="ElectronicsAssemblyCaseStudy_files/icon_outputpin_168870325.svg" name="daughterCard" refid="a4823f54-020a-4b87-a7f2-2d0e0ea55208"/><outputpin classType="OutputPin" humanType="Output Pin" icon="ElectronicsAssemblyCaseStudy_files/icon_outputpin_168870325.svg" name="elecAssy" refid="7782db15-38d3-4b00-9057-e77546495ec8"/><outputpin classType="OutputPin" humanType="Output Pin" icon="ElectronicsAssemblyCaseStudy_files/icon_outputpin_168870325.svg" name="progAssy" refid="3ea32194-a7e3-4d78-acb1-157dd6ad428c"/><outputpin classType="OutputPin" humanType="Output Pin" icon="ElectronicsAssemblyCaseStudy_files/icon_outputpin_168870325.svg" name="sensorCard" refid="14203e2f-1b6c-4f30-964a-15264270f40d"/><inputpin classType="InputPin" humanType="Input Pin" icon="ElectronicsAssemblyCaseStudy_files/icon_inputpin_562685863.svg" name="workOrderIN" refid="05a640d6-c9b0-4464-8b18-8eb202b87e81"/></ownedElement><owner classType="Activity" humanName="Owner" humanType="Activity" icon="ElectronicsAssemblyCaseStudy_files/icon_activity_1076127169.svg" mode="s,e" name="MakeCoupler" refid="97950c7b-7e82-42c2-ba30-0c80f56b02ef"/><qualifiedName humanName="Qualified Name" mode="e">0 - Production System Reference Architecture::5 - Architecture pkg::5.0 - Functional Architecture::5.0.1 - Make::Iteration1::MakeCoupler::Inputs</qualifiedName><result humanName="Result"><outputpin classType="OutputPin" humanType="Output Pin" icon="ElectronicsAssemblyCaseStudy_files/icon_outputpin_168870325.svg" name="cableAssy1" refid="489dea21-82f7-4c2f-bc90-24fb813c5cc5"/><outputpin classType="OutputPin" humanType="Output Pin" icon="ElectronicsAssemblyCaseStudy_files/icon_outputpin_168870325.svg" name="cableAssy3" refid="cca5f9e3-acc5-4fb3-8f76-2e3082bcad22"/><outputpin classType="OutputPin" humanType="Output Pin" icon="ElectronicsAssemblyCaseStudy_files/icon_outputpin_168870325.svg" name="cableAssy4" refid="d3e7bba7-7b8b-401d-86f4-070e2c9b1d43"/><outputpin classType="OutputPin" humanType="Output Pin" icon="ElectronicsAssemblyCaseStudy_files/icon_outputpin_168870325.svg" name="cca2" refid="b23fac56-b211-48f8-8f0b-39af90fcf611"/><outputpin classType="OutputPin" humanType="Output Pin" icon="ElectronicsAssemblyCaseStudy_files/icon_outputpin_168870325.svg" name="chassisElecEquip" refid="f6b04337-18b4-4583-bffd-314a62cc4a44"/><outputpin classType="OutputPin" humanType="Output Pin" icon="ElectronicsAssemblyCaseStudy_files/icon_outputpin_168870325.svg" name="daughterCard" refid="a4823f54-020a-4b87-a7f2-2d0e0ea55208"/><outputpin classType="OutputPin" humanType="Output Pin" icon="ElectronicsAssemblyCaseStudy_files/icon_outputpin_168870325.svg" name="elecAssy" refid="7782db15-38d3-4b00-9057-e77546495ec8"/><outputpin classType="OutputPin" humanType="Output Pin" icon="ElectronicsAssemblyCaseStudy_files/icon_outputpin_168870325.svg" name="progAssy" refid="3ea32194-a7e3-4d78-acb1-157dd6ad428c"/><outputpin classType="OutputPin" humanType="Output Pin" icon="ElectronicsAssemblyCaseStudy_files/icon_outputpin_168870325.svg" name="sensorCard" refid="14203e2f-1b6c-4f30-964a-15264270f40d"/></result><TO_DO humanName="To Do" mode="s,e"/><visibility humanName="Visibility">public</visibility><appearsIn><diagram classType="Diagram" humanType="Diagram" icon="ElectronicsAssemblyCaseStudy_files/icon_SysML Activity Diagram_1550211747.svg" name="MakeCoupler" refid="8318f4c0-ec8d-44ee-a804-ca3ed3dbbd04"/></appearsIn></callbehavioraction></magicdraw>