<?xml version="1.0" encoding="UTF-8"?><magicdraw><activity classType="Activity" humanType="Activity" icon="ElectronicsAssemblyCaseStudy_files/icon_activity_1076127169.svg" id="10d4d5c0-19be-40ab-a728-66c68fa84f6a"><derivedExplanation humanName="Derived Explanation"/><documentation humanName="Documentation"/><effectiveIRI humanName="Effective IRI"/><isAbstract humanName="Is Abstract">false</isAbstract><isActive humanName="Is Active">false</isActive><isFinalSpecialization humanName="Is Final Specialization">false</isFinalSpecialization><isLeaf humanName="Is Leaf">false</isLeaf><isReadOnly humanName="Is Read Only" mode="s,e">false</isReadOnly><isReentrant humanName="Is Reentrant">true</isReentrant><isSingleExecution humanName="Is Single Execution" mode="s,e">false</isSingleExecution><member humanName="Member"><parameter classType="Parameter" humanType="Parameter" icon="ElectronicsAssemblyCaseStudy_files/icon_parameter_1919576980.svg" name="partIN" refid="a57c8509-1b0c-40e7-b901-e83c30d2454f"/><parameter classType="Parameter" humanType="Parameter" icon="ElectronicsAssemblyCaseStudy_files/icon_parameter_1919576980.svg" name="partOUT" refid="8228006b-8360-4295-80c2-1ee5ba2e15c7"/><parameter classType="Parameter" humanType="Parameter" icon="ElectronicsAssemblyCaseStudy_files/icon_parameter_1919576980.svg" name="workOrderIN" refid="ae532d33-5602-4757-bec2-2e4880714a51"/></member><name humanName="Name" mode="s,e">PutOutputs_GeneratedWireKitB</name><namespace classType="Package" humanName="Namespace" humanType="Package" icon="ElectronicsAssemblyCaseStudy_files/icon_package_1622863652.svg" name="Iteration4" refid="4006f04e-3166-4fe3-944f-375b75e4849c"/><node humanName="Node" mode="s,e"><activityparameternode classType="ActivityParameterNode" humanType="Activity Parameter Node" icon="ElectronicsAssemblyCaseStudy_files/icon_activityparameternode_419280591.svg" name="partIN" refid="ec4d173b-58bd-4132-8885-7654e4e1a428"/><activityparameternode classType="ActivityParameterNode" humanType="Activity Parameter Node" icon="ElectronicsAssemblyCaseStudy_files/icon_activityparameternode_419280591.svg" name="partOUT" refid="6afc52ea-f2d7-4e41-9c52-469b71b06323"/><activityparameternode classType="ActivityParameterNode" humanType="Activity Parameter Node" icon="ElectronicsAssemblyCaseStudy_files/icon_activityparameternode_419280591.svg" name="workOrderIN" refid="73a026c1-e686-4976-9179-064b6ba1f4fc"/></node><ownedElement humanName="Owned Element"><activityparameternode classType="ActivityParameterNode" humanType="Activity Parameter Node" icon="ElectronicsAssemblyCaseStudy_files/icon_activityparameternode_419280591.svg" name="partIN" refid="ec4d173b-58bd-4132-8885-7654e4e1a428"/><parameter classType="Parameter" humanType="Parameter" icon="ElectronicsAssemblyCaseStudy_files/icon_parameter_1919576980.svg" name="partIN" refid="a57c8509-1b0c-40e7-b901-e83c30d2454f"/><activityparameternode classType="ActivityParameterNode" humanType="Activity Parameter Node" icon="ElectronicsAssemblyCaseStudy_files/icon_activityparameternode_419280591.svg" name="partOUT" refid="6afc52ea-f2d7-4e41-9c52-469b71b06323"/><parameter classType="Parameter" humanType="Parameter" icon="ElectronicsAssemblyCaseStudy_files/icon_parameter_1919576980.svg" name="partOUT" refid="8228006b-8360-4295-80c2-1ee5ba2e15c7"/><activityparameternode classType="ActivityParameterNode" humanType="Activity Parameter Node" icon="ElectronicsAssemblyCaseStudy_files/icon_activityparameternode_419280591.svg" name="workOrderIN" refid="73a026c1-e686-4976-9179-064b6ba1f4fc"/><parameter classType="Parameter" humanType="Parameter" icon="ElectronicsAssemblyCaseStudy_files/icon_parameter_1919576980.svg" name="workOrderIN" refid="ae532d33-5602-4757-bec2-2e4880714a51"/></ownedElement><ownedMember humanName="Owned Member"><parameter classType="Parameter" humanType="Parameter" icon="ElectronicsAssemblyCaseStudy_files/icon_parameter_1919576980.svg" name="partIN" refid="a57c8509-1b0c-40e7-b901-e83c30d2454f"/><parameter classType="Parameter" humanType="Parameter" icon="ElectronicsAssemblyCaseStudy_files/icon_parameter_1919576980.svg" name="partOUT" refid="8228006b-8360-4295-80c2-1ee5ba2e15c7"/><parameter classType="Parameter" humanType="Parameter" icon="ElectronicsAssemblyCaseStudy_files/icon_parameter_1919576980.svg" name="workOrderIN" refid="ae532d33-5602-4757-bec2-2e4880714a51"/></ownedMember><ownedParameter humanName="Owned Parameter"><parameter classType="Parameter" humanType="Parameter" icon="ElectronicsAssemblyCaseStudy_files/icon_parameter_1919576980.svg" name="partIN" refid="a57c8509-1b0c-40e7-b901-e83c30d2454f"/><parameter classType="Parameter" humanType="Parameter" icon="ElectronicsAssemblyCaseStudy_files/icon_parameter_1919576980.svg" name="partOUT" refid="8228006b-8360-4295-80c2-1ee5ba2e15c7"/><parameter classType="Parameter" humanType="Parameter" icon="ElectronicsAssemblyCaseStudy_files/icon_parameter_1919576980.svg" name="workOrderIN" refid="ae532d33-5602-4757-bec2-2e4880714a51"/></ownedParameter><owner classType="Package" humanName="Owner" humanType="Package" icon="ElectronicsAssemblyCaseStudy_files/icon_package_1622863652.svg" mode="s,e" name="Iteration4" refid="4006f04e-3166-4fe3-944f-375b75e4849c"/><owningPackage classType="Package" humanName="Owning Package" humanType="Package" icon="ElectronicsAssemblyCaseStudy_files/icon_package_1622863652.svg" name="Iteration4" refid="4006f04e-3166-4fe3-944f-375b75e4849c"/><package classType="Package" humanName="Package" humanType="Package" icon="ElectronicsAssemblyCaseStudy_files/icon_package_1622863652.svg" name="Iteration4" refid="4006f04e-3166-4fe3-944f-375b75e4849c"/><qualifiedName humanName="Qualified Name" mode="e">0 - Production System Reference Architecture::5 - Architecture pkg::5.0 - Functional Architecture::5.0.9 - PutOutputs::Iteration4::PutOutputs_GeneratedWireKitB</qualifiedName><TO_DO humanName="To Do" mode="s,e"/><usedClassifier humanName="Used Classifier"><block classType="Class" humanType="Block" icon="ElectronicsAssemblyCaseStudy_files/icon_block_1181413890.svg" name="GeneratedWireKitB" refid="f25c630a-6cb5-4860-a9a4-68f3f0a895e3"/></usedClassifier><visibility humanName="Visibility">public</visibility></activity></magicdraw>