<?xml version="1.0" encoding="UTF-8"?><magicdraw><inputpin classType="InputPin" humanType="Input Pin" icon="ElectronicsAssemblyCaseStudy_files/icon_inputpin_562685863.svg" id="10d9998d-e218-4829-8f0a-40d2b65c93e8"><documentation humanName="Documentation"/><isControl humanName="Is Control" mode="e">false</isControl><isControlType humanName="Is Control Type">false</isControlType><isLeaf humanName="Is Leaf">false</isLeaf><isOrdered humanName="Is Ordered">false</isOrdered><isUnique humanName="Is Unique">true</isUnique><lower humanName="Lower">1</lower><lowerValue classType="LiteralInteger" humanName="Lower Value" humanType="Literal Integer" icon="ElectronicsAssemblyCaseStudy_files/icon_literalinteger_1747824475.svg" name="1" refid="5bf90823-7bdb-4e64-bac7-2f6a68b18537" text="1"/><multiplicity humanName="Multiplicity" mode="s,e">1</multiplicity><multiplicity humanName="Multiplicity" mode="s,e">1</multiplicity><name humanName="Name" mode="s,e">workOrderIN</name><ordering humanName="Ordering">FIFO</ordering><ownedElement humanName="Owned Element"><literalinteger classType="LiteralInteger" humanType="Literal Integer" icon="ElectronicsAssemblyCaseStudy_files/icon_literalinteger_1747824475.svg" name="1" refid="5bf90823-7bdb-4e64-bac7-2f6a68b18537" text="1"/><literalunlimitednatural classType="LiteralUnlimitedNatural" humanType="Literal Unlimited Natural" icon="ElectronicsAssemblyCaseStudy_files/icon_literalunlimitednatural_1702058771.svg" name="1" refid="5bec9a4c-06c3-438b-8ae9-34ed98c5dcf3" text="1"/></ownedElement><owner classType="CallBehaviorAction" humanName="Owner" humanType="Call Behavior Action" icon="ElectronicsAssemblyCaseStudy_files/icon_callbehavioraction_66845334.svg" mode="s,e" name="Inputs" refid="93f7ee0e-e981-4798-8a55-e3810a8218b4"/><qualifiedName humanName="Qualified Name" mode="e">0 - Production System Reference Architecture::5 - Architecture pkg::5.0 - Functional Architecture::5.0.1 - Make::Iteration3::MakeSensorCard+PBA::Inputs::workOrderIN</qualifiedName><syncElement classType="Parameter" humanName="Sync Element" humanType="Parameter" icon="ElectronicsAssemblyCaseStudy_files/icon_parameter_1919576980.svg" name="workOrderIN" refid="b47dab9c-cc29-4448-a53b-41277579428d"/><TO_DO humanName="To Do" mode="s,e"/><TYPE_MODIFIER humanName="Type Modifier"/><upper humanName="Upper">1</upper><upperValue classType="LiteralUnlimitedNatural" humanName="Upper Value" humanType="Literal Unlimited Natural" icon="ElectronicsAssemblyCaseStudy_files/icon_literalunlimitednatural_1702058771.svg" name="1" refid="5bec9a4c-06c3-438b-8ae9-34ed98c5dcf3" text="1"/><visibility humanName="Visibility">public</visibility><appearsIn><diagram classType="Diagram" humanType="Diagram" icon="ElectronicsAssemblyCaseStudy_files/icon_SysML Activity Diagram_1550211747.svg" name="MakeSensorCard+PBA" refid="f4621b3b-7b68-4104-ac9e-f922f24cc7a8"/></appearsIn></inputpin></magicdraw>