<?xml version="1.0" encoding="UTF-8"?><magicdraw><comment classType="Comment" humanType="Comment" icon="ElectronicsAssemblyCaseStudy_files/icon_comment_1977612160.svg" id="1103d6fa-0e69-4d8b-be8b-a3142172afba"><annotatedElement humanName="Annotated Element" mode="s,e"><performancerequirement classType="Class" humanType="Performance Requirement" icon="ElectronicsAssemblyCaseStudy_files/icon_performancerequirement_1259612741.svg" name="Upside Supply Chain Flexibility" refid="849c1af4-0e08-4579-906e-4566bfeedcaa"/></annotatedElement><body humanName="Body" mode="s,e">The number of days required to achieve an unplanned sustainable 20% increase in quantities
delivered.</body><documentation humanName="Documentation"/><owner classType="Class" humanName="Owner" humanType="Performance Requirement" icon="ElectronicsAssemblyCaseStudy_files/icon_performancerequirement_1259612741.svg" mode="s,e" name="Upside Supply Chain Flexibility" refid="849c1af4-0e08-4579-906e-4566bfeedcaa"/><owningElement classType="Class" humanName="Owning Element" humanType="Performance Requirement" icon="ElectronicsAssemblyCaseStudy_files/icon_performancerequirement_1259612741.svg" name="Upside Supply Chain Flexibility" refid="849c1af4-0e08-4579-906e-4566bfeedcaa"/><TO_DO humanName="To Do" mode="s,e"/></comment></magicdraw>