<?xml version="1.0" encoding="UTF-8"?><magicdraw><literalstring classType="LiteralString" humanType="Literal String" icon="ElectronicsAssemblyCaseStudy_files/icon_literalstring_1903496650.svg" id="11193b4a-c393-44e5-8590-4ebb8b3505b4"><documentation humanName="Documentation"/><name humanName="Name"/><owner classType="Slot" humanName="Owner" humanType="Slot" icon="ElectronicsAssemblyCaseStudy_files/icon_slot_283253595.svg" mode="e" refid="042f23d4-dedd-4f98-9aa7-6f846872a978"/><owningSlot classType="Slot" humanName="Owning Slot" humanType="Slot" icon="ElectronicsAssemblyCaseStudy_files/icon_slot_283253595.svg" refid="042f23d4-dedd-4f98-9aa7-6f846872a978"/><qualifiedName humanName="Qualified Name"/><text humanName="Text" mode="standard">52.7</text><TO_DO humanName="To Do"/><TYPE_MODIFIER humanName="Type Modifier"/><value humanName="Value" mode="s,e">52.7</value><visibility humanName="Visibility">public</visibility></literalstring></magicdraw>