<?xml version="1.0" encoding="UTF-8"?><magicdraw><extension classType="Extension" humanType="Extension" icon="ElectronicsAssemblyCaseStudy_files/icon_extension_161954075.svg" id="11202ef3-cafc-4635-8779-ea89af44f6d6"><documentation humanName="Documentation"/><endType humanName="End Type"><stereotype classType="Stereotype" humanType="Stereotype" icon="ElectronicsAssemblyCaseStudy_files/icon_stereotype_918307166.svg" name="BusinessRequirement" refid="e7b1e458-d310-462e-bcc0-46ad43067f83"/><class classType="Class" humanType="Class" icon="ElectronicsAssemblyCaseStudy_files/icon_class_1089242599.svg" name="Class" refid="d1675d11-baa9-4f38-8999-df3ffed63534"/></endType><feature humanName="Feature"><extensionend classType="ExtensionEnd" humanType="Extension End" icon="ElectronicsAssemblyCaseStudy_files/icon_extensionend_1951322463.svg" name="extension_unnamed1" refid="58bfe04f-a335-47ad-9295-f79c5674536f"/></feature><isAbstract humanName="Is Abstract">false</isAbstract><isDerived humanName="Is Derived">false</isDerived><isFinalSpecialization humanName="Is Final Specialization">false</isFinalSpecialization><isLeaf humanName="Is Leaf">false</isLeaf><isRequired humanName="Is Required" mode="s,e">false</isRequired><member humanName="Member"><property classType="Property" humanType="Property" icon="ElectronicsAssemblyCaseStudy_files/icon_property_1222216476.svg" name="base_Class" refid="1bfc4bbc-161a-4ed9-84e1-43f06c9b0f7b"/><extensionend classType="ExtensionEnd" humanType="Extension End" icon="ElectronicsAssemblyCaseStudy_files/icon_extensionend_1951322463.svg" name="extension_unnamed1" refid="58bfe04f-a335-47ad-9295-f79c5674536f"/></member><memberEnd humanName="Member End"><property classType="Property" humanType="Property" icon="ElectronicsAssemblyCaseStudy_files/icon_property_1222216476.svg" name="base_Class" refid="1bfc4bbc-161a-4ed9-84e1-43f06c9b0f7b"/><extensionend classType="ExtensionEnd" humanType="Extension End" icon="ElectronicsAssemblyCaseStudy_files/icon_extensionend_1951322463.svg" name="extension_unnamed1" refid="58bfe04f-a335-47ad-9295-f79c5674536f"/></memberEnd><metaclass classType="Class" humanName="Metaclass" humanType="Class" icon="ElectronicsAssemblyCaseStudy_files/icon_class_1089242599.svg" mode="s,e" name="Class" refid="d1675d11-baa9-4f38-8999-df3ffed63534"/><name humanName="Name" mode="s,e"/><namespace classType="Package" humanName="Namespace" humanType="Package" icon="ElectronicsAssemblyCaseStudy_files/icon_package_1622863652.svg" name="1.1.3 Constraints &amp; Requirements pkg" refid="f854f931-ab24-492b-a409-21ea03d07a4c"/><navigableOwnedEnd humanName="Navigable Owned End" mode="e"><extensionend classType="ExtensionEnd" humanType="Extension End" icon="ElectronicsAssemblyCaseStudy_files/icon_extensionend_1951322463.svg" name="extension_unnamed1" refid="58bfe04f-a335-47ad-9295-f79c5674536f"/></navigableOwnedEnd><ownedElement humanName="Owned Element"><extensionend classType="ExtensionEnd" humanType="Extension End" icon="ElectronicsAssemblyCaseStudy_files/icon_extensionend_1951322463.svg" name="extension_unnamed1" refid="58bfe04f-a335-47ad-9295-f79c5674536f"/></ownedElement><ownedEnd humanName="Owned End"><extensionend classType="ExtensionEnd" humanType="Extension End" icon="ElectronicsAssemblyCaseStudy_files/icon_extensionend_1951322463.svg" name="extension_unnamed1" refid="58bfe04f-a335-47ad-9295-f79c5674536f"/></ownedEnd><ownedMember humanName="Owned Member"><extensionend classType="ExtensionEnd" humanType="Extension End" icon="ElectronicsAssemblyCaseStudy_files/icon_extensionend_1951322463.svg" name="extension_unnamed1" refid="58bfe04f-a335-47ad-9295-f79c5674536f"/></ownedMember><owner classType="Package" humanName="Owner" humanType="Package" icon="ElectronicsAssemblyCaseStudy_files/icon_package_1622863652.svg" name="1.1.3 Constraints &amp; Requirements pkg" refid="f854f931-ab24-492b-a409-21ea03d07a4c"/><owningPackage classType="Package" humanName="Owning Package" humanType="Package" icon="ElectronicsAssemblyCaseStudy_files/icon_package_1622863652.svg" name="1.1.3 Constraints &amp; Requirements pkg" refid="f854f931-ab24-492b-a409-21ea03d07a4c"/><package classType="Package" humanName="Package" humanType="Package" icon="ElectronicsAssemblyCaseStudy_files/icon_package_1622863652.svg" name="1.1.3 Constraints &amp; Requirements pkg" refid="f854f931-ab24-492b-a409-21ea03d07a4c"/><qualifiedName humanName="Qualified Name" mode="e">0 - Production System Reference Architecture::1 - Stakeholders pkg::1.1 - Business Function pkg::1.1.3 Constraints &amp; Requirements pkg::</qualifiedName><relatedElement humanName="Related Element"><stereotype classType="Stereotype" humanType="Stereotype" icon="ElectronicsAssemblyCaseStudy_files/icon_stereotype_918307166.svg" name="BusinessRequirement" refid="e7b1e458-d310-462e-bcc0-46ad43067f83"/><class classType="Class" humanType="Class" icon="ElectronicsAssemblyCaseStudy_files/icon_class_1089242599.svg" name="Class" refid="d1675d11-baa9-4f38-8999-df3ffed63534"/></relatedElement><TO_DO humanName="To Do" mode="s,e"/><visibility humanName="Visibility">public</visibility></extension></magicdraw>