<?xml version="1.0" encoding="UTF-8"?><magicdraw><instancespecification classType="InstanceSpecification" humanType="Instance Specification" icon="ElectronicsAssemblyCaseStudy_files/icon_instancespecification_13643661.svg" id="1158ad66-45c4-45d9-8d30-e6a60aa85ea4"><classifier humanName="Classifier" mode="s,e"><stereotype classType="Stereotype" humanType="Stereotype" icon="ElectronicsAssemblyCaseStudy_files/icon_stereotype_918307166.svg" name="DiagramInfo" refid="ace076d1-a486-4673-a2cc-4978d8b7f5a1"/><stereotype classType="Stereotype" humanType="Stereotype" icon="ElectronicsAssemblyCaseStudy_files/icon_stereotype_918307166.svg" name="DiagramTable" refid="53c13861-71ec-4f90-a8fd-853e3a5ca966"/><stereotype classType="Stereotype" humanType="Stereotype" icon="ElectronicsAssemblyCaseStudy_files/icon_stereotype_918307166.svg" name="RequirementTable" refid="49108a7e-7c70-46c4-94db-4967d7257d81"/></classifier><documentation humanName="Documentation"/><name humanName="Name" mode="s,e"/><ownedElement humanName="Owned Element"><slot classType="Slot" humanType="Slot" icon="ElectronicsAssemblyCaseStudy_files/icon_slot_283253595.svg" refid="5e163ebe-019c-405a-b5a0-83859cdc205d"/><slot classType="Slot" humanType="Slot" icon="ElectronicsAssemblyCaseStudy_files/icon_slot_283253595.svg" refid="4638d103-4612-4b6c-83e2-9c5af7b8542a"/><slot classType="Slot" humanType="Slot" icon="ElectronicsAssemblyCaseStudy_files/icon_slot_283253595.svg" refid="577d1e20-0c2c-4ba4-91db-270c40eed695"/><slot classType="Slot" humanType="Slot" icon="ElectronicsAssemblyCaseStudy_files/icon_slot_283253595.svg" refid="548239fb-65f4-4ef1-a0fc-eb3c843e66e8"/><slot classType="Slot" humanType="Slot" icon="ElectronicsAssemblyCaseStudy_files/icon_slot_283253595.svg" refid="0a6fa223-99f5-43bd-ac42-7ac7735dc04b"/><slot classType="Slot" humanType="Slot" icon="ElectronicsAssemblyCaseStudy_files/icon_slot_283253595.svg" refid="63c082a9-89c4-4dba-9a9d-e382a932a14e"/><slot classType="Slot" humanType="Slot" icon="ElectronicsAssemblyCaseStudy_files/icon_slot_283253595.svg" refid="8a246832-a5ac-431b-ad3f-5e205285581c"/><slot classType="Slot" humanType="Slot" icon="ElectronicsAssemblyCaseStudy_files/icon_slot_283253595.svg" refid="6f2cfa26-dc3e-4df1-89b2-d9018b947065"/><slot classType="Slot" humanType="Slot" icon="ElectronicsAssemblyCaseStudy_files/icon_slot_283253595.svg" refid="985d84c4-5410-496c-b86f-aed263bb5ac5"/><slot classType="Slot" humanType="Slot" icon="ElectronicsAssemblyCaseStudy_files/icon_slot_283253595.svg" refid="3e1d9b65-aa03-4275-b414-0feb7613043b"/><slot classType="Slot" humanType="Slot" icon="ElectronicsAssemblyCaseStudy_files/icon_slot_283253595.svg" refid="72ae92c0-802b-4736-b472-47756a511e7b"/><slot classType="Slot" humanType="Slot" icon="ElectronicsAssemblyCaseStudy_files/icon_slot_283253595.svg" refid="bbdedc2b-15ec-410f-8924-13e0556a2fcb"/><slot classType="Slot" humanType="Slot" icon="ElectronicsAssemblyCaseStudy_files/icon_slot_283253595.svg" refid="80dd0aab-8745-4268-8968-5f0e9745eb44"/><slot classType="Slot" humanType="Slot" icon="ElectronicsAssemblyCaseStudy_files/icon_slot_283253595.svg" refid="0d584226-1df4-4815-91f0-1073b63bf02e"/><slot classType="Slot" humanType="Slot" icon="ElectronicsAssemblyCaseStudy_files/icon_slot_283253595.svg" refid="266f2ac2-a82a-4065-9930-ac5203c77566"/><slot classType="Slot" humanType="Slot" icon="ElectronicsAssemblyCaseStudy_files/icon_slot_283253595.svg" refid="4c596300-e693-4d0e-96bc-6026c8360e20"/><slot classType="Slot" humanType="Slot" icon="ElectronicsAssemblyCaseStudy_files/icon_slot_283253595.svg" refid="02f71734-f0a6-44cf-898f-6c5e30b82ad0"/><slot classType="Slot" humanType="Slot" icon="ElectronicsAssemblyCaseStudy_files/icon_slot_283253595.svg" refid="e8b04bb3-e2cb-4409-8eb1-180049b081ef"/></ownedElement><owner classType="Diagram" humanName="Owner" humanType="Diagram" icon="ElectronicsAssemblyCaseStudy_files/icon_Requirement Table_1509490496.svg" mode="s,e" name="1.1 - Business Function Needs" refid="0fed21b3-5e59-41f2-9c98-bcbf8c88a332"/><qualifiedName humanName="Qualified Name" mode="e">0 - Production System Reference Architecture::1 - Stakeholders pkg::1.1 - Business Function pkg::1.1.2 Needs &amp; Objectives pkg::1.1 - Business Function Needs::</qualifiedName><slot humanName="Slot"><slot classType="Slot" humanType="Slot" icon="ElectronicsAssemblyCaseStudy_files/icon_slot_283253595.svg" refid="5e163ebe-019c-405a-b5a0-83859cdc205d"/><slot classType="Slot" humanType="Slot" icon="ElectronicsAssemblyCaseStudy_files/icon_slot_283253595.svg" refid="4638d103-4612-4b6c-83e2-9c5af7b8542a"/><slot classType="Slot" humanType="Slot" icon="ElectronicsAssemblyCaseStudy_files/icon_slot_283253595.svg" refid="577d1e20-0c2c-4ba4-91db-270c40eed695"/><slot classType="Slot" humanType="Slot" icon="ElectronicsAssemblyCaseStudy_files/icon_slot_283253595.svg" refid="548239fb-65f4-4ef1-a0fc-eb3c843e66e8"/><slot classType="Slot" humanType="Slot" icon="ElectronicsAssemblyCaseStudy_files/icon_slot_283253595.svg" refid="0a6fa223-99f5-43bd-ac42-7ac7735dc04b"/><slot classType="Slot" humanType="Slot" icon="ElectronicsAssemblyCaseStudy_files/icon_slot_283253595.svg" refid="63c082a9-89c4-4dba-9a9d-e382a932a14e"/><slot classType="Slot" humanType="Slot" icon="ElectronicsAssemblyCaseStudy_files/icon_slot_283253595.svg" refid="8a246832-a5ac-431b-ad3f-5e205285581c"/><slot classType="Slot" humanType="Slot" icon="ElectronicsAssemblyCaseStudy_files/icon_slot_283253595.svg" refid="6f2cfa26-dc3e-4df1-89b2-d9018b947065"/><slot classType="Slot" humanType="Slot" icon="ElectronicsAssemblyCaseStudy_files/icon_slot_283253595.svg" refid="985d84c4-5410-496c-b86f-aed263bb5ac5"/><slot classType="Slot" humanType="Slot" icon="ElectronicsAssemblyCaseStudy_files/icon_slot_283253595.svg" refid="3e1d9b65-aa03-4275-b414-0feb7613043b"/><slot classType="Slot" humanType="Slot" icon="ElectronicsAssemblyCaseStudy_files/icon_slot_283253595.svg" refid="72ae92c0-802b-4736-b472-47756a511e7b"/><slot classType="Slot" humanType="Slot" icon="ElectronicsAssemblyCaseStudy_files/icon_slot_283253595.svg" refid="bbdedc2b-15ec-410f-8924-13e0556a2fcb"/><slot classType="Slot" humanType="Slot" icon="ElectronicsAssemblyCaseStudy_files/icon_slot_283253595.svg" refid="80dd0aab-8745-4268-8968-5f0e9745eb44"/><slot classType="Slot" humanType="Slot" icon="ElectronicsAssemblyCaseStudy_files/icon_slot_283253595.svg" refid="0d584226-1df4-4815-91f0-1073b63bf02e"/><slot classType="Slot" humanType="Slot" icon="ElectronicsAssemblyCaseStudy_files/icon_slot_283253595.svg" refid="266f2ac2-a82a-4065-9930-ac5203c77566"/><slot classType="Slot" humanType="Slot" icon="ElectronicsAssemblyCaseStudy_files/icon_slot_283253595.svg" refid="4c596300-e693-4d0e-96bc-6026c8360e20"/><slot classType="Slot" humanType="Slot" icon="ElectronicsAssemblyCaseStudy_files/icon_slot_283253595.svg" refid="02f71734-f0a6-44cf-898f-6c5e30b82ad0"/><slot classType="Slot" humanType="Slot" icon="ElectronicsAssemblyCaseStudy_files/icon_slot_283253595.svg" refid="e8b04bb3-e2cb-4409-8eb1-180049b081ef"/></slot><stereotypedElement classType="Diagram" humanName="Stereotyped Element" humanType="Diagram" icon="ElectronicsAssemblyCaseStudy_files/icon_Requirement Table_1509490496.svg" name="1.1 - Business Function Needs" refid="0fed21b3-5e59-41f2-9c98-bcbf8c88a332"/><TO_DO humanName="To Do" mode="s,e"/><visibility humanName="Visibility">public</visibility></instancespecification></magicdraw>