<?xml version="1.0" encoding="UTF-8"?><magicdraw><instancespecification classType="InstanceSpecification" humanType="Instance Specification" icon="ElectronicsAssemblyCaseStudy_files/icon_instancespecification_13643661.svg" id="11f9ab6e-e326-4999-89ef-f1ea7a9e0aca"><classifier humanName="Classifier" mode="s,e"><stereotype classType="Stereotype" humanType="Stereotype" icon="ElectronicsAssemblyCaseStudy_files/icon_stereotype_1181413890.svg" name="Block" refid="8e0fce90-9291-4dd4-b177-0d6e47dccd70"/></classifier><documentation humanName="Documentation"/><name humanName="Name" mode="s,e"/><owner classType="Class" humanName="Owner" humanType="Block" icon="ElectronicsAssemblyCaseStudy_files/icon_block_1181413890.svg" mode="s,e" name="ElectronicAssembly+E01" refid="6dc51da6-151a-4d2c-a4ed-d81b34cc2632"/><qualifiedName humanName="Qualified Name" mode="e">2 - Product Specification::ElectronicAssembly+E01::</qualifiedName><stereotypedElement classType="Class" humanName="Stereotyped Element" humanType="Block" icon="ElectronicsAssemblyCaseStudy_files/icon_block_1181413890.svg" name="ElectronicAssembly+E01" refid="6dc51da6-151a-4d2c-a4ed-d81b34cc2632"/><TO_DO humanName="To Do" mode="s,e"/><visibility humanName="Visibility">public</visibility></instancespecification></magicdraw>