<?xml version="1.0" encoding="UTF-8"?><magicdraw><slot classType="Slot" humanType="Slot" icon="ElectronicsAssemblyCaseStudy_files/icon_slot_283253595.svg" id="12429c89-0900-4578-9037-97dffecc75bf"><definingFeature classType="Property" humanName="Defining Feature" humanType="Property" icon="ElectronicsAssemblyCaseStudy_files/icon_property_1222216476.svg" mode="s,e" name="Author" refid="9aa461fb-7317-4f16-ac4e-61634f883029"/><documentation humanName="Documentation"/><ownedElement humanName="Owned Element"><literalstring classType="LiteralString" humanType="Literal String" icon="ElectronicsAssemblyCaseStudy_files/icon_literalstring_1903496650.svg" name="gthiers" refid="34f66308-1096-457c-83d5-101e7937b08f" text="gthiers"/></ownedElement><owner classType="InstanceSpecification" humanName="Owner" humanType="Instance Specification" icon="ElectronicsAssemblyCaseStudy_files/icon_instancespecification_13643661.svg" mode="s,e" name=" : UML Standard Profile::MagicDraw Profile::DiagramInfo" refid="159d3314-d575-44c5-9d44-9e173f8f7ee8"/><owningInstance classType="InstanceSpecification" humanName="Owning Instance" humanType="Instance Specification" icon="ElectronicsAssemblyCaseStudy_files/icon_instancespecification_13643661.svg" name=" : UML Standard Profile::MagicDraw Profile::DiagramInfo" refid="159d3314-d575-44c5-9d44-9e173f8f7ee8"/><TO_DO humanName="To Do" mode="s,e"/><value humanName="Value" mode="s,e"><literalstring classType="LiteralString" humanType="Literal String" icon="ElectronicsAssemblyCaseStudy_files/icon_literalstring_1903496650.svg" name="gthiers" refid="34f66308-1096-457c-83d5-101e7937b08f" text="gthiers"/></value></slot></magicdraw>