<?xml version="1.0" encoding="UTF-8"?><magicdraw><instancespecification classType="InstanceSpecification" humanType="Instance Specification" icon="ElectronicsAssemblyCaseStudy_files/icon_instancespecification_13643661.svg" id="128185b0-c919-46f1-b8d4-019d0ef8fdcf"><classifier humanName="Classifier" mode="s,e"><stereotype classType="Stereotype" humanType="Stereotype" icon="ElectronicsAssemblyCaseStudy_files/icon_stereotype_47622969.svg" name="ValueProperty" refid="bdfa68cc-211c-4f1f-bfeb-ab872e01816f"/></classifier><documentation humanName="Documentation"/><name humanName="Name" mode="s,e"/><owner classType="Property" humanName="Owner" humanType="Value Property" icon="ElectronicsAssemblyCaseStudy_files/icon_valueproperty_47622969.svg" mode="s,e" name="partNumber" refid="ad2d855a-fbac-4479-a692-d9217e7d18b0"/><qualifiedName humanName="Qualified Name" mode="e">2 - Product Specification::CCA2+MPA::partNumber::</qualifiedName><stereotypedElement classType="Property" humanName="Stereotyped Element" humanType="Value Property" icon="ElectronicsAssemblyCaseStudy_files/icon_valueproperty_47622969.svg" name="partNumber" refid="ad2d855a-fbac-4479-a692-d9217e7d18b0"/><TO_DO humanName="To Do" mode="s,e"/><visibility humanName="Visibility">public</visibility></instancespecification></magicdraw>