<?xml version="1.0" encoding="UTF-8"?><magicdraw><generalization classType="Generalization" humanType="Generalization" icon="ElectronicsAssemblyCaseStudy_files/icon_generalization_1702478809.svg" id="128be54b-4ffc-4413-8719-ab03e3dc8e7d"><documentation humanName="Documentation"/><general classType="Class" humanName="General" humanType="Block" icon="ElectronicsAssemblyCaseStudy_files/icon_block_1181413890.svg" mode="s,e" name="Part" refid="c516c8a0-bcdd-4c9b-ae10-51922a11b225"/><isSubstitutable humanName="Is Substitutable">true</isSubstitutable><owner classType="Class" humanName="Owner" humanType="Block" icon="ElectronicsAssemblyCaseStudy_files/icon_block_1181413890.svg" mode="s,e" name="SensorCard+MPA" refid="53ca1c00-7a0e-42b0-810f-320e0ea558e0"/><relatedElement humanName="Related Element"><block classType="Class" humanType="Block" icon="ElectronicsAssemblyCaseStudy_files/icon_block_1181413890.svg" name="Part" refid="c516c8a0-bcdd-4c9b-ae10-51922a11b225"/><block classType="Class" humanType="Block" icon="ElectronicsAssemblyCaseStudy_files/icon_block_1181413890.svg" name="SensorCard+MPA" refid="53ca1c00-7a0e-42b0-810f-320e0ea558e0"/></relatedElement><source humanName="Source"><block classType="Class" humanType="Block" icon="ElectronicsAssemblyCaseStudy_files/icon_block_1181413890.svg" name="SensorCard+MPA" refid="53ca1c00-7a0e-42b0-810f-320e0ea558e0"/></source><specific classType="Class" humanName="Specific" humanType="Block" icon="ElectronicsAssemblyCaseStudy_files/icon_block_1181413890.svg" mode="s,e" name="SensorCard+MPA" refid="53ca1c00-7a0e-42b0-810f-320e0ea558e0"/><target humanName="Target"><block classType="Class" humanType="Block" icon="ElectronicsAssemblyCaseStudy_files/icon_block_1181413890.svg" name="Part" refid="c516c8a0-bcdd-4c9b-ae10-51922a11b225"/></target><TO_DO humanName="To Do" mode="s,e"/></generalization></magicdraw>