<?xml version="1.0" encoding="UTF-8"?><magicdraw><inputpin classType="InputPin" humanType="Input Pin" icon="ElectronicsAssemblyCaseStudy_files/icon_inputpin_562685863.svg" id="12c788eb-5bf7-480c-bc0c-32f6a54ea5ad"><documentation humanName="Documentation"/><isControl humanName="Is Control" mode="e">false</isControl><isControlType humanName="Is Control Type">false</isControlType><isLeaf humanName="Is Leaf">false</isLeaf><isOrdered humanName="Is Ordered">false</isOrdered><isUnique humanName="Is Unique">true</isUnique><lower humanName="Lower">1</lower><lowerValue classType="LiteralInteger" humanName="Lower Value" humanType="Literal Integer" icon="ElectronicsAssemblyCaseStudy_files/icon_literalinteger_1747824475.svg" name="1" refid="9f6b8667-a665-42f5-8536-f7d410e6a76c" text="1"/><multiplicity humanName="Multiplicity" mode="s,e">1</multiplicity><multiplicity humanName="Multiplicity" mode="s,e">1</multiplicity><name humanName="Name" mode="s,e">workOrderIN</name><ordering humanName="Ordering">FIFO</ordering><ownedElement humanName="Owned Element"><literalinteger classType="LiteralInteger" humanType="Literal Integer" icon="ElectronicsAssemblyCaseStudy_files/icon_literalinteger_1747824475.svg" name="1" refid="9f6b8667-a665-42f5-8536-f7d410e6a76c" text="1"/><literalunlimitednatural classType="LiteralUnlimitedNatural" humanType="Literal Unlimited Natural" icon="ElectronicsAssemblyCaseStudy_files/icon_literalunlimitednatural_1702058771.svg" name="1" refid="3fef38de-4e23-4ba3-bd8f-e3dbd9d818dd" text="1"/></ownedElement><owner classType="CallBehaviorAction" humanName="Owner" humanType="Call Behavior Action" icon="ElectronicsAssemblyCaseStudy_files/icon_callbehavioraction_66845334.svg" mode="s,e" name="ElectronicAssembly" refid="e0109950-c067-4212-a5d2-bf4761c2f5ca"/><qualifiedName humanName="Qualified Name" mode="e">0 - Production System Reference Architecture::5 - Architecture pkg::5.0 - Functional Architecture::5.0.8 - GetInputs::Iteration1::GetInputs_Coupler::ElectronicAssembly::workOrderIN</qualifiedName><syncElement classType="Parameter" humanName="Sync Element" humanType="Parameter" icon="ElectronicsAssemblyCaseStudy_files/icon_parameter_1919576980.svg" name="workOrderIN" refid="b1a87a6f-0ac6-4f39-a6ce-ba964df94d39"/><TO_DO humanName="To Do" mode="s,e"/><TYPE_MODIFIER humanName="Type Modifier"/><upper humanName="Upper">1</upper><upperValue classType="LiteralUnlimitedNatural" humanName="Upper Value" humanType="Literal Unlimited Natural" icon="ElectronicsAssemblyCaseStudy_files/icon_literalunlimitednatural_1702058771.svg" name="1" refid="3fef38de-4e23-4ba3-bd8f-e3dbd9d818dd" text="1"/><visibility humanName="Visibility">public</visibility><appearsIn><diagram classType="Diagram" humanType="Diagram" icon="ElectronicsAssemblyCaseStudy_files/icon_SysML Activity Diagram_1550211747.svg" name="GetInputs_Coupler" refid="3eba2311-c0fa-4360-8346-b952d50116da"/></appearsIn></inputpin></magicdraw>