<?xml version="1.0" encoding="UTF-8"?><magicdraw><literalunlimitednatural classType="LiteralUnlimitedNatural" humanType="Literal Unlimited Natural" icon="ElectronicsAssemblyCaseStudy_files/icon_literalunlimitednatural_1702058771.svg" id="135e7e4e-4bcd-4a1d-bfc9-4e6ad3e731bf"><documentation humanName="Documentation"/><name humanName="Name"/><owner classType="OutputPin" humanName="Owner" humanType="Output Pin" icon="ElectronicsAssemblyCaseStudy_files/icon_outputpin_168870325.svg" mode="e" name="MPA" refid="bd4ee7b5-6b59-4047-8186-ebfa0903ca4a"/><owningUpper classType="OutputPin" humanName="Owning Upper" humanType="Output Pin" icon="ElectronicsAssemblyCaseStudy_files/icon_outputpin_168870325.svg" name="MPA" refid="bd4ee7b5-6b59-4047-8186-ebfa0903ca4a"/><qualifiedName humanName="Qualified Name">0 - Production System Reference Architecture::5 - Architecture pkg::5.0 - Functional Architecture::5.0.1 - Make::Iteration4::MakeSensorCard+MP::Inputs::MPA::</qualifiedName><text humanName="Text" mode="standard">1</text><TO_DO humanName="To Do"/><TYPE_MODIFIER humanName="Type Modifier"/><value humanName="Value" mode="s,e">1</value><visibility humanName="Visibility">public</visibility></literalunlimitednatural></magicdraw>