<?xml version="1.0" encoding="UTF-8"?><magicdraw><activity classType="Activity" humanType="Activity" icon="ElectronicsAssemblyCaseStudy_files/icon_activity_1076127169.svg" id="1364b553-b978-4045-847b-207bb1ed79a2"><derivedExplanation humanName="Derived Explanation"/><documentation humanName="Documentation"/><effectiveIRI humanName="Effective IRI"/><isAbstract humanName="Is Abstract">false</isAbstract><isActive humanName="Is Active">false</isActive><isFinalSpecialization humanName="Is Final Specialization">false</isFinalSpecialization><isLeaf humanName="Is Leaf">false</isLeaf><isReadOnly humanName="Is Read Only" mode="s,e">false</isReadOnly><isReentrant humanName="Is Reentrant">true</isReentrant><isSingleExecution humanName="Is Single Execution" mode="s,e">false</isSingleExecution><member humanName="Member"><parameter classType="Parameter" humanType="Parameter" icon="ElectronicsAssemblyCaseStudy_files/icon_parameter_1919576980.svg" name="GenWireKitB" refid="21196af9-c47d-45e8-a072-16056e75ac44"/><parameter classType="Parameter" humanType="Parameter" icon="ElectronicsAssemblyCaseStudy_files/icon_parameter_1919576980.svg" name="GenWireKitC" refid="6f118f78-f44e-457b-82ea-fc968cc940c1"/><diagram classType="Diagram" humanType="Diagram" icon="ElectronicsAssemblyCaseStudy_files/icon_SysML Activity Diagram_1550211747.svg" name="GetInputs_SensorCard+PR" refid="9ca2fc86-8c5e-42cd-841e-dd285dc68247"/><parameter classType="Parameter" humanType="Parameter" icon="ElectronicsAssemblyCaseStudy_files/icon_parameter_1919576980.svg" name="MP" refid="d4abb36d-3b6f-4c15-a11d-e3d4d1628afd"/><parameter classType="Parameter" humanType="Parameter" icon="ElectronicsAssemblyCaseStudy_files/icon_parameter_1919576980.svg" name="PB" refid="24808a5a-aa8f-4576-8a08-b9e719501fd1"/><parameter classType="Parameter" humanType="Parameter" icon="ElectronicsAssemblyCaseStudy_files/icon_parameter_1919576980.svg" name="workOrderIN" refid="f6d61284-8088-44cc-9d9b-4b79da2dd257"/></member><name humanName="Name" mode="s,e">GetInputs_SensorCard+PR</name><namespace classType="Package" humanName="Namespace" humanType="Package" icon="ElectronicsAssemblyCaseStudy_files/icon_package_1622863652.svg" name="Iteration3" refid="d1f6c489-bbd2-4d80-bcd3-2d8c6172750f"/><node humanName="Node" mode="s,e"><callbehavioraction classType="CallBehaviorAction" humanType="Call Behavior Action" icon="ElectronicsAssemblyCaseStudy_files/icon_callbehavioraction_66845334.svg" name="GeneratedWireKitB" refid="5bfca94d-1186-4389-9d7e-e7ab6af13743"/><callbehavioraction classType="CallBehaviorAction" humanType="Call Behavior Action" icon="ElectronicsAssemblyCaseStudy_files/icon_callbehavioraction_66845334.svg" name="GeneratedWireKitC" refid="9db98bad-5bc6-4b99-b22e-c2959750c806"/><activityparameternode classType="ActivityParameterNode" humanType="Activity Parameter Node" icon="ElectronicsAssemblyCaseStudy_files/icon_activityparameternode_419280591.svg" name="GenWireKitB" refid="81f46034-ef8e-4200-ac45-2c92dc8f7760"/><activityparameternode classType="ActivityParameterNode" humanType="Activity Parameter Node" icon="ElectronicsAssemblyCaseStudy_files/icon_activityparameternode_419280591.svg" name="GenWireKitC" refid="13c4073c-10b7-4250-afb6-a59d07a3fd81"/><activityparameternode classType="ActivityParameterNode" humanType="Activity Parameter Node" icon="ElectronicsAssemblyCaseStudy_files/icon_activityparameternode_419280591.svg" name="MP" refid="02744bf2-5939-4b51-9b2c-9e2589e1eaba"/><activityparameternode classType="ActivityParameterNode" humanType="Activity Parameter Node" icon="ElectronicsAssemblyCaseStudy_files/icon_activityparameternode_419280591.svg" name="PB" refid="3ce14d07-a067-406d-b889-b458f6ced9fc"/><callbehavioraction classType="CallBehaviorAction" humanType="Call Behavior Action" icon="ElectronicsAssemblyCaseStudy_files/icon_callbehavioraction_66845334.svg" name="SensorCard_MP" refid="d060dc44-2918-4803-a18b-bd406f367ce3"/><callbehavioraction classType="CallBehaviorAction" humanType="Call Behavior Action" icon="ElectronicsAssemblyCaseStudy_files/icon_callbehavioraction_66845334.svg" name="SensorCard_PB" refid="d2b84148-d4f9-4d96-a174-3113bf8166c6"/><activityparameternode classType="ActivityParameterNode" humanType="Activity Parameter Node" icon="ElectronicsAssemblyCaseStudy_files/icon_activityparameternode_419280591.svg" name="workOrderIN" refid="27af8103-471f-48a7-800f-c9df191d8ff4"/></node><ownedDiagram humanName="Owned Diagram"><diagram classType="Diagram" humanType="Diagram" icon="ElectronicsAssemblyCaseStudy_files/icon_SysML Activity Diagram_1550211747.svg" name="GetInputs_SensorCard+PR" refid="9ca2fc86-8c5e-42cd-841e-dd285dc68247"/></ownedDiagram><ownedElement humanName="Owned Element"><callbehavioraction classType="CallBehaviorAction" humanType="Call Behavior Action" icon="ElectronicsAssemblyCaseStudy_files/icon_callbehavioraction_66845334.svg" name="GeneratedWireKitB" refid="5bfca94d-1186-4389-9d7e-e7ab6af13743"/><callbehavioraction classType="CallBehaviorAction" humanType="Call Behavior Action" icon="ElectronicsAssemblyCaseStudy_files/icon_callbehavioraction_66845334.svg" name="GeneratedWireKitC" refid="9db98bad-5bc6-4b99-b22e-c2959750c806"/><activityparameternode classType="ActivityParameterNode" humanType="Activity Parameter Node" icon="ElectronicsAssemblyCaseStudy_files/icon_activityparameternode_419280591.svg" name="GenWireKitB" refid="81f46034-ef8e-4200-ac45-2c92dc8f7760"/><parameter classType="Parameter" humanType="Parameter" icon="ElectronicsAssemblyCaseStudy_files/icon_parameter_1919576980.svg" name="GenWireKitB" refid="21196af9-c47d-45e8-a072-16056e75ac44"/><activityparameternode classType="ActivityParameterNode" humanType="Activity Parameter Node" icon="ElectronicsAssemblyCaseStudy_files/icon_activityparameternode_419280591.svg" name="GenWireKitC" refid="13c4073c-10b7-4250-afb6-a59d07a3fd81"/><parameter classType="Parameter" humanType="Parameter" icon="ElectronicsAssemblyCaseStudy_files/icon_parameter_1919576980.svg" name="GenWireKitC" refid="6f118f78-f44e-457b-82ea-fc968cc940c1"/><diagram classType="Diagram" humanType="Diagram" icon="ElectronicsAssemblyCaseStudy_files/icon_SysML Activity Diagram_1550211747.svg" name="GetInputs_SensorCard+PR" refid="9ca2fc86-8c5e-42cd-841e-dd285dc68247"/><activityparameternode classType="ActivityParameterNode" humanType="Activity Parameter Node" icon="ElectronicsAssemblyCaseStudy_files/icon_activityparameternode_419280591.svg" name="MP" refid="02744bf2-5939-4b51-9b2c-9e2589e1eaba"/><parameter classType="Parameter" humanType="Parameter" icon="ElectronicsAssemblyCaseStudy_files/icon_parameter_1919576980.svg" name="MP" refid="d4abb36d-3b6f-4c15-a11d-e3d4d1628afd"/><activityparameternode classType="ActivityParameterNode" humanType="Activity Parameter Node" icon="ElectronicsAssemblyCaseStudy_files/icon_activityparameternode_419280591.svg" name="PB" refid="3ce14d07-a067-406d-b889-b458f6ced9fc"/><parameter classType="Parameter" humanType="Parameter" icon="ElectronicsAssemblyCaseStudy_files/icon_parameter_1919576980.svg" name="PB" refid="24808a5a-aa8f-4576-8a08-b9e719501fd1"/><callbehavioraction classType="CallBehaviorAction" humanType="Call Behavior Action" icon="ElectronicsAssemblyCaseStudy_files/icon_callbehavioraction_66845334.svg" name="SensorCard_MP" refid="d060dc44-2918-4803-a18b-bd406f367ce3"/><callbehavioraction classType="CallBehaviorAction" humanType="Call Behavior Action" icon="ElectronicsAssemblyCaseStudy_files/icon_callbehavioraction_66845334.svg" name="SensorCard_PB" refid="d2b84148-d4f9-4d96-a174-3113bf8166c6"/><activityparameternode classType="ActivityParameterNode" humanType="Activity Parameter Node" icon="ElectronicsAssemblyCaseStudy_files/icon_activityparameternode_419280591.svg" name="workOrderIN" refid="27af8103-471f-48a7-800f-c9df191d8ff4"/><parameter classType="Parameter" humanType="Parameter" icon="ElectronicsAssemblyCaseStudy_files/icon_parameter_1919576980.svg" name="workOrderIN" refid="f6d61284-8088-44cc-9d9b-4b79da2dd257"/></ownedElement><ownedMember humanName="Owned Member"><parameter classType="Parameter" humanType="Parameter" icon="ElectronicsAssemblyCaseStudy_files/icon_parameter_1919576980.svg" name="GenWireKitB" refid="21196af9-c47d-45e8-a072-16056e75ac44"/><parameter classType="Parameter" humanType="Parameter" icon="ElectronicsAssemblyCaseStudy_files/icon_parameter_1919576980.svg" name="GenWireKitC" refid="6f118f78-f44e-457b-82ea-fc968cc940c1"/><diagram classType="Diagram" humanType="Diagram" icon="ElectronicsAssemblyCaseStudy_files/icon_SysML Activity Diagram_1550211747.svg" name="GetInputs_SensorCard+PR" refid="9ca2fc86-8c5e-42cd-841e-dd285dc68247"/><parameter classType="Parameter" humanType="Parameter" icon="ElectronicsAssemblyCaseStudy_files/icon_parameter_1919576980.svg" name="MP" refid="d4abb36d-3b6f-4c15-a11d-e3d4d1628afd"/><parameter classType="Parameter" humanType="Parameter" icon="ElectronicsAssemblyCaseStudy_files/icon_parameter_1919576980.svg" name="PB" refid="24808a5a-aa8f-4576-8a08-b9e719501fd1"/><parameter classType="Parameter" humanType="Parameter" icon="ElectronicsAssemblyCaseStudy_files/icon_parameter_1919576980.svg" name="workOrderIN" refid="f6d61284-8088-44cc-9d9b-4b79da2dd257"/></ownedMember><ownedParameter humanName="Owned Parameter"><parameter classType="Parameter" humanType="Parameter" icon="ElectronicsAssemblyCaseStudy_files/icon_parameter_1919576980.svg" name="GenWireKitB" refid="21196af9-c47d-45e8-a072-16056e75ac44"/><parameter classType="Parameter" humanType="Parameter" icon="ElectronicsAssemblyCaseStudy_files/icon_parameter_1919576980.svg" name="GenWireKitC" refid="6f118f78-f44e-457b-82ea-fc968cc940c1"/><parameter classType="Parameter" humanType="Parameter" icon="ElectronicsAssemblyCaseStudy_files/icon_parameter_1919576980.svg" name="MP" refid="d4abb36d-3b6f-4c15-a11d-e3d4d1628afd"/><parameter classType="Parameter" humanType="Parameter" icon="ElectronicsAssemblyCaseStudy_files/icon_parameter_1919576980.svg" name="PB" refid="24808a5a-aa8f-4576-8a08-b9e719501fd1"/><parameter classType="Parameter" humanType="Parameter" icon="ElectronicsAssemblyCaseStudy_files/icon_parameter_1919576980.svg" name="workOrderIN" refid="f6d61284-8088-44cc-9d9b-4b79da2dd257"/></ownedParameter><owner classType="Package" humanName="Owner" humanType="Package" icon="ElectronicsAssemblyCaseStudy_files/icon_package_1622863652.svg" mode="s,e" name="Iteration3" refid="d1f6c489-bbd2-4d80-bcd3-2d8c6172750f"/><owningPackage classType="Package" humanName="Owning Package" humanType="Package" icon="ElectronicsAssemblyCaseStudy_files/icon_package_1622863652.svg" name="Iteration3" refid="d1f6c489-bbd2-4d80-bcd3-2d8c6172750f"/><package classType="Package" humanName="Package" humanType="Package" icon="ElectronicsAssemblyCaseStudy_files/icon_package_1622863652.svg" name="Iteration3" refid="d1f6c489-bbd2-4d80-bcd3-2d8c6172750f"/><qualifiedName humanName="Qualified Name" mode="e">0 - Production System Reference Architecture::5 - Architecture pkg::5.0 - Functional Architecture::5.0.8 - GetInputs::Iteration3::GetInputs_SensorCard+PR</qualifiedName><TO_DO humanName="To Do" mode="s,e"/><usedClassifier humanName="Used Classifier"><block classType="Class" humanType="Block" icon="ElectronicsAssemblyCaseStudy_files/icon_block_1181413890.svg" name="GeneratedWireKitB" refid="f25c630a-6cb5-4860-a9a4-68f3f0a895e3"/><block classType="Class" humanType="Block" icon="ElectronicsAssemblyCaseStudy_files/icon_block_1181413890.svg" name="GeneratedWireKitC" refid="813ad095-5689-4fa2-9ee1-e92ac2d0af6d"/><block classType="Class" humanType="Block" icon="ElectronicsAssemblyCaseStudy_files/icon_block_1181413890.svg" name="SensorCard+MP" refid="b773db20-e6cd-4eec-babe-dd65c5ccdb40"/><block classType="Class" humanType="Block" icon="ElectronicsAssemblyCaseStudy_files/icon_block_1181413890.svg" name="SensorCard+PB" refid="9dfef940-c891-41a0-b5c5-47ee08d17f1a"/></usedClassifier><visibility humanName="Visibility">public</visibility></activity></magicdraw>