<?xml version="1.0" encoding="UTF-8"?><magicdraw><literalinteger classType="LiteralInteger" humanType="Literal Integer" icon="ElectronicsAssemblyCaseStudy_files/icon_literalinteger_1747824475.svg" id="13c926f5-ce9e-4610-86a3-88f29cb8b131"><documentation humanName="Documentation"/><name humanName="Name"/><owner classType="InputPin" humanName="Owner" humanType="Input Pin" icon="ElectronicsAssemblyCaseStudy_files/icon_inputpin_562685863.svg" mode="e" name="partIN" refid="0257d143-75f1-451a-8a79-28e0633e3263"/><owningLower classType="InputPin" humanName="Owning Lower" humanType="Input Pin" icon="ElectronicsAssemblyCaseStudy_files/icon_inputpin_562685863.svg" name="partIN" refid="0257d143-75f1-451a-8a79-28e0633e3263"/><qualifiedName humanName="Qualified Name">0 - Production System Reference Architecture::5 - Architecture pkg::5.0 - Functional Architecture::5.0.1 - Make::Iteration1::MakeCoupler::Nameplate_Laser::partIN::</qualifiedName><text humanName="Text" mode="standard">1</text><TO_DO humanName="To Do"/><TYPE_MODIFIER humanName="Type Modifier"/><value humanName="Value" mode="s,e">1</value><visibility humanName="Visibility">public</visibility></literalinteger></magicdraw>