<?xml version="1.0" encoding="UTF-8"?><magicdraw><literalinteger classType="LiteralInteger" humanType="Literal Integer" icon="ElectronicsAssemblyCaseStudy_files/icon_literalinteger_1747824475.svg" id="140cd560-ed1f-415b-a364-2fa2badb43a9"><documentation humanName="Documentation"/><name humanName="Name"/><owner classType="Property" humanName="Owner" humanType="Value Property" icon="ElectronicsAssemblyCaseStudy_files/icon_valueproperty_47622969.svg" mode="e" name="partNumber" refid="5d9bd029-83ec-4e1c-8eca-92d4ad01a4bd"/><owningLower classType="Property" humanName="Owning Lower" humanType="Value Property" icon="ElectronicsAssemblyCaseStudy_files/icon_valueproperty_47622969.svg" name="partNumber" refid="5d9bd029-83ec-4e1c-8eca-92d4ad01a4bd"/><qualifiedName humanName="Qualified Name">2 - Product Specification::CCA1+PB::partNumber::</qualifiedName><text humanName="Text" mode="standard">1</text><TO_DO humanName="To Do"/><TYPE_MODIFIER humanName="Type Modifier"/><value humanName="Value" mode="s,e">1</value><visibility humanName="Visibility">public</visibility></literalinteger></magicdraw>