<?xml version="1.0" encoding="UTF-8"?><magicdraw><slot classType="Slot" humanType="Slot" icon="ElectronicsAssemblyCaseStudy_files/icon_slot_283253595.svg" id="140d9411-a859-45f5-bf6b-f22f5406c64c"><definingFeature classType="Property" humanName="Defining Feature" humanType="Property" icon="ElectronicsAssemblyCaseStudy_files/icon_property_1222216476.svg" mode="s,e" name="showElementNumber" refid="f515503c-033e-43ab-9e9b-ab89538f450a"/><documentation humanName="Documentation"/><ownedElement humanName="Owned Element"><literalboolean classType="LiteralBoolean" humanType="Literal Boolean" icon="ElectronicsAssemblyCaseStudy_files/icon_literalboolean_1153301927.svg" name="true" refid="3469059b-07d2-41d9-b87c-bc43fbfddf76" text="true"/></ownedElement><owner classType="InstanceSpecification" humanName="Owner" humanType="Instance Specification" icon="ElectronicsAssemblyCaseStudy_files/icon_instancespecification_13643661.svg" mode="s,e" name=" : MD Customization for Requirements::additional_stereotypes::RequirementTable, UML Standard Profile::MagicDraw Profile::DiagramTable, UML Standard Profile::MagicDraw Profile::DiagramInfo" refid="d14c51f3-3d63-409c-8dba-70ef7b1485d6"/><owningInstance classType="InstanceSpecification" humanName="Owning Instance" humanType="Instance Specification" icon="ElectronicsAssemblyCaseStudy_files/icon_instancespecification_13643661.svg" name=" : MD Customization for Requirements::additional_stereotypes::RequirementTable, UML Standard Profile::MagicDraw Profile::DiagramTable, UML Standard Profile::MagicDraw Profile::DiagramInfo" refid="d14c51f3-3d63-409c-8dba-70ef7b1485d6"/><TO_DO humanName="To Do" mode="s,e"/><value humanName="Value" mode="s,e"><literalboolean classType="LiteralBoolean" humanType="Literal Boolean" icon="ElectronicsAssemblyCaseStudy_files/icon_literalboolean_1153301927.svg" name="true" refid="3469059b-07d2-41d9-b87c-bc43fbfddf76" text="true"/></value></slot></magicdraw>