<?xml version="1.0" encoding="UTF-8"?><magicdraw><callbehavioraction classType="CallBehaviorAction" humanType="Call Behavior Action" icon="ElectronicsAssemblyCaseStudy_files/icon_callbehavioraction_66845334.svg" id="140e33b9-386a-4aaf-8191-f3996ba936e4"><activity classType="Activity" humanName="Activity" humanType="Activity" icon="ElectronicsAssemblyCaseStudy_files/icon_activity_1076127169.svg" name="MakeSensorCard+A02" refid="5d164d80-2fb7-4c79-a3c6-3e6f98930c2d"/><argument humanName="Argument"><inputpin classType="InputPin" humanType="Input Pin" icon="ElectronicsAssemblyCaseStudy_files/icon_inputpin_562685863.svg" name="partIN" refid="2ef80b72-c662-4ba5-b242-1e925597cef5"/><inputpin classType="InputPin" humanType="Input Pin" icon="ElectronicsAssemblyCaseStudy_files/icon_inputpin_562685863.svg" name="workOrderIN" refid="bff83a5c-dd17-4fb1-a113-9c5d99bcad0d"/></argument><behavior classType="Activity" humanName="Behavior" humanType="Activity" icon="ElectronicsAssemblyCaseStudy_files/icon_activity_1076127169.svg" mode="s,e" name="PutOutputs_SensorCard+A02" refid="9c1a33d7-581d-48e9-a170-5df61f23ebd4"/><documentation humanName="Documentation"/><incoming humanName="Incoming"><controlflow classType="ControlFlow" humanType="Control Flow" icon="ElectronicsAssemblyCaseStudy_files/icon_controlflow_1765690649.svg" isRelationship="true" name="Control Flow[0 - Production System Reference Architecture::5 - Architecture pkg::5.0 - Functional Architecture::5.0.1 - Make::Iteration3::MakeSensorCard+A02::WireAssy_CutStripManual -&gt; 0 - Production System Reference Architecture::5 - Architecture pkg::5.0 - Functional Architecture::5.0.1 - Make::Iteration3::MakeSensorCard+A02::ReceiveTo]" refid="b3261385-80e3-4825-bc97-ac4ffe7aa6fa"/></incoming><input humanName="Input"><inputpin classType="InputPin" humanType="Input Pin" icon="ElectronicsAssemblyCaseStudy_files/icon_inputpin_562685863.svg" name="partIN" refid="2ef80b72-c662-4ba5-b242-1e925597cef5"/><inputpin classType="InputPin" humanType="Input Pin" icon="ElectronicsAssemblyCaseStudy_files/icon_inputpin_562685863.svg" name="workOrderIN" refid="bff83a5c-dd17-4fb1-a113-9c5d99bcad0d"/></input><isLeaf humanName="Is Leaf">false</isLeaf><isLocallyReentrant humanName="Is Locally Reentrant ">false</isLocallyReentrant><isSynchronous humanName="Is Synchronous" mode="e">true</isSynchronous><name humanName="Name" mode="s,e">ReceiveTo</name><output humanName="Output"><outputpin classType="OutputPin" humanType="Output Pin" icon="ElectronicsAssemblyCaseStudy_files/icon_outputpin_168870325.svg" name="partOUT" refid="06f1929c-c6e5-4ad8-8a0a-d22efb3ed9a7"/></output><ownedElement humanName="Owned Element"><inputpin classType="InputPin" humanType="Input Pin" icon="ElectronicsAssemblyCaseStudy_files/icon_inputpin_562685863.svg" name="partIN" refid="2ef80b72-c662-4ba5-b242-1e925597cef5"/><outputpin classType="OutputPin" humanType="Output Pin" icon="ElectronicsAssemblyCaseStudy_files/icon_outputpin_168870325.svg" name="partOUT" refid="06f1929c-c6e5-4ad8-8a0a-d22efb3ed9a7"/><inputpin classType="InputPin" humanType="Input Pin" icon="ElectronicsAssemblyCaseStudy_files/icon_inputpin_562685863.svg" name="workOrderIN" refid="bff83a5c-dd17-4fb1-a113-9c5d99bcad0d"/></ownedElement><owner classType="Activity" humanName="Owner" humanType="Activity" icon="ElectronicsAssemblyCaseStudy_files/icon_activity_1076127169.svg" mode="s,e" name="MakeSensorCard+A02" refid="5d164d80-2fb7-4c79-a3c6-3e6f98930c2d"/><qualifiedName humanName="Qualified Name" mode="e">0 - Production System Reference Architecture::5 - Architecture pkg::5.0 - Functional Architecture::5.0.1 - Make::Iteration3::MakeSensorCard+A02::ReceiveTo</qualifiedName><result humanName="Result"><outputpin classType="OutputPin" humanType="Output Pin" icon="ElectronicsAssemblyCaseStudy_files/icon_outputpin_168870325.svg" name="partOUT" refid="06f1929c-c6e5-4ad8-8a0a-d22efb3ed9a7"/></result><TO_DO humanName="To Do" mode="s,e"/><visibility humanName="Visibility">public</visibility><appearsIn><diagram classType="Diagram" humanType="Diagram" icon="ElectronicsAssemblyCaseStudy_files/icon_SysML Activity Diagram_1550211747.svg" name="MakeSensorCard+A02" refid="8705f62f-55df-45df-b616-a2876593c828"/></appearsIn></callbehavioraction></magicdraw>