<?xml version="1.0" encoding="UTF-8"?><magicdraw><slot classType="Slot" humanType="Slot" icon="ElectronicsAssemblyCaseStudy_files/icon_slot_283253595.svg" id="14a1579e-4e9b-4473-8647-d4393465fdfc"><definingFeature classType="Property" humanName="Defining Feature" humanType="Property" icon="ElectronicsAssemblyCaseStudy_files/icon_property_1222216476.svg" mode="s,e" name="additionalElements" refid="bd35d5e4-54f5-4eba-a8cf-c510f9db9e5b"/><documentation humanName="Documentation"/><ownedElement humanName="Owned Element"><elementvalue classType="ElementValue" humanType="Element Value" icon="ElectronicsAssemblyCaseStudy_files/icon_elementvalue_1770746812.svg" name="BuildingRegulations" refid="f3fb627d-3947-402a-8f33-21210692937f" text="BuildingRegulations"/><elementvalue classType="ElementValue" humanType="Element Value" icon="ElectronicsAssemblyCaseStudy_files/icon_elementvalue_1770746812.svg" name="Certifiable" refid="7f1416b1-2a4e-4e59-a67e-291abd8c69ed" text="Certifiable"/><elementvalue classType="ElementValue" humanType="Element Value" icon="ElectronicsAssemblyCaseStudy_files/icon_elementvalue_1770746812.svg" name="ConsumerProtection" refid="0ef35fa6-e032-4b2a-a83f-563ba01ba7dd" text="ConsumerProtection"/><elementvalue classType="ElementValue" humanType="Element Value" icon="ElectronicsAssemblyCaseStudy_files/icon_elementvalue_1770746812.svg" name="Correct Resources" refid="5e91cdda-7db0-4abf-9c06-656ef72bc1a0" text="Correct Resources"/><elementvalue classType="ElementValue" humanType="Element Value" icon="ElectronicsAssemblyCaseStudy_files/icon_elementvalue_1770746812.svg" name="DataIntegrationExchange" refid="e3e19df0-c5fb-40fc-afb8-46db255488f6" text="DataIntegrationExchange"/><elementvalue classType="ElementValue" humanType="Element Value" icon="ElectronicsAssemblyCaseStudy_files/icon_elementvalue_1770746812.svg" name="Documentation and Tracking" refid="2256ef86-698e-4cb8-8f35-3a47ac5c91dc" text="Documentation and Tracking"/><elementvalue classType="ElementValue" humanType="Element Value" icon="ElectronicsAssemblyCaseStudy_files/icon_elementvalue_1770746812.svg" name="EngineeringChangeProcess" refid="a7dc2c07-b2be-4801-aa5e-1c91a848854c" text="EngineeringChangeProcess"/><elementvalue classType="ElementValue" humanType="Element Value" icon="ElectronicsAssemblyCaseStudy_files/icon_elementvalue_1770746812.svg" name="EnvironmentalConcerns" refid="16670385-7cec-47a9-a10e-64055be0dc61" text="EnvironmentalConcerns"/><elementvalue classType="ElementValue" humanType="Element Value" icon="ElectronicsAssemblyCaseStudy_files/icon_elementvalue_1770746812.svg" name="Equipment Availability" refid="7e29440d-61e1-4199-8c81-a63f48cea112" text="Equipment Availability"/><elementvalue classType="ElementValue" humanType="Element Value" icon="ElectronicsAssemblyCaseStudy_files/icon_elementvalue_1770746812.svg" name="HazardousMaterials" refid="14c0412e-a1a1-473c-816d-43d3615c6655" text="HazardousMaterials"/><elementvalue classType="ElementValue" humanType="Element Value" icon="ElectronicsAssemblyCaseStudy_files/icon_elementvalue_1770746812.svg" name="InformationTechnology_Concerns" refid="6e68d393-2221-4acb-92b4-8e42ef3021bf" text="InformationTechnology_Concerns"/><elementvalue classType="ElementValue" humanType="Element Value" icon="ElectronicsAssemblyCaseStudy_files/icon_elementvalue_1770746812.svg" name="Labor" refid="7fe093a5-5644-47b0-b9c9-640da2b19e72" text="Labor"/><elementvalue classType="ElementValue" humanType="Element Value" icon="ElectronicsAssemblyCaseStudy_files/icon_elementvalue_1770746812.svg" name="Maintenance_Concerns" refid="fa4195d0-ff55-4abe-a60a-1c57dc1a1d70" text="Maintenance_Concerns"/><elementvalue classType="ElementValue" humanType="Element Value" icon="ElectronicsAssemblyCaseStudy_files/icon_elementvalue_1770746812.svg" name="Managing Operators" refid="dbae10fe-a137-4632-beef-35acef8bd5a0" text="Managing Operators"/><elementvalue classType="ElementValue" humanType="Element Value" icon="ElectronicsAssemblyCaseStudy_files/icon_elementvalue_1770746812.svg" name="MaterialHandling_Concerns" refid="3d600d5a-8c66-424b-ab6f-0ca669568bfa" text="MaterialHandling_Concerns"/><elementvalue classType="ElementValue" humanType="Element Value" icon="ElectronicsAssemblyCaseStudy_files/icon_elementvalue_1770746812.svg" name="OccupationalSafety" refid="9bc84705-a2c2-4fc1-b9c2-4603b5c4e612" text="OccupationalSafety"/><elementvalue classType="ElementValue" humanType="Element Value" icon="ElectronicsAssemblyCaseStudy_files/icon_elementvalue_1770746812.svg" name="Product_Design_Concerns" refid="379fa96d-a508-4ae3-a899-2575d2e416fa" text="Product_Design_Concerns"/><elementvalue classType="ElementValue" humanType="Element Value" icon="ElectronicsAssemblyCaseStudy_files/icon_elementvalue_1770746812.svg" name="Production_Supervisor_Concerns" refid="1af17564-ff2c-47ff-8184-0c94af85ad9c" text="Production_Supervisor_Concerns"/><elementvalue classType="ElementValue" humanType="Element Value" icon="ElectronicsAssemblyCaseStudy_files/icon_elementvalue_1770746812.svg" name="ProductionRamp" refid="94a7af3d-a9e6-41f9-b867-c66f8f57f3a7" text="ProductionRamp"/><elementvalue classType="ElementValue" humanType="Element Value" icon="ElectronicsAssemblyCaseStudy_files/icon_elementvalue_1770746812.svg" name="Regulation_Concerns" refid="d9a0ab5c-512c-4c56-9ae5-c44ed7133d2f" text="Regulation_Concerns"/><elementvalue classType="ElementValue" humanType="Element Value" icon="ElectronicsAssemblyCaseStudy_files/icon_elementvalue_1770746812.svg" name="Scheduling" refid="4d57e7a4-9027-4873-a41c-94889b2d463b" text="Scheduling"/><elementvalue classType="ElementValue" humanType="Element Value" icon="ElectronicsAssemblyCaseStudy_files/icon_elementvalue_1770746812.svg" name="Sufficient Resources" refid="a6f9a077-6942-4ba8-a7a6-d11b8122651d" text="Sufficient Resources"/><elementvalue classType="ElementValue" humanType="Element Value" icon="ElectronicsAssemblyCaseStudy_files/icon_elementvalue_1770746812.svg" name="Supplier_Concerns" refid="87ec9b34-80a5-468b-a27e-2b94783b77fc" text="Supplier_Concerns"/><elementvalue classType="ElementValue" humanType="Element Value" icon="ElectronicsAssemblyCaseStudy_files/icon_elementvalue_1770746812.svg" name="Transportation" refid="0d7dd9b4-63b3-4cee-ab70-8f4f5a68b5c8" text="Transportation"/><elementvalue classType="ElementValue" humanType="Element Value" icon="ElectronicsAssemblyCaseStudy_files/icon_elementvalue_1770746812.svg" name="UsabilityRequirement" refid="b25c65e9-08dd-4057-a9a1-5ef0c1370940" text="UsabilityRequirement"/><elementvalue classType="ElementValue" humanType="Element Value" icon="ElectronicsAssemblyCaseStudy_files/icon_elementvalue_1770746812.svg" name="Work Assignment" refid="2f775702-02c9-4113-86a9-4418133744b9" text="Work Assignment"/><elementvalue classType="ElementValue" humanType="Element Value" icon="ElectronicsAssemblyCaseStudy_files/icon_elementvalue_1770746812.svg" name="Work Readiness" refid="98a30d66-f693-45f1-b5a9-39955d5bfba1" text="Work Readiness"/><elementvalue classType="ElementValue" humanType="Element Value" icon="ElectronicsAssemblyCaseStudy_files/icon_elementvalue_1770746812.svg" name="Zoning" refid="3fefbb90-c8a8-4245-bd6f-11e9d5a007c1" text="Zoning"/></ownedElement><owner classType="InstanceSpecification" humanName="Owner" humanType="Instance Specification" icon="ElectronicsAssemblyCaseStudy_files/icon_instancespecification_13643661.svg" mode="s,e" name=" : MD Customization for Requirements::additional_stereotypes::RequirementTable, UML Standard Profile::MagicDraw Profile::DiagramTable, UML Standard Profile::MagicDraw Profile::DiagramInfo" refid="db80bc19-2ba8-4b79-b189-d9496a7e2e39"/><owningInstance classType="InstanceSpecification" humanName="Owning Instance" humanType="Instance Specification" icon="ElectronicsAssemblyCaseStudy_files/icon_instancespecification_13643661.svg" name=" : MD Customization for Requirements::additional_stereotypes::RequirementTable, UML Standard Profile::MagicDraw Profile::DiagramTable, UML Standard Profile::MagicDraw Profile::DiagramInfo" refid="db80bc19-2ba8-4b79-b189-d9496a7e2e39"/><TO_DO humanName="To Do" mode="s,e"/><value humanName="Value" mode="s,e"><elementvalue classType="ElementValue" humanType="Element Value" icon="ElectronicsAssemblyCaseStudy_files/icon_elementvalue_1770746812.svg" name="BuildingRegulations" refid="f3fb627d-3947-402a-8f33-21210692937f" text="BuildingRegulations"/><elementvalue classType="ElementValue" humanType="Element Value" icon="ElectronicsAssemblyCaseStudy_files/icon_elementvalue_1770746812.svg" name="Certifiable" refid="7f1416b1-2a4e-4e59-a67e-291abd8c69ed" text="Certifiable"/><elementvalue classType="ElementValue" humanType="Element Value" icon="ElectronicsAssemblyCaseStudy_files/icon_elementvalue_1770746812.svg" name="ConsumerProtection" refid="0ef35fa6-e032-4b2a-a83f-563ba01ba7dd" text="ConsumerProtection"/><elementvalue classType="ElementValue" humanType="Element Value" icon="ElectronicsAssemblyCaseStudy_files/icon_elementvalue_1770746812.svg" name="Correct Resources" refid="5e91cdda-7db0-4abf-9c06-656ef72bc1a0" text="Correct Resources"/><elementvalue classType="ElementValue" humanType="Element Value" icon="ElectronicsAssemblyCaseStudy_files/icon_elementvalue_1770746812.svg" name="DataIntegrationExchange" refid="e3e19df0-c5fb-40fc-afb8-46db255488f6" text="DataIntegrationExchange"/><elementvalue classType="ElementValue" humanType="Element Value" icon="ElectronicsAssemblyCaseStudy_files/icon_elementvalue_1770746812.svg" name="Documentation and Tracking" refid="2256ef86-698e-4cb8-8f35-3a47ac5c91dc" text="Documentation and Tracking"/><elementvalue classType="ElementValue" humanType="Element Value" icon="ElectronicsAssemblyCaseStudy_files/icon_elementvalue_1770746812.svg" name="EngineeringChangeProcess" refid="a7dc2c07-b2be-4801-aa5e-1c91a848854c" text="EngineeringChangeProcess"/><elementvalue classType="ElementValue" humanType="Element Value" icon="ElectronicsAssemblyCaseStudy_files/icon_elementvalue_1770746812.svg" name="EnvironmentalConcerns" refid="16670385-7cec-47a9-a10e-64055be0dc61" text="EnvironmentalConcerns"/><elementvalue classType="ElementValue" humanType="Element Value" icon="ElectronicsAssemblyCaseStudy_files/icon_elementvalue_1770746812.svg" name="Equipment Availability" refid="7e29440d-61e1-4199-8c81-a63f48cea112" text="Equipment Availability"/><elementvalue classType="ElementValue" humanType="Element Value" icon="ElectronicsAssemblyCaseStudy_files/icon_elementvalue_1770746812.svg" name="HazardousMaterials" refid="14c0412e-a1a1-473c-816d-43d3615c6655" text="HazardousMaterials"/><elementvalue classType="ElementValue" humanType="Element Value" icon="ElectronicsAssemblyCaseStudy_files/icon_elementvalue_1770746812.svg" name="InformationTechnology_Concerns" refid="6e68d393-2221-4acb-92b4-8e42ef3021bf" text="InformationTechnology_Concerns"/><elementvalue classType="ElementValue" humanType="Element Value" icon="ElectronicsAssemblyCaseStudy_files/icon_elementvalue_1770746812.svg" name="Labor" refid="7fe093a5-5644-47b0-b9c9-640da2b19e72" text="Labor"/><elementvalue classType="ElementValue" humanType="Element Value" icon="ElectronicsAssemblyCaseStudy_files/icon_elementvalue_1770746812.svg" name="Maintenance_Concerns" refid="fa4195d0-ff55-4abe-a60a-1c57dc1a1d70" text="Maintenance_Concerns"/><elementvalue classType="ElementValue" humanType="Element Value" icon="ElectronicsAssemblyCaseStudy_files/icon_elementvalue_1770746812.svg" name="Managing Operators" refid="dbae10fe-a137-4632-beef-35acef8bd5a0" text="Managing Operators"/><elementvalue classType="ElementValue" humanType="Element Value" icon="ElectronicsAssemblyCaseStudy_files/icon_elementvalue_1770746812.svg" name="MaterialHandling_Concerns" refid="3d600d5a-8c66-424b-ab6f-0ca669568bfa" text="MaterialHandling_Concerns"/><elementvalue classType="ElementValue" humanType="Element Value" icon="ElectronicsAssemblyCaseStudy_files/icon_elementvalue_1770746812.svg" name="OccupationalSafety" refid="9bc84705-a2c2-4fc1-b9c2-4603b5c4e612" text="OccupationalSafety"/><elementvalue classType="ElementValue" humanType="Element Value" icon="ElectronicsAssemblyCaseStudy_files/icon_elementvalue_1770746812.svg" name="Product_Design_Concerns" refid="379fa96d-a508-4ae3-a899-2575d2e416fa" text="Product_Design_Concerns"/><elementvalue classType="ElementValue" humanType="Element Value" icon="ElectronicsAssemblyCaseStudy_files/icon_elementvalue_1770746812.svg" name="Production_Supervisor_Concerns" refid="1af17564-ff2c-47ff-8184-0c94af85ad9c" text="Production_Supervisor_Concerns"/><elementvalue classType="ElementValue" humanType="Element Value" icon="ElectronicsAssemblyCaseStudy_files/icon_elementvalue_1770746812.svg" name="ProductionRamp" refid="94a7af3d-a9e6-41f9-b867-c66f8f57f3a7" text="ProductionRamp"/><elementvalue classType="ElementValue" humanType="Element Value" icon="ElectronicsAssemblyCaseStudy_files/icon_elementvalue_1770746812.svg" name="Regulation_Concerns" refid="d9a0ab5c-512c-4c56-9ae5-c44ed7133d2f" text="Regulation_Concerns"/><elementvalue classType="ElementValue" humanType="Element Value" icon="ElectronicsAssemblyCaseStudy_files/icon_elementvalue_1770746812.svg" name="Scheduling" refid="4d57e7a4-9027-4873-a41c-94889b2d463b" text="Scheduling"/><elementvalue classType="ElementValue" humanType="Element Value" icon="ElectronicsAssemblyCaseStudy_files/icon_elementvalue_1770746812.svg" name="Sufficient Resources" refid="a6f9a077-6942-4ba8-a7a6-d11b8122651d" text="Sufficient Resources"/><elementvalue classType="ElementValue" humanType="Element Value" icon="ElectronicsAssemblyCaseStudy_files/icon_elementvalue_1770746812.svg" name="Supplier_Concerns" refid="87ec9b34-80a5-468b-a27e-2b94783b77fc" text="Supplier_Concerns"/><elementvalue classType="ElementValue" humanType="Element Value" icon="ElectronicsAssemblyCaseStudy_files/icon_elementvalue_1770746812.svg" name="Transportation" refid="0d7dd9b4-63b3-4cee-ab70-8f4f5a68b5c8" text="Transportation"/><elementvalue classType="ElementValue" humanType="Element Value" icon="ElectronicsAssemblyCaseStudy_files/icon_elementvalue_1770746812.svg" name="UsabilityRequirement" refid="b25c65e9-08dd-4057-a9a1-5ef0c1370940" text="UsabilityRequirement"/><elementvalue classType="ElementValue" humanType="Element Value" icon="ElectronicsAssemblyCaseStudy_files/icon_elementvalue_1770746812.svg" name="Work Assignment" refid="2f775702-02c9-4113-86a9-4418133744b9" text="Work Assignment"/><elementvalue classType="ElementValue" humanType="Element Value" icon="ElectronicsAssemblyCaseStudy_files/icon_elementvalue_1770746812.svg" name="Work Readiness" refid="98a30d66-f693-45f1-b5a9-39955d5bfba1" text="Work Readiness"/><elementvalue classType="ElementValue" humanType="Element Value" icon="ElectronicsAssemblyCaseStudy_files/icon_elementvalue_1770746812.svg" name="Zoning" refid="3fefbb90-c8a8-4245-bd6f-11e9d5a007c1" text="Zoning"/></value></slot></magicdraw>