<?xml version="1.0" encoding="UTF-8"?><magicdraw><elementvalue classType="ElementValue" humanType="Element Value" icon="ElectronicsAssemblyCaseStudy_files/icon_elementvalue_1770746812.svg" id="14c0412e-a1a1-473c-816d-43d3615c6655"><documentation humanName="Documentation"/><element classType="Class" humanName="Element" humanType="StakeholderConcern" icon="ElectronicsAssemblyCaseStudy_files/icon_stakeholderconcern_1682619279.svg" mode="s,e" name="HazardousMaterials" refid="1f205871-22c3-4b06-b068-fae9979c725a"/><name humanName="Name"/><owner classType="Slot" humanName="Owner" humanType="Slot" icon="ElectronicsAssemblyCaseStudy_files/icon_slot_283253595.svg" mode="e" refid="14a1579e-4e9b-4473-8647-d4393465fdfc"/><owningSlot classType="Slot" humanName="Owning Slot" humanType="Slot" icon="ElectronicsAssemblyCaseStudy_files/icon_slot_283253595.svg" refid="14a1579e-4e9b-4473-8647-d4393465fdfc"/><qualifiedName humanName="Qualified Name"/><text humanName="Text" mode="standard">HazardousMaterials</text><TO_DO humanName="To Do"/><TYPE_MODIFIER humanName="Type Modifier"/><visibility humanName="Visibility">public</visibility></elementvalue></magicdraw>