<?xml version="1.0" encoding="UTF-8"?><magicdraw><instancespecification classType="InstanceSpecification" humanType="Instance Specification" icon="ElectronicsAssemblyCaseStudy_files/icon_instancespecification_13643661.svg" id="15902d94-9d9a-4457-ae8f-16a7f57edc3d"><classifier humanName="Classifier" mode="s,e"><stereotype classType="Stereotype" humanType="Stereotype" icon="ElectronicsAssemblyCaseStudy_files/icon_stereotype_121885089.svg" name="PartProperty" refid="5ec63198-65df-49a1-8147-038baa884a49"/></classifier><documentation humanName="Documentation"/><name humanName="Name" mode="s,e"/><owner classType="Property" humanName="Owner" humanType="Part Property" icon="ElectronicsAssemblyCaseStudy_files/icon_partproperty_121885089.svg" mode="s,e" name="ControlCardAssemblyModified+PB" refid="f8be7beb-c777-4a21-91d1-38c08bc442a4"/><qualifiedName humanName="Qualified Name" mode="e">2 - Product Specification::ControlCardAssemblyModified::ControlCardAssemblyModified+PB::</qualifiedName><stereotypedElement classType="Property" humanName="Stereotyped Element" humanType="Part Property" icon="ElectronicsAssemblyCaseStudy_files/icon_partproperty_121885089.svg" name="ControlCardAssemblyModified+PB" refid="f8be7beb-c777-4a21-91d1-38c08bc442a4"/><TO_DO humanName="To Do" mode="s,e"/><visibility humanName="Visibility">public</visibility></instancespecification></magicdraw>