<?xml version="1.0" encoding="UTF-8"?><magicdraw><literalstring classType="LiteralString" humanType="Literal String" icon="ElectronicsAssemblyCaseStudy_files/icon_literalstring_1903496650.svg" id="15a151ca-97be-456e-b3bb-a78d6396d8dd"><documentation humanName="Documentation"/><name humanName="Name"/><owner classType="Slot" humanName="Owner" humanType="Slot" icon="ElectronicsAssemblyCaseStudy_files/icon_slot_283253595.svg" mode="e" refid="53994559-2272-4558-bad8-ae693505e713"/><owningSlot classType="Slot" humanName="Owning Slot" humanType="Slot" icon="ElectronicsAssemblyCaseStudy_files/icon_slot_283253595.svg" refid="53994559-2272-4558-bad8-ae693505e713"/><qualifiedName humanName="Qualified Name"/><text humanName="Text" mode="standard">What is the inspection criteria?</text><TO_DO humanName="To Do"/><TYPE_MODIFIER humanName="Type Modifier"/><value humanName="Value" mode="s,e">What is the inspection criteria?</value><visibility humanName="Visibility">public</visibility></literalstring></magicdraw>