<?xml version="1.0" encoding="UTF-8"?><magicdraw><literalstring classType="LiteralString" humanType="Literal String" icon="ElectronicsAssemblyCaseStudy_files/icon_literalstring_1903496650.svg" id="15c1c23b-bd93-4f57-91bf-04ea13d38bdb"><documentation humanName="Documentation"/><name humanName="Name"/><owner classType="Property" humanName="Owner" humanType="Value Property" icon="ElectronicsAssemblyCaseStudy_files/icon_valueproperty_47622969.svg" mode="e" name="partNumber" refid="7e3d78f0-272e-44c6-a608-77862a8e4c8c"/><owningProperty classType="Property" humanName="Owning Property" humanType="Value Property" icon="ElectronicsAssemblyCaseStudy_files/icon_valueproperty_47622969.svg" name="partNumber" refid="7e3d78f0-272e-44c6-a608-77862a8e4c8c"/><qualifiedName humanName="Qualified Name">2 - Product Specification::ElectronicAssembly+SA::partNumber::</qualifiedName><text humanName="Text" mode="standard">868-11+SA</text><TO_DO humanName="To Do"/><TYPE_MODIFIER humanName="Type Modifier"/><value humanName="Value" mode="s,e">868-11+SA</value><visibility humanName="Visibility">public</visibility></literalstring></magicdraw>