<?xml version="1.0" encoding="UTF-8"?><magicdraw><literalstring classType="LiteralString" humanType="Literal String" icon="ElectronicsAssemblyCaseStudy_files/icon_literalstring_1903496650.svg" id="15c1f0c3-7c0c-4bf1-a509-bc8d8f7eddf5"><documentation humanName="Documentation"/><name humanName="Name"/><owner classType="Slot" humanName="Owner" humanType="Slot" icon="ElectronicsAssemblyCaseStudy_files/icon_slot_283253595.svg" mode="e" refid="76f2e2dd-4d23-4f4c-9a4a-631c4394afcf"/><owningSlot classType="Slot" humanName="Owning Slot" humanType="Slot" icon="ElectronicsAssemblyCaseStudy_files/icon_slot_283253595.svg" refid="76f2e2dd-4d23-4f4c-9a4a-631c4394afcf"/><qualifiedName humanName="Qualified Name"/><text humanName="Text" mode="standard">b1e72a88-c5df-4b1a-a3c0-6e2a3877a09c:33495844-a7f3-4d51-9549-b4637119bb3e:433a792b-d7e8-4e52-a360-e2dd679e1fd7:c255550f-b15a-4752-a168-73ef355f64af:ddec0a80-bce0-49be-b3e9-26562bec3541:ccd83bc0-2a69-485c-8252-cf9fa786af59</text><TO_DO humanName="To Do"/><TYPE_MODIFIER humanName="Type Modifier"/><value humanName="Value" mode="s,e">b1e72a88-c5df-4b1a-a3c0-6e2a3877a09c:33495844-a7f3-4d51-9549-b4637119bb3e:433a792b-d7e8-4e52-a360-e2dd679e1fd7:c255550f-b15a-4752-a168-73ef355f64af:ddec0a80-bce0-49be-b3e9-26562bec3541:ccd83bc0-2a69-485c-8252-cf9fa786af59</value><visibility humanName="Visibility">public</visibility></literalstring></magicdraw>