<?xml version="1.0" encoding="UTF-8"?><magicdraw><literalunlimitednatural classType="LiteralUnlimitedNatural" humanType="Literal Unlimited Natural" icon="ElectronicsAssemblyCaseStudy_files/icon_literalunlimitednatural_1702058771.svg" id="15f6216a-492f-4032-a158-bb504aeab66a"><documentation humanName="Documentation"/><name humanName="Name"/><owner classType="InputPin" humanName="Owner" humanType="Input Pin" icon="ElectronicsAssemblyCaseStudy_files/icon_inputpin_562685863.svg" mode="e" name="workOrderIN" refid="77bad2f4-0ecf-4e2e-80a5-e4e13c15afcc"/><owningUpper classType="InputPin" humanName="Owning Upper" humanType="Input Pin" icon="ElectronicsAssemblyCaseStudy_files/icon_inputpin_562685863.svg" name="workOrderIN" refid="77bad2f4-0ecf-4e2e-80a5-e4e13c15afcc"/><qualifiedName humanName="Qualified Name">0 - Production System Reference Architecture::5 - Architecture pkg::5.0 - Functional Architecture::5.0.0 - Get::Iteration4::GetGeneratedWireKitB::GeneratedWireKitB::workOrderIN::</qualifiedName><text humanName="Text" mode="standard">1</text><TO_DO humanName="To Do"/><TYPE_MODIFIER humanName="Type Modifier"/><value humanName="Value" mode="s,e">1</value><visibility humanName="Visibility">public</visibility></literalunlimitednatural></magicdraw>