<?xml version="1.0" encoding="UTF-8"?><magicdraw><literalunlimitednatural classType="LiteralUnlimitedNatural" humanType="Literal Unlimited Natural" icon="ElectronicsAssemblyCaseStudy_files/icon_literalunlimitednatural_1702058771.svg" id="1637bcad-2398-4055-8129-fe6a131b282f"><documentation humanName="Documentation"/><name humanName="Name"/><owner classType="ControlFlow" humanName="Owner" humanType="Control Flow" icon="ElectronicsAssemblyCaseStudy_files/icon_controlflow_1765690649.svg" isRelationship="true" mode="e" name="Control Flow[0 - Production System Reference Architecture::5 - Architecture pkg::5.0 - Functional Architecture::5.0.1 - Make::Iteration3::MakeSensorCard+PBA::Kitting -&gt; 0 - Production System Reference Architecture::5 - Architecture pkg::5.0 - Functional Architecture::5.0.1 - Make::Iteration3::MakeSensorCard+PBA::ReceiveTo]" refid="53c39cbf-2670-4eb1-aa1e-4f01803dc96b"/><qualifiedName humanName="Qualified Name">0 - Production System Reference Architecture::5 - Architecture pkg::5.0 - Functional Architecture::5.0.1 - Make::Iteration3::MakeSensorCard+PBA::::</qualifiedName><text humanName="Text" mode="standard">1</text><TO_DO humanName="To Do"/><TYPE_MODIFIER humanName="Type Modifier"/><value humanName="Value" mode="s,e">1</value><visibility humanName="Visibility">public</visibility></literalunlimitednatural></magicdraw>