<?xml version="1.0" encoding="UTF-8"?><magicdraw><elementvalue classType="ElementValue" humanType="Element Value" icon="ElectronicsAssemblyCaseStudy_files/icon_elementvalue_1770746812.svg" id="16670385-7cec-47a9-a10e-64055be0dc61"><documentation humanName="Documentation"/><element classType="Class" humanName="Element" humanType="StakeholderConcern" icon="ElectronicsAssemblyCaseStudy_files/icon_stakeholderconcern_1682619279.svg" mode="s,e" name="EnvironmentalConcerns" refid="2c571d48-5519-4d7e-8bfd-7c183f743daa"/><name humanName="Name"/><owner classType="Slot" humanName="Owner" humanType="Slot" icon="ElectronicsAssemblyCaseStudy_files/icon_slot_283253595.svg" mode="e" refid="14a1579e-4e9b-4473-8647-d4393465fdfc"/><owningSlot classType="Slot" humanName="Owning Slot" humanType="Slot" icon="ElectronicsAssemblyCaseStudy_files/icon_slot_283253595.svg" refid="14a1579e-4e9b-4473-8647-d4393465fdfc"/><qualifiedName humanName="Qualified Name"/><text humanName="Text" mode="standard">EnvironmentalConcerns</text><TO_DO humanName="To Do"/><TYPE_MODIFIER humanName="Type Modifier"/><visibility humanName="Visibility">public</visibility></elementvalue></magicdraw>