<?xml version="1.0" encoding="UTF-8"?><magicdraw><instancespecification classType="InstanceSpecification" humanType="Instance Specification" icon="ElectronicsAssemblyCaseStudy_files/icon_instancespecification_13643661.svg" id="166a13ad-26e3-4c40-823b-40f1f5d99e91"><classifier humanName="Classifier" mode="s,e"><stereotype classType="Stereotype" humanType="Stereotype" icon="ElectronicsAssemblyCaseStudy_files/icon_stereotype_47622969.svg" name="ValueProperty" refid="bdfa68cc-211c-4f1f-bfeb-ab872e01816f"/></classifier><documentation humanName="Documentation"/><name humanName="Name" mode="s,e"/><owner classType="Property" humanName="Owner" humanType="Value Property" icon="ElectronicsAssemblyCaseStudy_files/icon_valueproperty_47622969.svg" mode="s,e" name="partNumber" refid="a3670606-c510-4413-9136-ee2dfdea3f8c"/><qualifiedName humanName="Qualified Name" mode="e">2 - Product Specification::CableAssembly1::partNumber::</qualifiedName><stereotypedElement classType="Property" humanName="Stereotyped Element" humanType="Value Property" icon="ElectronicsAssemblyCaseStudy_files/icon_valueproperty_47622969.svg" name="partNumber" refid="a3670606-c510-4413-9136-ee2dfdea3f8c"/><TO_DO humanName="To Do" mode="s,e"/><visibility humanName="Visibility">public</visibility></instancespecification></magicdraw>