<?xml version="1.0" encoding="UTF-8"?><magicdraw><property classType="Property" humanType="Property" icon="ElectronicsAssemblyCaseStudy_files/icon_property_1222216476.svg" id="171236ca-d1e5-4763-8964-651ca73a9827"><aggregation humanName="Aggregation" mode="s,e">none</aggregation><association classType="Association" humanName="Association" humanType="Association" icon="ElectronicsAssemblyCaseStudy_files/icon_association_1818389811.svg" isRelationship="true" name="Association[2 - Product Specification::CCA2 -&gt; CCA2+PR:2 - Product Specification::CCA2+PR]" refid="0de204bc-3a03-4f85-8344-3829aac9a5ae"/><documentation humanName="Documentation"/><effectiveIRI humanName="Effective IRI"/><featuringClassifier classType="Association" humanName="Featuring Classifier" humanType="Association" icon="ElectronicsAssemblyCaseStudy_files/icon_association_1818389811.svg" isRelationship="true" name="Association[2 - Product Specification::CCA2 -&gt; CCA2+PR:2 - Product Specification::CCA2+PR]" refid="0de204bc-3a03-4f85-8344-3829aac9a5ae"/><isComposite humanName="Is Composite">false</isComposite><isDerived humanName="Is Derived" mode="s,e">false</isDerived><isDerivedUnion humanName="Is Derived Union" mode="e">false</isDerivedUnion><isID humanName="Is ID" mode="e">false</isID><isLeaf humanName="Is Leaf">false</isLeaf><isOrdered humanName="Is Ordered" mode="e">false</isOrdered><isReadOnly humanName="Is Read Only" mode="s,e">false</isReadOnly><isStatic humanName="Is Static" mode="s,e">false</isStatic><isUnique humanName="Is Unique" mode="e">true</isUnique><lower humanName="Lower">1</lower><multiplicity humanName="Multiplicity" mode="s,e"/><multiplicity humanName="Multiplicity" mode="s,e"/><name humanName="Name" mode="s,e"/><namespace classType="Association" humanName="Namespace" humanType="Association" icon="ElectronicsAssemblyCaseStudy_files/icon_association_1818389811.svg" isRelationship="true" name="Association[2 - Product Specification::CCA2 -&gt; CCA2+PR:2 - Product Specification::CCA2+PR]" refid="0de204bc-3a03-4f85-8344-3829aac9a5ae"/><navigable humanName="Navigable" mode="e">false</navigable><opposite classType="Property" humanName="Opposite" humanType="Part Property" icon="ElectronicsAssemblyCaseStudy_files/icon_partproperty_121885089.svg" name="CCA2+PR" refid="e76c5580-8ac8-41da-be5a-cd70d2256034"/><ownedBy classType="Association" humanName="Owned By" humanType="Association" icon="ElectronicsAssemblyCaseStudy_files/icon_association_1818389811.svg" isRelationship="true" mode="s,e" name="Association[2 - Product Specification::CCA2 -&gt; CCA2+PR:2 - Product Specification::CCA2+PR]" refid="0de204bc-3a03-4f85-8344-3829aac9a5ae"/><owner classType="Association" humanName="Owner" humanType="Association" icon="ElectronicsAssemblyCaseStudy_files/icon_association_1818389811.svg" isRelationship="true" name="Association[2 - Product Specification::CCA2 -&gt; CCA2+PR:2 - Product Specification::CCA2+PR]" refid="0de204bc-3a03-4f85-8344-3829aac9a5ae"/><owningAssociation classType="Association" humanName="Owning Association" humanType="Association" icon="ElectronicsAssemblyCaseStudy_files/icon_association_1818389811.svg" isRelationship="true" name="Association[2 - Product Specification::CCA2 -&gt; CCA2+PR:2 - Product Specification::CCA2+PR]" refid="0de204bc-3a03-4f85-8344-3829aac9a5ae"/><qualifiedName humanName="Qualified Name" mode="e">2 - Product Specification::::</qualifiedName><redefinitionContext humanName="Redefinition Context"><association classType="Association" humanType="Association" icon="ElectronicsAssemblyCaseStudy_files/icon_association_1818389811.svg" isRelationship="true" name="Association[2 - Product Specification::CCA2 -&gt; CCA2+PR:2 - Product Specification::CCA2+PR]" refid="0de204bc-3a03-4f85-8344-3829aac9a5ae"/></redefinitionContext><TO_DO humanName="To Do" mode="s,e"/><type classType="Class" humanName="Type" humanType="Block" icon="ElectronicsAssemblyCaseStudy_files/icon_block_1181413890.svg" mode="s,e" name="CCA2" refid="292d05d5-922e-4870-bd9c-8bbf2051f613"/><TYPE_MODIFIER humanName="Type Modifier" mode="e"/><upper humanName="Upper">1</upper><visibility humanName="Visibility" mode="s,e">public</visibility><appearsIn><diagram classType="Diagram" humanType="Diagram" icon="ElectronicsAssemblyCaseStudy_files/icon_SysML Block Definition Diagram_596372014.svg" name="BDD_PartMBOM" refid="64291a04-b654-4d6a-9316-88a4b77e74ef"/></appearsIn></property></magicdraw>