<?xml version="1.0" encoding="UTF-8"?><magicdraw><elementvalue classType="ElementValue" humanType="Element Value" icon="ElectronicsAssemblyCaseStudy_files/icon_elementvalue_1770746812.svg" id="172a7d8c-3e07-4e28-b60d-3d5c0a41dc15"><documentation humanName="Documentation"/><element classType="Stereotype" humanName="Element" humanType="Stereotype" icon="ElectronicsAssemblyCaseStudy_files/icon_stereotype_350852460.svg" mode="s,e" name="Requirement" refid="f838850b-430d-4cc6-ad17-c24c493eb05f"/><name humanName="Name"/><owner classType="Slot" humanName="Owner" humanType="Slot" icon="ElectronicsAssemblyCaseStudy_files/icon_slot_283253595.svg" mode="e" refid="7b42dd7f-7db8-4719-ab7d-bdbceb32d56c"/><owningSlot classType="Slot" humanName="Owning Slot" humanType="Slot" icon="ElectronicsAssemblyCaseStudy_files/icon_slot_283253595.svg" refid="7b42dd7f-7db8-4719-ab7d-bdbceb32d56c"/><qualifiedName humanName="Qualified Name"/><text humanName="Text" mode="standard">Requirement</text><TO_DO humanName="To Do"/><TYPE_MODIFIER humanName="Type Modifier"/><visibility humanName="Visibility">public</visibility></elementvalue></magicdraw>