<?xml version="1.0" encoding="UTF-8"?><magicdraw><literalstring classType="LiteralString" humanType="Literal String" icon="ElectronicsAssemblyCaseStudy_files/icon_literalstring_1903496650.svg" id="174a03f3-f509-498b-9ad8-e94fde894824"><documentation humanName="Documentation"/><name humanName="Name"/><owner classType="Slot" humanName="Owner" humanType="Slot" icon="ElectronicsAssemblyCaseStudy_files/icon_slot_283253595.svg" mode="e" refid="0dc22fa2-ec25-4bef-b96e-b42fe39dd57c"/><owningSlot classType="Slot" humanName="Owning Slot" humanType="Slot" icon="ElectronicsAssemblyCaseStudy_files/icon_slot_283253595.svg" refid="0dc22fa2-ec25-4bef-b96e-b42fe39dd57c"/><qualifiedName humanName="Qualified Name"/><text humanName="Text" mode="standard">4/24/20 9:50 AM</text><TO_DO humanName="To Do"/><TYPE_MODIFIER humanName="Type Modifier"/><value humanName="Value" mode="s,e">4/24/20 9:50 AM</value><visibility humanName="Visibility">public</visibility></literalstring></magicdraw>