<?xml version="1.0" encoding="UTF-8"?><magicdraw><literalboolean classType="LiteralBoolean" humanType="Literal Boolean" icon="ElectronicsAssemblyCaseStudy_files/icon_literalboolean_1153301927.svg" id="1787fcb9-accd-46fa-a190-d14c489bcd47"><documentation humanName="Documentation"/><name humanName="Name"/><owner classType="Slot" humanName="Owner" humanType="Slot" icon="ElectronicsAssemblyCaseStudy_files/icon_slot_283253595.svg" mode="e" refid="b487c8ea-0ce7-459a-87d6-7295f309fd01"/><owningSlot classType="Slot" humanName="Owning Slot" humanType="Slot" icon="ElectronicsAssemblyCaseStudy_files/icon_slot_283253595.svg" refid="b487c8ea-0ce7-459a-87d6-7295f309fd01"/><qualifiedName humanName="Qualified Name"/><text humanName="Text" mode="standard">true</text><TO_DO humanName="To Do"/><TYPE_MODIFIER humanName="Type Modifier"/><value humanName="Value" mode="s,e">true</value><visibility humanName="Visibility">public</visibility></literalboolean></magicdraw>