<?xml version="1.0" encoding="UTF-8"?><magicdraw><instancespecification classType="InstanceSpecification" humanType="Instance Specification" icon="ElectronicsAssemblyCaseStudy_files/icon_instancespecification_13643661.svg" id="1796f9b5-82ae-4237-b8ef-9d24da886c15"><classifier humanName="Classifier" mode="s,e"><stereotype classType="Stereotype" humanType="Stereotype" icon="ElectronicsAssemblyCaseStudy_files/icon_stereotype_918307166.svg" name="DiagramInfo" refid="ace076d1-a486-4673-a2cc-4978d8b7f5a1"/></classifier><documentation humanName="Documentation"/><name humanName="Name" mode="s,e"/><ownedElement humanName="Owned Element"><slot classType="Slot" humanType="Slot" icon="ElectronicsAssemblyCaseStudy_files/icon_slot_283253595.svg" refid="1dd2b2ff-8b3b-41a8-9320-06beee33df61"/><slot classType="Slot" humanType="Slot" icon="ElectronicsAssemblyCaseStudy_files/icon_slot_283253595.svg" refid="f6ab7d50-4682-4768-ac1c-ec91c7ede70b"/></ownedElement><owner classType="Diagram" humanName="Owner" humanType="Diagram" icon="ElectronicsAssemblyCaseStudy_files/icon_SysML Use Case Diagram_994112509.svg" mode="s,e" name="Business Function Use Cases" refid="53a0c206-0be2-4ca7-9101-ab2f0384a84b"/><qualifiedName humanName="Qualified Name" mode="e">0 - Production System Reference Architecture::3 - Use Cases - pkg::3.0 - Operational Use Cases (mission/business function ops)::Business Function Use Cases::</qualifiedName><slot humanName="Slot"><slot classType="Slot" humanType="Slot" icon="ElectronicsAssemblyCaseStudy_files/icon_slot_283253595.svg" refid="1dd2b2ff-8b3b-41a8-9320-06beee33df61"/><slot classType="Slot" humanType="Slot" icon="ElectronicsAssemblyCaseStudy_files/icon_slot_283253595.svg" refid="f6ab7d50-4682-4768-ac1c-ec91c7ede70b"/></slot><stereotypedElement classType="Diagram" humanName="Stereotyped Element" humanType="Diagram" icon="ElectronicsAssemblyCaseStudy_files/icon_SysML Use Case Diagram_994112509.svg" name="Business Function Use Cases" refid="53a0c206-0be2-4ca7-9101-ab2f0384a84b"/><TO_DO humanName="To Do" mode="s,e"/><visibility humanName="Visibility">public</visibility></instancespecification></magicdraw>