<?xml version="1.0" encoding="UTF-8"?><magicdraw><elementvalue classType="ElementValue" humanType="Element Value" icon="ElectronicsAssemblyCaseStudy_files/icon_elementvalue_1770746812.svg" id="17a05e69-2d01-4c7b-9730-3afb19c545ba"><documentation humanName="Documentation"/><element classType="Actor" humanName="Element" humanType="Actor" icon="ElectronicsAssemblyCaseStudy_files/icon_actor_1378559537.svg" mode="s,e" name="Material Handling" refid="b81b8a6b-2da1-4402-9073-3479284c783b"/><name humanName="Name"/><owner classType="Slot" humanName="Owner" humanType="Slot" icon="ElectronicsAssemblyCaseStudy_files/icon_slot_283253595.svg" mode="e" refid="cdcc41d3-2255-463f-b379-46a31a33ca76"/><owningSlot classType="Slot" humanName="Owning Slot" humanType="Slot" icon="ElectronicsAssemblyCaseStudy_files/icon_slot_283253595.svg" refid="cdcc41d3-2255-463f-b379-46a31a33ca76"/><qualifiedName humanName="Qualified Name"/><text humanName="Text" mode="standard">Material Handling</text><TO_DO humanName="To Do"/><TYPE_MODIFIER humanName="Type Modifier"/><visibility humanName="Visibility">public</visibility></elementvalue></magicdraw>