<?xml version="1.0" encoding="UTF-8"?><magicdraw><literalunlimitednatural classType="LiteralUnlimitedNatural" humanType="Literal Unlimited Natural" icon="ElectronicsAssemblyCaseStudy_files/icon_literalunlimitednatural_1702058771.svg" id="17b06ae6-4a75-4997-bcb8-e3233bb2c97c"><documentation humanName="Documentation"/><name humanName="Name"/><owner classType="Property" humanName="Owner" humanType="Part Property" icon="ElectronicsAssemblyCaseStudy_files/icon_partproperty_121885089.svg" mode="e" name="ChassisElecEquip" refid="b46cd909-fb0c-4c88-b576-8e7904d92613"/><owningUpper classType="Property" humanName="Owning Upper" humanType="Part Property" icon="ElectronicsAssemblyCaseStudy_files/icon_partproperty_121885089.svg" name="ChassisElecEquip" refid="b46cd909-fb0c-4c88-b576-8e7904d92613"/><qualifiedName humanName="Qualified Name">2 - Product Specification::Coupler::ChassisElecEquip::</qualifiedName><text humanName="Text" mode="standard">1</text><TO_DO humanName="To Do"/><TYPE_MODIFIER humanName="Type Modifier"/><value humanName="Value" mode="s,e">1</value><visibility humanName="Visibility">public</visibility></literalunlimitednatural></magicdraw>