<?xml version="1.0" encoding="UTF-8"?><magicdraw><literalinteger classType="LiteralInteger" humanType="Literal Integer" icon="ElectronicsAssemblyCaseStudy_files/icon_literalinteger_1747824475.svg" id="17f875a9-7f0d-453d-b833-49c98488421a"><documentation humanName="Documentation"/><name humanName="Name"/><owner classType="Parameter" humanName="Owner" humanType="Parameter" icon="ElectronicsAssemblyCaseStudy_files/icon_parameter_1919576980.svg" mode="e" name="partOUT" refid="ec26af59-8856-4eb3-8ce8-6cff7a3be9d1"/><owningLower classType="Parameter" humanName="Owning Lower" humanType="Parameter" icon="ElectronicsAssemblyCaseStudy_files/icon_parameter_1919576980.svg" name="partOUT" refid="ec26af59-8856-4eb3-8ce8-6cff7a3be9d1"/><qualifiedName humanName="Qualified Name">0 - Production System Reference Architecture::5 - Architecture pkg::5.0 - Functional Architecture::5.0.0 - Get::Iteration3::GetSensorCard+PR::partOUT::</qualifiedName><text humanName="Text" mode="standard">1</text><TO_DO humanName="To Do"/><TYPE_MODIFIER humanName="Type Modifier"/><value humanName="Value" mode="s,e">1</value><visibility humanName="Visibility">public</visibility></literalinteger></magicdraw>