<?xml version="1.0" encoding="UTF-8"?><magicdraw><controlflow classType="ControlFlow" humanType="Control Flow" icon="ElectronicsAssemblyCaseStudy_files/icon_controlflow_1765690649.svg" id="1843e686-d485-47b6-b8c8-251f3b86d3d7"><activity classType="Activity" humanName="Activity" humanType="Activity" icon="ElectronicsAssemblyCaseStudy_files/icon_activity_1076127169.svg" name="MakeSensorCard" refid="c3b1e6f7-20d2-4e77-9af9-92fc0394e94d"/><documentation humanName="Documentation"/><isLeaf humanName="Is Leaf">false</isLeaf><name humanName="Name" mode="s,e"/><ownedElement humanName="Owned Element"><literalunlimitednatural classType="LiteralUnlimitedNatural" humanType="Literal Unlimited Natural" icon="ElectronicsAssemblyCaseStudy_files/icon_literalunlimitednatural_1702058771.svg" name="1" refid="ca497dfb-659d-45c1-8b92-36aff01dcc74" text="1"/></ownedElement><owner classType="Activity" humanName="Owner" humanType="Activity" icon="ElectronicsAssemblyCaseStudy_files/icon_activity_1076127169.svg" mode="s,e" name="MakeSensorCard" refid="c3b1e6f7-20d2-4e77-9af9-92fc0394e94d"/><qualifiedName humanName="Qualified Name" mode="e">0 - Production System Reference Architecture::5 - Architecture pkg::5.0 - Functional Architecture::5.0.1 - Make::Iteration2::MakeSensorCard::</qualifiedName><source classType="CallBehaviorAction" humanName="Source" humanType="Call Behavior Action" icon="ElectronicsAssemblyCaseStudy_files/icon_callbehavioraction_66845334.svg" mode="s,e" name="HiPotTest" refid="88aaef6a-571f-4194-a122-23e3a1e7bbab"/><target classType="CallBehaviorAction" humanName="Target" humanType="Call Behavior Action" icon="ElectronicsAssemblyCaseStudy_files/icon_callbehavioraction_66845334.svg" mode="s,e" name="Qual_Postwave_3rd" refid="61c21cad-1cd2-4d46-bb3b-93502d656a37"/><TO_DO humanName="To Do" mode="s,e"/><visibility humanName="Visibility">public</visibility><weight classType="LiteralUnlimitedNatural" humanName="Weight" humanType="Literal Unlimited Natural" icon="ElectronicsAssemblyCaseStudy_files/icon_literalunlimitednatural_1702058771.svg" mode="e" name="1" refid="ca497dfb-659d-45c1-8b92-36aff01dcc74" text="1"/><appearsIn><diagram classType="Diagram" humanType="Diagram" icon="ElectronicsAssemblyCaseStudy_files/icon_SysML Activity Diagram_1550211747.svg" name="MakeSensorCard" refid="06e7a00a-0660-4fd1-ba56-4a33469b5888"/></appearsIn></controlflow></magicdraw>