<?xml version="1.0" encoding="UTF-8"?><magicdraw><package classType="Package" humanType="Package" icon="ElectronicsAssemblyCaseStudy_files/icon_package_1622863652.svg" id="187f3b23-3444-4c6b-b392-c80cadc2d4ec"><documentation humanName="Documentation"/><member humanName="Member"><package classType="Package" humanType="Package" icon="ElectronicsAssemblyCaseStudy_files/icon_package_1622863652.svg" name="4.1.1 - Sourcing Requirements - pkg" refid="a8312cdb-1c4b-4a9e-870f-906f4f965490"/><package classType="Package" humanType="Package" icon="ElectronicsAssemblyCaseStudy_files/icon_package_1622863652.svg" name="4.1.2 - Making/Production Requirements - pkg" refid="52e9702a-c7bd-4a44-97d1-6c84b57821c0"/><package classType="Package" humanType="Package" icon="ElectronicsAssemblyCaseStudy_files/icon_package_1622863652.svg" name="4.1.3 - Delivery Requirements - pkg" refid="1db5d575-4d80-4b2a-ae5a-78a663995fbb"/><package classType="Package" humanType="Package" icon="ElectronicsAssemblyCaseStudy_files/icon_package_1622863652.svg" name="Performance_Requirements" refid="d95b9eca-6240-428e-96d0-642ac905c6ee"/></member><name humanName="Name" mode="s,e">4.1 - L1 Enterprise Requirements pkg</name><namespace classType="Package" humanName="Namespace" humanType="Package" icon="ElectronicsAssemblyCaseStudy_files/icon_package_1622863652.svg" name="4 - Requirements pkg" refid="b53514c0-c316-4107-8de9-8a916293833f"/><nestedPackage humanName="Nested Package"><package classType="Package" humanType="Package" icon="ElectronicsAssemblyCaseStudy_files/icon_package_1622863652.svg" name="4.1.1 - Sourcing Requirements - pkg" refid="a8312cdb-1c4b-4a9e-870f-906f4f965490"/><package classType="Package" humanType="Package" icon="ElectronicsAssemblyCaseStudy_files/icon_package_1622863652.svg" name="4.1.2 - Making/Production Requirements - pkg" refid="52e9702a-c7bd-4a44-97d1-6c84b57821c0"/><package classType="Package" humanType="Package" icon="ElectronicsAssemblyCaseStudy_files/icon_package_1622863652.svg" name="4.1.3 - Delivery Requirements - pkg" refid="1db5d575-4d80-4b2a-ae5a-78a663995fbb"/><package classType="Package" humanType="Package" icon="ElectronicsAssemblyCaseStudy_files/icon_package_1622863652.svg" name="Performance_Requirements" refid="d95b9eca-6240-428e-96d0-642ac905c6ee"/></nestedPackage><nestingPackage classType="Package" humanName="Nesting Package" humanType="Package" icon="ElectronicsAssemblyCaseStudy_files/icon_package_1622863652.svg" name="4 - Requirements pkg" refid="b53514c0-c316-4107-8de9-8a916293833f"/><ownedElement humanName="Owned Element"><package classType="Package" humanType="Package" icon="ElectronicsAssemblyCaseStudy_files/icon_package_1622863652.svg" name="4.1.1 - Sourcing Requirements - pkg" refid="a8312cdb-1c4b-4a9e-870f-906f4f965490"/><package classType="Package" humanType="Package" icon="ElectronicsAssemblyCaseStudy_files/icon_package_1622863652.svg" name="4.1.2 - Making/Production Requirements - pkg" refid="52e9702a-c7bd-4a44-97d1-6c84b57821c0"/><package classType="Package" humanType="Package" icon="ElectronicsAssemblyCaseStudy_files/icon_package_1622863652.svg" name="4.1.3 - Delivery Requirements - pkg" refid="1db5d575-4d80-4b2a-ae5a-78a663995fbb"/><package classType="Package" humanType="Package" icon="ElectronicsAssemblyCaseStudy_files/icon_package_1622863652.svg" name="Performance_Requirements" refid="d95b9eca-6240-428e-96d0-642ac905c6ee"/></ownedElement><ownedMember humanName="Owned Member"><package classType="Package" humanType="Package" icon="ElectronicsAssemblyCaseStudy_files/icon_package_1622863652.svg" name="4.1.1 - Sourcing Requirements - pkg" refid="a8312cdb-1c4b-4a9e-870f-906f4f965490"/><package classType="Package" humanType="Package" icon="ElectronicsAssemblyCaseStudy_files/icon_package_1622863652.svg" name="4.1.2 - Making/Production Requirements - pkg" refid="52e9702a-c7bd-4a44-97d1-6c84b57821c0"/><package classType="Package" humanType="Package" icon="ElectronicsAssemblyCaseStudy_files/icon_package_1622863652.svg" name="4.1.3 - Delivery Requirements - pkg" refid="1db5d575-4d80-4b2a-ae5a-78a663995fbb"/><package classType="Package" humanType="Package" icon="ElectronicsAssemblyCaseStudy_files/icon_package_1622863652.svg" name="Performance_Requirements" refid="d95b9eca-6240-428e-96d0-642ac905c6ee"/></ownedMember><owner classType="Package" humanName="Owner" humanType="Package" icon="ElectronicsAssemblyCaseStudy_files/icon_package_1622863652.svg" mode="s,e" name="4 - Requirements pkg" refid="b53514c0-c316-4107-8de9-8a916293833f"/><owningPackage classType="Package" humanName="Owning Package" humanType="Package" icon="ElectronicsAssemblyCaseStudy_files/icon_package_1622863652.svg" name="4 - Requirements pkg" refid="b53514c0-c316-4107-8de9-8a916293833f"/><packagedElement humanName="Packaged Element"><package classType="Package" humanType="Package" icon="ElectronicsAssemblyCaseStudy_files/icon_package_1622863652.svg" name="4.1.1 - Sourcing Requirements - pkg" refid="a8312cdb-1c4b-4a9e-870f-906f4f965490"/><package classType="Package" humanType="Package" icon="ElectronicsAssemblyCaseStudy_files/icon_package_1622863652.svg" name="4.1.2 - Making/Production Requirements - pkg" refid="52e9702a-c7bd-4a44-97d1-6c84b57821c0"/><package classType="Package" humanType="Package" icon="ElectronicsAssemblyCaseStudy_files/icon_package_1622863652.svg" name="4.1.3 - Delivery Requirements - pkg" refid="1db5d575-4d80-4b2a-ae5a-78a663995fbb"/><package classType="Package" humanType="Package" icon="ElectronicsAssemblyCaseStudy_files/icon_package_1622863652.svg" name="Performance_Requirements" refid="d95b9eca-6240-428e-96d0-642ac905c6ee"/></packagedElement><qualifiedName humanName="Qualified Name" mode="e">0 - Production System Reference Architecture::4 - Requirements pkg::4.1 - L1 Enterprise Requirements pkg</qualifiedName><TO_DO humanName="To Do" mode="s,e"/><URI humanName="URI" mode="s,e"/><visibility humanName="Visibility">public</visibility></package></magicdraw>