<?xml version="1.0" encoding="UTF-8"?><magicdraw><literalunlimitednatural classType="LiteralUnlimitedNatural" humanType="Literal Unlimited Natural" icon="ElectronicsAssemblyCaseStudy_files/icon_literalunlimitednatural_1702058771.svg" id="193920a7-d8f4-4bc3-a1b0-539bf3c2201a"><documentation humanName="Documentation"/><name humanName="Name"/><owner classType="OutputPin" humanName="Owner" humanType="Output Pin" icon="ElectronicsAssemblyCaseStudy_files/icon_outputpin_168870325.svg" mode="e" name="partOUT" refid="c73f43b7-3c76-4a1c-a633-f414b10b0324"/><owningUpper classType="OutputPin" humanName="Owning Upper" humanType="Output Pin" icon="ElectronicsAssemblyCaseStudy_files/icon_outputpin_168870325.svg" name="partOUT" refid="c73f43b7-3c76-4a1c-a633-f414b10b0324"/><qualifiedName humanName="Qualified Name">0 - Production System Reference Architecture::5 - Architecture pkg::5.0 - Functional Architecture::5.0.8 - GetInputs::Iteration1::GetInputs_Coupler::CableAssembly4::partOUT::</qualifiedName><text humanName="Text" mode="standard">1</text><TO_DO humanName="To Do"/><TYPE_MODIFIER humanName="Type Modifier"/><value humanName="Value" mode="s,e">1</value><visibility humanName="Visibility">public</visibility></literalunlimitednatural></magicdraw>