<?xml version="1.0" encoding="UTF-8"?><magicdraw><literalinteger classType="LiteralInteger" humanType="Literal Integer" icon="ElectronicsAssemblyCaseStudy_files/icon_literalinteger_1747824475.svg" id="196b4ef1-3dc3-4655-a6a7-6d0d1b21194e"><documentation humanName="Documentation"/><name humanName="Name"/><owner classType="Property" humanName="Owner" humanType="Part Property" icon="ElectronicsAssemblyCaseStudy_files/icon_partproperty_121885089.svg" mode="e" name="wireCableKit" refid="9f163bea-a958-49ba-a0ca-efadc02e2a0e"/><owningLower classType="Property" humanName="Owning Lower" humanType="Part Property" icon="ElectronicsAssemblyCaseStudy_files/icon_partproperty_121885089.svg" name="wireCableKit" refid="9f163bea-a958-49ba-a0ca-efadc02e2a0e"/><qualifiedName humanName="Qualified Name">2 - Product Specification::SensorCard::wireCableKit::</qualifiedName><text humanName="Text" mode="standard">1</text><TO_DO humanName="To Do"/><TYPE_MODIFIER humanName="Type Modifier"/><value humanName="Value" mode="s,e">1</value><visibility humanName="Visibility">public</visibility></literalinteger></magicdraw>