<?xml version="1.0" encoding="UTF-8"?><magicdraw><block classType="Class" humanType="Block" icon="ElectronicsAssemblyCaseStudy_files/icon_block_1963190536.svg" id="_19_0_2_e190334_1589519279989_82086_156"><allGeneralClassifiers humanName="All General Classifiers"><block classType="Class" humanType="Block" icon="ElectronicsAssemblyCaseStudy_files/icon_block_1963190536.svg" name="Part" refid="_19_0_2_e190334_1589519279989_222130_157"/></allGeneralClassifiers><allSpecificClassifiers humanName="All Specific Classifiers"><block classType="Class" humanType="Block" icon="ElectronicsAssemblyCaseStudy_files/icon_block_1963190536.svg" name="CableAssembly3" refid="_19_0_2_e190334_1589519279910_983898_39"/><block classType="Class" humanType="Block" icon="ElectronicsAssemblyCaseStudy_files/icon_block_1963190536.svg" name="CableAssembly4" refid="_19_0_2_e190334_1589519279926_228235_52"/></allSpecificClassifiers><APPLIED_STEREOTYPES humanName="Applied Stereotype" mode="e"><stereotype classType="Stereotype" humanType="Stereotype" icon="ElectronicsAssemblyCaseStudy_files/icon_stereotype_1467169511.svg" name="Block" refid="_11_5EAPbeta_be00301_1147424179914_458922_958"/></APPLIED_STEREOTYPES><appliedStereotype humanName="Applied Stereotype" mode="e"><stereotype classType="Stereotype" humanType="Stereotype" icon="ElectronicsAssemblyCaseStudy_files/icon_stereotype_1467169511.svg" name="Block" refid="_11_5EAPbeta_be00301_1147424179914_458922_958"><property classType="Property" humanName="Base_ Class" humanType="Property" icon="ElectronicsAssemblyCaseStudy_files/icon_property_650521591.svg" name="base_Class" refid="_11_5EAPbeta_be00301_1147424181797_326831_961"/><property classType="Property" humanName="Is Encapsulated" humanType="Property" icon="ElectronicsAssemblyCaseStudy_files/icon_property_650521591.svg" name="isEncapsulated" refid="_11_5EAPbeta_be00301_1147424201876_860708_1049"/></stereotype></appliedStereotype><appliedStereotypeInstance classType="InstanceSpecification" humanName="Applied Stereotype Instance" humanType="Instance Specification" icon="ElectronicsAssemblyCaseStudy_files/icon_instancespecification_2030294088.svg" name=" : Block" refid="_19_0_3_412017e_1604950143166_266414_4371"/><derivedExplanation humanName="Derived Explanation"/><documentation humanName="Documentation"/><effectiveIRI humanName="Effective IRI"/><general humanName="General"><block classType="Class" humanType="Block" icon="ElectronicsAssemblyCaseStudy_files/icon_block_1963190536.svg" name="Part" refid="_19_0_2_e190334_1589519279989_222130_157"/></general><generalization humanName="Generalization"><generalization classType="Generalization" humanType="Generalization" icon="ElectronicsAssemblyCaseStudy_files/icon_generalization_688722159.svg" isRelationship="true" refid="_19_0_2_e190334_1589519284162_370999_660"/></generalization><inheritedMember humanName="Inherited Member"><valueproperty classType="Property" humanType="Value Property" icon="ElectronicsAssemblyCaseStudy_files/icon_valueproperty_1895123359.svg" name="partNumber" refid="_19_0_2_e190334_1589519284162_75282_662"/><valueproperty classType="Property" humanType="Value Property" icon="ElectronicsAssemblyCaseStudy_files/icon_valueproperty_1895123359.svg" name="serialNumber" refid="_19_0_2_e190334_1589519284162_820661_663"/></inheritedMember><isAbstract humanName="Is Abstract">true</isAbstract><isActive humanName="Is Active">false</isActive><isFinalSpecialization humanName="Is Final Specialization" mode="e">false</isFinalSpecialization><isLeaf humanName="Is Leaf" mode="e">false</isLeaf><member humanName="Member"><valueproperty classType="Property" humanType="Value Property" icon="ElectronicsAssemblyCaseStudy_files/icon_valueproperty_1895123359.svg" name="partNumber" refid="_19_0_2_e190334_1589519284162_75282_662"/><valueproperty classType="Property" humanType="Value Property" icon="ElectronicsAssemblyCaseStudy_files/icon_valueproperty_1895123359.svg" name="serialNumber" refid="_19_0_2_e190334_1589519284162_820661_663"/></member><name humanName="Name" mode="s,e">CableAssemblyTypeB</name><namespace classType="Package" humanName="Namespace" humanType="Package" icon="ElectronicsAssemblyCaseStudy_files/icon_package_1309191417.svg" name="NotInBOM_AbstractPartFamilies" refid="_19_0_2_e190334_1589519516126_822644_14068"/><ownedElement humanName="Owned Element"><generalization classType="Generalization" humanType="Generalization" icon="ElectronicsAssemblyCaseStudy_files/icon_generalization_688722159.svg" isRelationship="true" refid="_19_0_2_e190334_1589519284162_370999_660"/><instancespecification classType="InstanceSpecification" humanType="Instance Specification" icon="ElectronicsAssemblyCaseStudy_files/icon_instancespecification_2030294088.svg" name=" : Block" refid="_19_0_3_412017e_1604950143166_266414_4371"/></ownedElement><owner classType="Package" humanName="Owner" humanType="Package" icon="ElectronicsAssemblyCaseStudy_files/icon_package_1309191417.svg" mode="e" name="NotInBOM_AbstractPartFamilies" refid="_19_0_2_e190334_1589519516126_822644_14068"/><owningPackage classType="Package" humanName="Owning Package" humanType="Package" icon="ElectronicsAssemblyCaseStudy_files/icon_package_1309191417.svg" name="NotInBOM_AbstractPartFamilies" refid="_19_0_2_e190334_1589519516126_822644_14068"/><package classType="Package" humanName="Package" humanType="Package" icon="ElectronicsAssemblyCaseStudy_files/icon_package_1309191417.svg" name="NotInBOM_AbstractPartFamilies" refid="_19_0_2_e190334_1589519516126_822644_14068"/><participatesInActivity humanName="Participates In Activity"><activity classType="Activity" humanType="Activity" icon="ElectronicsAssemblyCaseStudy_files/icon_activity_1778695901.svg" name="GetCableAssemblyTypeB" refid="_19_0_2_e190334_1589519284006_96011_298"/></participatesInActivity><qualifiedName humanName="Qualified Name" mode="s,e">2 - Product Specification::NotInBOM_AbstractPartFamilies::CableAssemblyTypeB</qualifiedName><specificClassifier humanName="Specific Classifier"><block classType="Class" humanType="Block" icon="ElectronicsAssemblyCaseStudy_files/icon_block_1963190536.svg" name="CableAssembly3" refid="_19_0_2_e190334_1589519279910_983898_39"/><block classType="Class" humanType="Block" icon="ElectronicsAssemblyCaseStudy_files/icon_block_1963190536.svg" name="CableAssembly4" refid="_19_0_2_e190334_1589519279926_228235_52"/></specificClassifier><superClass humanName="Super Class"><block classType="Class" humanType="Block" icon="ElectronicsAssemblyCaseStudy_files/icon_block_1963190536.svg" name="Part" refid="_19_0_2_e190334_1589519279989_222130_157"/></superClass><TO_DO humanName="To Do" mode="s,e"/><usedAsType humanName="Used As Type"><partproperty classType="Property" humanType="Part Property" icon="ElectronicsAssemblyCaseStudy_files/icon_partproperty_2032905582.svg" name="CableAssemblyTypeB" refid="_19_0_2_e190334_1589519284099_667333_368"/><parameter classType="Parameter" humanType="Parameter" icon="ElectronicsAssemblyCaseStudy_files/icon_parameter_937437482.svg" name="partOUT" refid="_19_0_2_e190334_1589519286414_327843_925"/><activityparameternode classType="ActivityParameterNode" humanType="Activity Parameter Node" icon="ElectronicsAssemblyCaseStudy_files/icon_activityparameternode_1707293586.svg" name="partOUT" refid="_19_0_2_e190334_1589519286414_322857_927"/></usedAsType><visibility humanName="Visibility">public</visibility><appearsIn><diagram classType="Diagram" humanType="Diagram" icon="ElectronicsAssemblyCaseStudy_files/icon_SysML Block Definition Diagram_1772877839.svg" name="BDD_PartAbFam1" refid="_19_0_2_e190334_1589519281366_203378_200"/><diagram classType="Diagram" humanType="Diagram" icon="ElectronicsAssemblyCaseStudy_files/icon_SysML Block Definition Diagram_1772877839.svg" name="BDD_PartAbFam3" refid="_19_0_2_e190334_1589519281709_117540_221"/><diagram classType="Diagram" humanType="Diagram" icon="ElectronicsAssemblyCaseStudy_files/icon_SysML Block Definition Diagram_1772877839.svg" name="BDD_PartAbFam2" refid="_19_0_2_e190334_1589519280913_927107_179"/><diagram classType="Diagram" humanType="Diagram" icon="ElectronicsAssemblyCaseStudy_files/icon_SysML Block Definition Diagram_1772877839.svg" name="BDD_PartConnectModelLibrary" refid="_19_0_2_e190334_1589519283974_502079_263"/></appearsIn></block></magicdraw>