<?xml version="1.0" encoding="UTF-8"?><magicdraw><diagram classType="Diagram" diagramType="SysML Block Definition Diagram" height="880" humanType="Diagram" icon="ElectronicsAssemblyCaseStudy_files/icon_SysML Block Definition Diagram_1772877839.svg" id="_19_0_2_e190334_1589519280582_864276_158" src="ElectronicsAssemblyCaseStudy_files/_19_0_2_e190334_1589519280582_864276_158.svg" width="801"><APPLIED_STEREOTYPES humanName="Applied Stereotype" mode="s,e"><stereotype classType="Stereotype" humanType="Stereotype" icon="ElectronicsAssemblyCaseStudy_files/icon_stereotype_910260820.svg" name="DiagramInfo" refid="_9_0_be00301_1108044380615_150487_0"/></APPLIED_STEREOTYPES><appliedStereotype humanName="Applied Stereotype" mode="s,e"><stereotype classType="Stereotype" humanType="Stereotype" icon="ElectronicsAssemblyCaseStudy_files/icon_stereotype_910260820.svg" name="DiagramInfo" refid="_9_0_be00301_1108044380615_150487_0"><property classType="Property" humanName="Author" humanType="Property" icon="ElectronicsAssemblyCaseStudy_files/icon_property_650521591.svg" name="Author" refid="_be00301_1077726770128_871366_1"><String>gthiers</String></property><property classType="Property" humanName="Base_ Diagram" humanType="Property" icon="ElectronicsAssemblyCaseStudy_files/icon_property_650521591.svg" name="base_Diagram" refid="_10_0EAPbeta_be00301_1123081772498_901864_356"/><property classType="Property" humanName="Base_ Element" humanType="Property" icon="ElectronicsAssemblyCaseStudy_files/icon_property_650521591.svg" name="base_Element" refid="_10_0EAPbeta_be00301_1123081772098_411862_275"/><property classType="Property" humanName="Creation Date" humanType="Property" icon="ElectronicsAssemblyCaseStudy_files/icon_property_650521591.svg" name="Creation date" refid="_be00301_1073306188629_537791_2"><String>5/15/20 1:08 AM</String></property><property classType="Property" humanName="Last modified by" humanType="Property" icon="ElectronicsAssemblyCaseStudy_files/icon_property_650521591.svg" name="Last modified by" refid="_16_8beta_8ca0285_1257244649124_794756_344"/><property classType="Property" humanName="Modification Date" humanType="Property" icon="ElectronicsAssemblyCaseStudy_files/icon_property_650521591.svg" name="Modification date" refid="_be00301_1073394345322_922552_1"/></stereotype></appliedStereotype><appliedStereotypeInstance classType="InstanceSpecification" humanName="Applied Stereotype Instance" humanType="Instance Specification" icon="ElectronicsAssemblyCaseStudy_files/icon_instancespecification_2030294088.svg" name=" : DiagramInfo" refid="_19_0_3_412017e_1604950143179_895480_4438"/><documentation humanName="Documentation"/><map><area isNotContentShape="false" name="Part Property SensorCard" refid="_19_0_2_e190334_1589519284099_542399_358" shape="rect" type="0"><point x="373" y="130"/><point x="384" y="130"/><point x="384" y="141"/><point x="373" y="141"/></area><area isNotContentShape="false" name="Part Property ControlCard" refid="_19_0_2_e190334_1589519284099_876015_361" shape="rect" type="0"><point x="233" y="438"/><point x="244" y="438"/><point x="244" y="449"/><point x="233" y="449"/></area><area isNotContentShape="false" name="Part Property ElectronicAssembly" refid="_19_0_2_e190334_1589519284099_736837_363" shape="rect" type="0"><point x="163" y="592"/><point x="174" y="592"/><point x="174" y="603"/><point x="163" y="603"/></area><area isNotContentShape="false" name="Property" refid="_19_0_2_e190334_1589519284115_3601_488" shape="rect" type="0"><point x="338" y="99"/><point x="349" y="99"/><point x="349" y="110"/><point x="338" y="110"/></area><area isNotContentShape="false" name="Property" refid="_19_0_2_e190334_1589519284115_156926_410" shape="rect" type="0"><point x="268" y="99"/><point x="279" y="99"/><point x="279" y="110"/><point x="268" y="110"/></area><area isNotContentShape="false" name="Property" refid="_19_0_2_e190334_1589519284115_305133_491" shape="rect" type="0"><point x="93" y="99"/><point x="104" y="99"/><point x="104" y="110"/><point x="93" y="110"/></area><area isNotContentShape="false" name="Property" refid="_19_0_2_e190334_1589519284115_526916_473" shape="rect" type="0"><point x="365" y="450"/><point x="376" y="450"/><point x="376" y="461"/><point x="365" y="461"/></area><area isNotContentShape="false" name="Property" refid="_19_0_2_e190334_1589519284115_381086_412" shape="rect" type="0"><point x="198" y="99"/><point x="209" y="99"/><point x="209" y="110"/><point x="198" y="110"/></area><area isNotContentShape="false" name="Part Property CableAssembly2" refid="_19_0_2_e190334_1589519284099_361693_400" shape="rect" type="0"><point x="445" y="825"/><point x="456" y="825"/><point x="456" y="836"/><point x="445" y="836"/></area><area isNotContentShape="false" name="Property" refid="_19_0_2_e190334_1589519284115_842921_409" shape="rect" type="0"><point x="300" y="99"/><point x="311" y="99"/><point x="311" y="110"/><point x="300" y="110"/></area><area isNotContentShape="false" name="Property" refid="_19_0_2_e190334_1589519284115_42562_430" shape="rect" type="0"><point x="336" y="555"/><point x="347" y="555"/><point x="347" y="566"/><point x="336" y="566"/></area><area isNotContentShape="false" name="Property" refid="_19_0_2_e190334_1589519284115_833145_490" shape="rect" type="0"><point x="729" y="534"/><point x="740" y="534"/><point x="740" y="545"/><point x="729" y="545"/></area><area isNotContentShape="false" name="Property" refid="_19_0_2_e190334_1589519284115_681700_489" shape="rect" type="0"><point x="703" y="450"/><point x="714" y="450"/><point x="714" y="461"/><point x="703" y="461"/></area><area isNotContentShape="false" name="Part Property CCA1" refid="_19_0_2_e190334_1589519284099_106377_398" shape="rect" type="0"><point x="445" y="685"/><point x="456" y="685"/><point x="456" y="696"/><point x="445" y="696"/></area><area isNotContentShape="false" name="Property" refid="_19_0_2_e190334_1589519284115_342960_414" shape="rect" type="0"><point x="128" y="99"/><point x="139" y="99"/><point x="139" y="110"/><point x="128" y="110"/></area><area isNotContentShape="false" name="Property" refid="_19_0_2_e190334_1589519284115_528274_408" shape="rect" type="0"><point x="373" y="99"/><point x="384" y="99"/><point x="384" y="110"/><point x="373" y="110"/></area><area isNotContentShape="false" name="Property" refid="_19_0_2_e190334_1589519284115_309012_411" shape="rect" type="0"><point x="233" y="99"/><point x="244" y="99"/><point x="244" y="110"/><point x="233" y="110"/></area><area isNotContentShape="false" name="Property" refid="_19_0_2_e190334_1589519284115_683052_413" shape="rect" type="0"><point x="163" y="99"/><point x="174" y="99"/><point x="174" y="110"/><point x="163" y="110"/></area><area isNotContentShape="false" name="Part Property CCA2" refid="_19_0_2_e190334_1589519284099_976979_366" shape="rect" type="0"><point x="338" y="207"/><point x="349" y="207"/><point x="349" y="218"/><point x="338" y="218"/></area><area isNotContentShape="false" name="Part Property DaughterCard" refid="_19_0_2_e190334_1589519284099_450817_360" shape="rect" type="0"><point x="268" y="361"/><point x="279" y="361"/><point x="279" y="372"/><point x="268" y="372"/></area><area isNotContentShape="false" name="Part Property CableAssembly4" refid="_19_0_2_e190334_1589519284099_913971_367" shape="rect" type="0"><point x="93" y="746"/><point x="104" y="746"/><point x="104" y="757"/><point x="93" y="757"/></area><area isNotContentShape="false" name="Part Property ControlCardAssemblyModified" refid="_19_0_2_e190334_1589519284099_734048_394" shape="rect" type="0"><point x="515" y="450"/><point x="526" y="450"/><point x="526" y="461"/><point x="515" y="461"/></area><area isNotContentShape="false" name="Part Property ChassisElecEquip" refid="_19_0_2_e190334_1589519284099_167116_362" shape="rect" type="0"><point x="198" y="515"/><point x="209" y="515"/><point x="209" y="526"/><point x="198" y="526"/></area><area isNotContentShape="false" name="Property" refid="_19_0_2_e190334_1589519284115_635937_474" shape="rect" type="0"><point x="336" y="569"/><point x="347" y="569"/><point x="347" y="580"/><point x="336" y="580"/></area><area isNotContentShape="false" name="Part Property CableAssembly1" refid="_19_0_2_e190334_1589519284099_513192_359" shape="rect" type="0"><point x="300" y="284"/><point x="311" y="284"/><point x="311" y="295"/><point x="300" y="295"/></area><area isNotContentShape="false" name="Part Property Filter" refid="_19_0_2_e190334_1589519284099_732319_399" shape="rect" type="0"><point x="445" y="755"/><point x="456" y="755"/><point x="456" y="766"/><point x="445" y="766"/></area><area isNotContentShape="false" name="Part Property MicrocircuitModified" refid="_19_0_2_e190334_1589519284115_497462_456" shape="rect" type="0"><point x="744" y="557"/><point x="755" y="557"/><point x="755" y="568"/><point x="744" y="568"/></area><area isNotContentShape="false" name="Part Property ControlCard" refid="_19_0_2_e190334_1589519284115_471082_451" shape="rect" type="0"><point x="716" y="473"/><point x="727" y="473"/><point x="727" y="484"/><point x="716" y="484"/></area><area isNotContentShape="false" name="Property" refid="_19_0_2_e190334_1589519284115_162040_429" shape="rect" type="0"><point x="336" y="541"/><point x="347" y="541"/><point x="347" y="552"/><point x="336" y="552"/></area><area isNotContentShape="false" name="Part Property CableAssembly3" refid="_19_0_2_e190334_1589519284099_154797_364" shape="rect" type="0"><point x="128" y="669"/><point x="139" y="669"/><point x="139" y="680"/><point x="128" y="680"/></area><area isNotContentShape="false" name="Part Property Filter" refid="_19_0_2_e190334_1589519284099_732319_399" shape="rect" type="0"><point x="428" y="745"/><point x="453" y="745"/><point x="453" y="758"/><point x="428" y="758"/></area><area isNotContentShape="false" name="Part Property CCA2" refid="_19_0_2_e190334_1589519284099_976979_366" shape="rect" type="0"><point x="311" y="202"/><point x="341" y="202"/><point x="341" y="215"/><point x="311" y="215"/></area><area isNotContentShape="false" name="Part Property CCA1" refid="_19_0_2_e190334_1589519284099_106377_398" shape="rect" type="0"><point x="423" y="675"/><point x="453" y="675"/><point x="453" y="688"/><point x="423" y="688"/></area><area isNotContentShape="false" name="Part Property ControlCard" refid="_19_0_2_e190334_1589519284099_876015_361" shape="rect" type="0"><point x="177" y="433"/><point x="236" y="433"/><point x="236" y="446"/><point x="177" y="446"/></area><area isNotContentShape="false" name="Part Property ControlCard" refid="_19_0_2_e190334_1589519284115_471082_451" shape="rect" type="0"><point x="660" y="468"/><point x="719" y="468"/><point x="719" y="481"/><point x="660" y="481"/></area><area isNotContentShape="false" name="Part Property SensorCard" refid="_19_0_2_e190334_1589519284099_542399_358" shape="rect" type="0"><point x="316" y="125"/><point x="376" y="125"/><point x="376" y="138"/><point x="316" y="138"/></area><area isNotContentShape="false" name="Part Property DaughterCard" refid="_19_0_2_e190334_1589519284099_450817_360" shape="rect" type="0"><point x="202" y="356"/><point x="271" y="356"/><point x="271" y="369"/><point x="202" y="369"/></area><area isNotContentShape="false" name="Part Property CableAssembly4" refid="_19_0_2_e190334_1589519284099_913971_367" shape="rect" type="0"><point x="13" y="741"/><point x="96" y="741"/><point x="96" y="754"/><point x="13" y="754"/></area><area isNotContentShape="false" name="Part Property CableAssembly1" refid="_19_0_2_e190334_1589519284099_513192_359" shape="rect" type="0"><point x="220" y="279"/><point x="303" y="279"/><point x="303" y="292"/><point x="220" y="292"/></area><area isNotContentShape="false" name="Part Property CableAssembly3" refid="_19_0_2_e190334_1589519284099_154797_364" shape="rect" type="0"><point x="48" y="664"/><point x="131" y="664"/><point x="131" y="677"/><point x="48" y="677"/></area><area isNotContentShape="false" name="Part Property CableAssembly2" refid="_19_0_2_e190334_1589519284099_361693_400" shape="rect" type="0"><point x="370" y="815"/><point x="453" y="815"/><point x="453" y="828"/><point x="370" y="828"/></area><area isNotContentShape="false" name="Part Property ChassisElecEquip" refid="_19_0_2_e190334_1589519284099_167116_362" shape="rect" type="0"><point x="114" y="510"/><point x="201" y="510"/><point x="201" y="523"/><point x="114" y="523"/></area><area isNotContentShape="false" name="Part Property ElectronicAssembly" refid="_19_0_2_e190334_1589519284099_736837_363" shape="rect" type="0"><point x="69" y="587"/><point x="166" y="587"/><point x="166" y="600"/><point x="69" y="600"/></area><area isNotContentShape="false" name="Part Property MicrocircuitModified" refid="_19_0_2_e190334_1589519284115_497462_456" shape="rect" type="0"><point x="650" y="552"/><point x="747" y="552"/><point x="747" y="565"/><point x="650" y="565"/></area><area isNotContentShape="false" name="Part Property ControlCardAssemblyModified" refid="_19_0_2_e190334_1589519284099_734048_394" shape="rect" type="0"><point x="376" y="440"/><point x="523" y="440"/><point x="523" y="453"/><point x="376" y="453"/></area><area isNotContentShape="false" name="Association" refid="_19_0_2_e190334_1589519279942_130490_75" shape="poly" type="0"><point x="750" y="566"/><point x="750" y="538"/><point x="730" y="538"/><point x="728" y="540"/><point x="748" y="540"/><point x="748" y="568"/></area><area isNotContentShape="false" name="Association" refid="_19_0_2_e190334_1589519279942_542354_74" shape="poly" type="0"><point x="722" y="482"/><point x="722" y="454"/><point x="704" y="454"/><point x="702" y="456"/><point x="720" y="456"/><point x="720" y="484"/></area><area isNotContentShape="false" name="Association" refid="_19_0_2_e190334_1589519279910_134499_40" shape="poly" type="0"><point x="379" y="139"/><point x="379" y="98"/><point x="377" y="100"/><point x="377" y="141"/></area><area isNotContentShape="false" name="Association" refid="_19_0_2_e190334_1589519279942_325754_73" shape="poly" type="0"><point x="344" y="216"/><point x="344" y="98"/><point x="342" y="100"/><point x="342" y="218"/></area><area isNotContentShape="false" name="Association" refid="_19_0_2_e190334_1589519279926_5745_49" shape="poly" type="0"><point x="456" y="689"/><point x="379" y="689"/><point x="379" y="545"/><point x="337" y="545"/><point x="335" y="547"/><point x="377" y="547"/><point x="377" y="691"/><point x="454" y="691"/></area><area isNotContentShape="false" name="Association" refid="_19_0_2_e190334_1589519279926_826432_64" shape="poly" type="0"><point x="526" y="454"/><point x="366" y="454"/><point x="364" y="456"/><point x="524" y="456"/></area><area isNotContentShape="false" name="Association" refid="_19_0_2_e190334_1589519279910_947928_41" shape="poly" type="0"><point x="306" y="293"/><point x="306" y="98"/><point x="304" y="100"/><point x="304" y="295"/></area><area isNotContentShape="false" name="Association" refid="_19_0_2_e190334_1589519279926_486800_50" shape="poly" type="0"><point x="456" y="759"/><point x="369" y="759"/><point x="369" y="559"/><point x="337" y="559"/><point x="335" y="561"/><point x="367" y="561"/><point x="367" y="761"/><point x="454" y="761"/></area><area isNotContentShape="false" name="Association" refid="_19_0_2_e190334_1589519279926_64702_65" shape="poly" type="0"><point x="456" y="829"/><point x="358" y="829"/><point x="358" y="573"/><point x="337" y="573"/><point x="335" y="575"/><point x="356" y="575"/><point x="356" y="831"/><point x="454" y="831"/></area><area isNotContentShape="false" name="Association" refid="_19_0_2_e190334_1589519279910_198865_42" shape="poly" type="0"><point x="274" y="370"/><point x="274" y="98"/><point x="272" y="100"/><point x="272" y="372"/></area><area isNotContentShape="false" name="Association" refid="_19_0_2_e190334_1589519279910_604991_43" shape="poly" type="0"><point x="239" y="447"/><point x="239" y="98"/><point x="237" y="100"/><point x="237" y="449"/></area><area isNotContentShape="false" name="Association" refid="_19_0_2_e190334_1589519279910_6340_44" shape="poly" type="0"><point x="204" y="524"/><point x="204" y="98"/><point x="202" y="100"/><point x="202" y="526"/></area><area isNotContentShape="false" name="Association" refid="_19_0_2_e190334_1589519279926_265417_45" shape="poly" type="0"><point x="169" y="601"/><point x="169" y="98"/><point x="167" y="100"/><point x="167" y="603"/></area><area isNotContentShape="false" name="Association" refid="_19_0_2_e190334_1589519279926_115242_46" shape="poly" type="0"><point x="134" y="678"/><point x="134" y="98"/><point x="132" y="100"/><point x="132" y="680"/></area><area isNotContentShape="false" name="Association" refid="_19_0_2_e190334_1589519279942_953988_76" shape="poly" type="0"><point x="99" y="755"/><point x="99" y="98"/><point x="97" y="100"/><point x="97" y="757"/></area><area isNotContentShape="false" name="Value Property partNumber" refid="_19_0_2_e190334_1589519284099_114853_375" shape="rect" type="0"><point x="353" y="186"/><point x="503" y="186"/><point x="503" y="199"/><point x="353" y="199"/></area><area isNotContentShape="false" name="Value Property partNumber" refid="_19_0_2_e190334_1589519284115_351276_455" shape="rect" type="0"><point x="577" y="529"/><point x="727" y="529"/><point x="727" y="542"/><point x="577" y="542"/></area><area isNotContentShape="false" name="Value Property partNumber" refid="_19_0_2_e190334_1589519284099_181803_388" shape="rect" type="0"><point x="248" y="417"/><point x="398" y="417"/><point x="398" y="430"/><point x="248" y="430"/></area><area isNotContentShape="false" name="Value Property partNumber" refid="_19_0_2_e190334_1589519284099_150122_393" shape="rect" type="0"><point x="213" y="494"/><point x="363" y="494"/><point x="363" y="507"/><point x="213" y="507"/></area><area isNotContentShape="false" name="Value Property partNumber" refid="_19_0_2_e190334_1589519284115_807715_462" shape="rect" type="0"><point x="605" y="613"/><point x="755" y="613"/><point x="755" y="626"/><point x="605" y="626"/></area><area isNotContentShape="false" name="Value Property partNumber" refid="_19_0_2_e190334_1589519284115_317276_416" shape="rect" type="0"><point x="458" y="697"/><point x="608" y="697"/><point x="608" y="710"/><point x="458" y="710"/></area><area isNotContentShape="false" name="Value Property partNumber" refid="_19_0_2_e190334_1589519284115_901257_440" shape="rect" type="0"><point x="318" y="263"/><point x="468" y="263"/><point x="468" y="276"/><point x="318" y="276"/></area><area isNotContentShape="false" name="Block SensorCard" refid="_19_0_2_e190334_1589519279910_517008_34" shape="rect" type="0"><point x="350" y="140"/><point x="506" y="140"/><point x="506" y="205"/><point x="350" y="205"/></area><area isNotContentShape="false" name="Block ControlCard" refid="_19_0_2_e190334_1589519279926_576931_57" shape="rect" type="0"><point x="574" y="483"/><point x="730" y="483"/><point x="730" y="548"/><point x="574" y="548"/></area><area isNotContentShape="false" name="Value Property partNumber" refid="_19_0_2_e190334_1589519284099_469010_372" shape="rect" type="0"><point x="283" y="340"/><point x="439" y="340"/><point x="439" y="353"/><point x="283" y="353"/></area><area isNotContentShape="false" name="Value Property partNumber" refid="_19_0_2_e190334_1589519284115_576490_435" shape="rect" type="0"><point x="73" y="802"/><point x="229" y="802"/><point x="229" y="815"/><point x="73" y="815"/></area><area isNotContentShape="false" name="Value Property partNumber" refid="_19_0_2_e190334_1589519284115_626943_432" shape="rect" type="0"><point x="458" y="837"/><point x="614" y="837"/><point x="614" y="850"/><point x="458" y="850"/></area><area isNotContentShape="false" name="Value Property partNumber" refid="_19_0_2_e190334_1589519284115_919897_404" shape="rect" type="0"><point x="108" y="725"/><point x="264" y="725"/><point x="264" y="738"/><point x="108" y="738"/></area><area isNotContentShape="false" name="Value Property partNumber" refid="_19_0_2_e190334_1589519284099_931638_384" shape="rect" type="0"><point x="143" y="648"/><point x="299" y="648"/><point x="299" y="661"/><point x="143" y="661"/></area><area isNotContentShape="false" name="Value Property partNumber" refid="_19_0_2_e190334_1589519284115_68818_424" shape="rect" type="0"><point x="458" y="767"/><point x="614" y="767"/><point x="614" y="780"/><point x="458" y="780"/></area><area isNotContentShape="false" name="Value Property partNumber" refid="_19_0_2_e190334_1589519284099_824391_397" shape="rect" type="0"><point x="178" y="571"/><point x="334" y="571"/><point x="334" y="584"/><point x="178" y="584"/></area><area isNotContentShape="false" name="Block DaughterCard" refid="_19_0_2_e190334_1589519279910_497810_36" shape="rect" type="0"><point x="245" y="371"/><point x="401" y="371"/><point x="401" y="436"/><point x="245" y="436"/></area><area isNotContentShape="false" name="Block ProgrammedAssembly" refid="_19_0_2_e190334_1589519279910_342250_37" shape="rect" type="0"><point x="210" y="448"/><point x="366" y="448"/><point x="366" y="513"/><point x="210" y="513"/></area><area isNotContentShape="false" name="Block MicrocircuitModified" refid="_19_0_2_e190334_1589519279926_534453_58" shape="rect" type="0"><point x="602" y="567"/><point x="758" y="567"/><point x="758" y="632"/><point x="602" y="632"/></area><area isNotContentShape="false" name="Block CCA1" refid="_19_0_2_e190334_1589519279926_610248_47" shape="rect" type="0"><point x="455" y="651"/><point x="611" y="651"/><point x="611" y="716"/><point x="455" y="716"/></area><area isNotContentShape="false" name="Block CCA2" refid="_19_0_2_e190334_1589519279926_159565_53" shape="rect" type="0"><point x="315" y="217"/><point x="471" y="217"/><point x="471" y="282"/><point x="315" y="282"/></area><area isNotContentShape="false" name="Block CableAssembly1" refid="_19_0_2_e190334_1589519279910_131104_33" shape="rect" type="0"><point x="280" y="294"/><point x="442" y="294"/><point x="442" y="359"/><point x="280" y="359"/></area><area isNotContentShape="false" name="Block CableAssembly4" refid="_19_0_2_e190334_1589519279926_228235_52" shape="rect" type="0"><point x="70" y="756"/><point x="232" y="756"/><point x="232" y="821"/><point x="70" y="821"/></area><area isNotContentShape="false" name="Block CableAssembly2" refid="_19_0_2_e190334_1589519279926_761129_51" shape="rect" type="0"><point x="455" y="791"/><point x="617" y="791"/><point x="617" y="856"/><point x="455" y="856"/></area><area isNotContentShape="false" name="Block CableAssembly3" refid="_19_0_2_e190334_1589519279910_983898_39" shape="rect" type="0"><point x="105" y="679"/><point x="267" y="679"/><point x="267" y="744"/><point x="105" y="744"/></area><area isNotContentShape="false" name="Block ElectronicAssembly" refid="_19_0_2_e190334_1589519279910_26805_35" shape="rect" type="0"><point x="140" y="602"/><point x="302" y="602"/><point x="302" y="667"/><point x="140" y="667"/></area><area isNotContentShape="false" name="Block Filter" refid="_19_0_2_e190334_1589519279926_701745_48" shape="rect" type="0"><point x="455" y="721"/><point x="617" y="721"/><point x="617" y="786"/><point x="455" y="786"/></area><area isNotContentShape="false" name="Block ChassisElectricalEquipment" refid="_19_0_2_e190334_1589519279910_721785_38" shape="rect" type="0"><point x="175" y="525"/><point x="337" y="525"/><point x="337" y="590"/><point x="175" y="590"/></area><area isNotContentShape="false" name="Value Property partNumber" refid="_19_0_2_e190334_1589519284115_278563_450" shape="rect" type="0"><point x="528" y="445"/><point x="701" y="445"/><point x="701" y="458"/><point x="528" y="458"/></area><area isNotContentShape="false" name="Block ControlCardAssemblyModified" refid="_19_0_2_e190334_1589519279926_680697_56" shape="rect" type="0"><point x="525" y="399"/><point x="704" y="399"/><point x="704" y="464"/><point x="525" y="464"/></area><area isNotContentShape="false" name="Value Property partNumber" refid="_19_0_2_e190334_1589519284099_905295_365" shape="rect" type="0"><point x="73" y="81"/><point x="383" y="81"/><point x="383" y="94"/><point x="73" y="94"/></area><area isNotContentShape="false" name="Block Coupler" refid="_19_0_2_e190334_1589519279910_702508_32" shape="rect" type="0"><point x="70" y="35"/><point x="386" y="35"/><point x="386" y="100"/><point x="70" y="100"/></area></map><name humanName="Name" mode="s,e">BDD_PartEBOM</name><namespace classType="Package" humanName="Namespace" humanType="Package" icon="ElectronicsAssemblyCaseStudy_files/icon_package_1309191417.svg" name="2 - Product Specification" refid="_19_0_2_e190334_1588775853514_420068_1735"/><ownedElement humanName="Owned Element"><instancespecification classType="InstanceSpecification" humanType="Instance Specification" icon="ElectronicsAssemblyCaseStudy_files/icon_instancespecification_2030294088.svg" name=" : DiagramInfo" refid="_19_0_3_412017e_1604950143179_895480_4438"/></ownedElement><owner classType="Package" humanName="Owner" humanType="Package" icon="ElectronicsAssemblyCaseStudy_files/icon_package_1309191417.svg" mode="s,e" name="2 - Product Specification" refid="_19_0_2_e190334_1588775853514_420068_1735"/><ownerOfDiagram classType="Package" humanName="Owner Of Diagram" humanType="Package" icon="ElectronicsAssemblyCaseStudy_files/icon_package_1309191417.svg" name="2 - Product Specification" refid="_19_0_2_e190334_1588775853514_420068_1735"/><qualifiedName humanName="Qualified Name" mode="e">2 - Product Specification::BDD_PartEBOM</qualifiedName><TO_DO humanName="To Do" mode="s,e"/><DIAGRAM_TYPE_DERIVED_PROPERTY humanName="Type">SysML Block Definition Diagram</DIAGRAM_TYPE_DERIVED_PROPERTY><visibility humanName="Visibility">public</visibility></diagram></magicdraw>