<?xml version="1.0" encoding="UTF-8"?><magicdraw><activity classType="Activity" humanType="Activity" icon="ElectronicsAssemblyCaseStudy_files/icon_activity_1778695901.svg" id="_19_0_2_e190334_1589519284037_90501_337"><allGeneralClassifiers humanName="All General Classifiers"><activity classType="Activity" humanType="Activity" icon="ElectronicsAssemblyCaseStudy_files/icon_activity_1778695901.svg" name="Test" refid="_19_0_2_e190334_1589519284053_515893_355"/></allGeneralClassifiers><attribute humanName="Attribute"><property classType="Property" humanType="Property" icon="ElectronicsAssemblyCaseStudy_files/icon_property_650521591.svg" name=" : D298_040" refid="_19_0_2_e190334_1592417968303_742764_1427"/></attribute><derivedExplanation humanName="Derived Explanation"/><documentation humanName="Documentation"/><effectiveIRI humanName="Effective IRI"/><feature humanName="Feature"><property classType="Property" humanType="Property" icon="ElectronicsAssemblyCaseStudy_files/icon_property_650521591.svg" name=" : D298_040" refid="_19_0_2_e190334_1592417968303_742764_1427"/></feature><generalization humanName="Generalization"><generalization classType="Generalization" humanType="Generalization" icon="ElectronicsAssemblyCaseStudy_files/icon_generalization_688722159.svg" isRelationship="true" refid="_19_0_2_e190334_1589519290510_932172_1544"/></generalization><inheritedMember humanName="Inherited Member"><parameter classType="Parameter" humanType="Parameter" icon="ElectronicsAssemblyCaseStudy_files/icon_parameter_937437482.svg" name="partIN" refid="_19_0_2_e190334_1589519290541_162418_1692"/><parameter classType="Parameter" humanType="Parameter" icon="ElectronicsAssemblyCaseStudy_files/icon_parameter_937437482.svg" name="partOUT" refid="_19_0_2_e190334_1589519290541_905772_1693"/><parameter classType="Parameter" humanType="Parameter" icon="ElectronicsAssemblyCaseStudy_files/icon_parameter_937437482.svg" name="workOrderIN" refid="_19_0_2_e190334_1589519290541_996535_1691"/></inheritedMember><isAbstract humanName="Is Abstract">false</isAbstract><isActive humanName="Is Active">false</isActive><isFinalSpecialization humanName="Is Final Specialization">false</isFinalSpecialization><isLeaf humanName="Is Leaf">false</isLeaf><isReadOnly humanName="Is Read Only" mode="s,e">false</isReadOnly><isReentrant humanName="Is Reentrant">true</isReentrant><isSingleExecution humanName="Is Single Execution" mode="s,e">false</isSingleExecution><member humanName="Member"><property classType="Property" humanType="Property" icon="ElectronicsAssemblyCaseStudy_files/icon_property_650521591.svg" name=" : D298_040" refid="_19_0_2_e190334_1592417968303_742764_1427"/><parameter classType="Parameter" humanType="Parameter" icon="ElectronicsAssemblyCaseStudy_files/icon_parameter_937437482.svg" name="partIN" refid="_19_0_2_e190334_1589519290510_421304_1546"/><parameter classType="Parameter" humanType="Parameter" icon="ElectronicsAssemblyCaseStudy_files/icon_parameter_937437482.svg" name="partIN" refid="_19_0_2_e190334_1589519290541_162418_1692"/><parameter classType="Parameter" humanType="Parameter" icon="ElectronicsAssemblyCaseStudy_files/icon_parameter_937437482.svg" name="partOUT" refid="_19_0_2_e190334_1589519290510_575781_1547"/><parameter classType="Parameter" humanType="Parameter" icon="ElectronicsAssemblyCaseStudy_files/icon_parameter_937437482.svg" name="partOUT" refid="_19_0_2_e190334_1589519290541_905772_1693"/><parameter classType="Parameter" humanType="Parameter" icon="ElectronicsAssemblyCaseStudy_files/icon_parameter_937437482.svg" name="workOrderIN" refid="_19_0_2_e190334_1589519290510_262552_1545"/><parameter classType="Parameter" humanType="Parameter" icon="ElectronicsAssemblyCaseStudy_files/icon_parameter_937437482.svg" name="workOrderIN" refid="_19_0_2_e190334_1589519290541_996535_1691"/></member><name humanName="Name" mode="s,e">Test_IncircuitCablescan</name><namespace classType="Package" humanName="Namespace" humanType="Package" icon="ElectronicsAssemblyCaseStudy_files/icon_package_1309191417.svg" name="CoreSpecializations" refid="_19_0_2_e190334_1591112461125_529486_1396"/><node humanName="Node" mode="s,e"><activityparameternode classType="ActivityParameterNode" humanType="Activity Parameter Node" icon="ElectronicsAssemblyCaseStudy_files/icon_activityparameternode_1707293586.svg" name="partIN" refid="_19_0_2_e190334_1589519290510_48817_1549"/><activityparameternode classType="ActivityParameterNode" humanType="Activity Parameter Node" icon="ElectronicsAssemblyCaseStudy_files/icon_activityparameternode_1707293586.svg" name="partOUT" refid="_19_0_2_e190334_1589519290510_991646_1550"/><activityparameternode classType="ActivityParameterNode" humanType="Activity Parameter Node" icon="ElectronicsAssemblyCaseStudy_files/icon_activityparameternode_1707293586.svg" name="workOrderIN" refid="_19_0_2_e190334_1589519290510_113090_1551"/></node><ownedAttribute humanName="Owned Attribute"><property classType="Property" humanType="Property" icon="ElectronicsAssemblyCaseStudy_files/icon_property_650521591.svg" name=" : D298_040" refid="_19_0_2_e190334_1592417968303_742764_1427"/></ownedAttribute><ownedElement humanName="Owned Element"><generalization classType="Generalization" humanType="Generalization" icon="ElectronicsAssemblyCaseStudy_files/icon_generalization_688722159.svg" isRelationship="true" refid="_19_0_2_e190334_1589519290510_932172_1544"/><property classType="Property" humanType="Property" icon="ElectronicsAssemblyCaseStudy_files/icon_property_650521591.svg" name=" : D298_040" refid="_19_0_2_e190334_1592417968303_742764_1427"/><activityparameternode classType="ActivityParameterNode" humanType="Activity Parameter Node" icon="ElectronicsAssemblyCaseStudy_files/icon_activityparameternode_1707293586.svg" name="partIN" refid="_19_0_2_e190334_1589519290510_48817_1549"/><parameter classType="Parameter" humanType="Parameter" icon="ElectronicsAssemblyCaseStudy_files/icon_parameter_937437482.svg" name="partIN" refid="_19_0_2_e190334_1589519290510_421304_1546"/><activityparameternode classType="ActivityParameterNode" humanType="Activity Parameter Node" icon="ElectronicsAssemblyCaseStudy_files/icon_activityparameternode_1707293586.svg" name="partOUT" refid="_19_0_2_e190334_1589519290510_991646_1550"/><parameter classType="Parameter" humanType="Parameter" icon="ElectronicsAssemblyCaseStudy_files/icon_parameter_937437482.svg" name="partOUT" refid="_19_0_2_e190334_1589519290510_575781_1547"/><activityparameternode classType="ActivityParameterNode" humanType="Activity Parameter Node" icon="ElectronicsAssemblyCaseStudy_files/icon_activityparameternode_1707293586.svg" name="workOrderIN" refid="_19_0_2_e190334_1589519290510_113090_1551"/><parameter classType="Parameter" humanType="Parameter" icon="ElectronicsAssemblyCaseStudy_files/icon_parameter_937437482.svg" name="workOrderIN" refid="_19_0_2_e190334_1589519290510_262552_1545"/></ownedElement><ownedMember humanName="Owned Member"><property classType="Property" humanType="Property" icon="ElectronicsAssemblyCaseStudy_files/icon_property_650521591.svg" name=" : D298_040" refid="_19_0_2_e190334_1592417968303_742764_1427"/><parameter classType="Parameter" humanType="Parameter" icon="ElectronicsAssemblyCaseStudy_files/icon_parameter_937437482.svg" name="partIN" refid="_19_0_2_e190334_1589519290510_421304_1546"/><parameter classType="Parameter" humanType="Parameter" icon="ElectronicsAssemblyCaseStudy_files/icon_parameter_937437482.svg" name="partOUT" refid="_19_0_2_e190334_1589519290510_575781_1547"/><parameter classType="Parameter" humanType="Parameter" icon="ElectronicsAssemblyCaseStudy_files/icon_parameter_937437482.svg" name="workOrderIN" refid="_19_0_2_e190334_1589519290510_262552_1545"/></ownedMember><ownedParameter humanName="Owned Parameter"><parameter classType="Parameter" humanType="Parameter" icon="ElectronicsAssemblyCaseStudy_files/icon_parameter_937437482.svg" name="partIN" refid="_19_0_2_e190334_1589519290510_421304_1546"/><parameter classType="Parameter" humanType="Parameter" icon="ElectronicsAssemblyCaseStudy_files/icon_parameter_937437482.svg" name="partOUT" refid="_19_0_2_e190334_1589519290510_575781_1547"/><parameter classType="Parameter" humanType="Parameter" icon="ElectronicsAssemblyCaseStudy_files/icon_parameter_937437482.svg" name="workOrderIN" refid="_19_0_2_e190334_1589519290510_262552_1545"/></ownedParameter><owner classType="Package" humanName="Owner" humanType="Package" icon="ElectronicsAssemblyCaseStudy_files/icon_package_1309191417.svg" mode="s,e" name="CoreSpecializations" refid="_19_0_2_e190334_1591112461125_529486_1396"/><owningPackage classType="Package" humanName="Owning Package" humanType="Package" icon="ElectronicsAssemblyCaseStudy_files/icon_package_1309191417.svg" name="CoreSpecializations" refid="_19_0_2_e190334_1591112461125_529486_1396"/><package classType="Package" humanName="Package" humanType="Package" icon="ElectronicsAssemblyCaseStudy_files/icon_package_1309191417.svg" name="CoreSpecializations" refid="_19_0_2_e190334_1591112461125_529486_1396"/><qualifiedName humanName="Qualified Name" mode="e">0 - Production System Reference Architecture::5 - Architecture pkg::5.0 - Functional Architecture::5.0.4 - Test::CoreSpecializations::Test_IncircuitCablescan</qualifiedName><role humanName="Role"><property classType="Property" humanType="Property" icon="ElectronicsAssemblyCaseStudy_files/icon_property_650521591.svg" name=" : D298_040" refid="_19_0_2_e190334_1592417968303_742764_1427"/></role><superClass humanName="Super Class"><activity classType="Activity" humanType="Activity" icon="ElectronicsAssemblyCaseStudy_files/icon_activity_1778695901.svg" name="Test" refid="_19_0_2_e190334_1589519284053_515893_355"/></superClass><TO_DO humanName="To Do" mode="s,e"/><usedClassifier humanName="Used Classifier"><block classType="Class" humanType="Block" icon="ElectronicsAssemblyCaseStudy_files/icon_block_1703666367.svg" name="Part" refid="_19_0_2_e190334_1589519279989_222130_157"/></usedClassifier><visibility humanName="Visibility">public</visibility><appearsIn><diagram classType="Diagram" humanType="Diagram" icon="ElectronicsAssemblyCaseStudy_files/icon_SysML Block Definition Diagram_1772877839.svg" name="BDD_CoreProcessTaxonomy" refid="_19_0_2_e190334_1589519279848_416837_11"/></appearsIn></activity></magicdraw>