<?xml version="1.0" encoding="UTF-8"?><magicdraw><activity classType="Activity" humanType="Activity" icon="ElectronicsAssemblyCaseStudy_files/icon_activity_1778695901.svg" id="_19_0_2_e190334_1589519284021_714290_312"><derivedExplanation humanName="Derived Explanation"/><documentation humanName="Documentation"/><effectiveIRI humanName="Effective IRI"/><isAbstract humanName="Is Abstract">false</isAbstract><isActive humanName="Is Active">false</isActive><isFinalSpecialization humanName="Is Final Specialization">false</isFinalSpecialization><isLeaf humanName="Is Leaf">false</isLeaf><isReadOnly humanName="Is Read Only" mode="s,e">false</isReadOnly><isReentrant humanName="Is Reentrant">true</isReentrant><isSingleExecution humanName="Is Single Execution" mode="s,e">false</isSingleExecution><member humanName="Member"><parameter classType="Parameter" humanType="Parameter" icon="ElectronicsAssemblyCaseStudy_files/icon_parameter_937437482.svg" name="cableAssy1" refid="_19_0_2_e190334_1589519289823_471749_1262"/><parameter classType="Parameter" humanType="Parameter" icon="ElectronicsAssemblyCaseStudy_files/icon_parameter_937437482.svg" name="cableAssy3" refid="_19_0_2_e190334_1589519289823_881056_1267"/><parameter classType="Parameter" humanType="Parameter" icon="ElectronicsAssemblyCaseStudy_files/icon_parameter_937437482.svg" name="cableAssy4" refid="_19_0_2_e190334_1589519289823_162985_1268"/><parameter classType="Parameter" humanType="Parameter" icon="ElectronicsAssemblyCaseStudy_files/icon_parameter_937437482.svg" name="cca2" refid="_19_0_2_e190334_1589519289823_309187_1261"/><parameter classType="Parameter" humanType="Parameter" icon="ElectronicsAssemblyCaseStudy_files/icon_parameter_937437482.svg" name="chassisElecEquip" refid="_19_0_2_e190334_1589519289823_10760_1265"/><parameter classType="Parameter" humanType="Parameter" icon="ElectronicsAssemblyCaseStudy_files/icon_parameter_937437482.svg" name="daughterCard" refid="_19_0_2_e190334_1589519289823_641825_1263"/><parameter classType="Parameter" humanType="Parameter" icon="ElectronicsAssemblyCaseStudy_files/icon_parameter_937437482.svg" name="elecAssy" refid="_19_0_2_e190334_1589519289823_265389_1266"/><diagram classType="Diagram" humanType="Diagram" icon="ElectronicsAssemblyCaseStudy_files/icon_SysML Activity Diagram_2071798614.svg" name="GetInputs_Coupler" refid="_19_0_2_e190334_1589519290120_637574_1269"/><parameter classType="Parameter" humanType="Parameter" icon="ElectronicsAssemblyCaseStudy_files/icon_parameter_937437482.svg" name="progAssy" refid="_19_0_2_e190334_1589519289823_617699_1264"/><parameter classType="Parameter" humanType="Parameter" icon="ElectronicsAssemblyCaseStudy_files/icon_parameter_937437482.svg" name="sensorCard" refid="_19_0_2_e190334_1589519289823_913090_1260"/><parameter classType="Parameter" humanType="Parameter" icon="ElectronicsAssemblyCaseStudy_files/icon_parameter_937437482.svg" name="workOrderIN" refid="_19_0_2_e190334_1589519289823_574276_1259"/></member><name humanName="Name" mode="s,e">GetInputs_Coupler</name><namespace classType="Package" humanName="Namespace" humanType="Package" icon="ElectronicsAssemblyCaseStudy_files/icon_package_1309191417.svg" name="Iteration1" refid="_19_0_2_e190334_1591111795997_723312_88"/><node humanName="Node" mode="s,e"><callbehavioraction classType="CallBehaviorAction" humanType="Call Behavior Action" icon="ElectronicsAssemblyCaseStudy_files/icon_callbehavioraction_646204091.svg" name="CableAssembly1" refid="_19_0_2_e190334_1589519290151_843249_1293"/><callbehavioraction classType="CallBehaviorAction" humanType="Call Behavior Action" icon="ElectronicsAssemblyCaseStudy_files/icon_callbehavioraction_646204091.svg" name="CableAssembly3" refid="_19_0_2_e190334_1589519290151_287644_1291"/><callbehavioraction classType="CallBehaviorAction" humanType="Call Behavior Action" icon="ElectronicsAssemblyCaseStudy_files/icon_callbehavioraction_646204091.svg" name="CableAssembly4" refid="_19_0_2_e190334_1589519290151_26400_1292"/><activityparameternode classType="ActivityParameterNode" humanType="Activity Parameter Node" icon="ElectronicsAssemblyCaseStudy_files/icon_activityparameternode_1707293586.svg" name="cableAssy1" refid="_19_0_2_e190334_1589519290151_177914_1302"/><activityparameternode classType="ActivityParameterNode" humanType="Activity Parameter Node" icon="ElectronicsAssemblyCaseStudy_files/icon_activityparameternode_1707293586.svg" name="cableAssy3" refid="_19_0_2_e190334_1589519290151_549103_1307"/><activityparameternode classType="ActivityParameterNode" humanType="Activity Parameter Node" icon="ElectronicsAssemblyCaseStudy_files/icon_activityparameternode_1707293586.svg" name="cableAssy4" refid="_19_0_2_e190334_1589519290151_662407_1308"/><activityparameternode classType="ActivityParameterNode" humanType="Activity Parameter Node" icon="ElectronicsAssemblyCaseStudy_files/icon_activityparameternode_1707293586.svg" name="cca2" refid="_19_0_2_e190334_1589519290151_276094_1301"/><callbehavioraction classType="CallBehaviorAction" humanType="Call Behavior Action" icon="ElectronicsAssemblyCaseStudy_files/icon_callbehavioraction_646204091.svg" name="CCA2" refid="_19_0_2_e190334_1589519290151_20681_1299"/><callbehavioraction classType="CallBehaviorAction" humanType="Call Behavior Action" icon="ElectronicsAssemblyCaseStudy_files/icon_callbehavioraction_646204091.svg" name="ChassisElecEquip" refid="_19_0_2_e190334_1589519290151_121844_1296"/><activityparameternode classType="ActivityParameterNode" humanType="Activity Parameter Node" icon="ElectronicsAssemblyCaseStudy_files/icon_activityparameternode_1707293586.svg" name="chassisElecEquip" refid="_19_0_2_e190334_1589519290151_253928_1305"/><callbehavioraction classType="CallBehaviorAction" humanType="Call Behavior Action" icon="ElectronicsAssemblyCaseStudy_files/icon_callbehavioraction_646204091.svg" name="DaughterCard" refid="_19_0_2_e190334_1589519290151_748249_1297"/><activityparameternode classType="ActivityParameterNode" humanType="Activity Parameter Node" icon="ElectronicsAssemblyCaseStudy_files/icon_activityparameternode_1707293586.svg" name="daughterCard" refid="_19_0_2_e190334_1589519290151_384938_1303"/><activityparameternode classType="ActivityParameterNode" humanType="Activity Parameter Node" icon="ElectronicsAssemblyCaseStudy_files/icon_activityparameternode_1707293586.svg" name="elecAssy" refid="_19_0_2_e190334_1589519290151_407848_1306"/><callbehavioraction classType="CallBehaviorAction" humanType="Call Behavior Action" icon="ElectronicsAssemblyCaseStudy_files/icon_callbehavioraction_646204091.svg" name="ElectronicAssembly" refid="_19_0_2_e190334_1589519290151_891227_1294"/><activityparameternode classType="ActivityParameterNode" humanType="Activity Parameter Node" icon="ElectronicsAssemblyCaseStudy_files/icon_activityparameternode_1707293586.svg" name="progAssy" refid="_19_0_2_e190334_1589519290151_632104_1304"/><callbehavioraction classType="CallBehaviorAction" humanType="Call Behavior Action" icon="ElectronicsAssemblyCaseStudy_files/icon_callbehavioraction_646204091.svg" name="ProgrammedAssembly" refid="_19_0_2_e190334_1589519290151_652699_1295"/><callbehavioraction classType="CallBehaviorAction" humanType="Call Behavior Action" icon="ElectronicsAssemblyCaseStudy_files/icon_callbehavioraction_646204091.svg" name="SensorCard" refid="_19_0_2_e190334_1589519290151_555266_1298"/><activityparameternode classType="ActivityParameterNode" humanType="Activity Parameter Node" icon="ElectronicsAssemblyCaseStudy_files/icon_activityparameternode_1707293586.svg" name="sensorCard" refid="_19_0_2_e190334_1589519290151_146700_1300"/><activityparameternode classType="ActivityParameterNode" humanType="Activity Parameter Node" icon="ElectronicsAssemblyCaseStudy_files/icon_activityparameternode_1707293586.svg" name="workOrder" refid="_19_0_2_e190334_1589519290151_190227_1290"/></node><ownedDiagram humanName="Owned Diagram"><diagram classType="Diagram" humanType="Diagram" icon="ElectronicsAssemblyCaseStudy_files/icon_SysML Activity Diagram_2071798614.svg" name="GetInputs_Coupler" refid="_19_0_2_e190334_1589519290120_637574_1269"/></ownedDiagram><ownedElement humanName="Owned Element"><callbehavioraction classType="CallBehaviorAction" humanType="Call Behavior Action" icon="ElectronicsAssemblyCaseStudy_files/icon_callbehavioraction_646204091.svg" name="CableAssembly1" refid="_19_0_2_e190334_1589519290151_843249_1293"/><callbehavioraction classType="CallBehaviorAction" humanType="Call Behavior Action" icon="ElectronicsAssemblyCaseStudy_files/icon_callbehavioraction_646204091.svg" name="CableAssembly3" refid="_19_0_2_e190334_1589519290151_287644_1291"/><callbehavioraction classType="CallBehaviorAction" humanType="Call Behavior Action" icon="ElectronicsAssemblyCaseStudy_files/icon_callbehavioraction_646204091.svg" name="CableAssembly4" refid="_19_0_2_e190334_1589519290151_26400_1292"/><activityparameternode classType="ActivityParameterNode" humanType="Activity Parameter Node" icon="ElectronicsAssemblyCaseStudy_files/icon_activityparameternode_1707293586.svg" name="cableAssy1" refid="_19_0_2_e190334_1589519290151_177914_1302"/><parameter classType="Parameter" humanType="Parameter" icon="ElectronicsAssemblyCaseStudy_files/icon_parameter_937437482.svg" name="cableAssy1" refid="_19_0_2_e190334_1589519289823_471749_1262"/><activityparameternode classType="ActivityParameterNode" humanType="Activity Parameter Node" icon="ElectronicsAssemblyCaseStudy_files/icon_activityparameternode_1707293586.svg" name="cableAssy3" refid="_19_0_2_e190334_1589519290151_549103_1307"/><parameter classType="Parameter" humanType="Parameter" icon="ElectronicsAssemblyCaseStudy_files/icon_parameter_937437482.svg" name="cableAssy3" refid="_19_0_2_e190334_1589519289823_881056_1267"/><activityparameternode classType="ActivityParameterNode" humanType="Activity Parameter Node" icon="ElectronicsAssemblyCaseStudy_files/icon_activityparameternode_1707293586.svg" name="cableAssy4" refid="_19_0_2_e190334_1589519290151_662407_1308"/><parameter classType="Parameter" humanType="Parameter" icon="ElectronicsAssemblyCaseStudy_files/icon_parameter_937437482.svg" name="cableAssy4" refid="_19_0_2_e190334_1589519289823_162985_1268"/><activityparameternode classType="ActivityParameterNode" humanType="Activity Parameter Node" icon="ElectronicsAssemblyCaseStudy_files/icon_activityparameternode_1707293586.svg" name="cca2" refid="_19_0_2_e190334_1589519290151_276094_1301"/><callbehavioraction classType="CallBehaviorAction" humanType="Call Behavior Action" icon="ElectronicsAssemblyCaseStudy_files/icon_callbehavioraction_646204091.svg" name="CCA2" refid="_19_0_2_e190334_1589519290151_20681_1299"/><parameter classType="Parameter" humanType="Parameter" icon="ElectronicsAssemblyCaseStudy_files/icon_parameter_937437482.svg" name="cca2" refid="_19_0_2_e190334_1589519289823_309187_1261"/><callbehavioraction classType="CallBehaviorAction" humanType="Call Behavior Action" icon="ElectronicsAssemblyCaseStudy_files/icon_callbehavioraction_646204091.svg" name="ChassisElecEquip" refid="_19_0_2_e190334_1589519290151_121844_1296"/><activityparameternode classType="ActivityParameterNode" humanType="Activity Parameter Node" icon="ElectronicsAssemblyCaseStudy_files/icon_activityparameternode_1707293586.svg" name="chassisElecEquip" refid="_19_0_2_e190334_1589519290151_253928_1305"/><parameter classType="Parameter" humanType="Parameter" icon="ElectronicsAssemblyCaseStudy_files/icon_parameter_937437482.svg" name="chassisElecEquip" refid="_19_0_2_e190334_1589519289823_10760_1265"/><callbehavioraction classType="CallBehaviorAction" humanType="Call Behavior Action" icon="ElectronicsAssemblyCaseStudy_files/icon_callbehavioraction_646204091.svg" name="DaughterCard" refid="_19_0_2_e190334_1589519290151_748249_1297"/><activityparameternode classType="ActivityParameterNode" humanType="Activity Parameter Node" icon="ElectronicsAssemblyCaseStudy_files/icon_activityparameternode_1707293586.svg" name="daughterCard" refid="_19_0_2_e190334_1589519290151_384938_1303"/><parameter classType="Parameter" humanType="Parameter" icon="ElectronicsAssemblyCaseStudy_files/icon_parameter_937437482.svg" name="daughterCard" refid="_19_0_2_e190334_1589519289823_641825_1263"/><activityparameternode classType="ActivityParameterNode" humanType="Activity Parameter Node" icon="ElectronicsAssemblyCaseStudy_files/icon_activityparameternode_1707293586.svg" name="elecAssy" refid="_19_0_2_e190334_1589519290151_407848_1306"/><parameter classType="Parameter" humanType="Parameter" icon="ElectronicsAssemblyCaseStudy_files/icon_parameter_937437482.svg" name="elecAssy" refid="_19_0_2_e190334_1589519289823_265389_1266"/><callbehavioraction classType="CallBehaviorAction" humanType="Call Behavior Action" icon="ElectronicsAssemblyCaseStudy_files/icon_callbehavioraction_646204091.svg" name="ElectronicAssembly" refid="_19_0_2_e190334_1589519290151_891227_1294"/><diagram classType="Diagram" humanType="Diagram" icon="ElectronicsAssemblyCaseStudy_files/icon_SysML Activity Diagram_2071798614.svg" name="GetInputs_Coupler" refid="_19_0_2_e190334_1589519290120_637574_1269"/><activityparameternode classType="ActivityParameterNode" humanType="Activity Parameter Node" icon="ElectronicsAssemblyCaseStudy_files/icon_activityparameternode_1707293586.svg" name="progAssy" refid="_19_0_2_e190334_1589519290151_632104_1304"/><parameter classType="Parameter" humanType="Parameter" icon="ElectronicsAssemblyCaseStudy_files/icon_parameter_937437482.svg" name="progAssy" refid="_19_0_2_e190334_1589519289823_617699_1264"/><callbehavioraction classType="CallBehaviorAction" humanType="Call Behavior Action" icon="ElectronicsAssemblyCaseStudy_files/icon_callbehavioraction_646204091.svg" name="ProgrammedAssembly" refid="_19_0_2_e190334_1589519290151_652699_1295"/><callbehavioraction classType="CallBehaviorAction" humanType="Call Behavior Action" icon="ElectronicsAssemblyCaseStudy_files/icon_callbehavioraction_646204091.svg" name="SensorCard" refid="_19_0_2_e190334_1589519290151_555266_1298"/><activityparameternode classType="ActivityParameterNode" humanType="Activity Parameter Node" icon="ElectronicsAssemblyCaseStudy_files/icon_activityparameternode_1707293586.svg" name="sensorCard" refid="_19_0_2_e190334_1589519290151_146700_1300"/><parameter classType="Parameter" humanType="Parameter" icon="ElectronicsAssemblyCaseStudy_files/icon_parameter_937437482.svg" name="sensorCard" refid="_19_0_2_e190334_1589519289823_913090_1260"/><activityparameternode classType="ActivityParameterNode" humanType="Activity Parameter Node" icon="ElectronicsAssemblyCaseStudy_files/icon_activityparameternode_1707293586.svg" name="workOrder" refid="_19_0_2_e190334_1589519290151_190227_1290"/><parameter classType="Parameter" humanType="Parameter" icon="ElectronicsAssemblyCaseStudy_files/icon_parameter_937437482.svg" name="workOrderIN" refid="_19_0_2_e190334_1589519289823_574276_1259"/></ownedElement><ownedMember humanName="Owned Member"><parameter classType="Parameter" humanType="Parameter" icon="ElectronicsAssemblyCaseStudy_files/icon_parameter_937437482.svg" name="cableAssy1" refid="_19_0_2_e190334_1589519289823_471749_1262"/><parameter classType="Parameter" humanType="Parameter" icon="ElectronicsAssemblyCaseStudy_files/icon_parameter_937437482.svg" name="cableAssy3" refid="_19_0_2_e190334_1589519289823_881056_1267"/><parameter classType="Parameter" humanType="Parameter" icon="ElectronicsAssemblyCaseStudy_files/icon_parameter_937437482.svg" name="cableAssy4" refid="_19_0_2_e190334_1589519289823_162985_1268"/><parameter classType="Parameter" humanType="Parameter" icon="ElectronicsAssemblyCaseStudy_files/icon_parameter_937437482.svg" name="cca2" refid="_19_0_2_e190334_1589519289823_309187_1261"/><parameter classType="Parameter" humanType="Parameter" icon="ElectronicsAssemblyCaseStudy_files/icon_parameter_937437482.svg" name="chassisElecEquip" refid="_19_0_2_e190334_1589519289823_10760_1265"/><parameter classType="Parameter" humanType="Parameter" icon="ElectronicsAssemblyCaseStudy_files/icon_parameter_937437482.svg" name="daughterCard" refid="_19_0_2_e190334_1589519289823_641825_1263"/><parameter classType="Parameter" humanType="Parameter" icon="ElectronicsAssemblyCaseStudy_files/icon_parameter_937437482.svg" name="elecAssy" refid="_19_0_2_e190334_1589519289823_265389_1266"/><diagram classType="Diagram" humanType="Diagram" icon="ElectronicsAssemblyCaseStudy_files/icon_SysML Activity Diagram_2071798614.svg" name="GetInputs_Coupler" refid="_19_0_2_e190334_1589519290120_637574_1269"/><parameter classType="Parameter" humanType="Parameter" icon="ElectronicsAssemblyCaseStudy_files/icon_parameter_937437482.svg" name="progAssy" refid="_19_0_2_e190334_1589519289823_617699_1264"/><parameter classType="Parameter" humanType="Parameter" icon="ElectronicsAssemblyCaseStudy_files/icon_parameter_937437482.svg" name="sensorCard" refid="_19_0_2_e190334_1589519289823_913090_1260"/><parameter classType="Parameter" humanType="Parameter" icon="ElectronicsAssemblyCaseStudy_files/icon_parameter_937437482.svg" name="workOrderIN" refid="_19_0_2_e190334_1589519289823_574276_1259"/></ownedMember><ownedParameter humanName="Owned Parameter"><parameter classType="Parameter" humanType="Parameter" icon="ElectronicsAssemblyCaseStudy_files/icon_parameter_937437482.svg" name="cableAssy1" refid="_19_0_2_e190334_1589519289823_471749_1262"/><parameter classType="Parameter" humanType="Parameter" icon="ElectronicsAssemblyCaseStudy_files/icon_parameter_937437482.svg" name="cableAssy3" refid="_19_0_2_e190334_1589519289823_881056_1267"/><parameter classType="Parameter" humanType="Parameter" icon="ElectronicsAssemblyCaseStudy_files/icon_parameter_937437482.svg" name="cableAssy4" refid="_19_0_2_e190334_1589519289823_162985_1268"/><parameter classType="Parameter" humanType="Parameter" icon="ElectronicsAssemblyCaseStudy_files/icon_parameter_937437482.svg" name="cca2" refid="_19_0_2_e190334_1589519289823_309187_1261"/><parameter classType="Parameter" humanType="Parameter" icon="ElectronicsAssemblyCaseStudy_files/icon_parameter_937437482.svg" name="chassisElecEquip" refid="_19_0_2_e190334_1589519289823_10760_1265"/><parameter classType="Parameter" humanType="Parameter" icon="ElectronicsAssemblyCaseStudy_files/icon_parameter_937437482.svg" name="daughterCard" refid="_19_0_2_e190334_1589519289823_641825_1263"/><parameter classType="Parameter" humanType="Parameter" icon="ElectronicsAssemblyCaseStudy_files/icon_parameter_937437482.svg" name="elecAssy" refid="_19_0_2_e190334_1589519289823_265389_1266"/><parameter classType="Parameter" humanType="Parameter" icon="ElectronicsAssemblyCaseStudy_files/icon_parameter_937437482.svg" name="progAssy" refid="_19_0_2_e190334_1589519289823_617699_1264"/><parameter classType="Parameter" humanType="Parameter" icon="ElectronicsAssemblyCaseStudy_files/icon_parameter_937437482.svg" name="sensorCard" refid="_19_0_2_e190334_1589519289823_913090_1260"/><parameter classType="Parameter" humanType="Parameter" icon="ElectronicsAssemblyCaseStudy_files/icon_parameter_937437482.svg" name="workOrderIN" refid="_19_0_2_e190334_1589519289823_574276_1259"/></ownedParameter><owner classType="Package" humanName="Owner" humanType="Package" icon="ElectronicsAssemblyCaseStudy_files/icon_package_1309191417.svg" mode="s,e" name="Iteration1" refid="_19_0_2_e190334_1591111795997_723312_88"/><owningPackage classType="Package" humanName="Owning Package" humanType="Package" icon="ElectronicsAssemblyCaseStudy_files/icon_package_1309191417.svg" name="Iteration1" refid="_19_0_2_e190334_1591111795997_723312_88"/><package classType="Package" humanName="Package" humanType="Package" icon="ElectronicsAssemblyCaseStudy_files/icon_package_1309191417.svg" name="Iteration1" refid="_19_0_2_e190334_1591111795997_723312_88"/><qualifiedName humanName="Qualified Name" mode="e">0 - Production System Reference Architecture::5 - Architecture pkg::5.0 - Functional Architecture::5.0.8 - GetInputs::Iteration1::GetInputs_Coupler</qualifiedName><TO_DO humanName="To Do" mode="s,e"/><usedClassifier humanName="Used Classifier"><block classType="Class" humanType="Block" icon="ElectronicsAssemblyCaseStudy_files/icon_block_1467169511.svg" name="CableAssembly1" refid="_19_0_2_e190334_1589519279910_131104_33"/><block classType="Class" humanType="Block" icon="ElectronicsAssemblyCaseStudy_files/icon_block_1467169511.svg" name="CableAssembly3" refid="_19_0_2_e190334_1589519279910_983898_39"/><block classType="Class" humanType="Block" icon="ElectronicsAssemblyCaseStudy_files/icon_block_1467169511.svg" name="CableAssembly4" refid="_19_0_2_e190334_1589519279926_228235_52"/><block classType="Class" humanType="Block" icon="ElectronicsAssemblyCaseStudy_files/icon_block_1467169511.svg" name="CCA2" refid="_19_0_2_e190334_1589519279926_159565_53"/><block classType="Class" humanType="Block" icon="ElectronicsAssemblyCaseStudy_files/icon_block_1467169511.svg" name="ChassisElectricalEquipment" refid="_19_0_2_e190334_1589519279910_721785_38"/><block classType="Class" humanType="Block" icon="ElectronicsAssemblyCaseStudy_files/icon_block_1467169511.svg" name="DaughterCard" refid="_19_0_2_e190334_1589519279910_497810_36"/><block classType="Class" humanType="Block" icon="ElectronicsAssemblyCaseStudy_files/icon_block_1467169511.svg" name="ElectronicAssembly" refid="_19_0_2_e190334_1589519279910_26805_35"/><block classType="Class" humanType="Block" icon="ElectronicsAssemblyCaseStudy_files/icon_block_1467169511.svg" name="ProgrammedAssembly" refid="_19_0_2_e190334_1589519279910_342250_37"/><block classType="Class" humanType="Block" icon="ElectronicsAssemblyCaseStudy_files/icon_block_1467169511.svg" name="SensorCard" refid="_19_0_2_e190334_1589519279910_517008_34"/></usedClassifier><visibility humanName="Visibility">public</visibility></activity></magicdraw>