<?xml version="1.0" encoding="UTF-8"?><magicdraw><association classType="Association" humanType="Association" icon="ElectronicsAssemblyCaseStudy_files/icon_association_838796104.svg" id="_19_0_2_e190334_1589519279957_27966_109"><documentation humanName="Documentation"/><endType humanName="End Type"><block classType="Class" humanType="Block" icon="ElectronicsAssemblyCaseStudy_files/icon_block_1963190536.svg" name="SensorCard" refid="_19_0_2_e190334_1589519279910_517008_34"/><block classType="Class" humanType="Block" icon="ElectronicsAssemblyCaseStudy_files/icon_block_1963190536.svg" name="SensorCardWireCableKit+A02" refid="_19_0_2_e190334_1589519279942_982900_70"/></endType><feature humanName="Feature"><property classType="Property" humanType="Property" icon="ElectronicsAssemblyCaseStudy_files/icon_property_650521591.svg" name=" : SensorCard" refid="_19_0_2_e190334_1589519284162_988331_608"/></feature><isAbstract humanName="Is Abstract">false</isAbstract><isDerived humanName="Is Derived">false</isDerived><isFinalSpecialization humanName="Is Final Specialization">false</isFinalSpecialization><isLeaf humanName="Is Leaf">false</isLeaf><member humanName="Member"><property classType="Property" humanType="Property" icon="ElectronicsAssemblyCaseStudy_files/icon_property_650521591.svg" name=" : SensorCard" refid="_19_0_2_e190334_1589519284162_988331_608"/><partproperty classType="Property" humanType="Part Property" icon="ElectronicsAssemblyCaseStudy_files/icon_partproperty_2032905582.svg" name="SensorCardWireCableKit+A02" refid="_19_0_2_e190334_1589519284099_449607_381"/></member><memberEnd humanName="Member End"><property classType="Property" humanType="Property" icon="ElectronicsAssemblyCaseStudy_files/icon_property_650521591.svg" name=" : SensorCard" refid="_19_0_2_e190334_1589519284162_988331_608"/><partproperty classType="Property" humanType="Part Property" icon="ElectronicsAssemblyCaseStudy_files/icon_partproperty_2032905582.svg" name="SensorCardWireCableKit+A02" refid="_19_0_2_e190334_1589519284099_449607_381"/></memberEnd><name humanName="Name" mode="s,e"/><namespace classType="Package" humanName="Namespace" humanType="Package" icon="ElectronicsAssemblyCaseStudy_files/icon_package_1309191417.svg" name="2 - Product Specification" refid="_19_0_2_e190334_1588775853514_420068_1735"/><ownedElement humanName="Owned Element"><property classType="Property" humanType="Property" icon="ElectronicsAssemblyCaseStudy_files/icon_property_650521591.svg" name=" : SensorCard" refid="_19_0_2_e190334_1589519284162_988331_608"/></ownedElement><ownedEnd humanName="Owned End"><property classType="Property" humanType="Property" icon="ElectronicsAssemblyCaseStudy_files/icon_property_650521591.svg" name=" : SensorCard" refid="_19_0_2_e190334_1589519284162_988331_608"/></ownedEnd><ownedMember humanName="Owned Member"><property classType="Property" humanType="Property" icon="ElectronicsAssemblyCaseStudy_files/icon_property_650521591.svg" name=" : SensorCard" refid="_19_0_2_e190334_1589519284162_988331_608"/></ownedMember><owner classType="Package" humanName="Owner" humanType="Package" icon="ElectronicsAssemblyCaseStudy_files/icon_package_1309191417.svg" mode="s,e" name="2 - Product Specification" refid="_19_0_2_e190334_1588775853514_420068_1735"/><owningPackage classType="Package" humanName="Owning Package" humanType="Package" icon="ElectronicsAssemblyCaseStudy_files/icon_package_1309191417.svg" name="2 - Product Specification" refid="_19_0_2_e190334_1588775853514_420068_1735"/><package classType="Package" humanName="Package" humanType="Package" icon="ElectronicsAssemblyCaseStudy_files/icon_package_1309191417.svg" name="2 - Product Specification" refid="_19_0_2_e190334_1588775853514_420068_1735"/><qualifiedName humanName="Qualified Name" mode="e">2 - Product Specification::</qualifiedName><relatedElement humanName="Related Element"><block classType="Class" humanType="Block" icon="ElectronicsAssemblyCaseStudy_files/icon_block_1963190536.svg" name="SensorCard" refid="_19_0_2_e190334_1589519279910_517008_34"/><block classType="Class" humanType="Block" icon="ElectronicsAssemblyCaseStudy_files/icon_block_1963190536.svg" name="SensorCardWireCableKit+A02" refid="_19_0_2_e190334_1589519279942_982900_70"/></relatedElement><TO_DO humanName="To Do"/><visibility humanName="Visibility" mode="s,e">public</visibility><appearsIn><diagram classType="Diagram" humanType="Diagram" icon="ElectronicsAssemblyCaseStudy_files/icon_SysML Block Definition Diagram_1772877839.svg" name="BDD_PartMBOM" refid="_19_0_2_e190334_1589519282834_144119_242"/></appearsIn></association></magicdraw>