<?xml version="1.0" encoding="UTF-8"?><magicdraw><generalization classType="Generalization" humanType="Generalization" icon="ElectronicsAssemblyCaseStudy_files/icon_generalization_688722159.svg" id="_19_0_2_e190334_1589519284115_830033_434"><documentation humanName="Documentation"/><general classType="Class" humanName="General" humanType="Block" icon="ElectronicsAssemblyCaseStudy_files/icon_block_1963190536.svg" mode="s,e" name="CableAssemblyTypeB" refid="_19_0_2_e190334_1589519279989_82086_156"/><isSubstitutable humanName="Is Substitutable">true</isSubstitutable><owner classType="Class" humanName="Owner" humanType="Block" icon="ElectronicsAssemblyCaseStudy_files/icon_block_1963190536.svg" mode="s,e" name="CableAssembly4" refid="_19_0_2_e190334_1589519279926_228235_52"/><relatedElement humanName="Related Element"><block classType="Class" humanType="Block" icon="ElectronicsAssemblyCaseStudy_files/icon_block_1963190536.svg" name="CableAssembly4" refid="_19_0_2_e190334_1589519279926_228235_52"/><block classType="Class" humanType="Block" icon="ElectronicsAssemblyCaseStudy_files/icon_block_1963190536.svg" name="CableAssemblyTypeB" refid="_19_0_2_e190334_1589519279989_82086_156"/></relatedElement><source humanName="Source"><block classType="Class" humanType="Block" icon="ElectronicsAssemblyCaseStudy_files/icon_block_1963190536.svg" name="CableAssembly4" refid="_19_0_2_e190334_1589519279926_228235_52"/></source><specific classType="Class" humanName="Specific" humanType="Block" icon="ElectronicsAssemblyCaseStudy_files/icon_block_1963190536.svg" mode="s,e" name="CableAssembly4" refid="_19_0_2_e190334_1589519279926_228235_52"/><target humanName="Target"><block classType="Class" humanType="Block" icon="ElectronicsAssemblyCaseStudy_files/icon_block_1963190536.svg" name="CableAssemblyTypeB" refid="_19_0_2_e190334_1589519279989_82086_156"/></target><TO_DO humanName="To Do" mode="s,e"/><appearsIn><diagram classType="Diagram" humanType="Diagram" icon="ElectronicsAssemblyCaseStudy_files/icon_SysML Block Definition Diagram_1772877839.svg" name="BDD_PartAbFam1" refid="_19_0_2_e190334_1589519281366_203378_200"/><diagram classType="Diagram" humanType="Diagram" icon="ElectronicsAssemblyCaseStudy_files/icon_SysML Block Definition Diagram_1772877839.svg" name="BDD_PartAbFam3" refid="_19_0_2_e190334_1589519281709_117540_221"/></appearsIn></generalization></magicdraw>