<?xml version="1.0" encoding="UTF-8"?><magicdraw><property classType="Property" humanType="Property" icon="ElectronicsAssemblyCaseStudy_files/icon_property_650521591.svg" id="_19_0_2_e190334_1589519284115_805814_471"><aggregation humanName="Aggregation" mode="s,e">none</aggregation><association classType="Association" humanName="Association" humanType="Association" icon="ElectronicsAssemblyCaseStudy_files/icon_association_838796104.svg" isRelationship="true" name="Association[Filter -&gt; wireKit:FilterGeneratedWireKit+A01]" refid="_19_0_2_e190334_1589519279926_180_62"/><documentation humanName="Documentation"/><effectiveIRI humanName="Effective IRI"/><featuringClassifier classType="Association" humanName="Featuring Classifier" humanType="Association" icon="ElectronicsAssemblyCaseStudy_files/icon_association_838796104.svg" isRelationship="true" name="Association[Filter -&gt; wireKit:FilterGeneratedWireKit+A01]" refid="_19_0_2_e190334_1589519279926_180_62"/><isComposite humanName="Is Composite">false</isComposite><isDerived humanName="Is Derived" mode="s,e">false</isDerived><isDerivedUnion humanName="Is Derived Union" mode="e">false</isDerivedUnion><isID humanName="Is ID" mode="e">false</isID><isLeaf humanName="Is Leaf">false</isLeaf><isOrdered humanName="Is Ordered" mode="e">false</isOrdered><isReadOnly humanName="Is Read Only" mode="s,e">false</isReadOnly><isStatic humanName="Is Static" mode="s,e">false</isStatic><isUnique humanName="Is Unique" mode="e">true</isUnique><lower humanName="Lower">1</lower><multiplicity humanName="Multiplicity" mode="s,e"/><multiplicity humanName="Multiplicity" mode="s,e"/><name humanName="Name" mode="s,e"/><namespace classType="Association" humanName="Namespace" humanType="Association" icon="ElectronicsAssemblyCaseStudy_files/icon_association_838796104.svg" isRelationship="true" name="Association[Filter -&gt; wireKit:FilterGeneratedWireKit+A01]" refid="_19_0_2_e190334_1589519279926_180_62"/><navigable humanName="Navigable" mode="e">false</navigable><opposite classType="Property" humanName="Opposite" humanType="Part Property" icon="ElectronicsAssemblyCaseStudy_files/icon_partproperty_2032905582.svg" name="wireKit" refid="_19_0_2_e190334_1589519284115_980271_425"/><ownedBy classType="Association" humanName="Owned By" humanType="Association" icon="ElectronicsAssemblyCaseStudy_files/icon_association_838796104.svg" isRelationship="true" mode="s,e" name="Association[Filter -&gt; wireKit:FilterGeneratedWireKit+A01]" refid="_19_0_2_e190334_1589519279926_180_62"/><owner classType="Association" humanName="Owner" humanType="Association" icon="ElectronicsAssemblyCaseStudy_files/icon_association_838796104.svg" isRelationship="true" name="Association[Filter -&gt; wireKit:FilterGeneratedWireKit+A01]" refid="_19_0_2_e190334_1589519279926_180_62"/><owningAssociation classType="Association" humanName="Owning Association" humanType="Association" icon="ElectronicsAssemblyCaseStudy_files/icon_association_838796104.svg" isRelationship="true" name="Association[Filter -&gt; wireKit:FilterGeneratedWireKit+A01]" refid="_19_0_2_e190334_1589519279926_180_62"/><qualifiedName humanName="Qualified Name" mode="e">2 - Product Specification::::</qualifiedName><redefinitionContext humanName="Redefinition Context"><association classType="Association" humanType="Association" icon="ElectronicsAssemblyCaseStudy_files/icon_association_838796104.svg" isRelationship="true" name="Association[Filter -&gt; wireKit:FilterGeneratedWireKit+A01]" refid="_19_0_2_e190334_1589519279926_180_62"/></redefinitionContext><TO_DO humanName="To Do" mode="s,e"/><type classType="Class" humanName="Type" humanType="Block" icon="ElectronicsAssemblyCaseStudy_files/icon_block_1963190536.svg" mode="s,e" name="Filter" refid="_19_0_2_e190334_1589519279926_701745_48"/><TYPE_MODIFIER humanName="Type Modifier" mode="e"/><upper humanName="Upper">1</upper><visibility humanName="Visibility" mode="s,e">public</visibility></property></magicdraw>