<?xml version="1.0" encoding="UTF-8"?><magicdraw><diagram classType="Diagram" diagramType="SysML Activity Diagram" height="1251" humanType="Diagram" icon="ElectronicsAssemblyCaseStudy_files/icon_SysML Activity Diagram_2071798614.svg" id="_19_0_2_e190334_1589519284709_966967_673" src="ElectronicsAssemblyCaseStudy_files/_19_0_2_e190334_1589519284709_966967_673.svg" width="1148"><APPLIED_STEREOTYPES humanName="Applied Stereotype" mode="s,e"><stereotype classType="Stereotype" humanType="Stereotype" icon="ElectronicsAssemblyCaseStudy_files/icon_stereotype_910260820.svg" name="DiagramInfo" refid="_9_0_be00301_1108044380615_150487_0"/></APPLIED_STEREOTYPES><appliedStereotype humanName="Applied Stereotype" mode="s,e"><stereotype classType="Stereotype" humanType="Stereotype" icon="ElectronicsAssemblyCaseStudy_files/icon_stereotype_910260820.svg" name="DiagramInfo" refid="_9_0_be00301_1108044380615_150487_0"><property classType="Property" humanName="Author" humanType="Property" icon="ElectronicsAssemblyCaseStudy_files/icon_property_650521591.svg" name="Author" refid="_be00301_1077726770128_871366_1"><String>gthiers</String></property><property classType="Property" humanName="Base_ Diagram" humanType="Property" icon="ElectronicsAssemblyCaseStudy_files/icon_property_650521591.svg" name="base_Diagram" refid="_10_0EAPbeta_be00301_1123081772498_901864_356"/><property classType="Property" humanName="Base_ Element" humanType="Property" icon="ElectronicsAssemblyCaseStudy_files/icon_property_650521591.svg" name="base_Element" refid="_10_0EAPbeta_be00301_1123081772098_411862_275"/><property classType="Property" humanName="Creation Date" humanType="Property" icon="ElectronicsAssemblyCaseStudy_files/icon_property_650521591.svg" name="Creation date" refid="_be00301_1073306188629_537791_2"><String>5/15/20 1:08 AM</String></property><property classType="Property" humanName="Last modified by" humanType="Property" icon="ElectronicsAssemblyCaseStudy_files/icon_property_650521591.svg" name="Last modified by" refid="_16_8beta_8ca0285_1257244649124_794756_344"/><property classType="Property" humanName="Modification Date" humanType="Property" icon="ElectronicsAssemblyCaseStudy_files/icon_property_650521591.svg" name="Modification date" refid="_be00301_1073394345322_922552_1"/></stereotype></appliedStereotype><appliedStereotypeInstance classType="InstanceSpecification" humanName="Applied Stereotype Instance" humanType="Instance Specification" icon="ElectronicsAssemblyCaseStudy_files/icon_instancespecification_2030294088.svg" name=" : DiagramInfo" refid="_19_0_3_412017e_1604950143235_489201_4608"/><context classType="Activity" humanName="Context" humanType="Activity" icon="ElectronicsAssemblyCaseStudy_files/icon_activity_1778695901.svg" mode="s,e" name="MakeCoupler" refid="_19_0_2_e190334_1589519283990_647994_284"/><documentation humanName="Documentation"/><map><area isNotContentShape="false" name="Control Flow" refid="_19_0_2_e190334_1589519284771_993807_717" shape="poly" type="0"><point x="417" y="923"/><point x="417" y="900"/><point x="415" y="902"/><point x="415" y="925"/></area><area isNotContentShape="false" name="Control Flow" refid="_19_0_2_e190334_1589519284771_812328_724" shape="poly" type="0"><point x="862" y="885"/><point x="862" y="860"/><point x="860" y="862"/><point x="860" y="887"/></area><area isNotContentShape="false" name="Control Flow" refid="_19_0_2_e190334_1589519284771_443181_722" shape="poly" type="0"><point x="862" y="678"/><point x="862" y="651"/><point x="860" y="653"/><point x="860" y="680"/></area><area isNotContentShape="false" name="Control Flow" refid="_19_0_2_e190334_1589519284771_899086_719" shape="poly" type="0"><point x="866" y="363"/><point x="866" y="336"/><point x="864" y="338"/><point x="864" y="365"/></area><area isNotContentShape="false" name="Control Flow" refid="_19_0_2_e190334_1589519284771_875332_714" shape="poly" type="0"><point x="417" y="608"/><point x="417" y="581"/><point x="415" y="583"/><point x="415" y="610"/></area><area isNotContentShape="false" name="Control Flow" refid="_19_0_2_e190334_1589519284771_130042_720" shape="poly" type="0"><point x="862" y="467"/><point x="862" y="440"/><point x="860" y="442"/><point x="860" y="469"/></area><area isNotContentShape="false" name="Control Flow" refid="_19_0_2_e190334_1589519284771_259631_723" shape="poly" type="0"><point x="862" y="783"/><point x="862" y="755"/><point x="860" y="757"/><point x="860" y="785"/></area><area isNotContentShape="false" name="Control Flow" refid="_19_0_2_e190334_1589519284771_896071_715" shape="poly" type="0"><point x="417" y="713"/><point x="417" y="685"/><point x="415" y="687"/><point x="415" y="715"/></area><area isNotContentShape="false" name="Control Flow" refid="_19_0_2_e190334_1589519284771_72105_726" shape="poly" type="0"><point x="418" y="398"/><point x="418" y="370"/><point x="416" y="372"/><point x="416" y="400"/></area><area isNotContentShape="false" name="Control Flow" refid="_19_0_2_e190334_1589519284771_475119_716" shape="poly" type="0"><point x="417" y="818"/><point x="417" y="790"/><point x="415" y="792"/><point x="415" y="820"/></area><area isNotContentShape="false" name="Control Flow" refid="_19_0_2_e190334_1589519284771_507184_713" shape="poly" type="0"><point x="417" y="503"/><point x="417" y="475"/><point x="415" y="477"/><point x="415" y="505"/></area><area isNotContentShape="false" name="Control Flow" refid="_19_0_2_e190334_1589519284771_159574_721" shape="poly" type="0"><point x="862" y="574"/><point x="862" y="545"/><point x="860" y="547"/><point x="860" y="576"/></area><area isNotContentShape="false" name="Control Flow" refid="_19_0_2_e190334_1589519284771_773057_725" shape="poly" type="0"><point x="862" y="993"/><point x="862" y="963"/><point x="860" y="965"/><point x="860" y="995"/></area><area isNotContentShape="false" name="Control Flow" refid="_19_0_2_e190334_1589519284771_525808_727" shape="poly" type="0"><point x="421" y="293"/><point x="421" y="230"/><point x="419" y="232"/><point x="419" y="295"/></area><area isNotContentShape="false" name="Control Flow" refid="_19_0_2_e190334_1591112340524_116146_1336" shape="poly" type="0"><point x="862" y="1147"/><point x="862" y="1070"/><point x="860" y="1072"/><point x="860" y="1149"/></area><area isNotContentShape="false" name="Control Flow" refid="_19_0_2_e190334_1589519284771_192217_718" shape="poly" type="0"><point x="866" y="258"/><point x="866" y="230"/><point x="635" y="230"/><point x="635" y="1028"/><point x="418" y="1028"/><point x="418" y="1000"/><point x="416" y="1002"/><point x="416" y="1030"/><point x="633" y="1030"/><point x="633" y="232"/><point x="864" y="232"/><point x="864" y="260"/></area><area isNotContentShape="false" name="Input Pin partIN" refid="_19_0_2_e190334_1591112203553_295902_1145" shape="rect" type="0"><point x="786" y="1204"/><point x="799" y="1204"/><point x="799" y="1217"/><point x="786" y="1217"/></area><area isNotContentShape="false" name="Output Pin partOUT" refid="_19_0_2_e190334_1589519290666_531842_2099" shape="rect" type="0"><point x="920" y="737"/><point x="933" y="737"/><point x="933" y="750"/><point x="920" y="750"/></area><area isNotContentShape="false" name="Input Pin partIN" refid="_19_0_2_e190334_1589519290666_610434_2071" shape="rect" type="0"><point x="337" y="457"/><point x="350" y="457"/><point x="350" y="470"/><point x="337" y="470"/></area><area isNotContentShape="false" name="Output Pin partOUT" refid="_19_0_2_e190334_1589519290666_170407_2090" shape="rect" type="0"><point x="908" y="422"/><point x="921" y="422"/><point x="921" y="435"/><point x="908" y="435"/></area><area isNotContentShape="false" name="Output Pin partOUT" refid="_19_0_2_e190334_1589519290666_657702_2105" shape="rect" type="0"><point x="914" y="945"/><point x="927" y="945"/><point x="927" y="958"/><point x="914" y="958"/></area><area isNotContentShape="false" name="Input Pin partIN" refid="_19_0_2_e190334_1589519290666_989441_2104" shape="rect" type="0"><point x="777" y="842"/><point x="790" y="842"/><point x="790" y="855"/><point x="777" y="855"/></area><area isNotContentShape="false" name="Output Pin partOUT" refid="_19_0_2_e190334_1589519290666_489839_2093" shape="rect" type="0"><point x="911" y="527"/><point x="924" y="527"/><point x="924" y="540"/><point x="911" y="540"/></area><area isNotContentShape="false" name="Output Pin partOUT" refid="_19_0_2_e190334_1589519290666_965661_2084" shape="rect" type="0"><point x="472" y="982"/><point x="485" y="982"/><point x="485" y="995"/><point x="472" y="995"/></area><area isNotContentShape="false" name="Output Pin partOUT" refid="_19_0_2_e190334_1589519290666_266112_2096" shape="rect" type="0"><point x="933" y="633"/><point x="946" y="633"/><point x="946" y="646"/><point x="933" y="646"/></area><area isNotContentShape="false" name="Input Pin workOrderIN" refid="_19_0_2_e190334_1589519290666_94925_2088" shape="rect" type="0"><point x="799" y="282"/><point x="812" y="282"/><point x="812" y="295"/><point x="799" y="295"/></area><area isNotContentShape="false" name="Input Pin workOrderIN" refid="_19_0_2_e190334_1589519290666_893998_2073" shape="rect" type="0"><point x="344" y="527"/><point x="357" y="527"/><point x="357" y="540"/><point x="344" y="540"/></area><area isNotContentShape="false" name="Output Pin progAssy" refid="_19_0_2_e190334_1589519290682_140272_2118" shape="rect" type="0"><point x="476" y="145"/><point x="489" y="145"/><point x="489" y="158"/><point x="476" y="158"/></area><area isNotContentShape="false" name="Output Pin partOUT" refid="_19_0_2_e190334_1589519290666_711083_2081" shape="rect" type="0"><point x="477" y="882"/><point x="490" y="882"/><point x="490" y="895"/><point x="477" y="895"/></area><area isNotContentShape="false" name="Input Pin partIN" refid="_19_0_2_e190334_1589519290666_416043_2113" shape="rect" type="0"><point x="355" y="352"/><point x="368" y="352"/><point x="368" y="365"/><point x="355" y="365"/></area><area isNotContentShape="false" name="Input Pin partIN" refid="_19_0_2_e190334_1589519290666_692757_2110" shape="rect" type="0"><point x="785" y="1052"/><point x="798" y="1052"/><point x="798" y="1065"/><point x="785" y="1065"/></area><area isNotContentShape="false" name="Output Pin partOUT" refid="_19_0_2_e190334_1589519290666_663267_2075" shape="rect" type="0"><point x="498" y="667"/><point x="511" y="667"/><point x="511" y="680"/><point x="498" y="680"/></area><area isNotContentShape="false" name="Input Pin partIN" refid="_19_0_2_e190334_1589519290666_585411_2080" shape="rect" type="0"><point x="350" y="772"/><point x="363" y="772"/><point x="363" y="785"/><point x="350" y="785"/></area><area isNotContentShape="false" name="Input Pin workOrderIN" refid="_19_0_2_e190334_1591112203553_697581_1146" shape="rect" type="0"><point x="786" y="1171"/><point x="799" y="1171"/><point x="799" y="1184"/><point x="786" y="1184"/></area><area isNotContentShape="false" name="Input Pin partIN" refid="_19_0_2_e190334_1589519290666_486137_2101" shape="rect" type="0"><point x="793" y="737"/><point x="806" y="737"/><point x="806" y="750"/><point x="793" y="750"/></area><area isNotContentShape="false" name="Output Pin partOUT" refid="_19_0_2_e190334_1589519290666_542023_2069" shape="rect" type="0"><point x="482" y="457"/><point x="495" y="457"/><point x="495" y="470"/><point x="482" y="470"/></area><area isNotContentShape="false" name="Input Pin workOrderIN" refid="_19_0_2_e190334_1589519290666_430520_2091" shape="rect" type="0"><point x="805" y="387"/><point x="818" y="387"/><point x="818" y="400"/><point x="805" y="400"/></area><area isNotContentShape="false" name="Input Pin workOrderIN" refid="_19_0_2_e190334_1589519290666_86203_2106" shape="rect" type="0"><point x="798" y="909"/><point x="811" y="909"/><point x="811" y="922"/><point x="798" y="922"/></area><area isNotContentShape="false" name="Output Pin partOUT" refid="_19_0_2_e190334_1589519290666_665977_2102" shape="rect" type="0"><point x="936" y="842"/><point x="949" y="842"/><point x="949" y="855"/><point x="936" y="855"/></area><area isNotContentShape="false" name="Input Pin partIN" refid="_19_0_2_e190334_1589519290666_57184_2095" shape="rect" type="0"><point x="802" y="526"/><point x="815" y="526"/><point x="815" y="539"/><point x="802" y="539"/></area><area isNotContentShape="false" name="Input Pin workOrderIN" refid="_19_0_2_e190334_1589519290666_284883_2085" shape="rect" type="0"><point x="348" y="947"/><point x="361" y="947"/><point x="361" y="960"/><point x="348" y="960"/></area><area isNotContentShape="false" name="Input Pin workOrderIN" refid="_19_0_2_e190334_1589519290666_822809_2097" shape="rect" type="0"><point x="779" y="598"/><point x="792" y="598"/><point x="792" y="611"/><point x="779" y="611"/></area><area isNotContentShape="false" name="Input Pin partIN" refid="_19_0_2_e190334_1589519290666_679961_2089" shape="rect" type="0"><point x="799" y="318"/><point x="812" y="318"/><point x="812" y="331"/><point x="799" y="331"/></area><area isNotContentShape="false" name="Output Pin partOUT" refid="_19_0_2_e190334_1589519290666_499598_2072" shape="rect" type="0"><point x="477" y="562"/><point x="490" y="562"/><point x="490" y="575"/><point x="477" y="575"/></area><area isNotContentShape="false" name="Output Pin cableAssy3" refid="_19_0_2_e190334_1589519290682_754703_2121" shape="rect" type="0"><point x="476" y="194"/><point x="489" y="194"/><point x="489" y="207"/><point x="476" y="207"/></area><area isNotContentShape="false" name="Input Pin partIN" refid="_19_0_2_e190334_1589519290666_97363_2083" shape="rect" type="0"><point x="343" y="882"/><point x="356" y="882"/><point x="356" y="895"/><point x="343" y="895"/></area><area isNotContentShape="false" name="Input Pin workOrderIN" refid="_19_0_2_e190334_1589519290666_946419_2112" shape="rect" type="0"><point x="355" y="317"/><point x="368" y="317"/><point x="368" y="330"/><point x="355" y="330"/></area><area isNotContentShape="false" name="Output Pin partOUT" refid="_19_0_2_e190334_1589519290666_915630_2108" shape="rect" type="0"><point x="928" y="1052"/><point x="941" y="1052"/><point x="941" y="1065"/><point x="928" y="1065"/></area><area isNotContentShape="false" name="Input Pin workOrderIN" refid="_19_0_2_e190334_1589519290666_918175_2076" shape="rect" type="0"><point x="322" y="632"/><point x="335" y="632"/><point x="335" y="645"/><point x="322" y="645"/></area><area isNotContentShape="false" name="Output Pin partOUT" refid="_19_0_2_e190334_1589519290666_868495_2078" shape="rect" type="0"><point x="470" y="772"/><point x="483" y="772"/><point x="483" y="785"/><point x="470" y="785"/></area><area isNotContentShape="false" name="Output Pin partOUT" refid="_19_0_2_e190334_1591112203557_37454_1151" shape="rect" type="0"><point x="927" y="1205"/><point x="940" y="1205"/><point x="940" y="1218"/><point x="927" y="1218"/></area><area isNotContentShape="false" name="Input Pin workOrderIN" refid="_19_0_2_e190334_1589519290666_111564_2100" shape="rect" type="0"><point x="793" y="702"/><point x="806" y="702"/><point x="806" y="715"/><point x="793" y="715"/></area><area isNotContentShape="false" name="Input Pin workOrderIN" refid="_19_0_2_e190334_1589519290666_60339_2070" shape="rect" type="0"><point x="337" y="423"/><point x="350" y="423"/><point x="350" y="436"/><point x="337" y="436"/></area><area isNotContentShape="false" name="Input Pin partIN" refid="_19_0_2_e190334_1589519290666_569552_2092" shape="rect" type="0"><point x="805" y="422"/><point x="818" y="422"/><point x="818" y="435"/><point x="805" y="435"/></area><area isNotContentShape="false" name="Input Pin partIN" refid="_19_0_2_e190334_1589519290666_936510_2107" shape="rect" type="0"><point x="798" y="944"/><point x="811" y="944"/><point x="811" y="957"/><point x="798" y="957"/></area><area isNotContentShape="false" name="Input Pin workOrderIN" refid="_19_0_2_e190334_1589519290666_194923_2103" shape="rect" type="0"><point x="777" y="807"/><point x="790" y="807"/><point x="790" y="820"/><point x="777" y="820"/></area><area isNotContentShape="false" name="Input Pin workOrderIN" refid="_19_0_2_e190334_1589519290666_329972_2094" shape="rect" type="0"><point x="802" y="491"/><point x="815" y="491"/><point x="815" y="504"/><point x="802" y="504"/></area><area isNotContentShape="false" name="Input Pin partIN" refid="_19_0_2_e190334_1589519290666_653019_2086" shape="rect" type="0"><point x="348" y="982"/><point x="361" y="982"/><point x="361" y="995"/><point x="348" y="995"/></area><area isNotContentShape="false" name="Input Pin partIN" refid="_19_0_2_e190334_1589519290666_645235_2098" shape="rect" type="0"><point x="779" y="633"/><point x="792" y="633"/><point x="792" y="646"/><point x="779" y="646"/></area><area isNotContentShape="false" name="Output Pin partOUT" refid="_19_0_2_e190334_1589519290666_448701_2087" shape="rect" type="0"><point x="914" y="317"/><point x="927" y="317"/><point x="927" y="330"/><point x="914" y="330"/></area><area isNotContentShape="false" name="Input Pin partIN" refid="_19_0_2_e190334_1589519290666_206769_2074" shape="rect" type="0"><point x="344" y="563"/><point x="357" y="563"/><point x="357" y="576"/><point x="344" y="576"/></area><area isNotContentShape="false" name="Output Pin cableAssy1" refid="_19_0_2_e190334_1589519290682_891847_2116" shape="rect" type="0"><point x="476" y="112"/><point x="489" y="112"/><point x="489" y="125"/><point x="476" y="125"/></area><area isNotContentShape="false" name="Input Pin workOrderIN" refid="_19_0_2_e190334_1589519290666_207767_2082" shape="rect" type="0"><point x="343" y="845"/><point x="356" y="845"/><point x="356" y="858"/><point x="343" y="858"/></area><area isNotContentShape="false" name="Output Pin partOUT" refid="_19_0_2_e190334_1589519290666_950080_2111" shape="rect" type="0"><point x="463" y="352"/><point x="476" y="352"/><point x="476" y="365"/><point x="463" y="365"/></area><area isNotContentShape="false" name="Input Pin workOrderIN" refid="_19_0_2_e190334_1589519290666_23616_2109" shape="rect" type="0"><point x="785" y="1017"/><point x="798" y="1017"/><point x="798" y="1030"/><point x="785" y="1030"/></area><area isNotContentShape="false" name="Input Pin partIN" refid="_19_0_2_e190334_1589519290666_728906_2077" shape="rect" type="0"><point x="322" y="667"/><point x="335" y="667"/><point x="335" y="680"/><point x="322" y="680"/></area><area isNotContentShape="false" name="Input Pin workOrderIN" refid="_19_0_2_e190334_1589519290666_853905_2079" shape="rect" type="0"><point x="350" y="737"/><point x="363" y="737"/><point x="363" y="750"/><point x="350" y="750"/></area><area isNotContentShape="false" name="Output Pin sensorCard" refid="_19_0_2_e190334_1589519290666_324795_2114" shape="rect" type="0"><point x="476" y="80"/><point x="489" y="80"/><point x="489" y="93"/><point x="476" y="93"/></area><area isNotContentShape="false" name="Output Pin cca2" refid="_19_0_2_e190334_1589519290682_401373_2115" shape="rect" type="0"><point x="476" y="96"/><point x="489" y="96"/><point x="489" y="109"/><point x="476" y="109"/></area><area isNotContentShape="false" name="Output Pin chassisElecEquip" refid="_19_0_2_e190334_1589519290682_313679_2119" shape="rect" type="0"><point x="476" y="161"/><point x="489" y="161"/><point x="489" y="174"/><point x="476" y="174"/></area><area isNotContentShape="false" name="Output Pin daughterCard" refid="_19_0_2_e190334_1589519290682_572322_2117" shape="rect" type="0"><point x="476" y="128"/><point x="489" y="128"/><point x="489" y="141"/><point x="476" y="141"/></area><area isNotContentShape="false" name="Output Pin cableAssy4" refid="_19_0_2_e190334_1589519290682_392855_2122" shape="rect" type="0"><point x="476" y="210"/><point x="489" y="210"/><point x="489" y="223"/><point x="476" y="223"/></area><area isNotContentShape="false" name="Output Pin elecAssy" refid="_19_0_2_e190334_1589519290682_798979_2120" shape="rect" type="0"><point x="476" y="178"/><point x="489" y="178"/><point x="489" y="191"/><point x="476" y="191"/></area><area isNotContentShape="false" name="Input Pin workOrderIN" refid="_19_0_2_e190334_1589519290682_729641_2123" shape="rect" type="0"><point x="342" y="78"/><point x="355" y="78"/><point x="355" y="91"/><point x="342" y="91"/></area><area isNotContentShape="false" name="Call Behavior Action Test_Burn-In" refid="_19_0_2_e190334_1589519284771_395572_704" shape="rect" type="0"><point x="817" y="364"/><point x="909" y="364"/><point x="909" y="442"/><point x="817" y="442"/></area><area isNotContentShape="false" name="Call Behavior Action UnitAssembly" refid="_19_0_2_e190334_1589519284771_280650_711" shape="rect" type="0"><point x="367" y="294"/><point x="464" y="294"/><point x="464" y="372"/><point x="367" y="372"/></area><area isNotContentShape="false" name="Call Behavior Action Test_FinalData" refid="_19_0_2_e190334_1589519284771_861498_705" shape="rect" type="0"><point x="814" y="468"/><point x="912" y="468"/><point x="912" y="547"/><point x="814" y="547"/></area><area isNotContentShape="false" name="Call Behavior Action Test_Vibration" refid="_19_0_2_e190334_1589519284771_709354_703" shape="rect" type="0"><point x="811" y="259"/><point x="915" y="259"/><point x="915" y="338"/><point x="811" y="338"/></area><area isNotContentShape="false" name="Call Behavior Action Quality_FinalSell" refid="_19_0_2_e190334_1589519284771_187736_709" shape="rect" type="0"><point x="810" y="886"/><point x="915" y="886"/><point x="915" y="965"/><point x="810" y="965"/></area><area isNotContentShape="false" name="Call Behavior Action LeakCheck" refid="_19_0_2_e190334_1589519284756_356543_700" shape="rect" type="0"><point x="362" y="714"/><point x="471" y="714"/><point x="471" y="792"/><point x="362" y="792"/></area><area isNotContentShape="false" name="Call Behavior Action Test_Preliminary" refid="_19_0_2_e190334_1589519284756_314500_702" shape="rect" type="0"><point x="360" y="924"/><point x="473" y="924"/><point x="473" y="1002"/><point x="360" y="1002"/></area><area isNotContentShape="false" name="Call Behavior Action Nameplate_Laser" refid="_19_0_2_e190334_1589519284771_511338_707" shape="rect" type="0"><point x="805" y="679"/><point x="921" y="679"/><point x="921" y="757"/><point x="805" y="757"/></area><area isNotContentShape="false" name="Call Behavior Action UnitAssembly_Test" refid="_19_0_2_e190334_1589519284756_737806_698" shape="rect" type="0"><point x="356" y="504"/><point x="478" y="504"/><point x="478" y="583"/><point x="356" y="583"/></area><area isNotContentShape="false" name="Call Behavior Action Quality_LeakCheck" refid="_19_0_2_e190334_1589519284756_468263_701" shape="rect" type="0"><point x="355" y="819"/><point x="478" y="819"/><point x="478" y="902"/><point x="355" y="902"/></area><area isNotContentShape="false" name="Call Behavior Action FinalShipTable" refid="_19_0_2_e190334_1591112203536_749892_1134" shape="rect" type="0"><point x="798" y="1148"/><point x="928" y="1148"/><point x="928" y="1226"/><point x="798" y="1226"/></area><area isNotContentShape="false" name="Activity Parameter Node partOUT" refid="_19_0_2_e190334_1589519284756_594897_695" shape="rect" type="0"><point x="1012" y="1148"/><point x="1144" y="1148"/><point x="1144" y="1171"/><point x="1012" y="1171"/></area><area isNotContentShape="false" name="Call Behavior Action Quality_FinalSell_2nd" refid="_19_0_2_e190334_1589519284771_205786_710" shape="rect" type="0"><point x="797" y="994"/><point x="929" y="994"/><point x="929" y="1072"/><point x="797" y="1072"/></area><area isNotContentShape="false" name="Call Behavior Action Quality_UnitAssembly" refid="_19_0_2_e190334_1589519284756_944262_697" shape="rect" type="0"><point x="349" y="399"/><point x="483" y="399"/><point x="483" y="477"/><point x="349" y="477"/></area><area isNotContentShape="false" name="Call Behavior Action Quality_UnitVerification" refid="_19_0_2_e190334_1589519284771_787019_706" shape="rect" type="0"><point x="791" y="575"/><point x="934" y="575"/><point x="934" y="653"/><point x="791" y="653"/></area><area isNotContentShape="false" name="Call Behavior Action UnitAssembly_TouchUp" refid="_19_0_2_e190334_1589519284771_413013_708" shape="rect" type="0"><point x="789" y="784"/><point x="937" y="784"/><point x="937" y="862"/><point x="789" y="862"/></area><area isNotContentShape="false" name="Call Behavior Action Quality_UnitAssembly_Test" refid="_19_0_2_e190334_1589519284756_923263_699" shape="rect" type="0"><point x="334" y="609"/><point x="499" y="609"/><point x="499" y="687"/><point x="334" y="687"/></area><area isNotContentShape="false" name="Call Behavior Action Inputs" refid="_19_0_2_e190334_1589519284771_65514_712" shape="rect" type="0"><point x="354" y="56"/><point x="477" y="56"/><point x="477" y="232"/><point x="354" y="232"/></area><area isNotContentShape="false" name="Activity Parameter Node workOrderIN" refid="_19_0_2_e190334_1589519284756_593830_696" shape="rect" type="0"><point x="5" y="35"/><point x="242" y="35"/><point x="242" y="58"/><point x="5" y="58"/></area></map><name humanName="Name" mode="s,e">MakeCoupler</name><namespace classType="Activity" humanName="Namespace" humanType="Activity" icon="ElectronicsAssemblyCaseStudy_files/icon_activity_1778695901.svg" name="MakeCoupler" refid="_19_0_2_e190334_1589519283990_647994_284"/><ownedElement humanName="Owned Element"><instancespecification classType="InstanceSpecification" humanType="Instance Specification" icon="ElectronicsAssemblyCaseStudy_files/icon_instancespecification_2030294088.svg" name=" : DiagramInfo" refid="_19_0_3_412017e_1604950143235_489201_4608"/></ownedElement><owner classType="Activity" humanName="Owner" humanType="Activity" icon="ElectronicsAssemblyCaseStudy_files/icon_activity_1778695901.svg" mode="s,e" name="MakeCoupler" refid="_19_0_2_e190334_1589519283990_647994_284"/><ownerOfDiagram classType="Activity" humanName="Owner Of Diagram" humanType="Activity" icon="ElectronicsAssemblyCaseStudy_files/icon_activity_1778695901.svg" name="MakeCoupler" refid="_19_0_2_e190334_1589519283990_647994_284"/><qualifiedName humanName="Qualified Name" mode="e">0 - Production System Reference Architecture::5 - Architecture pkg::5.0 - Functional Architecture::5.0.1 - Make::Iteration1::MakeCoupler::MakeCoupler</qualifiedName><TO_DO humanName="To Do" mode="s,e"/><DIAGRAM_TYPE_DERIVED_PROPERTY humanName="Type">SysML Activity Diagram</DIAGRAM_TYPE_DERIVED_PROPERTY><visibility humanName="Visibility">public</visibility></diagram></magicdraw>