<?xml version="1.0" encoding="UTF-8"?><magicdraw><diagram classType="Diagram" diagramType="SysML Block Definition Diagram" height="1131" humanType="Diagram" icon="ElectronicsAssemblyCaseStudy_files/icon_SysML Block Definition Diagram_1772877839.svg" id="_19_0_2_e190334_1589519283974_502079_263" src="ElectronicsAssemblyCaseStudy_files/_19_0_2_e190334_1589519283974_502079_263.svg" width="990"><APPLIED_STEREOTYPES humanName="Applied Stereotype" mode="s,e"><stereotype classType="Stereotype" humanType="Stereotype" icon="ElectronicsAssemblyCaseStudy_files/icon_stereotype_910260820.svg" name="DiagramInfo" refid="_9_0_be00301_1108044380615_150487_0"/></APPLIED_STEREOTYPES><appliedStereotype humanName="Applied Stereotype" mode="s,e"><stereotype classType="Stereotype" humanType="Stereotype" icon="ElectronicsAssemblyCaseStudy_files/icon_stereotype_910260820.svg" name="DiagramInfo" refid="_9_0_be00301_1108044380615_150487_0"><property classType="Property" humanName="Author" humanType="Property" icon="ElectronicsAssemblyCaseStudy_files/icon_property_650521591.svg" name="Author" refid="_be00301_1077726770128_871366_1"><String>gthiers</String></property><property classType="Property" humanName="Base_ Diagram" humanType="Property" icon="ElectronicsAssemblyCaseStudy_files/icon_property_650521591.svg" name="base_Diagram" refid="_10_0EAPbeta_be00301_1123081772498_901864_356"/><property classType="Property" humanName="Base_ Element" humanType="Property" icon="ElectronicsAssemblyCaseStudy_files/icon_property_650521591.svg" name="base_Element" refid="_10_0EAPbeta_be00301_1123081772098_411862_275"/><property classType="Property" humanName="Creation Date" humanType="Property" icon="ElectronicsAssemblyCaseStudy_files/icon_property_650521591.svg" name="Creation date" refid="_be00301_1073306188629_537791_2"><String>5/15/20 1:08 AM</String></property><property classType="Property" humanName="Last modified by" humanType="Property" icon="ElectronicsAssemblyCaseStudy_files/icon_property_650521591.svg" name="Last modified by" refid="_16_8beta_8ca0285_1257244649124_794756_344"/><property classType="Property" humanName="Modification Date" humanType="Property" icon="ElectronicsAssemblyCaseStudy_files/icon_property_650521591.svg" name="Modification date" refid="_be00301_1073394345322_922552_1"/></stereotype></appliedStereotype><appliedStereotypeInstance classType="InstanceSpecification" humanName="Applied Stereotype Instance" humanType="Instance Specification" icon="ElectronicsAssemblyCaseStudy_files/icon_instancespecification_2030294088.svg" name=" : DiagramInfo" refid="_19_0_3_412017e_1604950143142_379580_4230"/><documentation humanName="Documentation"/><map><area isNotContentShape="false" name="Property" refid="_19_0_2_e190334_1589519284115_342960_414" shape="rect" type="0"><point x="303" y="126"/><point x="314" y="126"/><point x="314" y="137"/><point x="303" y="137"/></area><area isNotContentShape="false" name="Property" refid="_19_0_2_e190334_1589519284115_833145_490" shape="rect" type="0"><point x="911" y="709"/><point x="922" y="709"/><point x="922" y="720"/><point x="911" y="720"/></area><area isNotContentShape="false" name="Part Property CableAssembly2" refid="_19_0_2_e190334_1589519284099_361693_400" shape="rect" type="0"><point x="613" y="1035"/><point x="624" y="1035"/><point x="624" y="1046"/><point x="613" y="1046"/></area><area isNotContentShape="false" name="Property" refid="_19_0_2_e190334_1589519284115_156926_410" shape="rect" type="0"><point x="443" y="126"/><point x="454" y="126"/><point x="454" y="137"/><point x="443" y="137"/></area><area isNotContentShape="false" name="Property" refid="_19_0_2_e190334_1589519284115_42562_430" shape="rect" type="0"><point x="511" y="730"/><point x="522" y="730"/><point x="522" y="741"/><point x="511" y="741"/></area><area isNotContentShape="false" name="Property" refid="_19_0_2_e190334_1589519284115_528274_408" shape="rect" type="0"><point x="548" y="126"/><point x="559" y="126"/><point x="559" y="137"/><point x="548" y="137"/></area><area isNotContentShape="false" name="Part Property ControlCard" refid="_19_0_2_e190334_1589519284115_471082_451" shape="rect" type="0"><point x="898" y="648"/><point x="909" y="648"/><point x="909" y="659"/><point x="898" y="659"/></area><area isNotContentShape="false" name="Part Property CableAssembly1" refid="_19_0_2_e190334_1589519284099_513192_359" shape="rect" type="0"><point x="478" y="375"/><point x="489" y="375"/><point x="489" y="386"/><point x="478" y="386"/></area><area isNotContentShape="false" name="Property" refid="_19_0_2_e190334_1589519284115_381086_412" shape="rect" type="0"><point x="373" y="126"/><point x="384" y="126"/><point x="384" y="137"/><point x="373" y="137"/></area><area isNotContentShape="false" name="Property" refid="_19_0_2_e190334_1589519284115_526916_473" shape="rect" type="0"><point x="540" y="597"/><point x="551" y="597"/><point x="551" y="608"/><point x="540" y="608"/></area><area isNotContentShape="false" name="Part Property ElectronicAssembly" refid="_19_0_2_e190334_1589519284099_736837_363" shape="rect" type="0"><point x="338" y="795"/><point x="349" y="795"/><point x="349" y="806"/><point x="338" y="806"/></area><area isNotContentShape="false" name="Part Property CableAssembly4" refid="_19_0_2_e190334_1589519284099_913971_367" shape="rect" type="0"><point x="268" y="1005"/><point x="279" y="1005"/><point x="279" y="1016"/><point x="268" y="1016"/></area><area isNotContentShape="false" name="Property" refid="_19_0_2_e190334_1589519284115_3601_488" shape="rect" type="0"><point x="513" y="126"/><point x="524" y="126"/><point x="524" y="137"/><point x="513" y="137"/></area><area isNotContentShape="false" name="Property" refid="_19_0_2_e190334_1589519284115_162040_429" shape="rect" type="0"><point x="511" y="716"/><point x="522" y="716"/><point x="522" y="727"/><point x="511" y="727"/></area><area isNotContentShape="false" name="Part Property ControlCard" refid="_19_0_2_e190334_1589519284099_876015_361" shape="rect" type="0"><point x="408" y="585"/><point x="419" y="585"/><point x="419" y="596"/><point x="408" y="596"/></area><area isNotContentShape="false" name="Part Property CableAssembly3" refid="_19_0_2_e190334_1589519284099_154797_364" shape="rect" type="0"><point x="303" y="900"/><point x="314" y="900"/><point x="314" y="911"/><point x="303" y="911"/></area><area isNotContentShape="false" name="Part Property MicrocircuitModified" refid="_19_0_2_e190334_1589519284115_497462_456" shape="rect" type="0"><point x="933" y="760"/><point x="944" y="760"/><point x="944" y="771"/><point x="933" y="771"/></area><area isNotContentShape="false" name="Property" refid="_19_0_2_e190334_1589519284115_635937_474" shape="rect" type="0"><point x="511" y="744"/><point x="522" y="744"/><point x="522" y="755"/><point x="511" y="755"/></area><area isNotContentShape="false" name="Part Property DaughterCard" refid="_19_0_2_e190334_1589519284099_450817_360" shape="rect" type="0"><point x="443" y="480"/><point x="454" y="480"/><point x="454" y="491"/><point x="443" y="491"/></area><area isNotContentShape="false" name="Part Property Filter" refid="_19_0_2_e190334_1589519284099_732319_399" shape="rect" type="0"><point x="613" y="937"/><point x="624" y="937"/><point x="624" y="948"/><point x="613" y="948"/></area><area isNotContentShape="false" name="Part Property SensorCard" refid="_19_0_2_e190334_1589519284099_542399_358" shape="rect" type="0"><point x="548" y="165"/><point x="559" y="165"/><point x="559" y="176"/><point x="548" y="176"/></area><area isNotContentShape="false" name="Property" refid="_19_0_2_e190334_1589519284115_681700_489" shape="rect" type="0"><point x="878" y="597"/><point x="889" y="597"/><point x="889" y="608"/><point x="878" y="608"/></area><area isNotContentShape="false" name="Property" refid="_19_0_2_e190334_1589519284115_842921_409" shape="rect" type="0"><point x="478" y="126"/><point x="489" y="126"/><point x="489" y="137"/><point x="478" y="137"/></area><area isNotContentShape="false" name="Part Property ChassisElecEquip" refid="_19_0_2_e190334_1589519284099_167116_362" shape="rect" type="0"><point x="373" y="690"/><point x="384" y="690"/><point x="384" y="701"/><point x="373" y="701"/></area><area isNotContentShape="false" name="Part Property ControlCardAssemblyModified" refid="_19_0_2_e190334_1589519284099_734048_394" shape="rect" type="0"><point x="690" y="597"/><point x="701" y="597"/><point x="701" y="608"/><point x="690" y="608"/></area><area isNotContentShape="false" name="Property" refid="_19_0_2_e190334_1589519284115_683052_413" shape="rect" type="0"><point x="338" y="126"/><point x="349" y="126"/><point x="349" y="137"/><point x="338" y="137"/></area><area isNotContentShape="false" name="Property" refid="_19_0_2_e190334_1589519284115_305133_491" shape="rect" type="0"><point x="268" y="126"/><point x="279" y="126"/><point x="279" y="137"/><point x="268" y="137"/></area><area isNotContentShape="false" name="Part Property CCA2" refid="_19_0_2_e190334_1589519284099_976979_366" shape="rect" type="0"><point x="513" y="270"/><point x="524" y="270"/><point x="524" y="281"/><point x="513" y="281"/></area><area isNotContentShape="false" name="Part Property CCA1" refid="_19_0_2_e190334_1589519284099_106377_398" shape="rect" type="0"><point x="613" y="839"/><point x="624" y="839"/><point x="624" y="850"/><point x="613" y="850"/></area><area isNotContentShape="false" name="Property" refid="_19_0_2_e190334_1589519284115_309012_411" shape="rect" type="0"><point x="408" y="126"/><point x="419" y="126"/><point x="419" y="137"/><point x="408" y="137"/></area><area isNotContentShape="false" name="Part Property Filter" refid="_19_0_2_e190334_1589519284099_732319_399" shape="rect" type="0"><point x="596" y="927"/><point x="621" y="927"/><point x="621" y="940"/><point x="596" y="940"/></area><area isNotContentShape="false" name="Part Property CCA2" refid="_19_0_2_e190334_1589519284099_976979_366" shape="rect" type="0"><point x="486" y="265"/><point x="516" y="265"/><point x="516" y="278"/><point x="486" y="278"/></area><area isNotContentShape="false" name="Part Property CCA1" refid="_19_0_2_e190334_1589519284099_106377_398" shape="rect" type="0"><point x="591" y="829"/><point x="621" y="829"/><point x="621" y="842"/><point x="591" y="842"/></area><area isNotContentShape="false" name="Part Property ControlCard" refid="_19_0_2_e190334_1589519284115_471082_451" shape="rect" type="0"><point x="842" y="643"/><point x="901" y="643"/><point x="901" y="656"/><point x="842" y="656"/></area><area isNotContentShape="false" name="Part Property ControlCard" refid="_19_0_2_e190334_1589519284099_876015_361" shape="rect" type="0"><point x="352" y="580"/><point x="411" y="580"/><point x="411" y="593"/><point x="352" y="593"/></area><area isNotContentShape="false" name="Part Property SensorCard" refid="_19_0_2_e190334_1589519284099_542399_358" shape="rect" type="0"><point x="491" y="160"/><point x="551" y="160"/><point x="551" y="173"/><point x="491" y="173"/></area><area isNotContentShape="false" name="Part Property DaughterCard" refid="_19_0_2_e190334_1589519284099_450817_360" shape="rect" type="0"><point x="377" y="475"/><point x="446" y="475"/><point x="446" y="488"/><point x="377" y="488"/></area><area isNotContentShape="false" name="Part Property CableAssembly2" refid="_19_0_2_e190334_1589519284099_361693_400" shape="rect" type="0"><point x="538" y="1025"/><point x="621" y="1025"/><point x="621" y="1038"/><point x="538" y="1038"/></area><area isNotContentShape="false" name="Part Property CableAssembly4" refid="_19_0_2_e190334_1589519284099_913971_367" shape="rect" type="0"><point x="188" y="1000"/><point x="271" y="1000"/><point x="271" y="1013"/><point x="188" y="1013"/></area><area isNotContentShape="false" name="Part Property CableAssembly3" refid="_19_0_2_e190334_1589519284099_154797_364" shape="rect" type="0"><point x="223" y="895"/><point x="306" y="895"/><point x="306" y="908"/><point x="223" y="908"/></area><area isNotContentShape="false" name="Part Property CableAssembly1" refid="_19_0_2_e190334_1589519284099_513192_359" shape="rect" type="0"><point x="398" y="370"/><point x="481" y="370"/><point x="481" y="383"/><point x="398" y="383"/></area><area isNotContentShape="false" name="Part Property ChassisElecEquip" refid="_19_0_2_e190334_1589519284099_167116_362" shape="rect" type="0"><point x="289" y="685"/><point x="376" y="685"/><point x="376" y="698"/><point x="289" y="698"/></area><area isNotContentShape="false" name="Part Property MicrocircuitModified" refid="_19_0_2_e190334_1589519284115_497462_456" shape="rect" type="0"><point x="839" y="755"/><point x="936" y="755"/><point x="936" y="768"/><point x="839" y="768"/></area><area isNotContentShape="false" name="Part Property ElectronicAssembly" refid="_19_0_2_e190334_1589519284099_736837_363" shape="rect" type="0"><point x="244" y="790"/><point x="341" y="790"/><point x="341" y="803"/><point x="244" y="803"/></area><area isNotContentShape="false" name="Part Property ControlCardAssemblyModified" refid="_19_0_2_e190334_1589519284099_734048_394" shape="rect" type="0"><point x="551" y="587"/><point x="698" y="587"/><point x="698" y="600"/><point x="551" y="600"/></area><area isNotContentShape="false" name="Generalization" refid="_19_0_2_e190334_1589519284162_184544_658" shape="poly" type="0"><point x="127" y="320"/><point x="127" y="349"/><point x="125" y="351"/><point x="125" y="322"/></area><area isNotContentShape="false" name="Association" refid="_19_0_2_e190334_1589519279910_134499_40" shape="poly" type="0"><point x="554" y="174"/><point x="554" y="125"/><point x="552" y="127"/><point x="552" y="176"/></area><area isNotContentShape="false" name="Association" refid="_19_0_2_e190334_1589519279942_130490_75" shape="poly" type="0"><point x="939" y="769"/><point x="939" y="713"/><point x="912" y="713"/><point x="910" y="715"/><point x="937" y="715"/><point x="937" y="771"/></area><area isNotContentShape="false" name="Association" refid="_19_0_2_e190334_1589519279942_542354_74" shape="poly" type="0"><point x="904" y="657"/><point x="904" y="601"/><point x="879" y="601"/><point x="877" y="603"/><point x="902" y="603"/><point x="902" y="659"/></area><area isNotContentShape="false" name="Generalization" refid="_19_0_2_e190334_1589519284162_123373_656" shape="poly" type="0"><point x="92" y="320"/><point x="92" y="398"/><point x="90" y="400"/><point x="90" y="322"/></area><area isNotContentShape="false" name="Association" refid="_19_0_2_e190334_1589519279926_5745_49" shape="poly" type="0"><point x="624" y="843"/><point x="554" y="843"/><point x="554" y="720"/><point x="512" y="720"/><point x="510" y="722"/><point x="552" y="722"/><point x="552" y="845"/><point x="622" y="845"/></area><area isNotContentShape="false" name="Generalization" refid="_19_0_2_e190334_1589519284162_370999_660" shape="poly" type="0"><point x="57" y="320"/><point x="57" y="447"/><point x="55" y="449"/><point x="55" y="322"/></area><area isNotContentShape="false" name="Association" refid="_19_0_2_e190334_1589519279942_325754_73" shape="poly" type="0"><point x="519" y="279"/><point x="519" y="125"/><point x="517" y="127"/><point x="517" y="281"/></area><area isNotContentShape="false" name="Association" refid="_19_0_2_e190334_1589519279926_826432_64" shape="poly" type="0"><point x="701" y="601"/><point x="541" y="601"/><point x="539" y="603"/><point x="699" y="603"/></area><area isNotContentShape="false" name="Association" refid="_19_0_2_e190334_1589519279926_486800_50" shape="poly" type="0"><point x="624" y="941"/><point x="544" y="941"/><point x="544" y="734"/><point x="512" y="734"/><point x="510" y="736"/><point x="542" y="736"/><point x="542" y="943"/><point x="622" y="943"/></area><area isNotContentShape="false" name="Association" refid="_19_0_2_e190334_1589519279910_947928_41" shape="poly" type="0"><point x="484" y="384"/><point x="484" y="125"/><point x="482" y="127"/><point x="482" y="386"/></area><area isNotContentShape="false" name="Association" refid="_19_0_2_e190334_1589519279926_64702_65" shape="poly" type="0"><point x="624" y="1039"/><point x="533" y="1039"/><point x="533" y="748"/><point x="512" y="748"/><point x="510" y="750"/><point x="531" y="750"/><point x="531" y="1041"/><point x="622" y="1041"/></area><area isNotContentShape="false" name="Association" refid="_19_0_2_e190334_1589519279910_198865_42" shape="poly" type="0"><point x="449" y="489"/><point x="449" y="125"/><point x="447" y="127"/><point x="447" y="491"/></area><area isNotContentShape="false" name="Association" refid="_19_0_2_e190334_1589519279910_604991_43" shape="poly" type="0"><point x="414" y="594"/><point x="414" y="125"/><point x="412" y="127"/><point x="412" y="596"/></area><area isNotContentShape="false" name="Association" refid="_19_0_2_e190334_1589519279910_6340_44" shape="poly" type="0"><point x="379" y="699"/><point x="379" y="125"/><point x="377" y="127"/><point x="377" y="701"/></area><area isNotContentShape="false" name="Association" refid="_19_0_2_e190334_1589519279926_265417_45" shape="poly" type="0"><point x="344" y="804"/><point x="344" y="125"/><point x="342" y="127"/><point x="342" y="806"/></area><area isNotContentShape="false" name="Association" refid="_19_0_2_e190334_1589519279926_115242_46" shape="poly" type="0"><point x="309" y="909"/><point x="309" y="125"/><point x="307" y="127"/><point x="307" y="911"/></area><area isNotContentShape="false" name="Association" refid="_19_0_2_e190334_1589519279942_953988_76" shape="poly" type="0"><point x="274" y="1014"/><point x="274" y="125"/><point x="272" y="127"/><point x="272" y="1016"/></area><area isNotContentShape="false" name="Block WireKit" refid="_19_0_2_e190334_1589519279989_286792_155" shape="rect" type="0"><point x="105" y="350"/><point x="186" y="350"/><point x="186" y="384"/><point x="105" y="384"/></area><area isNotContentShape="false" name="Value Property partNumber" refid="_19_0_2_e190334_1589519284162_75282_662" shape="rect" type="0"><point x="38" y="291"/><point x="167" y="291"/><point x="167" y="304"/><point x="38" y="304"/></area><area isNotContentShape="false" name="Value Property serialNumber" refid="_19_0_2_e190334_1589519284162_820661_663" shape="rect" type="0"><point x="38" y="303"/><point x="167" y="303"/><point x="167" y="316"/><point x="38" y="316"/></area><area isNotContentShape="false" name="Block CableAssemblyTypeB" refid="_19_0_2_e190334_1589519279989_82086_156" shape="rect" type="0"><point x="35" y="448"/><point x="164" y="448"/><point x="164" y="482"/><point x="35" y="482"/></area><area isNotContentShape="false" name="Block CableAssemblyTypeA" refid="_19_0_2_e190334_1589519279989_482223_154" shape="rect" type="0"><point x="70" y="399"/><point x="199" y="399"/><point x="199" y="433"/><point x="70" y="433"/></area><area isNotContentShape="false" name="Block Part" refid="_19_0_2_e190334_1589519279989_222130_157" shape="rect" type="0"><point x="35" y="245"/><point x="170" y="245"/><point x="170" y="322"/><point x="35" y="322"/></area><area isNotContentShape="false" name="Value Property partNumber" refid="_19_0_2_e190334_1589519284115_901257_440" shape="rect" type="0"><point x="493" y="353"/><point x="643" y="353"/><point x="643" y="366"/><point x="493" y="366"/></area><area isNotContentShape="false" name="Value Property partNumber" refid="_19_0_2_e190334_1589519284099_181803_388" shape="rect" type="0"><point x="423" y="563"/><point x="573" y="563"/><point x="573" y="576"/><point x="423" y="576"/></area><area isNotContentShape="false" name="Value Property partNumber" refid="_19_0_2_e190334_1589519284115_317276_416" shape="rect" type="0"><point x="626" y="878"/><point x="776" y="878"/><point x="776" y="891"/><point x="626" y="891"/></area><area isNotContentShape="false" name="Value Property partNumber" refid="_19_0_2_e190334_1589519284099_150122_393" shape="rect" type="0"><point x="388" y="668"/><point x="538" y="668"/><point x="538" y="681"/><point x="388" y="681"/></area><area isNotContentShape="false" name="Value Property partNumber" refid="_19_0_2_e190334_1589519284099_114853_375" shape="rect" type="0"><point x="528" y="248"/><point x="678" y="248"/><point x="678" y="261"/><point x="528" y="261"/></area><area isNotContentShape="false" name="Value Property partNumber" refid="_19_0_2_e190334_1589519284115_351276_455" shape="rect" type="0"><point x="759" y="731"/><point x="909" y="731"/><point x="909" y="744"/><point x="759" y="744"/></area><area isNotContentShape="false" name="Value Property partNumber" refid="_19_0_2_e190334_1589519284115_807715_462" shape="rect" type="0"><point x="794" y="843"/><point x="944" y="843"/><point x="944" y="856"/><point x="794" y="856"/></area><area isNotContentShape="false" name="Block CCA2" refid="_19_0_2_e190334_1589519279926_159565_53" shape="rect" type="0"><point x="490" y="280"/><point x="646" y="280"/><point x="646" y="372"/><point x="490" y="372"/></area><area isNotContentShape="false" name="Value Property partNumber" refid="_19_0_2_e190334_1589519284099_931638_384" shape="rect" type="0"><point x="318" y="878"/><point x="474" y="878"/><point x="474" y="891"/><point x="318" y="891"/></area><area isNotContentShape="false" name="Value Property partNumber" refid="_19_0_2_e190334_1589519284115_68818_424" shape="rect" type="0"><point x="626" y="976"/><point x="782" y="976"/><point x="782" y="989"/><point x="626" y="989"/></area><area isNotContentShape="false" name="Value Property partNumber" refid="_19_0_2_e190334_1589519284099_824391_397" shape="rect" type="0"><point x="353" y="773"/><point x="509" y="773"/><point x="509" y="786"/><point x="353" y="786"/></area><area isNotContentShape="false" name="Block DaughterCard" refid="_19_0_2_e190334_1589519279910_497810_36" shape="rect" type="0"><point x="420" y="490"/><point x="576" y="490"/><point x="576" y="582"/><point x="420" y="582"/></area><area isNotContentShape="false" name="Block CCA1" refid="_19_0_2_e190334_1589519279926_610248_47" shape="rect" type="0"><point x="623" y="805"/><point x="779" y="805"/><point x="779" y="897"/><point x="623" y="897"/></area><area isNotContentShape="false" name="Block ProgrammedAssembly" refid="_19_0_2_e190334_1589519279910_342250_37" shape="rect" type="0"><point x="385" y="595"/><point x="541" y="595"/><point x="541" y="687"/><point x="385" y="687"/></area><area isNotContentShape="false" name="Block SensorCard" refid="_19_0_2_e190334_1589519279910_517008_34" shape="rect" type="0"><point x="525" y="175"/><point x="681" y="175"/><point x="681" y="267"/><point x="525" y="267"/></area><area isNotContentShape="false" name="Block ControlCard" refid="_19_0_2_e190334_1589519279926_576931_57" shape="rect" type="0"><point x="756" y="658"/><point x="912" y="658"/><point x="912" y="750"/><point x="756" y="750"/></area><area isNotContentShape="false" name="Block MicrocircuitModified" refid="_19_0_2_e190334_1589519279926_534453_58" shape="rect" type="0"><point x="791" y="770"/><point x="947" y="770"/><point x="947" y="862"/><point x="791" y="862"/></area><area isNotContentShape="false" name="Block ElectronicAssembly" refid="_19_0_2_e190334_1589519279910_26805_35" shape="rect" type="0"><point x="315" y="805"/><point x="477" y="805"/><point x="477" y="897"/><point x="315" y="897"/></area><area isNotContentShape="false" name="Block Filter" refid="_19_0_2_e190334_1589519279926_701745_48" shape="rect" type="0"><point x="623" y="903"/><point x="785" y="903"/><point x="785" y="995"/><point x="623" y="995"/></area><area isNotContentShape="false" name="Block ChassisElectricalEquipment" refid="_19_0_2_e190334_1589519279910_721785_38" shape="rect" type="0"><point x="350" y="700"/><point x="512" y="700"/><point x="512" y="792"/><point x="350" y="792"/></area><area isNotContentShape="false" name="Value Property partNumber" refid="_19_0_2_e190334_1589519284099_469010_372" shape="rect" type="0"><point x="458" y="458"/><point x="623" y="458"/><point x="623" y="471"/><point x="458" y="471"/></area><area isNotContentShape="false" name="Value Property partNumber" refid="_19_0_2_e190334_1589519284115_626943_432" shape="rect" type="0"><point x="626" y="1074"/><point x="791" y="1074"/><point x="791" y="1087"/><point x="626" y="1087"/></area><area isNotContentShape="false" name="Value Property partNumber" refid="_19_0_2_e190334_1589519284115_576490_435" shape="rect" type="0"><point x="248" y="1088"/><point x="414" y="1088"/><point x="414" y="1101"/><point x="248" y="1101"/></area><area isNotContentShape="false" name="Value Property partNumber" refid="_19_0_2_e190334_1589519284115_919897_404" shape="rect" type="0"><point x="283" y="983"/><point x="449" y="983"/><point x="449" y="996"/><point x="283" y="996"/></area><area isNotContentShape="false" name="Block CableAssembly1" refid="_19_0_2_e190334_1589519279910_131104_33" shape="rect" type="0"><point x="455" y="385"/><point x="626" y="385"/><point x="626" y="477"/><point x="455" y="477"/></area><area isNotContentShape="false" name="Block CableAssembly2" refid="_19_0_2_e190334_1589519279926_761129_51" shape="rect" type="0"><point x="623" y="1001"/><point x="794" y="1001"/><point x="794" y="1093"/><point x="623" y="1093"/></area><area isNotContentShape="false" name="Block CableAssembly4" refid="_19_0_2_e190334_1589519279926_228235_52" shape="rect" type="0"><point x="245" y="1015"/><point x="417" y="1015"/><point x="417" y="1107"/><point x="245" y="1107"/></area><area isNotContentShape="false" name="Block CableAssembly3" refid="_19_0_2_e190334_1589519279910_983898_39" shape="rect" type="0"><point x="280" y="910"/><point x="452" y="910"/><point x="452" y="1002"/><point x="280" y="1002"/></area><area isNotContentShape="false" name="Value Property partNumber" refid="_19_0_2_e190334_1589519284115_278563_450" shape="rect" type="0"><point x="703" y="619"/><point x="876" y="619"/><point x="876" y="632"/><point x="703" y="632"/></area><area isNotContentShape="false" name="Block ControlCardAssemblyModified" refid="_19_0_2_e190334_1589519279926_680697_56" shape="rect" type="0"><point x="700" y="546"/><point x="879" y="546"/><point x="879" y="638"/><point x="700" y="638"/></area><area isNotContentShape="false" name="Value Property partNumber" refid="_19_0_2_e190334_1589519284099_905295_365" shape="rect" type="0"><point x="248" y="108"/><point x="558" y="108"/><point x="558" y="121"/><point x="248" y="121"/></area><area isNotContentShape="false" name="Block Coupler" refid="_19_0_2_e190334_1589519279910_702508_32" shape="rect" type="0"><point x="245" y="35"/><point x="561" y="35"/><point x="561" y="127"/><point x="245" y="127"/></area></map><name humanName="Name" mode="s,e">BDD_PartConnectModelLibrary</name><namespace classType="Package" humanName="Namespace" humanType="Package" icon="ElectronicsAssemblyCaseStudy_files/icon_package_1309191417.svg" name="ToDo_ImportFromDELS" refid="_19_0_2_e190334_1589519528458_671583_14069"/><ownedElement humanName="Owned Element"><instancespecification classType="InstanceSpecification" humanType="Instance Specification" icon="ElectronicsAssemblyCaseStudy_files/icon_instancespecification_2030294088.svg" name=" : DiagramInfo" refid="_19_0_3_412017e_1604950143142_379580_4230"/></ownedElement><owner classType="Package" humanName="Owner" humanType="Package" icon="ElectronicsAssemblyCaseStudy_files/icon_package_1309191417.svg" mode="s,e" name="ToDo_ImportFromDELS" refid="_19_0_2_e190334_1589519528458_671583_14069"/><ownerOfDiagram classType="Package" humanName="Owner Of Diagram" humanType="Package" icon="ElectronicsAssemblyCaseStudy_files/icon_package_1309191417.svg" name="ToDo_ImportFromDELS" refid="_19_0_2_e190334_1589519528458_671583_14069"/><qualifiedName humanName="Qualified Name" mode="e">2 - Product Specification::ToDo_ImportFromDELS::BDD_PartConnectModelLibrary</qualifiedName><TO_DO humanName="To Do" mode="s,e"/><DIAGRAM_TYPE_DERIVED_PROPERTY humanName="Type">SysML Block Definition Diagram</DIAGRAM_TYPE_DERIVED_PROPERTY><visibility humanName="Visibility">public</visibility></diagram></magicdraw>