<?xml version="1.0" encoding="UTF-8"?><magicdraw><activity classType="Activity" humanType="Activity" icon="ElectronicsAssemblyCaseStudy_files/icon_activity_1778695901.svg" id="_19_0_2_e190334_1589519284021_797241_317"><allGeneralClassifiers humanName="All General Classifiers"><activity classType="Activity" humanType="Activity" icon="ElectronicsAssemblyCaseStudy_files/icon_activity_1778695901.svg" name="Test" refid="_19_0_2_e190334_1589519284053_515893_355"/></allGeneralClassifiers><attribute humanName="Attribute"><property classType="Property" humanType="Property" icon="ElectronicsAssemblyCaseStudy_files/icon_property_650521591.svg" name=" : TEA" refid="_19_0_2_e190334_1592417968298_478576_1407"/><property classType="Property" humanType="Property" icon="ElectronicsAssemblyCaseStudy_files/icon_property_650521591.svg" name=" : TRA" refid="_19_0_2_e190334_1592417968313_497848_1462"/><property classType="Property" humanType="Property" icon="ElectronicsAssemblyCaseStudy_files/icon_property_650521591.svg" name=" : X306" refid="_19_0_2_e190334_1592417968273_334203_1282"/></attribute><derivedExplanation humanName="Derived Explanation"/><documentation humanName="Documentation"/><effectiveIRI humanName="Effective IRI"/><feature humanName="Feature"><property classType="Property" humanType="Property" icon="ElectronicsAssemblyCaseStudy_files/icon_property_650521591.svg" name=" : TEA" refid="_19_0_2_e190334_1592417968298_478576_1407"/><property classType="Property" humanType="Property" icon="ElectronicsAssemblyCaseStudy_files/icon_property_650521591.svg" name=" : TRA" refid="_19_0_2_e190334_1592417968313_497848_1462"/><property classType="Property" humanType="Property" icon="ElectronicsAssemblyCaseStudy_files/icon_property_650521591.svg" name=" : X306" refid="_19_0_2_e190334_1592417968273_334203_1282"/></feature><generalization humanName="Generalization"><generalization classType="Generalization" humanType="Generalization" icon="ElectronicsAssemblyCaseStudy_files/icon_generalization_688722159.svg" isRelationship="true" refid="_19_0_2_e190334_1589519290463_871675_1370"/></generalization><inheritedMember humanName="Inherited Member"><parameter classType="Parameter" humanType="Parameter" icon="ElectronicsAssemblyCaseStudy_files/icon_parameter_937437482.svg" name="partIN" refid="_19_0_2_e190334_1589519290541_162418_1692"/><parameter classType="Parameter" humanType="Parameter" icon="ElectronicsAssemblyCaseStudy_files/icon_parameter_937437482.svg" name="partOUT" refid="_19_0_2_e190334_1589519290541_905772_1693"/><parameter classType="Parameter" humanType="Parameter" icon="ElectronicsAssemblyCaseStudy_files/icon_parameter_937437482.svg" name="workOrderIN" refid="_19_0_2_e190334_1589519290541_996535_1691"/></inheritedMember><isAbstract humanName="Is Abstract">false</isAbstract><isActive humanName="Is Active">false</isActive><isFinalSpecialization humanName="Is Final Specialization">false</isFinalSpecialization><isLeaf humanName="Is Leaf">false</isLeaf><isReadOnly humanName="Is Read Only" mode="s,e">false</isReadOnly><isReentrant humanName="Is Reentrant">true</isReentrant><isSingleExecution humanName="Is Single Execution" mode="s,e">false</isSingleExecution><member humanName="Member"><property classType="Property" humanType="Property" icon="ElectronicsAssemblyCaseStudy_files/icon_property_650521591.svg" name=" : TEA" refid="_19_0_2_e190334_1592417968298_478576_1407"/><property classType="Property" humanType="Property" icon="ElectronicsAssemblyCaseStudy_files/icon_property_650521591.svg" name=" : TRA" refid="_19_0_2_e190334_1592417968313_497848_1462"/><property classType="Property" humanType="Property" icon="ElectronicsAssemblyCaseStudy_files/icon_property_650521591.svg" name=" : X306" refid="_19_0_2_e190334_1592417968273_334203_1282"/><parameter classType="Parameter" humanType="Parameter" icon="ElectronicsAssemblyCaseStudy_files/icon_parameter_937437482.svg" name="partIN" refid="_19_0_2_e190334_1589519290463_588352_1372"/><parameter classType="Parameter" humanType="Parameter" icon="ElectronicsAssemblyCaseStudy_files/icon_parameter_937437482.svg" name="partIN" refid="_19_0_2_e190334_1589519290541_162418_1692"/><parameter classType="Parameter" humanType="Parameter" icon="ElectronicsAssemblyCaseStudy_files/icon_parameter_937437482.svg" name="partOUT" refid="_19_0_2_e190334_1589519290463_860996_1373"/><parameter classType="Parameter" humanType="Parameter" icon="ElectronicsAssemblyCaseStudy_files/icon_parameter_937437482.svg" name="partOUT" refid="_19_0_2_e190334_1589519290541_905772_1693"/><parameter classType="Parameter" humanType="Parameter" icon="ElectronicsAssemblyCaseStudy_files/icon_parameter_937437482.svg" name="workOrderIN" refid="_19_0_2_e190334_1589519290463_316734_1371"/><parameter classType="Parameter" humanType="Parameter" icon="ElectronicsAssemblyCaseStudy_files/icon_parameter_937437482.svg" name="workOrderIN" refid="_19_0_2_e190334_1589519290541_996535_1691"/></member><name humanName="Name" mode="s,e">Test_Functional</name><namespace classType="Package" humanName="Namespace" humanType="Package" icon="ElectronicsAssemblyCaseStudy_files/icon_package_1309191417.svg" name="CoreSpecializations" refid="_19_0_2_e190334_1591112461125_529486_1396"/><node humanName="Node" mode="s,e"><activityparameternode classType="ActivityParameterNode" humanType="Activity Parameter Node" icon="ElectronicsAssemblyCaseStudy_files/icon_activityparameternode_1707293586.svg" name="partIN" refid="_19_0_2_e190334_1589519290463_506812_1377"/><activityparameternode classType="ActivityParameterNode" humanType="Activity Parameter Node" icon="ElectronicsAssemblyCaseStudy_files/icon_activityparameternode_1707293586.svg" name="partOUT" refid="_19_0_2_e190334_1589519290463_989708_1378"/><activityparameternode classType="ActivityParameterNode" humanType="Activity Parameter Node" icon="ElectronicsAssemblyCaseStudy_files/icon_activityparameternode_1707293586.svg" name="workOrderIN" refid="_19_0_2_e190334_1589519290463_860633_1379"/></node><ownedAttribute humanName="Owned Attribute"><property classType="Property" humanType="Property" icon="ElectronicsAssemblyCaseStudy_files/icon_property_650521591.svg" name=" : TEA" refid="_19_0_2_e190334_1592417968298_478576_1407"/><property classType="Property" humanType="Property" icon="ElectronicsAssemblyCaseStudy_files/icon_property_650521591.svg" name=" : TRA" refid="_19_0_2_e190334_1592417968313_497848_1462"/><property classType="Property" humanType="Property" icon="ElectronicsAssemblyCaseStudy_files/icon_property_650521591.svg" name=" : X306" refid="_19_0_2_e190334_1592417968273_334203_1282"/></ownedAttribute><ownedElement humanName="Owned Element"><generalization classType="Generalization" humanType="Generalization" icon="ElectronicsAssemblyCaseStudy_files/icon_generalization_688722159.svg" isRelationship="true" refid="_19_0_2_e190334_1589519290463_871675_1370"/><property classType="Property" humanType="Property" icon="ElectronicsAssemblyCaseStudy_files/icon_property_650521591.svg" name=" : TEA" refid="_19_0_2_e190334_1592417968298_478576_1407"/><property classType="Property" humanType="Property" icon="ElectronicsAssemblyCaseStudy_files/icon_property_650521591.svg" name=" : TRA" refid="_19_0_2_e190334_1592417968313_497848_1462"/><property classType="Property" humanType="Property" icon="ElectronicsAssemblyCaseStudy_files/icon_property_650521591.svg" name=" : X306" refid="_19_0_2_e190334_1592417968273_334203_1282"/><activityparameternode classType="ActivityParameterNode" humanType="Activity Parameter Node" icon="ElectronicsAssemblyCaseStudy_files/icon_activityparameternode_1707293586.svg" name="partIN" refid="_19_0_2_e190334_1589519290463_506812_1377"/><parameter classType="Parameter" humanType="Parameter" icon="ElectronicsAssemblyCaseStudy_files/icon_parameter_937437482.svg" name="partIN" refid="_19_0_2_e190334_1589519290463_588352_1372"/><activityparameternode classType="ActivityParameterNode" humanType="Activity Parameter Node" icon="ElectronicsAssemblyCaseStudy_files/icon_activityparameternode_1707293586.svg" name="partOUT" refid="_19_0_2_e190334_1589519290463_989708_1378"/><parameter classType="Parameter" humanType="Parameter" icon="ElectronicsAssemblyCaseStudy_files/icon_parameter_937437482.svg" name="partOUT" refid="_19_0_2_e190334_1589519290463_860996_1373"/><activityparameternode classType="ActivityParameterNode" humanType="Activity Parameter Node" icon="ElectronicsAssemblyCaseStudy_files/icon_activityparameternode_1707293586.svg" name="workOrderIN" refid="_19_0_2_e190334_1589519290463_860633_1379"/><parameter classType="Parameter" humanType="Parameter" icon="ElectronicsAssemblyCaseStudy_files/icon_parameter_937437482.svg" name="workOrderIN" refid="_19_0_2_e190334_1589519290463_316734_1371"/></ownedElement><ownedMember humanName="Owned Member"><property classType="Property" humanType="Property" icon="ElectronicsAssemblyCaseStudy_files/icon_property_650521591.svg" name=" : TEA" refid="_19_0_2_e190334_1592417968298_478576_1407"/><property classType="Property" humanType="Property" icon="ElectronicsAssemblyCaseStudy_files/icon_property_650521591.svg" name=" : TRA" refid="_19_0_2_e190334_1592417968313_497848_1462"/><property classType="Property" humanType="Property" icon="ElectronicsAssemblyCaseStudy_files/icon_property_650521591.svg" name=" : X306" refid="_19_0_2_e190334_1592417968273_334203_1282"/><parameter classType="Parameter" humanType="Parameter" icon="ElectronicsAssemblyCaseStudy_files/icon_parameter_937437482.svg" name="partIN" refid="_19_0_2_e190334_1589519290463_588352_1372"/><parameter classType="Parameter" humanType="Parameter" icon="ElectronicsAssemblyCaseStudy_files/icon_parameter_937437482.svg" name="partOUT" refid="_19_0_2_e190334_1589519290463_860996_1373"/><parameter classType="Parameter" humanType="Parameter" icon="ElectronicsAssemblyCaseStudy_files/icon_parameter_937437482.svg" name="workOrderIN" refid="_19_0_2_e190334_1589519290463_316734_1371"/></ownedMember><ownedParameter humanName="Owned Parameter"><parameter classType="Parameter" humanType="Parameter" icon="ElectronicsAssemblyCaseStudy_files/icon_parameter_937437482.svg" name="partIN" refid="_19_0_2_e190334_1589519290463_588352_1372"/><parameter classType="Parameter" humanType="Parameter" icon="ElectronicsAssemblyCaseStudy_files/icon_parameter_937437482.svg" name="partOUT" refid="_19_0_2_e190334_1589519290463_860996_1373"/><parameter classType="Parameter" humanType="Parameter" icon="ElectronicsAssemblyCaseStudy_files/icon_parameter_937437482.svg" name="workOrderIN" refid="_19_0_2_e190334_1589519290463_316734_1371"/></ownedParameter><owner classType="Package" humanName="Owner" humanType="Package" icon="ElectronicsAssemblyCaseStudy_files/icon_package_1309191417.svg" mode="s,e" name="CoreSpecializations" refid="_19_0_2_e190334_1591112461125_529486_1396"/><owningPackage classType="Package" humanName="Owning Package" humanType="Package" icon="ElectronicsAssemblyCaseStudy_files/icon_package_1309191417.svg" name="CoreSpecializations" refid="_19_0_2_e190334_1591112461125_529486_1396"/><package classType="Package" humanName="Package" humanType="Package" icon="ElectronicsAssemblyCaseStudy_files/icon_package_1309191417.svg" name="CoreSpecializations" refid="_19_0_2_e190334_1591112461125_529486_1396"/><qualifiedName humanName="Qualified Name" mode="e">0 - Production System Reference Architecture::5 - Architecture pkg::5.0 - Functional Architecture::5.0.4 - Test::CoreSpecializations::Test_Functional</qualifiedName><role humanName="Role"><property classType="Property" humanType="Property" icon="ElectronicsAssemblyCaseStudy_files/icon_property_650521591.svg" name=" : TEA" refid="_19_0_2_e190334_1592417968298_478576_1407"/><property classType="Property" humanType="Property" icon="ElectronicsAssemblyCaseStudy_files/icon_property_650521591.svg" name=" : TRA" refid="_19_0_2_e190334_1592417968313_497848_1462"/><property classType="Property" humanType="Property" icon="ElectronicsAssemblyCaseStudy_files/icon_property_650521591.svg" name=" : X306" refid="_19_0_2_e190334_1592417968273_334203_1282"/></role><superClass humanName="Super Class"><activity classType="Activity" humanType="Activity" icon="ElectronicsAssemblyCaseStudy_files/icon_activity_1778695901.svg" name="Test" refid="_19_0_2_e190334_1589519284053_515893_355"/></superClass><TO_DO humanName="To Do" mode="s,e"/><usedClassifier humanName="Used Classifier"><block classType="Class" humanType="Block" icon="ElectronicsAssemblyCaseStudy_files/icon_block_1703666367.svg" name="Part" refid="_19_0_2_e190334_1589519279989_222130_157"/></usedClassifier><visibility humanName="Visibility">public</visibility><appearsIn><diagram classType="Diagram" humanType="Diagram" icon="ElectronicsAssemblyCaseStudy_files/icon_SysML Block Definition Diagram_1772877839.svg" name="BDD_CoreProcessTaxonomy" refid="_19_0_2_e190334_1589519279848_416837_11"/></appearsIn></activity></magicdraw>