<?xml version="1.0" encoding="UTF-8"?><magicdraw><controlflow classType="ControlFlow" humanType="Control Flow" icon="ElectronicsAssemblyCaseStudy_files/icon_controlflow_332998175.svg" id="_19_0_2_e190334_1589519284771_443181_722"><activity classType="Activity" humanName="Activity" humanType="Activity" icon="ElectronicsAssemblyCaseStudy_files/icon_activity_1778695901.svg" name="MakeCoupler" refid="_19_0_2_e190334_1589519283990_647994_284"/><documentation humanName="Documentation"/><isLeaf humanName="Is Leaf">false</isLeaf><name humanName="Name" mode="s,e"/><ownedElement humanName="Owned Element"><literalunlimitednatural classType="LiteralUnlimitedNatural" humanType="Literal Unlimited Natural" icon="ElectronicsAssemblyCaseStudy_files/icon_literalunlimitednatural_223873687.svg" name="1" refid="_19_0_2_e190334_1589519290682_216446_2133" text="1"/></ownedElement><owner classType="Activity" humanName="Owner" humanType="Activity" icon="ElectronicsAssemblyCaseStudy_files/icon_activity_1778695901.svg" mode="s,e" name="MakeCoupler" refid="_19_0_2_e190334_1589519283990_647994_284"/><qualifiedName humanName="Qualified Name" mode="e">0 - Production System Reference Architecture::5 - Architecture pkg::5.0 - Functional Architecture::5.0.1 - Make::Iteration1::MakeCoupler::</qualifiedName><source classType="CallBehaviorAction" humanName="Source" humanType="Call Behavior Action" icon="ElectronicsAssemblyCaseStudy_files/icon_callbehavioraction_646204091.svg" mode="s,e" name="Quality_UnitVerification" refid="_19_0_2_e190334_1589519284771_787019_706"/><target classType="CallBehaviorAction" humanName="Target" humanType="Call Behavior Action" icon="ElectronicsAssemblyCaseStudy_files/icon_callbehavioraction_646204091.svg" mode="s,e" name="Nameplate_Laser" refid="_19_0_2_e190334_1589519284771_511338_707"/><TO_DO humanName="To Do" mode="s,e"/><visibility humanName="Visibility">public</visibility><weight classType="LiteralUnlimitedNatural" humanName="Weight" humanType="Literal Unlimited Natural" icon="ElectronicsAssemblyCaseStudy_files/icon_literalunlimitednatural_223873687.svg" mode="e" name="1" refid="_19_0_2_e190334_1589519290682_216446_2133" text="1"/><appearsIn><diagram classType="Diagram" humanType="Diagram" icon="ElectronicsAssemblyCaseStudy_files/icon_SysML Activity Diagram_2071798614.svg" name="MakeCoupler" refid="_19_0_2_e190334_1589519284709_966967_673"/></appearsIn></controlflow></magicdraw>