<?xml version="1.0" encoding="UTF-8"?><magicdraw><activity classType="Activity" humanType="Activity" icon="ElectronicsAssemblyCaseStudy_files/icon_activity_1778695901.svg" id="_19_0_2_e190334_1589519284037_49019_328"><allGeneralClassifiers humanName="All General Classifiers"><activity classType="Activity" humanType="Activity" icon="ElectronicsAssemblyCaseStudy_files/icon_activity_1778695901.svg" name="Auto" refid="_19_0_2_e190334_1589519284053_538372_347"/></allGeneralClassifiers><attribute humanName="Attribute"><property classType="Property" humanType="Property" icon="ElectronicsAssemblyCaseStudy_files/icon_property_650521591.svg" name=" : UPC" refid="_19_0_2_e190334_1592417968298_764616_1410"/></attribute><derivedExplanation humanName="Derived Explanation"/><documentation humanName="Documentation"/><effectiveIRI humanName="Effective IRI"/><feature humanName="Feature"><property classType="Property" humanType="Property" icon="ElectronicsAssemblyCaseStudy_files/icon_property_650521591.svg" name=" : UPC" refid="_19_0_2_e190334_1592417968298_764616_1410"/></feature><generalization humanName="Generalization"><generalization classType="Generalization" humanType="Generalization" icon="ElectronicsAssemblyCaseStudy_files/icon_generalization_688722159.svg" isRelationship="true" refid="_19_0_2_e190334_1589519290479_93328_1469"/></generalization><inheritedMember humanName="Inherited Member"><parameter classType="Parameter" humanType="Parameter" icon="ElectronicsAssemblyCaseStudy_files/icon_parameter_937437482.svg" name="partIN" refid="_19_0_2_e190334_1589519290526_258851_1642"/><parameter classType="Parameter" humanType="Parameter" icon="ElectronicsAssemblyCaseStudy_files/icon_parameter_937437482.svg" name="partOUT" refid="_19_0_2_e190334_1589519290526_485403_1643"/><parameter classType="Parameter" humanType="Parameter" icon="ElectronicsAssemblyCaseStudy_files/icon_parameter_937437482.svg" name="workOrderIN" refid="_19_0_2_e190334_1589519290526_628447_1641"/></inheritedMember><isAbstract humanName="Is Abstract">false</isAbstract><isActive humanName="Is Active">false</isActive><isFinalSpecialization humanName="Is Final Specialization">false</isFinalSpecialization><isLeaf humanName="Is Leaf">false</isLeaf><isReadOnly humanName="Is Read Only" mode="s,e">false</isReadOnly><isReentrant humanName="Is Reentrant">true</isReentrant><isSingleExecution humanName="Is Single Execution" mode="s,e">false</isSingleExecution><member humanName="Member"><property classType="Property" humanType="Property" icon="ElectronicsAssemblyCaseStudy_files/icon_property_650521591.svg" name=" : UPC" refid="_19_0_2_e190334_1592417968298_764616_1410"/><parameter classType="Parameter" humanType="Parameter" icon="ElectronicsAssemblyCaseStudy_files/icon_parameter_937437482.svg" name="partIN" refid="_19_0_2_e190334_1589519290479_600024_1471"/><parameter classType="Parameter" humanType="Parameter" icon="ElectronicsAssemblyCaseStudy_files/icon_parameter_937437482.svg" name="partIN" refid="_19_0_2_e190334_1589519290526_258851_1642"/><parameter classType="Parameter" humanType="Parameter" icon="ElectronicsAssemblyCaseStudy_files/icon_parameter_937437482.svg" name="partOUT" refid="_19_0_2_e190334_1589519290479_115239_1472"/><parameter classType="Parameter" humanType="Parameter" icon="ElectronicsAssemblyCaseStudy_files/icon_parameter_937437482.svg" name="partOUT" refid="_19_0_2_e190334_1589519290526_485403_1643"/><parameter classType="Parameter" humanType="Parameter" icon="ElectronicsAssemblyCaseStudy_files/icon_parameter_937437482.svg" name="workOrderIN" refid="_19_0_2_e190334_1589519290479_739512_1470"/><parameter classType="Parameter" humanType="Parameter" icon="ElectronicsAssemblyCaseStudy_files/icon_parameter_937437482.svg" name="workOrderIN" refid="_19_0_2_e190334_1589519290526_628447_1641"/></member><name humanName="Name" mode="s,e">SurfaceMounting</name><namespace classType="Package" humanName="Namespace" humanType="Package" icon="ElectronicsAssemblyCaseStudy_files/icon_package_1309191417.svg" name="CoreSpecializations" refid="_19_0_2_e190334_1591112618333_89768_1435"/><node humanName="Node" mode="s,e"><activityparameternode classType="ActivityParameterNode" humanType="Activity Parameter Node" icon="ElectronicsAssemblyCaseStudy_files/icon_activityparameternode_1707293586.svg" name="partIN" refid="_19_0_2_e190334_1589519290479_875489_1474"/><activityparameternode classType="ActivityParameterNode" humanType="Activity Parameter Node" icon="ElectronicsAssemblyCaseStudy_files/icon_activityparameternode_1707293586.svg" name="partOUT" refid="_19_0_2_e190334_1589519290479_111404_1475"/><activityparameternode classType="ActivityParameterNode" humanType="Activity Parameter Node" icon="ElectronicsAssemblyCaseStudy_files/icon_activityparameternode_1707293586.svg" name="workOrderIN" refid="_19_0_2_e190334_1589519290479_313071_1476"/></node><ownedAttribute humanName="Owned Attribute"><property classType="Property" humanType="Property" icon="ElectronicsAssemblyCaseStudy_files/icon_property_650521591.svg" name=" : UPC" refid="_19_0_2_e190334_1592417968298_764616_1410"/></ownedAttribute><ownedElement humanName="Owned Element"><generalization classType="Generalization" humanType="Generalization" icon="ElectronicsAssemblyCaseStudy_files/icon_generalization_688722159.svg" isRelationship="true" refid="_19_0_2_e190334_1589519290479_93328_1469"/><property classType="Property" humanType="Property" icon="ElectronicsAssemblyCaseStudy_files/icon_property_650521591.svg" name=" : UPC" refid="_19_0_2_e190334_1592417968298_764616_1410"/><activityparameternode classType="ActivityParameterNode" humanType="Activity Parameter Node" icon="ElectronicsAssemblyCaseStudy_files/icon_activityparameternode_1707293586.svg" name="partIN" refid="_19_0_2_e190334_1589519290479_875489_1474"/><parameter classType="Parameter" humanType="Parameter" icon="ElectronicsAssemblyCaseStudy_files/icon_parameter_937437482.svg" name="partIN" refid="_19_0_2_e190334_1589519290479_600024_1471"/><activityparameternode classType="ActivityParameterNode" humanType="Activity Parameter Node" icon="ElectronicsAssemblyCaseStudy_files/icon_activityparameternode_1707293586.svg" name="partOUT" refid="_19_0_2_e190334_1589519290479_111404_1475"/><parameter classType="Parameter" humanType="Parameter" icon="ElectronicsAssemblyCaseStudy_files/icon_parameter_937437482.svg" name="partOUT" refid="_19_0_2_e190334_1589519290479_115239_1472"/><activityparameternode classType="ActivityParameterNode" humanType="Activity Parameter Node" icon="ElectronicsAssemblyCaseStudy_files/icon_activityparameternode_1707293586.svg" name="workOrderIN" refid="_19_0_2_e190334_1589519290479_313071_1476"/><parameter classType="Parameter" humanType="Parameter" icon="ElectronicsAssemblyCaseStudy_files/icon_parameter_937437482.svg" name="workOrderIN" refid="_19_0_2_e190334_1589519290479_739512_1470"/></ownedElement><ownedMember humanName="Owned Member"><property classType="Property" humanType="Property" icon="ElectronicsAssemblyCaseStudy_files/icon_property_650521591.svg" name=" : UPC" refid="_19_0_2_e190334_1592417968298_764616_1410"/><parameter classType="Parameter" humanType="Parameter" icon="ElectronicsAssemblyCaseStudy_files/icon_parameter_937437482.svg" name="partIN" refid="_19_0_2_e190334_1589519290479_600024_1471"/><parameter classType="Parameter" humanType="Parameter" icon="ElectronicsAssemblyCaseStudy_files/icon_parameter_937437482.svg" name="partOUT" refid="_19_0_2_e190334_1589519290479_115239_1472"/><parameter classType="Parameter" humanType="Parameter" icon="ElectronicsAssemblyCaseStudy_files/icon_parameter_937437482.svg" name="workOrderIN" refid="_19_0_2_e190334_1589519290479_739512_1470"/></ownedMember><ownedParameter humanName="Owned Parameter"><parameter classType="Parameter" humanType="Parameter" icon="ElectronicsAssemblyCaseStudy_files/icon_parameter_937437482.svg" name="partIN" refid="_19_0_2_e190334_1589519290479_600024_1471"/><parameter classType="Parameter" humanType="Parameter" icon="ElectronicsAssemblyCaseStudy_files/icon_parameter_937437482.svg" name="partOUT" refid="_19_0_2_e190334_1589519290479_115239_1472"/><parameter classType="Parameter" humanType="Parameter" icon="ElectronicsAssemblyCaseStudy_files/icon_parameter_937437482.svg" name="workOrderIN" refid="_19_0_2_e190334_1589519290479_739512_1470"/></ownedParameter><owner classType="Package" humanName="Owner" humanType="Package" icon="ElectronicsAssemblyCaseStudy_files/icon_package_1309191417.svg" mode="s,e" name="CoreSpecializations" refid="_19_0_2_e190334_1591112618333_89768_1435"/><owningPackage classType="Package" humanName="Owning Package" humanType="Package" icon="ElectronicsAssemblyCaseStudy_files/icon_package_1309191417.svg" name="CoreSpecializations" refid="_19_0_2_e190334_1591112618333_89768_1435"/><package classType="Package" humanName="Package" humanType="Package" icon="ElectronicsAssemblyCaseStudy_files/icon_package_1309191417.svg" name="CoreSpecializations" refid="_19_0_2_e190334_1591112618333_89768_1435"/><qualifiedName humanName="Qualified Name" mode="e">0 - Production System Reference Architecture::5 - Architecture pkg::5.0 - Functional Architecture::5.0.1 - Make::CoreSpecializations::SurfaceMounting</qualifiedName><role humanName="Role"><property classType="Property" humanType="Property" icon="ElectronicsAssemblyCaseStudy_files/icon_property_650521591.svg" name=" : UPC" refid="_19_0_2_e190334_1592417968298_764616_1410"/></role><superClass humanName="Super Class"><activity classType="Activity" humanType="Activity" icon="ElectronicsAssemblyCaseStudy_files/icon_activity_1778695901.svg" name="Auto" refid="_19_0_2_e190334_1589519284053_538372_347"/></superClass><TO_DO humanName="To Do" mode="s,e"/><usedClassifier humanName="Used Classifier"><block classType="Class" humanType="Block" icon="ElectronicsAssemblyCaseStudy_files/icon_block_1703666367.svg" name="Part" refid="_19_0_2_e190334_1589519279989_222130_157"/></usedClassifier><visibility humanName="Visibility">public</visibility><appearsIn><diagram classType="Diagram" humanType="Diagram" icon="ElectronicsAssemblyCaseStudy_files/icon_SysML Block Definition Diagram_1772877839.svg" name="BDD_CoreProcessTaxonomy" refid="_19_0_2_e190334_1589519279848_416837_11"/></appearsIn></activity></magicdraw>