<?xml version="1.0" encoding="UTF-8"?><magicdraw><block classType="Class" humanType="Block" icon="ElectronicsAssemblyCaseStudy_files/icon_block_1963190536.svg" id="_19_0_2_e190334_1589519279926_534453_58"><allGeneralClassifiers humanName="All General Classifiers"><block classType="Class" humanType="Block" icon="ElectronicsAssemblyCaseStudy_files/icon_block_1963190536.svg" name="Part" refid="_19_0_2_e190334_1589519279989_222130_157"/></allGeneralClassifiers><APPLIED_STEREOTYPES humanName="Applied Stereotype" mode="e"><stereotype classType="Stereotype" humanType="Stereotype" icon="ElectronicsAssemblyCaseStudy_files/icon_stereotype_1467169511.svg" name="Block" refid="_11_5EAPbeta_be00301_1147424179914_458922_958"/></APPLIED_STEREOTYPES><appliedStereotype humanName="Applied Stereotype" mode="e"><stereotype classType="Stereotype" humanType="Stereotype" icon="ElectronicsAssemblyCaseStudy_files/icon_stereotype_1467169511.svg" name="Block" refid="_11_5EAPbeta_be00301_1147424179914_458922_958"><property classType="Property" humanName="Base_ Class" humanType="Property" icon="ElectronicsAssemblyCaseStudy_files/icon_property_650521591.svg" name="base_Class" refid="_11_5EAPbeta_be00301_1147424181797_326831_961"/><property classType="Property" humanName="Is Encapsulated" humanType="Property" icon="ElectronicsAssemblyCaseStudy_files/icon_property_650521591.svg" name="isEncapsulated" refid="_11_5EAPbeta_be00301_1147424201876_860708_1049"/></stereotype></appliedStereotype><appliedStereotypeInstance classType="InstanceSpecification" humanName="Applied Stereotype Instance" humanType="Instance Specification" icon="ElectronicsAssemblyCaseStudy_files/icon_instancespecification_2030294088.svg" name=" : Block" refid="_19_0_3_412017e_1604950143205_577817_4458"/><attribute humanName="Attribute"><valueproperty classType="Property" humanType="Value Property" icon="ElectronicsAssemblyCaseStudy_files/icon_valueproperty_1895123359.svg" name="partNumber" refid="_19_0_2_e190334_1589519284115_807715_462"/></attribute><derivedExplanation humanName="Derived Explanation"/><documentation humanName="Documentation"/><effectiveIRI humanName="Effective IRI"/><feature humanName="Feature"><valueproperty classType="Property" humanType="Value Property" icon="ElectronicsAssemblyCaseStudy_files/icon_valueproperty_1895123359.svg" name="partNumber" refid="_19_0_2_e190334_1589519284115_807715_462"/></feature><general humanName="General"><block classType="Class" humanType="Block" icon="ElectronicsAssemblyCaseStudy_files/icon_block_1963190536.svg" name="Part" refid="_19_0_2_e190334_1589519279989_222130_157"/></general><generalization humanName="Generalization"><generalization classType="Generalization" humanType="Generalization" icon="ElectronicsAssemblyCaseStudy_files/icon_generalization_688722159.svg" isRelationship="true" refid="_19_0_2_e190334_1589519284115_842606_461"/></generalization><inheritedMember humanName="Inherited Member"><valueproperty classType="Property" humanType="Value Property" icon="ElectronicsAssemblyCaseStudy_files/icon_valueproperty_1895123359.svg" name="partNumber" refid="_19_0_2_e190334_1589519284162_75282_662"/><valueproperty classType="Property" humanType="Value Property" icon="ElectronicsAssemblyCaseStudy_files/icon_valueproperty_1895123359.svg" name="serialNumber" refid="_19_0_2_e190334_1589519284162_820661_663"/></inheritedMember><isAbstract humanName="Is Abstract">false</isAbstract><isActive humanName="Is Active">false</isActive><isFinalSpecialization humanName="Is Final Specialization" mode="e">false</isFinalSpecialization><isLeaf humanName="Is Leaf" mode="e">false</isLeaf><member humanName="Member"><valueproperty classType="Property" humanType="Value Property" icon="ElectronicsAssemblyCaseStudy_files/icon_valueproperty_1895123359.svg" name="partNumber" refid="_19_0_2_e190334_1589519284115_807715_462"/><valueproperty classType="Property" humanType="Value Property" icon="ElectronicsAssemblyCaseStudy_files/icon_valueproperty_1895123359.svg" name="partNumber" refid="_19_0_2_e190334_1589519284162_75282_662"/><valueproperty classType="Property" humanType="Value Property" icon="ElectronicsAssemblyCaseStudy_files/icon_valueproperty_1895123359.svg" name="serialNumber" refid="_19_0_2_e190334_1589519284162_820661_663"/></member><name humanName="Name" mode="s,e">MicrocircuitModified</name><namespace classType="Package" humanName="Namespace" humanType="Package" icon="ElectronicsAssemblyCaseStudy_files/icon_package_1309191417.svg" name="2 - Product Specification" refid="_19_0_2_e190334_1588775853514_420068_1735"/><ownedAttribute humanName="Owned Attribute"><valueproperty classType="Property" humanType="Value Property" icon="ElectronicsAssemblyCaseStudy_files/icon_valueproperty_1895123359.svg" name="partNumber" refid="_19_0_2_e190334_1589519284115_807715_462"/></ownedAttribute><ownedElement humanName="Owned Element"><generalization classType="Generalization" humanType="Generalization" icon="ElectronicsAssemblyCaseStudy_files/icon_generalization_688722159.svg" isRelationship="true" refid="_19_0_2_e190334_1589519284115_842606_461"/><instancespecification classType="InstanceSpecification" humanType="Instance Specification" icon="ElectronicsAssemblyCaseStudy_files/icon_instancespecification_2030294088.svg" name=" : Block" refid="_19_0_3_412017e_1604950143205_577817_4458"/><valueproperty classType="Property" humanType="Value Property" icon="ElectronicsAssemblyCaseStudy_files/icon_valueproperty_1895123359.svg" name="partNumber" refid="_19_0_2_e190334_1589519284115_807715_462"/></ownedElement><ownedMember humanName="Owned Member"><valueproperty classType="Property" humanType="Value Property" icon="ElectronicsAssemblyCaseStudy_files/icon_valueproperty_1895123359.svg" name="partNumber" refid="_19_0_2_e190334_1589519284115_807715_462"/></ownedMember><owner classType="Package" humanName="Owner" humanType="Package" icon="ElectronicsAssemblyCaseStudy_files/icon_package_1309191417.svg" mode="e" name="2 - Product Specification" refid="_19_0_2_e190334_1588775853514_420068_1735"/><owningPackage classType="Package" humanName="Owning Package" humanType="Package" icon="ElectronicsAssemblyCaseStudy_files/icon_package_1309191417.svg" name="2 - Product Specification" refid="_19_0_2_e190334_1588775853514_420068_1735"/><package classType="Package" humanName="Package" humanType="Package" icon="ElectronicsAssemblyCaseStudy_files/icon_package_1309191417.svg" name="2 - Product Specification" refid="_19_0_2_e190334_1588775853514_420068_1735"/><part humanName="Part"><valueproperty classType="Property" humanType="Value Property" icon="ElectronicsAssemblyCaseStudy_files/icon_valueproperty_1895123359.svg" name="partNumber" refid="_19_0_2_e190334_1589519284115_807715_462"/></part><participatesInActivity humanName="Participates In Activity"><activity classType="Activity" humanType="Activity" icon="ElectronicsAssemblyCaseStudy_files/icon_activity_1778695901.svg" name="MakeMicrocircuitModified" refid="_19_0_2_e190334_1589519283990_115289_286"/></participatesInActivity><qualifiedName humanName="Qualified Name" mode="s,e">2 - Product Specification::MicrocircuitModified</qualifiedName><role humanName="Role"><valueproperty classType="Property" humanType="Value Property" icon="ElectronicsAssemblyCaseStudy_files/icon_valueproperty_1895123359.svg" name="partNumber" refid="_19_0_2_e190334_1589519284115_807715_462"/></role><superClass humanName="Super Class"><block classType="Class" humanType="Block" icon="ElectronicsAssemblyCaseStudy_files/icon_block_1963190536.svg" name="Part" refid="_19_0_2_e190334_1589519279989_222130_157"/></superClass><TO_DO humanName="To Do" mode="s,e"/><usedAsType humanName="Used As Type"><partproperty classType="Property" humanType="Part Property" icon="ElectronicsAssemblyCaseStudy_files/icon_partproperty_2032905582.svg" name="MicrocircuitModified" refid="_19_0_2_e190334_1589519284115_497462_456"/><partproperty classType="Property" humanType="Part Property" icon="ElectronicsAssemblyCaseStudy_files/icon_partproperty_2032905582.svg" name="MicrocircuitModified" refid="_19_0_2_e190334_1589519284131_252163_543"/><parameter classType="Parameter" humanType="Parameter" icon="ElectronicsAssemblyCaseStudy_files/icon_parameter_937437482.svg" name="partOUT" refid="_19_0_2_e190334_1589519284771_788698_733"/><activityparameternode classType="ActivityParameterNode" humanType="Activity Parameter Node" icon="ElectronicsAssemblyCaseStudy_files/icon_activityparameternode_1707293586.svg" name="partOUT" refid="_19_0_2_e190334_1589519284771_304755_735"/><outputpin classType="OutputPin" humanType="Output Pin" icon="ElectronicsAssemblyCaseStudy_files/icon_outputpin_2038020279.svg" name="partOUT" refid="_19_0_2_e190334_1589519290776_319445_2339"/></usedAsType><visibility humanName="Visibility">public</visibility><appearsIn><diagram classType="Diagram" humanType="Diagram" icon="ElectronicsAssemblyCaseStudy_files/icon_SysML Block Definition Diagram_1772877839.svg" name="BDD_PartEBOM" refid="_19_0_2_e190334_1589519280582_864276_158"/><diagram classType="Diagram" humanType="Diagram" icon="ElectronicsAssemblyCaseStudy_files/icon_SysML Block Definition Diagram_1772877839.svg" name="BDD_PartConnectModelLibrary" refid="_19_0_2_e190334_1589519283974_502079_263"/><diagram classType="Diagram" humanType="Diagram" icon="ElectronicsAssemblyCaseStudy_files/icon_SysML Block Definition Diagram_1772877839.svg" name="BDD_PartMBOM" refid="_19_0_2_e190334_1589519282834_144119_242"/></appearsIn></block></magicdraw>