<?xml version="1.0" encoding="UTF-8"?><magicdraw><diagram classType="Diagram" diagramType="SysML Block Definition Diagram" height="285" humanType="Diagram" icon="ElectronicsAssemblyCaseStudy_files/icon_SysML Block Definition Diagram_1772877839.svg" id="_19_0_2_e190334_1589519281709_117540_221" src="ElectronicsAssemblyCaseStudy_files/_19_0_2_e190334_1589519281709_117540_221.svg" width="492"><APPLIED_STEREOTYPES humanName="Applied Stereotype" mode="s,e"><stereotype classType="Stereotype" humanType="Stereotype" icon="ElectronicsAssemblyCaseStudy_files/icon_stereotype_910260820.svg" name="DiagramInfo" refid="_9_0_be00301_1108044380615_150487_0"/></APPLIED_STEREOTYPES><appliedStereotype humanName="Applied Stereotype" mode="s,e"><stereotype classType="Stereotype" humanType="Stereotype" icon="ElectronicsAssemblyCaseStudy_files/icon_stereotype_910260820.svg" name="DiagramInfo" refid="_9_0_be00301_1108044380615_150487_0"><property classType="Property" humanName="Author" humanType="Property" icon="ElectronicsAssemblyCaseStudy_files/icon_property_650521591.svg" name="Author" refid="_be00301_1077726770128_871366_1"><String>gthiers</String></property><property classType="Property" humanName="Base_ Diagram" humanType="Property" icon="ElectronicsAssemblyCaseStudy_files/icon_property_650521591.svg" name="base_Diagram" refid="_10_0EAPbeta_be00301_1123081772498_901864_356"/><property classType="Property" humanName="Base_ Element" humanType="Property" icon="ElectronicsAssemblyCaseStudy_files/icon_property_650521591.svg" name="base_Element" refid="_10_0EAPbeta_be00301_1123081772098_411862_275"/><property classType="Property" humanName="Creation Date" humanType="Property" icon="ElectronicsAssemblyCaseStudy_files/icon_property_650521591.svg" name="Creation date" refid="_be00301_1073306188629_537791_2"><String>5/15/20 1:08 AM</String></property><property classType="Property" humanName="Last modified by" humanType="Property" icon="ElectronicsAssemblyCaseStudy_files/icon_property_650521591.svg" name="Last modified by" refid="_16_8beta_8ca0285_1257244649124_794756_344"/><property classType="Property" humanName="Modification Date" humanType="Property" icon="ElectronicsAssemblyCaseStudy_files/icon_property_650521591.svg" name="Modification date" refid="_be00301_1073394345322_922552_1"/></stereotype></appliedStereotype><appliedStereotypeInstance classType="InstanceSpecification" humanName="Applied Stereotype Instance" humanType="Instance Specification" icon="ElectronicsAssemblyCaseStudy_files/icon_instancespecification_2030294088.svg" name=" : DiagramInfo" refid="_19_0_3_412017e_1604950143223_722972_4557"/><documentation humanName="Documentation"/><map><area isNotContentShape="false" name="Property" refid="_19_0_2_e190334_1589519284115_305133_491" shape="rect" type="0"><point x="37" y="99"/><point x="48" y="99"/><point x="48" y="110"/><point x="37" y="110"/></area><area isNotContentShape="false" name="Property" refid="_19_0_2_e190334_1589519284115_342960_414" shape="rect" type="0"><point x="51" y="99"/><point x="62" y="99"/><point x="62" y="110"/><point x="51" y="110"/></area><area isNotContentShape="false" name="Part Property CableAssemblyTypeB" refid="_19_0_2_e190334_1589519284099_667333_368" shape="rect" type="0"><point x="319" y="76"/><point x="330" y="76"/><point x="330" y="87"/><point x="319" y="87"/></area><area isNotContentShape="false" name="Part Property CableAssembly4" refid="_19_0_2_e190334_1589519284099_913971_367" shape="rect" type="0"><point x="291" y="223"/><point x="302" y="223"/><point x="302" y="234"/><point x="291" y="234"/></area><area isNotContentShape="false" name="Part Property CableAssembly3" refid="_19_0_2_e190334_1589519284099_154797_364" shape="rect" type="0"><point x="249" y="153"/><point x="260" y="153"/><point x="260" y="164"/><point x="249" y="164"/></area><area isNotContentShape="false" name="Property" refid="_19_0_2_e190334_1589519284115_474578_492" shape="rect" type="0"><point x="190" y="76"/><point x="201" y="76"/><point x="201" y="87"/><point x="190" y="87"/></area><area isNotContentShape="false" name="Part Property CableAssembly3" refid="_19_0_2_e190334_1589519284099_154797_364" shape="rect" type="0"><point x="174" y="143"/><point x="257" y="143"/><point x="257" y="156"/><point x="174" y="156"/></area><area isNotContentShape="false" name="Part Property CableAssembly4" refid="_19_0_2_e190334_1589519284099_913971_367" shape="rect" type="0"><point x="216" y="213"/><point x="299" y="213"/><point x="299" y="226"/><point x="216" y="226"/></area><area isNotContentShape="false" name="Part Property CableAssemblyTypeB" refid="_19_0_2_e190334_1589519284099_667333_368" shape="rect" type="0"><point x="219" y="66"/><point x="327" y="66"/><point x="327" y="79"/><point x="219" y="79"/></area><area isNotContentShape="false" name="Generalization" refid="_19_0_2_e190334_1589519284115_909703_403" shape="poly" type="0"><point x="414" y="95"/><point x="414" y="125"/><point x="412" y="127"/><point x="412" y="97"/></area><area isNotContentShape="false" name="Generalization" refid="_19_0_2_e190334_1589519284115_830033_434" shape="poly" type="0"><point x="456" y="95"/><point x="456" y="195"/><point x="454" y="197"/><point x="454" y="97"/></area><area isNotContentShape="false" name="Association" refid="_19_0_2_e190334_1589519279942_760432_77" shape="poly" type="0"><point x="330" y="80"/><point x="191" y="80"/><point x="189" y="82"/><point x="328" y="82"/></area><area isNotContentShape="false" name="Association" refid="_19_0_2_e190334_1589519279926_115242_46" shape="poly" type="0"><point x="260" y="157"/><point x="57" y="157"/><point x="57" y="98"/><point x="55" y="100"/><point x="55" y="159"/><point x="258" y="159"/></area><area isNotContentShape="false" name="Association" refid="_19_0_2_e190334_1589519279942_953988_76" shape="poly" type="0"><point x="302" y="227"/><point x="43" y="227"/><point x="43" y="98"/><point x="41" y="100"/><point x="41" y="229"/><point x="300" y="229"/></area><area isNotContentShape="false" name="Block CableAssemblyTypeB" refid="_19_0_2_e190334_1589519279989_82086_156" shape="rect" type="0"><point x="329" y="63"/><point x="468" y="63"/><point x="468" y="97"/><point x="329" y="97"/></area><area isNotContentShape="false" name="Value Property partNumber" refid="_19_0_2_e190334_1589519284099_905295_365" shape="rect" type="0"><point x="38" y="81"/><point x="188" y="81"/><point x="188" y="94"/><point x="38" y="94"/></area><area isNotContentShape="false" name="Block Coupler" refid="_19_0_2_e190334_1589519279910_702508_32" shape="rect" type="0"><point x="35" y="35"/><point x="191" y="35"/><point x="191" y="100"/><point x="35" y="100"/></area><area isNotContentShape="false" name="Value Property partNumber" refid="_19_0_2_e190334_1589519284115_919897_404" shape="rect" type="0"><point x="262" y="172"/><point x="418" y="172"/><point x="418" y="185"/><point x="262" y="185"/></area><area isNotContentShape="false" name="Value Property partNumber" refid="_19_0_2_e190334_1589519284115_576490_435" shape="rect" type="0"><point x="304" y="242"/><point x="460" y="242"/><point x="460" y="255"/><point x="304" y="255"/></area><area isNotContentShape="false" name="Block CableAssembly3" refid="_19_0_2_e190334_1589519279910_983898_39" shape="rect" type="0"><point x="259" y="126"/><point x="421" y="126"/><point x="421" y="191"/><point x="259" y="191"/></area><area isNotContentShape="false" name="Block CableAssembly4" refid="_19_0_2_e190334_1589519279926_228235_52" shape="rect" type="0"><point x="301" y="196"/><point x="463" y="196"/><point x="463" y="261"/><point x="301" y="261"/></area></map><name humanName="Name" mode="s,e">BDD_PartAbFam3</name><namespace classType="Package" humanName="Namespace" humanType="Package" icon="ElectronicsAssemblyCaseStudy_files/icon_package_1309191417.svg" name="NotInBOM_AbstractPartFamilies" refid="_19_0_2_e190334_1589519516126_822644_14068"/><ownedElement humanName="Owned Element"><instancespecification classType="InstanceSpecification" humanType="Instance Specification" icon="ElectronicsAssemblyCaseStudy_files/icon_instancespecification_2030294088.svg" name=" : DiagramInfo" refid="_19_0_3_412017e_1604950143223_722972_4557"/></ownedElement><owner classType="Package" humanName="Owner" humanType="Package" icon="ElectronicsAssemblyCaseStudy_files/icon_package_1309191417.svg" mode="s,e" name="NotInBOM_AbstractPartFamilies" refid="_19_0_2_e190334_1589519516126_822644_14068"/><ownerOfDiagram classType="Package" humanName="Owner Of Diagram" humanType="Package" icon="ElectronicsAssemblyCaseStudy_files/icon_package_1309191417.svg" name="NotInBOM_AbstractPartFamilies" refid="_19_0_2_e190334_1589519516126_822644_14068"/><qualifiedName humanName="Qualified Name" mode="e">2 - Product Specification::NotInBOM_AbstractPartFamilies::BDD_PartAbFam3</qualifiedName><TO_DO humanName="To Do" mode="s,e"/><DIAGRAM_TYPE_DERIVED_PROPERTY humanName="Type">SysML Block Definition Diagram</DIAGRAM_TYPE_DERIVED_PROPERTY><visibility humanName="Visibility">public</visibility></diagram></magicdraw>