<?xml version="1.0" encoding="UTF-8"?><magicdraw><partproperty classType="Property" humanType="Part Property" icon="ElectronicsAssemblyCaseStudy_files/icon_partproperty_2032905582.svg" id="_19_0_2_e190334_1589519284115_471082_451"><aggregation humanName="Aggregation" mode="s,e">composite</aggregation><APPLIED_STEREOTYPES humanName="Applied Stereotype" mode="s,e"><stereotype classType="Stereotype" humanType="Stereotype" icon="ElectronicsAssemblyCaseStudy_files/icon_stereotype_1694884411.svg" name="PartProperty" refid="_15_0_be00301_1199377756297_348405_2678"/></APPLIED_STEREOTYPES><appliedStereotype humanName="Applied Stereotype" mode="s,e"><stereotype classType="Stereotype" humanType="Stereotype" icon="ElectronicsAssemblyCaseStudy_files/icon_stereotype_1694884411.svg" name="PartProperty" refid="_15_0_be00301_1199377756297_348405_2678"><property classType="Property" humanName="Base_ Element" humanType="Property" icon="ElectronicsAssemblyCaseStudy_files/icon_property_650521591.svg" name="base_Element" refid="_10_0EAPbeta_be00301_1123081772098_411862_275"/><property classType="Property" humanName="Base_ Property" humanType="Property" icon="ElectronicsAssemblyCaseStudy_files/icon_property_650521591.svg" name="base_Property" refid="_11_5EAPbeta_be00301_1147424449672_715796_1055"/><property classType="Property" humanName="Base_ Property" humanType="Property" icon="ElectronicsAssemblyCaseStudy_files/icon_property_650521591.svg" name="base_Property" refid="_15_0_be00301_1199377759595_851315_2681"/></stereotype></appliedStereotype><appliedStereotypeInstance classType="InstanceSpecification" humanName="Applied Stereotype Instance" humanType="Instance Specification" icon="ElectronicsAssemblyCaseStudy_files/icon_instancespecification_2030294088.svg" name=" : PartProperty" refid="_19_0_3_412017e_1604950143152_389904_4294"/><association classType="Association" humanName="Association" humanType="Association" icon="ElectronicsAssemblyCaseStudy_files/icon_association_838796104.svg" isRelationship="true" name="Association[ControlCardAssemblyModified -&gt; ControlCard:ControlCard]" refid="_19_0_2_e190334_1589519279942_542354_74"/><UMLClass classType="Class" humanName="Class" humanType="Block" icon="ElectronicsAssemblyCaseStudy_files/icon_block_1963190536.svg" name="ControlCardAssemblyModified" refid="_19_0_2_e190334_1589519279926_680697_56"/><classifier classType="Class" humanName="Classifier" humanType="Block" icon="ElectronicsAssemblyCaseStudy_files/icon_block_1963190536.svg" name="ControlCardAssemblyModified" refid="_19_0_2_e190334_1589519279926_680697_56"/><documentation humanName="Documentation"/><effectiveIRI humanName="Effective IRI"/><featuringClassifier classType="Class" humanName="Featuring Classifier" humanType="Block" icon="ElectronicsAssemblyCaseStudy_files/icon_block_1963190536.svg" name="ControlCardAssemblyModified" refid="_19_0_2_e190334_1589519279926_680697_56"/><isComposite humanName="Is Composite">true</isComposite><isDerived humanName="Is Derived" mode="s,e">false</isDerived><isDerivedUnion humanName="Is Derived Union" mode="e">false</isDerivedUnion><isID humanName="Is ID" mode="e">false</isID><isLeaf humanName="Is Leaf">false</isLeaf><isOrdered humanName="Is Ordered" mode="e">false</isOrdered><isReadOnly humanName="Is Read Only" mode="s,e">false</isReadOnly><isStatic humanName="Is Static" mode="s,e">false</isStatic><isUnique humanName="Is Unique" mode="e">true</isUnique><lower humanName="Lower">1</lower><lowerValue classType="LiteralInteger" humanName="Lower Value" humanType="Literal Integer" icon="ElectronicsAssemblyCaseStudy_files/icon_literalinteger_2092269504.svg" name="1" refid="_19_0_2_e190334_1589519290573_602062_1846" text="1"/><multiplicity humanName="Multiplicity" mode="s,e">1</multiplicity><multiplicity humanName="Multiplicity" mode="s,e">1</multiplicity><name humanName="Name" mode="s,e">ControlCard</name><namespace classType="Class" humanName="Namespace" humanType="Block" icon="ElectronicsAssemblyCaseStudy_files/icon_block_1963190536.svg" name="ControlCardAssemblyModified" refid="_19_0_2_e190334_1589519279926_680697_56"/><navigable humanName="Navigable" mode="e">true</navigable><opposite classType="Property" humanName="Opposite" humanType="Property" icon="ElectronicsAssemblyCaseStudy_files/icon_property_650521591.svg" name=" : ControlCardAssemblyModified" refid="_19_0_2_e190334_1589519284115_681700_489"/><ownedBy classType="Class" humanName="Owned By" humanType="Block" icon="ElectronicsAssemblyCaseStudy_files/icon_block_1963190536.svg" mode="s,e" name="ControlCardAssemblyModified" refid="_19_0_2_e190334_1589519279926_680697_56"/><ownedElement humanName="Owned Element"><instancespecification classType="InstanceSpecification" humanType="Instance Specification" icon="ElectronicsAssemblyCaseStudy_files/icon_instancespecification_2030294088.svg" name=" : PartProperty" refid="_19_0_3_412017e_1604950143152_389904_4294"/><literalinteger classType="LiteralInteger" humanType="Literal Integer" icon="ElectronicsAssemblyCaseStudy_files/icon_literalinteger_2092269504.svg" name="1" refid="_19_0_2_e190334_1589519290573_602062_1846" text="1"/><literalunlimitednatural classType="LiteralUnlimitedNatural" humanType="Literal Unlimited Natural" icon="ElectronicsAssemblyCaseStudy_files/icon_literalunlimitednatural_223873687.svg" name="1" refid="_19_0_2_e190334_1589519290573_813901_1845" text="1"/></ownedElement><owner classType="Class" humanName="Owner" humanType="Block" icon="ElectronicsAssemblyCaseStudy_files/icon_block_1963190536.svg" name="ControlCardAssemblyModified" refid="_19_0_2_e190334_1589519279926_680697_56"/><qualifiedName humanName="Qualified Name" mode="e">2 - Product Specification::ControlCardAssemblyModified::ControlCard</qualifiedName><redefinitionContext humanName="Redefinition Context"><block classType="Class" humanType="Block" icon="ElectronicsAssemblyCaseStudy_files/icon_block_1963190536.svg" name="ControlCardAssemblyModified" refid="_19_0_2_e190334_1589519279926_680697_56"/></redefinitionContext><TO_DO humanName="To Do" mode="s,e"/><type classType="Class" humanName="Type" humanType="Block" icon="ElectronicsAssemblyCaseStudy_files/icon_block_1963190536.svg" mode="s,e" name="ControlCard" refid="_19_0_2_e190334_1589519279926_576931_57"/><TYPE_MODIFIER humanName="Type Modifier" mode="e"/><upper humanName="Upper">1</upper><upperValue classType="LiteralUnlimitedNatural" humanName="Upper Value" humanType="Literal Unlimited Natural" icon="ElectronicsAssemblyCaseStudy_files/icon_literalunlimitednatural_223873687.svg" name="1" refid="_19_0_2_e190334_1589519290573_813901_1845" text="1"/><visibility humanName="Visibility" mode="s,e">public</visibility><appearsIn><diagram classType="Diagram" humanType="Diagram" icon="ElectronicsAssemblyCaseStudy_files/icon_SysML Block Definition Diagram_1772877839.svg" name="BDD_PartEBOM" refid="_19_0_2_e190334_1589519280582_864276_158"/><diagram classType="Diagram" humanType="Diagram" icon="ElectronicsAssemblyCaseStudy_files/icon_SysML Block Definition Diagram_1772877839.svg" name="BDD_PartConnectModelLibrary" refid="_19_0_2_e190334_1589519283974_502079_263"/><diagram classType="Diagram" humanType="Diagram" icon="ElectronicsAssemblyCaseStudy_files/icon_SysML Block Definition Diagram_1772877839.svg" name="BDD_PartMBOM" refid="_19_0_2_e190334_1589519282834_144119_242"/></appearsIn></partproperty></magicdraw>