<?xml version="1.0" encoding="UTF-8"?><magicdraw><activity classType="Activity" humanType="Activity" icon="ElectronicsAssemblyCaseStudy_files/icon_activity_1778695901.svg" id="_19_0_2_e190334_1589519284006_291799_295"><derivedExplanation humanName="Derived Explanation"/><documentation humanName="Documentation"/><edge humanName="Edge"><controlflow classType="ControlFlow" humanType="Control Flow" icon="ElectronicsAssemblyCaseStudy_files/icon_controlflow_332998175.svg" isRelationship="true" name="Control Flow[Inputs -&gt; WireAssy_CutStripManual]" refid="_19_0_2_e190334_1591207727720_956770_936"/><controlflow classType="ControlFlow" humanType="Control Flow" icon="ElectronicsAssemblyCaseStudy_files/icon_controlflow_332998175.svg" isRelationship="true" name="Control Flow[WireAssy_CutStripManual -&gt; ReceiveTo]" refid="_19_0_2_e190334_1591207730894_613007_947"/></edge><effectiveIRI humanName="Effective IRI"/><isAbstract humanName="Is Abstract">false</isAbstract><isActive humanName="Is Active">false</isActive><isFinalSpecialization humanName="Is Final Specialization">false</isFinalSpecialization><isLeaf humanName="Is Leaf">false</isLeaf><isReadOnly humanName="Is Read Only" mode="s,e">false</isReadOnly><isReentrant humanName="Is Reentrant">true</isReentrant><isSingleExecution humanName="Is Single Execution" mode="s,e">false</isSingleExecution><member humanName="Member"><diagram classType="Diagram" humanType="Diagram" icon="ElectronicsAssemblyCaseStudy_files/icon_SysML Activity Diagram_2071798614.svg" name="MakeSensorCard+A02" refid="_19_0_2_e190334_1589519285711_623406_834"/><parameter classType="Parameter" humanType="Parameter" icon="ElectronicsAssemblyCaseStudy_files/icon_parameter_937437482.svg" name="partOUT" refid="_19_0_2_e190334_1589519285474_460937_833"/><parameter classType="Parameter" humanType="Parameter" icon="ElectronicsAssemblyCaseStudy_files/icon_parameter_937437482.svg" name="workOrderIN" refid="_19_0_2_e190334_1589519285474_247153_832"/></member><name humanName="Name" mode="s,e">MakeSensorCard+A02</name><namespace classType="Package" humanName="Namespace" humanType="Package" icon="ElectronicsAssemblyCaseStudy_files/icon_package_1309191417.svg" name="Iteration3" refid="_19_0_2_e190334_1591120240541_165368_3178"/><node humanName="Node" mode="s,e"><callbehavioraction classType="CallBehaviorAction" humanType="Call Behavior Action" icon="ElectronicsAssemblyCaseStudy_files/icon_callbehavioraction_646204091.svg" name="Inputs" refid="_19_0_2_e190334_1591206765982_151289_347"/><activityparameternode classType="ActivityParameterNode" humanType="Activity Parameter Node" icon="ElectronicsAssemblyCaseStudy_files/icon_activityparameternode_1707293586.svg" name="partOUT" refid="_19_0_2_e190334_1589519285742_297973_856"/><callbehavioraction classType="CallBehaviorAction" humanType="Call Behavior Action" icon="ElectronicsAssemblyCaseStudy_files/icon_callbehavioraction_646204091.svg" name="ReceiveTo" refid="_19_0_2_e190334_1591206818264_680689_392"/><callbehavioraction classType="CallBehaviorAction" humanType="Call Behavior Action" icon="ElectronicsAssemblyCaseStudy_files/icon_callbehavioraction_646204091.svg" name="WireAssy_CutStripManual" refid="_19_0_2_e190334_1591207387559_48164_509"/><activityparameternode classType="ActivityParameterNode" humanType="Activity Parameter Node" icon="ElectronicsAssemblyCaseStudy_files/icon_activityparameternode_1707293586.svg" name="workOrderIN" refid="_19_0_2_e190334_1589519285742_229515_855"/></node><ownedDiagram humanName="Owned Diagram"><diagram classType="Diagram" humanType="Diagram" icon="ElectronicsAssemblyCaseStudy_files/icon_SysML Activity Diagram_2071798614.svg" name="MakeSensorCard+A02" refid="_19_0_2_e190334_1589519285711_623406_834"/></ownedDiagram><ownedElement humanName="Owned Element"><controlflow classType="ControlFlow" humanType="Control Flow" icon="ElectronicsAssemblyCaseStudy_files/icon_controlflow_332998175.svg" isRelationship="true" name="Control Flow[Inputs -&gt; WireAssy_CutStripManual]" refid="_19_0_2_e190334_1591207727720_956770_936"/><controlflow classType="ControlFlow" humanType="Control Flow" icon="ElectronicsAssemblyCaseStudy_files/icon_controlflow_332998175.svg" isRelationship="true" name="Control Flow[WireAssy_CutStripManual -&gt; ReceiveTo]" refid="_19_0_2_e190334_1591207730894_613007_947"/><callbehavioraction classType="CallBehaviorAction" humanType="Call Behavior Action" icon="ElectronicsAssemblyCaseStudy_files/icon_callbehavioraction_646204091.svg" name="Inputs" refid="_19_0_2_e190334_1591206765982_151289_347"/><diagram classType="Diagram" humanType="Diagram" icon="ElectronicsAssemblyCaseStudy_files/icon_SysML Activity Diagram_2071798614.svg" name="MakeSensorCard+A02" refid="_19_0_2_e190334_1589519285711_623406_834"/><activityparameternode classType="ActivityParameterNode" humanType="Activity Parameter Node" icon="ElectronicsAssemblyCaseStudy_files/icon_activityparameternode_1707293586.svg" name="partOUT" refid="_19_0_2_e190334_1589519285742_297973_856"/><parameter classType="Parameter" humanType="Parameter" icon="ElectronicsAssemblyCaseStudy_files/icon_parameter_937437482.svg" name="partOUT" refid="_19_0_2_e190334_1589519285474_460937_833"/><callbehavioraction classType="CallBehaviorAction" humanType="Call Behavior Action" icon="ElectronicsAssemblyCaseStudy_files/icon_callbehavioraction_646204091.svg" name="ReceiveTo" refid="_19_0_2_e190334_1591206818264_680689_392"/><callbehavioraction classType="CallBehaviorAction" humanType="Call Behavior Action" icon="ElectronicsAssemblyCaseStudy_files/icon_callbehavioraction_646204091.svg" name="WireAssy_CutStripManual" refid="_19_0_2_e190334_1591207387559_48164_509"/><activityparameternode classType="ActivityParameterNode" humanType="Activity Parameter Node" icon="ElectronicsAssemblyCaseStudy_files/icon_activityparameternode_1707293586.svg" name="workOrderIN" refid="_19_0_2_e190334_1589519285742_229515_855"/><parameter classType="Parameter" humanType="Parameter" icon="ElectronicsAssemblyCaseStudy_files/icon_parameter_937437482.svg" name="workOrderIN" refid="_19_0_2_e190334_1589519285474_247153_832"/></ownedElement><ownedMember humanName="Owned Member"><diagram classType="Diagram" humanType="Diagram" icon="ElectronicsAssemblyCaseStudy_files/icon_SysML Activity Diagram_2071798614.svg" name="MakeSensorCard+A02" refid="_19_0_2_e190334_1589519285711_623406_834"/><parameter classType="Parameter" humanType="Parameter" icon="ElectronicsAssemblyCaseStudy_files/icon_parameter_937437482.svg" name="partOUT" refid="_19_0_2_e190334_1589519285474_460937_833"/><parameter classType="Parameter" humanType="Parameter" icon="ElectronicsAssemblyCaseStudy_files/icon_parameter_937437482.svg" name="workOrderIN" refid="_19_0_2_e190334_1589519285474_247153_832"/></ownedMember><ownedParameter humanName="Owned Parameter"><parameter classType="Parameter" humanType="Parameter" icon="ElectronicsAssemblyCaseStudy_files/icon_parameter_937437482.svg" name="partOUT" refid="_19_0_2_e190334_1589519285474_460937_833"/><parameter classType="Parameter" humanType="Parameter" icon="ElectronicsAssemblyCaseStudy_files/icon_parameter_937437482.svg" name="workOrderIN" refid="_19_0_2_e190334_1589519285474_247153_832"/></ownedParameter><owner classType="Package" humanName="Owner" humanType="Package" icon="ElectronicsAssemblyCaseStudy_files/icon_package_1309191417.svg" mode="s,e" name="Iteration3" refid="_19_0_2_e190334_1591120240541_165368_3178"/><owningPackage classType="Package" humanName="Owning Package" humanType="Package" icon="ElectronicsAssemblyCaseStudy_files/icon_package_1309191417.svg" name="Iteration3" refid="_19_0_2_e190334_1591120240541_165368_3178"/><package classType="Package" humanName="Package" humanType="Package" icon="ElectronicsAssemblyCaseStudy_files/icon_package_1309191417.svg" name="Iteration3" refid="_19_0_2_e190334_1591120240541_165368_3178"/><qualifiedName humanName="Qualified Name" mode="e">0 - Production System Reference Architecture::5 - Architecture pkg::5.0 - Functional Architecture::5.0.1 - Make::Iteration3::MakeSensorCard+A02</qualifiedName><TO_DO humanName="To Do" mode="s,e"/><usedClassifier humanName="Used Classifier"><block classType="Class" humanType="Block" icon="ElectronicsAssemblyCaseStudy_files/icon_block_1467169511.svg" name="SensorCardWireCableKit+A02" refid="_19_0_2_e190334_1589519279942_982900_70"/></usedClassifier><visibility humanName="Visibility">public</visibility></activity></magicdraw>