<?xml version="1.0" encoding="UTF-8"?><magicdraw><activity classType="Activity" humanType="Activity" icon="ElectronicsAssemblyCaseStudy_files/icon_activity_1778695901.svg" id="_19_0_2_e190334_1589519284006_38476_293"><derivedExplanation humanName="Derived Explanation"/><documentation humanName="Documentation"/><edge humanName="Edge"><controlflow classType="ControlFlow" humanType="Control Flow" icon="ElectronicsAssemblyCaseStudy_files/icon_controlflow_332998175.svg" isRelationship="true" name="Control Flow[FunctionalTest -&gt; Postwave_3rd]" refid="_19_0_2_e190334_1589519285146_796568_794"/><controlflow classType="ControlFlow" humanType="Control Flow" icon="ElectronicsAssemblyCaseStudy_files/icon_controlflow_332998175.svg" isRelationship="true" name="Control Flow[HiPotTest -&gt; Qual_Postwave_3rd]" refid="_19_0_2_e190334_1589519285146_161587_796"/><controlflow classType="ControlFlow" humanType="Control Flow" icon="ElectronicsAssemblyCaseStudy_files/icon_controlflow_332998175.svg" isRelationship="true" name="Control Flow[Inputs -&gt; Kitting]" refid="_19_0_2_e190334_1589519285146_723065_799"/><controlflow classType="ControlFlow" humanType="Control Flow" icon="ElectronicsAssemblyCaseStudy_files/icon_controlflow_332998175.svg" isRelationship="true" name="Control Flow[Kitting -&gt; TuningTest]" refid="_19_0_2_e190334_1589519285146_365772_798"/><controlflow classType="ControlFlow" humanType="Control Flow" icon="ElectronicsAssemblyCaseStudy_files/icon_controlflow_332998175.svg" isRelationship="true" name="Control Flow[Postwave_3rd -&gt; HiPotTest]" refid="_19_0_2_e190334_1589519285146_853571_795"/><controlflow classType="ControlFlow" humanType="Control Flow" icon="ElectronicsAssemblyCaseStudy_files/icon_controlflow_332998175.svg" isRelationship="true" name="Control Flow[Postwave_4th -&gt; Quality_ReceiveTo]" refid="_19_0_2_e190334_1591118949387_908097_2963"/><controlflow classType="ControlFlow" humanType="Control Flow" icon="ElectronicsAssemblyCaseStudy_files/icon_controlflow_332998175.svg" isRelationship="true" name="Control Flow[Qual_Postwave_3rd -&gt; Postwave_4th]" refid="_19_0_2_e190334_1589519285146_153841_797"/><controlflow classType="ControlFlow" humanType="Control Flow" icon="ElectronicsAssemblyCaseStudy_files/icon_controlflow_332998175.svg" isRelationship="true" name="Control Flow[TuningTest -&gt; FunctionalTest]" refid="_19_0_2_e190334_1589519285146_553620_793"/></edge><effectiveIRI humanName="Effective IRI"/><isAbstract humanName="Is Abstract">false</isAbstract><isActive humanName="Is Active">false</isActive><isFinalSpecialization humanName="Is Final Specialization">false</isFinalSpecialization><isLeaf humanName="Is Leaf">false</isLeaf><isReadOnly humanName="Is Read Only" mode="s,e">false</isReadOnly><isReentrant humanName="Is Reentrant">true</isReentrant><isSingleExecution humanName="Is Single Execution" mode="s,e">false</isSingleExecution><member humanName="Member"><diagram classType="Diagram" humanType="Diagram" icon="ElectronicsAssemblyCaseStudy_files/icon_SysML Activity Diagram_2071798614.svg" name="MakeSensorCard" refid="_19_0_2_e190334_1589519285115_813125_762"/><parameter classType="Parameter" humanType="Parameter" icon="ElectronicsAssemblyCaseStudy_files/icon_parameter_937437482.svg" name="partOUT" refid="_19_0_2_e190334_1589519284787_364925_761"/><parameter classType="Parameter" humanType="Parameter" icon="ElectronicsAssemblyCaseStudy_files/icon_parameter_937437482.svg" name="workOrderIN" refid="_19_0_2_e190334_1589519284787_858628_760"/></member><name humanName="Name" mode="s,e">MakeSensorCard</name><namespace classType="Package" humanName="Namespace" humanType="Package" icon="ElectronicsAssemblyCaseStudy_files/icon_package_1309191417.svg" name="Iteration2" refid="_19_0_2_e190334_1591117856568_213909_2088"/><node humanName="Node" mode="s,e"><callbehavioraction classType="CallBehaviorAction" humanType="Call Behavior Action" icon="ElectronicsAssemblyCaseStudy_files/icon_callbehavioraction_646204091.svg" name="FunctionalTest" refid="_19_0_2_e190334_1589519285146_994717_787"/><callbehavioraction classType="CallBehaviorAction" humanType="Call Behavior Action" icon="ElectronicsAssemblyCaseStudy_files/icon_callbehavioraction_646204091.svg" name="HiPotTest" refid="_19_0_2_e190334_1589519285146_397136_785"/><callbehavioraction classType="CallBehaviorAction" humanType="Call Behavior Action" icon="ElectronicsAssemblyCaseStudy_files/icon_callbehavioraction_646204091.svg" name="Inputs" refid="_19_0_2_e190334_1589519285146_127491_792"/><callbehavioraction classType="CallBehaviorAction" humanType="Call Behavior Action" icon="ElectronicsAssemblyCaseStudy_files/icon_callbehavioraction_646204091.svg" name="Kitting" refid="_19_0_2_e190334_1589519285146_315127_791"/><activityparameternode classType="ActivityParameterNode" humanType="Activity Parameter Node" icon="ElectronicsAssemblyCaseStudy_files/icon_activityparameternode_1707293586.svg" name="partOUT" refid="_19_0_2_e190334_1589519285146_109725_784"/><callbehavioraction classType="CallBehaviorAction" humanType="Call Behavior Action" icon="ElectronicsAssemblyCaseStudy_files/icon_callbehavioraction_646204091.svg" name="Postwave_3rd" refid="_19_0_2_e190334_1589519285146_134852_789"/><callbehavioraction classType="CallBehaviorAction" humanType="Call Behavior Action" icon="ElectronicsAssemblyCaseStudy_files/icon_callbehavioraction_646204091.svg" name="Postwave_4th" refid="_19_0_2_e190334_1589519285146_338046_790"/><callbehavioraction classType="CallBehaviorAction" humanType="Call Behavior Action" icon="ElectronicsAssemblyCaseStudy_files/icon_callbehavioraction_646204091.svg" name="Qual_Postwave_3rd" refid="_19_0_2_e190334_1589519285146_874086_788"/><callbehavioraction classType="CallBehaviorAction" humanType="Call Behavior Action" icon="ElectronicsAssemblyCaseStudy_files/icon_callbehavioraction_646204091.svg" name="Quality_ReceiveTo" refid="_19_0_2_e190334_1591118812422_531602_2733"/><callbehavioraction classType="CallBehaviorAction" humanType="Call Behavior Action" icon="ElectronicsAssemblyCaseStudy_files/icon_callbehavioraction_646204091.svg" name="TuningTest" refid="_19_0_2_e190334_1589519285146_360990_786"/><activityparameternode classType="ActivityParameterNode" humanType="Activity Parameter Node" icon="ElectronicsAssemblyCaseStudy_files/icon_activityparameternode_1707293586.svg" name="workOrderIN" refid="_19_0_2_e190334_1589519285146_969295_783"/></node><ownedDiagram humanName="Owned Diagram"><diagram classType="Diagram" humanType="Diagram" icon="ElectronicsAssemblyCaseStudy_files/icon_SysML Activity Diagram_2071798614.svg" name="MakeSensorCard" refid="_19_0_2_e190334_1589519285115_813125_762"/></ownedDiagram><ownedElement humanName="Owned Element"><controlflow classType="ControlFlow" humanType="Control Flow" icon="ElectronicsAssemblyCaseStudy_files/icon_controlflow_332998175.svg" isRelationship="true" name="Control Flow[FunctionalTest -&gt; Postwave_3rd]" refid="_19_0_2_e190334_1589519285146_796568_794"/><controlflow classType="ControlFlow" humanType="Control Flow" icon="ElectronicsAssemblyCaseStudy_files/icon_controlflow_332998175.svg" isRelationship="true" name="Control Flow[HiPotTest -&gt; Qual_Postwave_3rd]" refid="_19_0_2_e190334_1589519285146_161587_796"/><controlflow classType="ControlFlow" humanType="Control Flow" icon="ElectronicsAssemblyCaseStudy_files/icon_controlflow_332998175.svg" isRelationship="true" name="Control Flow[Inputs -&gt; Kitting]" refid="_19_0_2_e190334_1589519285146_723065_799"/><controlflow classType="ControlFlow" humanType="Control Flow" icon="ElectronicsAssemblyCaseStudy_files/icon_controlflow_332998175.svg" isRelationship="true" name="Control Flow[Kitting -&gt; TuningTest]" refid="_19_0_2_e190334_1589519285146_365772_798"/><controlflow classType="ControlFlow" humanType="Control Flow" icon="ElectronicsAssemblyCaseStudy_files/icon_controlflow_332998175.svg" isRelationship="true" name="Control Flow[Postwave_3rd -&gt; HiPotTest]" refid="_19_0_2_e190334_1589519285146_853571_795"/><controlflow classType="ControlFlow" humanType="Control Flow" icon="ElectronicsAssemblyCaseStudy_files/icon_controlflow_332998175.svg" isRelationship="true" name="Control Flow[Postwave_4th -&gt; Quality_ReceiveTo]" refid="_19_0_2_e190334_1591118949387_908097_2963"/><controlflow classType="ControlFlow" humanType="Control Flow" icon="ElectronicsAssemblyCaseStudy_files/icon_controlflow_332998175.svg" isRelationship="true" name="Control Flow[Qual_Postwave_3rd -&gt; Postwave_4th]" refid="_19_0_2_e190334_1589519285146_153841_797"/><controlflow classType="ControlFlow" humanType="Control Flow" icon="ElectronicsAssemblyCaseStudy_files/icon_controlflow_332998175.svg" isRelationship="true" name="Control Flow[TuningTest -&gt; FunctionalTest]" refid="_19_0_2_e190334_1589519285146_553620_793"/><callbehavioraction classType="CallBehaviorAction" humanType="Call Behavior Action" icon="ElectronicsAssemblyCaseStudy_files/icon_callbehavioraction_646204091.svg" name="FunctionalTest" refid="_19_0_2_e190334_1589519285146_994717_787"/><callbehavioraction classType="CallBehaviorAction" humanType="Call Behavior Action" icon="ElectronicsAssemblyCaseStudy_files/icon_callbehavioraction_646204091.svg" name="HiPotTest" refid="_19_0_2_e190334_1589519285146_397136_785"/><callbehavioraction classType="CallBehaviorAction" humanType="Call Behavior Action" icon="ElectronicsAssemblyCaseStudy_files/icon_callbehavioraction_646204091.svg" name="Inputs" refid="_19_0_2_e190334_1589519285146_127491_792"/><callbehavioraction classType="CallBehaviorAction" humanType="Call Behavior Action" icon="ElectronicsAssemblyCaseStudy_files/icon_callbehavioraction_646204091.svg" name="Kitting" refid="_19_0_2_e190334_1589519285146_315127_791"/><diagram classType="Diagram" humanType="Diagram" icon="ElectronicsAssemblyCaseStudy_files/icon_SysML Activity Diagram_2071798614.svg" name="MakeSensorCard" refid="_19_0_2_e190334_1589519285115_813125_762"/><activityparameternode classType="ActivityParameterNode" humanType="Activity Parameter Node" icon="ElectronicsAssemblyCaseStudy_files/icon_activityparameternode_1707293586.svg" name="partOUT" refid="_19_0_2_e190334_1589519285146_109725_784"/><parameter classType="Parameter" humanType="Parameter" icon="ElectronicsAssemblyCaseStudy_files/icon_parameter_937437482.svg" name="partOUT" refid="_19_0_2_e190334_1589519284787_364925_761"/><callbehavioraction classType="CallBehaviorAction" humanType="Call Behavior Action" icon="ElectronicsAssemblyCaseStudy_files/icon_callbehavioraction_646204091.svg" name="Postwave_3rd" refid="_19_0_2_e190334_1589519285146_134852_789"/><callbehavioraction classType="CallBehaviorAction" humanType="Call Behavior Action" icon="ElectronicsAssemblyCaseStudy_files/icon_callbehavioraction_646204091.svg" name="Postwave_4th" refid="_19_0_2_e190334_1589519285146_338046_790"/><callbehavioraction classType="CallBehaviorAction" humanType="Call Behavior Action" icon="ElectronicsAssemblyCaseStudy_files/icon_callbehavioraction_646204091.svg" name="Qual_Postwave_3rd" refid="_19_0_2_e190334_1589519285146_874086_788"/><callbehavioraction classType="CallBehaviorAction" humanType="Call Behavior Action" icon="ElectronicsAssemblyCaseStudy_files/icon_callbehavioraction_646204091.svg" name="Quality_ReceiveTo" refid="_19_0_2_e190334_1591118812422_531602_2733"/><callbehavioraction classType="CallBehaviorAction" humanType="Call Behavior Action" icon="ElectronicsAssemblyCaseStudy_files/icon_callbehavioraction_646204091.svg" name="TuningTest" refid="_19_0_2_e190334_1589519285146_360990_786"/><activityparameternode classType="ActivityParameterNode" humanType="Activity Parameter Node" icon="ElectronicsAssemblyCaseStudy_files/icon_activityparameternode_1707293586.svg" name="workOrderIN" refid="_19_0_2_e190334_1589519285146_969295_783"/><parameter classType="Parameter" humanType="Parameter" icon="ElectronicsAssemblyCaseStudy_files/icon_parameter_937437482.svg" name="workOrderIN" refid="_19_0_2_e190334_1589519284787_858628_760"/></ownedElement><ownedMember humanName="Owned Member"><diagram classType="Diagram" humanType="Diagram" icon="ElectronicsAssemblyCaseStudy_files/icon_SysML Activity Diagram_2071798614.svg" name="MakeSensorCard" refid="_19_0_2_e190334_1589519285115_813125_762"/><parameter classType="Parameter" humanType="Parameter" icon="ElectronicsAssemblyCaseStudy_files/icon_parameter_937437482.svg" name="partOUT" refid="_19_0_2_e190334_1589519284787_364925_761"/><parameter classType="Parameter" humanType="Parameter" icon="ElectronicsAssemblyCaseStudy_files/icon_parameter_937437482.svg" name="workOrderIN" refid="_19_0_2_e190334_1589519284787_858628_760"/></ownedMember><ownedParameter humanName="Owned Parameter"><parameter classType="Parameter" humanType="Parameter" icon="ElectronicsAssemblyCaseStudy_files/icon_parameter_937437482.svg" name="partOUT" refid="_19_0_2_e190334_1589519284787_364925_761"/><parameter classType="Parameter" humanType="Parameter" icon="ElectronicsAssemblyCaseStudy_files/icon_parameter_937437482.svg" name="workOrderIN" refid="_19_0_2_e190334_1589519284787_858628_760"/></ownedParameter><owner classType="Package" humanName="Owner" humanType="Package" icon="ElectronicsAssemblyCaseStudy_files/icon_package_1309191417.svg" mode="s,e" name="Iteration2" refid="_19_0_2_e190334_1591117856568_213909_2088"/><owningPackage classType="Package" humanName="Owning Package" humanType="Package" icon="ElectronicsAssemblyCaseStudy_files/icon_package_1309191417.svg" name="Iteration2" refid="_19_0_2_e190334_1591117856568_213909_2088"/><package classType="Package" humanName="Package" humanType="Package" icon="ElectronicsAssemblyCaseStudy_files/icon_package_1309191417.svg" name="Iteration2" refid="_19_0_2_e190334_1591117856568_213909_2088"/><qualifiedName humanName="Qualified Name" mode="e">0 - Production System Reference Architecture::5 - Architecture pkg::5.0 - Functional Architecture::5.0.1 - Make::Iteration2::MakeSensorCard</qualifiedName><TO_DO humanName="To Do" mode="s,e"/><usedClassifier humanName="Used Classifier"><block classType="Class" humanType="Block" icon="ElectronicsAssemblyCaseStudy_files/icon_block_1703666367.svg" name="SensorCard" refid="_19_0_2_e190334_1589519279910_517008_34"/></usedClassifier><visibility humanName="Visibility">public</visibility></activity></magicdraw>