<?xml version="1.0" encoding="UTF-8"?><magicdraw><association classType="Association" humanType="Association" icon="ElectronicsAssemblyCaseStudy_files/icon_association_838796104.svg" id="_19_0_2_e190334_1589519279926_180_62"><documentation humanName="Documentation"/><endType humanName="End Type"><block classType="Class" humanType="Block" icon="ElectronicsAssemblyCaseStudy_files/icon_block_1963190536.svg" name="Filter" refid="_19_0_2_e190334_1589519279926_701745_48"/><block classType="Class" humanType="Block" icon="ElectronicsAssemblyCaseStudy_files/icon_block_1963190536.svg" name="FilterGeneratedWireKit+A01" refid="_19_0_2_e190334_1589519279926_224385_61"/></endType><feature humanName="Feature"><property classType="Property" humanType="Property" icon="ElectronicsAssemblyCaseStudy_files/icon_property_650521591.svg" name=" : Filter" refid="_19_0_2_e190334_1589519284115_805814_471"/></feature><isAbstract humanName="Is Abstract">false</isAbstract><isDerived humanName="Is Derived">false</isDerived><isFinalSpecialization humanName="Is Final Specialization">false</isFinalSpecialization><isLeaf humanName="Is Leaf">false</isLeaf><member humanName="Member"><property classType="Property" humanType="Property" icon="ElectronicsAssemblyCaseStudy_files/icon_property_650521591.svg" name=" : Filter" refid="_19_0_2_e190334_1589519284115_805814_471"/><partproperty classType="Property" humanType="Part Property" icon="ElectronicsAssemblyCaseStudy_files/icon_partproperty_2032905582.svg" name="wireKit" refid="_19_0_2_e190334_1589519284115_980271_425"/></member><memberEnd humanName="Member End"><property classType="Property" humanType="Property" icon="ElectronicsAssemblyCaseStudy_files/icon_property_650521591.svg" name=" : Filter" refid="_19_0_2_e190334_1589519284115_805814_471"/><partproperty classType="Property" humanType="Part Property" icon="ElectronicsAssemblyCaseStudy_files/icon_partproperty_2032905582.svg" name="wireKit" refid="_19_0_2_e190334_1589519284115_980271_425"/></memberEnd><name humanName="Name" mode="s,e"/><namespace classType="Package" humanName="Namespace" humanType="Package" icon="ElectronicsAssemblyCaseStudy_files/icon_package_1309191417.svg" name="2 - Product Specification" refid="_19_0_2_e190334_1588775853514_420068_1735"/><ownedElement humanName="Owned Element"><property classType="Property" humanType="Property" icon="ElectronicsAssemblyCaseStudy_files/icon_property_650521591.svg" name=" : Filter" refid="_19_0_2_e190334_1589519284115_805814_471"/></ownedElement><ownedEnd humanName="Owned End"><property classType="Property" humanType="Property" icon="ElectronicsAssemblyCaseStudy_files/icon_property_650521591.svg" name=" : Filter" refid="_19_0_2_e190334_1589519284115_805814_471"/></ownedEnd><ownedMember humanName="Owned Member"><property classType="Property" humanType="Property" icon="ElectronicsAssemblyCaseStudy_files/icon_property_650521591.svg" name=" : Filter" refid="_19_0_2_e190334_1589519284115_805814_471"/></ownedMember><owner classType="Package" humanName="Owner" humanType="Package" icon="ElectronicsAssemblyCaseStudy_files/icon_package_1309191417.svg" mode="s,e" name="2 - Product Specification" refid="_19_0_2_e190334_1588775853514_420068_1735"/><owningPackage classType="Package" humanName="Owning Package" humanType="Package" icon="ElectronicsAssemblyCaseStudy_files/icon_package_1309191417.svg" name="2 - Product Specification" refid="_19_0_2_e190334_1588775853514_420068_1735"/><package classType="Package" humanName="Package" humanType="Package" icon="ElectronicsAssemblyCaseStudy_files/icon_package_1309191417.svg" name="2 - Product Specification" refid="_19_0_2_e190334_1588775853514_420068_1735"/><qualifiedName humanName="Qualified Name" mode="e">2 - Product Specification::</qualifiedName><relatedElement humanName="Related Element"><block classType="Class" humanType="Block" icon="ElectronicsAssemblyCaseStudy_files/icon_block_1963190536.svg" name="Filter" refid="_19_0_2_e190334_1589519279926_701745_48"/><block classType="Class" humanType="Block" icon="ElectronicsAssemblyCaseStudy_files/icon_block_1963190536.svg" name="FilterGeneratedWireKit+A01" refid="_19_0_2_e190334_1589519279926_224385_61"/></relatedElement><TO_DO humanName="To Do"/><visibility humanName="Visibility" mode="s,e">public</visibility></association></magicdraw>