<?xml version="1.0" encoding="UTF-8"?><magicdraw><property classType="Property" humanType="Property" icon="ElectronicsAssemblyCaseStudy_files/icon_property_650521591.svg" id="_19_0_2_e190334_1589519284162_726510_618"><aggregation humanName="Aggregation" mode="s,e">none</aggregation><association classType="Association" humanName="Association" humanType="Association" icon="ElectronicsAssemblyCaseStudy_files/icon_association_838796104.svg" isRelationship="true" name="Association[CCA2+MP -&gt; CCA2+MPA:CCA2+MPA]" refid="_19_0_2_e190334_1589519279973_380077_119"/><documentation humanName="Documentation"/><effectiveIRI humanName="Effective IRI"/><featuringClassifier classType="Association" humanName="Featuring Classifier" humanType="Association" icon="ElectronicsAssemblyCaseStudy_files/icon_association_838796104.svg" isRelationship="true" name="Association[CCA2+MP -&gt; CCA2+MPA:CCA2+MPA]" refid="_19_0_2_e190334_1589519279973_380077_119"/><isComposite humanName="Is Composite">false</isComposite><isDerived humanName="Is Derived" mode="s,e">false</isDerived><isDerivedUnion humanName="Is Derived Union" mode="e">false</isDerivedUnion><isID humanName="Is ID" mode="e">false</isID><isLeaf humanName="Is Leaf">false</isLeaf><isOrdered humanName="Is Ordered" mode="e">false</isOrdered><isReadOnly humanName="Is Read Only" mode="s,e">false</isReadOnly><isStatic humanName="Is Static" mode="s,e">false</isStatic><isUnique humanName="Is Unique" mode="e">true</isUnique><lower humanName="Lower">1</lower><multiplicity humanName="Multiplicity" mode="s,e"/><multiplicity humanName="Multiplicity" mode="s,e"/><name humanName="Name" mode="s,e"/><namespace classType="Association" humanName="Namespace" humanType="Association" icon="ElectronicsAssemblyCaseStudy_files/icon_association_838796104.svg" isRelationship="true" name="Association[CCA2+MP -&gt; CCA2+MPA:CCA2+MPA]" refid="_19_0_2_e190334_1589519279973_380077_119"/><navigable humanName="Navigable" mode="e">false</navigable><opposite classType="Property" humanName="Opposite" humanType="Part Property" icon="ElectronicsAssemblyCaseStudy_files/icon_partproperty_2032905582.svg" name="CCA2+MPA" refid="_19_0_2_e190334_1589519284131_835744_524"/><ownedBy classType="Association" humanName="Owned By" humanType="Association" icon="ElectronicsAssemblyCaseStudy_files/icon_association_838796104.svg" isRelationship="true" mode="s,e" name="Association[CCA2+MP -&gt; CCA2+MPA:CCA2+MPA]" refid="_19_0_2_e190334_1589519279973_380077_119"/><owner classType="Association" humanName="Owner" humanType="Association" icon="ElectronicsAssemblyCaseStudy_files/icon_association_838796104.svg" isRelationship="true" name="Association[CCA2+MP -&gt; CCA2+MPA:CCA2+MPA]" refid="_19_0_2_e190334_1589519279973_380077_119"/><owningAssociation classType="Association" humanName="Owning Association" humanType="Association" icon="ElectronicsAssemblyCaseStudy_files/icon_association_838796104.svg" isRelationship="true" name="Association[CCA2+MP -&gt; CCA2+MPA:CCA2+MPA]" refid="_19_0_2_e190334_1589519279973_380077_119"/><qualifiedName humanName="Qualified Name" mode="e">2 - Product Specification::::</qualifiedName><redefinitionContext humanName="Redefinition Context"><association classType="Association" humanType="Association" icon="ElectronicsAssemblyCaseStudy_files/icon_association_838796104.svg" isRelationship="true" name="Association[CCA2+MP -&gt; CCA2+MPA:CCA2+MPA]" refid="_19_0_2_e190334_1589519279973_380077_119"/></redefinitionContext><TO_DO humanName="To Do" mode="s,e"/><type classType="Class" humanName="Type" humanType="Block" icon="ElectronicsAssemblyCaseStudy_files/icon_block_1963190536.svg" mode="s,e" name="CCA2+MP" refid="_19_0_2_e190334_1589519279957_153453_85"/><TYPE_MODIFIER humanName="Type Modifier" mode="e"/><upper humanName="Upper">1</upper><visibility humanName="Visibility" mode="s,e">public</visibility><appearsIn><diagram classType="Diagram" humanType="Diagram" icon="ElectronicsAssemblyCaseStudy_files/icon_SysML Block Definition Diagram_1772877839.svg" name="BDD_PartMBOM" refid="_19_0_2_e190334_1589519282834_144119_242"/></appearsIn></property></magicdraw>