<?xml version="1.0" encoding="UTF-8"?><magicdraw><generalization classType="Generalization" humanType="Generalization" icon="ElectronicsAssemblyCaseStudy_files/icon_generalization_688722159.svg" id="_19_0_2_e190334_1589519284162_184544_658"><documentation humanName="Documentation"/><general classType="Class" humanName="General" humanType="Block" icon="ElectronicsAssemblyCaseStudy_files/icon_block_1963190536.svg" mode="s,e" name="Part" refid="_19_0_2_e190334_1589519279989_222130_157"/><isSubstitutable humanName="Is Substitutable">true</isSubstitutable><owner classType="Class" humanName="Owner" humanType="Block" icon="ElectronicsAssemblyCaseStudy_files/icon_block_1963190536.svg" mode="s,e" name="WireKit" refid="_19_0_2_e190334_1589519279989_286792_155"/><relatedElement humanName="Related Element"><block classType="Class" humanType="Block" icon="ElectronicsAssemblyCaseStudy_files/icon_block_1963190536.svg" name="Part" refid="_19_0_2_e190334_1589519279989_222130_157"/><block classType="Class" humanType="Block" icon="ElectronicsAssemblyCaseStudy_files/icon_block_1963190536.svg" name="WireKit" refid="_19_0_2_e190334_1589519279989_286792_155"/></relatedElement><source humanName="Source"><block classType="Class" humanType="Block" icon="ElectronicsAssemblyCaseStudy_files/icon_block_1963190536.svg" name="WireKit" refid="_19_0_2_e190334_1589519279989_286792_155"/></source><specific classType="Class" humanName="Specific" humanType="Block" icon="ElectronicsAssemblyCaseStudy_files/icon_block_1963190536.svg" mode="s,e" name="WireKit" refid="_19_0_2_e190334_1589519279989_286792_155"/><target humanName="Target"><block classType="Class" humanType="Block" icon="ElectronicsAssemblyCaseStudy_files/icon_block_1963190536.svg" name="Part" refid="_19_0_2_e190334_1589519279989_222130_157"/></target><TO_DO humanName="To Do" mode="s,e"/><appearsIn><diagram classType="Diagram" humanType="Diagram" icon="ElectronicsAssemblyCaseStudy_files/icon_SysML Block Definition Diagram_1772877839.svg" name="BDD_PartConnectModelLibrary" refid="_19_0_2_e190334_1589519283974_502079_263"/></appearsIn></generalization></magicdraw>