<?xml version="1.0" encoding="UTF-8"?><magicdraw><diagram classType="Diagram" diagramType="SysML Block Definition Diagram" height="418" humanType="Diagram" icon="ElectronicsAssemblyCaseStudy_files/icon_SysML Block Definition Diagram_1772877839.svg" id="_19_0_2_e190334_1589519281366_203378_200" src="ElectronicsAssemblyCaseStudy_files/_19_0_2_e190334_1589519281366_203378_200.svg" width="675"><APPLIED_STEREOTYPES humanName="Applied Stereotype" mode="s,e"><stereotype classType="Stereotype" humanType="Stereotype" icon="ElectronicsAssemblyCaseStudy_files/icon_stereotype_910260820.svg" name="DiagramInfo" refid="_9_0_be00301_1108044380615_150487_0"/></APPLIED_STEREOTYPES><appliedStereotype humanName="Applied Stereotype" mode="s,e"><stereotype classType="Stereotype" humanType="Stereotype" icon="ElectronicsAssemblyCaseStudy_files/icon_stereotype_910260820.svg" name="DiagramInfo" refid="_9_0_be00301_1108044380615_150487_0"><property classType="Property" humanName="Author" humanType="Property" icon="ElectronicsAssemblyCaseStudy_files/icon_property_650521591.svg" name="Author" refid="_be00301_1077726770128_871366_1"><String>gthiers</String></property><property classType="Property" humanName="Base_ Diagram" humanType="Property" icon="ElectronicsAssemblyCaseStudy_files/icon_property_650521591.svg" name="base_Diagram" refid="_10_0EAPbeta_be00301_1123081772498_901864_356"/><property classType="Property" humanName="Base_ Element" humanType="Property" icon="ElectronicsAssemblyCaseStudy_files/icon_property_650521591.svg" name="base_Element" refid="_10_0EAPbeta_be00301_1123081772098_411862_275"/><property classType="Property" humanName="Creation Date" humanType="Property" icon="ElectronicsAssemblyCaseStudy_files/icon_property_650521591.svg" name="Creation date" refid="_be00301_1073306188629_537791_2"><String>5/15/20 1:08 AM</String></property><property classType="Property" humanName="Last modified by" humanType="Property" icon="ElectronicsAssemblyCaseStudy_files/icon_property_650521591.svg" name="Last modified by" refid="_16_8beta_8ca0285_1257244649124_794756_344"/><property classType="Property" humanName="Modification Date" humanType="Property" icon="ElectronicsAssemblyCaseStudy_files/icon_property_650521591.svg" name="Modification date" refid="_be00301_1073394345322_922552_1"/></stereotype></appliedStereotype><appliedStereotypeInstance classType="InstanceSpecification" humanName="Applied Stereotype Instance" humanType="Instance Specification" icon="ElectronicsAssemblyCaseStudy_files/icon_instancespecification_2030294088.svg" name=" : DiagramInfo" refid="_19_0_3_412017e_1604950143137_509696_4201"/><documentation humanName="Documentation"/><map><area isNotContentShape="false" name="Property" refid="_19_0_2_e190334_1589519284115_381086_412" shape="rect" type="0"><point x="135" y="99"/><point x="146" y="99"/><point x="146" y="110"/><point x="135" y="110"/></area><area isNotContentShape="false" name="Part Property CableAssembly4" refid="_19_0_2_e190334_1589519284099_913971_367" shape="rect" type="0"><point x="618" y="277"/><point x="629" y="277"/><point x="629" y="288"/><point x="618" y="288"/></area><area isNotContentShape="false" name="Property" refid="_19_0_2_e190334_1589519284115_842921_409" shape="rect" type="0"><point x="174" y="99"/><point x="185" y="99"/><point x="185" y="110"/><point x="174" y="110"/></area><area isNotContentShape="false" name="Part Property CableAssembly3" refid="_19_0_2_e190334_1589519284099_154797_364" shape="rect" type="0"><point x="583" y="186"/><point x="594" y="186"/><point x="594" y="197"/><point x="583" y="197"/></area><area isNotContentShape="false" name="Property" refid="_19_0_2_e190334_1589519284115_635937_474" shape="rect" type="0"><point x="93" y="323"/><point x="104" y="323"/><point x="104" y="334"/><point x="93" y="334"/></area><area isNotContentShape="false" name="Part Property ChassisElecEquip" refid="_19_0_2_e190334_1589519284099_167116_362" shape="rect" type="0"><point x="135" y="249"/><point x="146" y="249"/><point x="146" y="260"/><point x="135" y="260"/></area><area isNotContentShape="false" name="Property" refid="_19_0_2_e190334_1589519284115_305133_491" shape="rect" type="0"><point x="618" y="99"/><point x="629" y="99"/><point x="629" y="110"/><point x="618" y="110"/></area><area isNotContentShape="false" name="Part Property CableAssembly1" refid="_19_0_2_e190334_1589519284099_513192_359" shape="rect" type="0"><point x="174" y="179"/><point x="185" y="179"/><point x="185" y="190"/><point x="174" y="190"/></area><area isNotContentShape="false" name="Property" refid="_19_0_2_e190334_1589519284115_342960_414" shape="rect" type="0"><point x="583" y="99"/><point x="594" y="99"/><point x="594" y="110"/><point x="583" y="110"/></area><area isNotContentShape="false" name="Part Property CableAssembly2" refid="_19_0_2_e190334_1589519284099_361693_400" shape="rect" type="0"><point x="179" y="356"/><point x="190" y="356"/><point x="190" y="367"/><point x="179" y="367"/></area><area isNotContentShape="false" name="Part Property CableAssembly2" refid="_19_0_2_e190334_1589519284099_361693_400" shape="rect" type="0"><point x="104" y="346"/><point x="187" y="346"/><point x="187" y="359"/><point x="104" y="359"/></area><area isNotContentShape="false" name="Part Property CableAssembly4" refid="_19_0_2_e190334_1589519284099_913971_367" shape="rect" type="0"><point x="538" y="272"/><point x="621" y="272"/><point x="621" y="285"/><point x="538" y="285"/></area><area isNotContentShape="false" name="Part Property CableAssembly1" refid="_19_0_2_e190334_1589519284099_513192_359" shape="rect" type="0"><point x="94" y="174"/><point x="177" y="174"/><point x="177" y="187"/><point x="94" y="187"/></area><area isNotContentShape="false" name="Part Property CableAssembly3" refid="_19_0_2_e190334_1589519284099_154797_364" shape="rect" type="0"><point x="503" y="181"/><point x="586" y="181"/><point x="586" y="194"/><point x="503" y="194"/></area><area isNotContentShape="false" name="Part Property ChassisElecEquip" refid="_19_0_2_e190334_1589519284099_167116_362" shape="rect" type="0"><point x="51" y="244"/><point x="138" y="244"/><point x="138" y="257"/><point x="51" y="257"/></area><area isNotContentShape="false" name="Generalization" refid="_19_0_2_e190334_1589519284099_827525_371" shape="poly" type="0"><point x="299" y="158"/><point x="299" y="188"/><point x="297" y="190"/><point x="297" y="160"/></area><area isNotContentShape="false" name="Generalization" refid="_19_0_2_e190334_1589519284115_909703_403" shape="poly" type="0"><point x="435" y="158"/><point x="435" y="227"/><point x="449" y="227"/><point x="447" y="229"/><point x="433" y="229"/><point x="433" y="160"/></area><area isNotContentShape="false" name="Association" refid="_19_0_2_e190334_1589519279910_947928_41" shape="poly" type="0"><point x="180" y="188"/><point x="180" y="98"/><point x="178" y="100"/><point x="178" y="190"/></area><area isNotContentShape="false" name="Association" refid="_19_0_2_e190334_1589519279926_64702_65" shape="poly" type="0"><point x="190" y="360"/><point x="99" y="360"/><point x="99" y="322"/><point x="97" y="324"/><point x="97" y="362"/><point x="188" y="362"/></area><area isNotContentShape="false" name="Association" refid="_19_0_2_e190334_1589519279926_115242_46" shape="poly" type="0"><point x="589" y="195"/><point x="589" y="98"/><point x="587" y="100"/><point x="587" y="197"/></area><area isNotContentShape="false" name="Generalization" refid="_19_0_2_e190334_1589519284115_830033_434" shape="poly" type="0"><point x="421" y="158"/><point x="421" y="318"/><point x="484" y="318"/><point x="482" y="320"/><point x="419" y="320"/><point x="419" y="160"/></area><area isNotContentShape="false" name="Association" refid="_19_0_2_e190334_1589519279910_6340_44" shape="poly" type="0"><point x="141" y="258"/><point x="141" y="98"/><point x="139" y="100"/><point x="139" y="260"/></area><area isNotContentShape="false" name="Generalization" refid="_19_0_2_e190334_1589519284115_151887_431" shape="poly" type="0"><point x="334" y="158"/><point x="334" y="328"/><point x="332" y="330"/><point x="332" y="160"/></area><area isNotContentShape="false" name="Association" refid="_19_0_2_e190334_1589519279942_953988_76" shape="poly" type="0"><point x="624" y="286"/><point x="624" y="98"/><point x="622" y="100"/><point x="622" y="288"/></area><area isNotContentShape="false" name="Block CableAssemblyTypeB" refid="_19_0_2_e190334_1589519279989_82086_156" shape="rect" type="0"><point x="413" y="126"/><point x="552" y="126"/><point x="552" y="160"/><point x="413" y="160"/></area><area isNotContentShape="false" name="Block CableAssemblyTypeA" refid="_19_0_2_e190334_1589519279989_482223_154" shape="rect" type="0"><point x="210" y="126"/><point x="349" y="126"/><point x="349" y="160"/><point x="210" y="160"/></area><area isNotContentShape="false" name="Value Property partNumber" refid="_19_0_2_e190334_1589519284099_469010_372" shape="rect" type="0"><point x="157" y="235"/><point x="313" y="235"/><point x="313" y="248"/><point x="157" y="248"/></area><area isNotContentShape="false" name="Value Property partNumber" refid="_19_0_2_e190334_1589519284115_626943_432" shape="rect" type="0"><point x="192" y="375"/><point x="348" y="375"/><point x="348" y="388"/><point x="192" y="388"/></area><area isNotContentShape="false" name="Value Property partNumber" refid="_19_0_2_e190334_1589519284099_824391_397" shape="rect" type="0"><point x="87" y="305"/><point x="243" y="305"/><point x="243" y="318"/><point x="87" y="318"/></area><area isNotContentShape="false" name="Value Property partNumber" refid="_19_0_2_e190334_1589519284115_576490_435" shape="rect" type="0"><point x="486" y="333"/><point x="642" y="333"/><point x="642" y="346"/><point x="486" y="346"/></area><area isNotContentShape="false" name="Value Property partNumber" refid="_19_0_2_e190334_1589519284115_919897_404" shape="rect" type="0"><point x="451" y="242"/><point x="607" y="242"/><point x="607" y="255"/><point x="451" y="255"/></area><area isNotContentShape="false" name="Block CableAssembly1" refid="_19_0_2_e190334_1589519279910_131104_33" shape="rect" type="0"><point x="154" y="189"/><point x="316" y="189"/><point x="316" y="254"/><point x="154" y="254"/></area><area isNotContentShape="false" name="Block CableAssembly2" refid="_19_0_2_e190334_1589519279926_761129_51" shape="rect" type="0"><point x="189" y="329"/><point x="351" y="329"/><point x="351" y="394"/><point x="189" y="394"/></area><area isNotContentShape="false" name="Block ChassisElectricalEquipment" refid="_19_0_2_e190334_1589519279910_721785_38" shape="rect" type="0"><point x="84" y="259"/><point x="246" y="259"/><point x="246" y="324"/><point x="84" y="324"/></area><area isNotContentShape="false" name="Block CableAssembly4" refid="_19_0_2_e190334_1589519279926_228235_52" shape="rect" type="0"><point x="483" y="287"/><point x="645" y="287"/><point x="645" y="352"/><point x="483" y="352"/></area><area isNotContentShape="false" name="Block CableAssembly3" refid="_19_0_2_e190334_1589519279910_983898_39" shape="rect" type="0"><point x="448" y="196"/><point x="610" y="196"/><point x="610" y="261"/><point x="448" y="261"/></area><area isNotContentShape="false" name="Value Property partNumber" refid="_19_0_2_e190334_1589519284099_905295_365" shape="rect" type="0"><point x="73" y="81"/><point x="642" y="81"/><point x="642" y="94"/><point x="73" y="94"/></area><area isNotContentShape="false" name="Block Coupler" refid="_19_0_2_e190334_1589519279910_702508_32" shape="rect" type="0"><point x="70" y="35"/><point x="645" y="35"/><point x="645" y="100"/><point x="70" y="100"/></area></map><name humanName="Name" mode="s,e">BDD_PartAbFam1</name><namespace classType="Package" humanName="Namespace" humanType="Package" icon="ElectronicsAssemblyCaseStudy_files/icon_package_1309191417.svg" name="NotInBOM_AbstractPartFamilies" refid="_19_0_2_e190334_1589519516126_822644_14068"/><ownedElement humanName="Owned Element"><instancespecification classType="InstanceSpecification" humanType="Instance Specification" icon="ElectronicsAssemblyCaseStudy_files/icon_instancespecification_2030294088.svg" name=" : DiagramInfo" refid="_19_0_3_412017e_1604950143137_509696_4201"/></ownedElement><owner classType="Package" humanName="Owner" humanType="Package" icon="ElectronicsAssemblyCaseStudy_files/icon_package_1309191417.svg" mode="s,e" name="NotInBOM_AbstractPartFamilies" refid="_19_0_2_e190334_1589519516126_822644_14068"/><ownerOfDiagram classType="Package" humanName="Owner Of Diagram" humanType="Package" icon="ElectronicsAssemblyCaseStudy_files/icon_package_1309191417.svg" name="NotInBOM_AbstractPartFamilies" refid="_19_0_2_e190334_1589519516126_822644_14068"/><qualifiedName humanName="Qualified Name" mode="e">2 - Product Specification::NotInBOM_AbstractPartFamilies::BDD_PartAbFam1</qualifiedName><TO_DO humanName="To Do" mode="s,e"/><DIAGRAM_TYPE_DERIVED_PROPERTY humanName="Type">SysML Block Definition Diagram</DIAGRAM_TYPE_DERIVED_PROPERTY><visibility humanName="Visibility">public</visibility></diagram></magicdraw>