<?xml version="1.0" encoding="UTF-8"?><magicdraw><callbehavioraction classType="CallBehaviorAction" humanType="Call Behavior Action" icon="ElectronicsAssemblyCaseStudy_files/icon_callbehavioraction_646204091.svg" id="_19_0_2_e190334_1589519284756_314500_702"><activity classType="Activity" humanName="Activity" humanType="Activity" icon="ElectronicsAssemblyCaseStudy_files/icon_activity_1778695901.svg" name="MakeCoupler" refid="_19_0_2_e190334_1589519283990_647994_284"/><argument humanName="Argument"><inputpin classType="InputPin" humanType="Input Pin" icon="ElectronicsAssemblyCaseStudy_files/icon_inputpin_339933064.svg" name="partIN" refid="_19_0_2_e190334_1589519290666_653019_2086"/><inputpin classType="InputPin" humanType="Input Pin" icon="ElectronicsAssemblyCaseStudy_files/icon_inputpin_339933064.svg" name="workOrderIN" refid="_19_0_2_e190334_1589519290666_284883_2085"/></argument><behavior classType="Activity" humanName="Behavior" humanType="Activity" icon="ElectronicsAssemblyCaseStudy_files/icon_activity_1778695901.svg" mode="s,e" name="Test_Functional" refid="_19_0_2_e190334_1589519284021_797241_317"/><documentation humanName="Documentation"/><incoming humanName="Incoming"><controlflow classType="ControlFlow" humanType="Control Flow" icon="ElectronicsAssemblyCaseStudy_files/icon_controlflow_332998175.svg" isRelationship="true" name="Control Flow[Quality_LeakCheck -&gt; Test_Preliminary]" refid="_19_0_2_e190334_1589519284771_993807_717"/></incoming><input humanName="Input"><inputpin classType="InputPin" humanType="Input Pin" icon="ElectronicsAssemblyCaseStudy_files/icon_inputpin_339933064.svg" name="partIN" refid="_19_0_2_e190334_1589519290666_653019_2086"/><inputpin classType="InputPin" humanType="Input Pin" icon="ElectronicsAssemblyCaseStudy_files/icon_inputpin_339933064.svg" name="workOrderIN" refid="_19_0_2_e190334_1589519290666_284883_2085"/></input><isLeaf humanName="Is Leaf">false</isLeaf><isLocallyReentrant humanName="Is Locally Reentrant ">false</isLocallyReentrant><isSynchronous humanName="Is Synchronous" mode="e">true</isSynchronous><name humanName="Name" mode="s,e">Test_Preliminary</name><outgoing humanName="Outgoing"><controlflow classType="ControlFlow" humanType="Control Flow" icon="ElectronicsAssemblyCaseStudy_files/icon_controlflow_332998175.svg" isRelationship="true" name="Control Flow[Test_Preliminary -&gt; Test_Vibration]" refid="_19_0_2_e190334_1589519284771_192217_718"/></outgoing><output humanName="Output"><outputpin classType="OutputPin" humanType="Output Pin" icon="ElectronicsAssemblyCaseStudy_files/icon_outputpin_2038020279.svg" name="partOUT" refid="_19_0_2_e190334_1589519290666_965661_2084"/></output><ownedElement humanName="Owned Element"><inputpin classType="InputPin" humanType="Input Pin" icon="ElectronicsAssemblyCaseStudy_files/icon_inputpin_339933064.svg" name="partIN" refid="_19_0_2_e190334_1589519290666_653019_2086"/><outputpin classType="OutputPin" humanType="Output Pin" icon="ElectronicsAssemblyCaseStudy_files/icon_outputpin_2038020279.svg" name="partOUT" refid="_19_0_2_e190334_1589519290666_965661_2084"/><inputpin classType="InputPin" humanType="Input Pin" icon="ElectronicsAssemblyCaseStudy_files/icon_inputpin_339933064.svg" name="workOrderIN" refid="_19_0_2_e190334_1589519290666_284883_2085"/></ownedElement><owner classType="Activity" humanName="Owner" humanType="Activity" icon="ElectronicsAssemblyCaseStudy_files/icon_activity_1778695901.svg" mode="s,e" name="MakeCoupler" refid="_19_0_2_e190334_1589519283990_647994_284"/><qualifiedName humanName="Qualified Name" mode="e">0 - Production System Reference Architecture::5 - Architecture pkg::5.0 - Functional Architecture::5.0.1 - Make::Iteration1::MakeCoupler::Test_Preliminary</qualifiedName><result humanName="Result"><outputpin classType="OutputPin" humanType="Output Pin" icon="ElectronicsAssemblyCaseStudy_files/icon_outputpin_2038020279.svg" name="partOUT" refid="_19_0_2_e190334_1589519290666_965661_2084"/></result><TO_DO humanName="To Do" mode="s,e"/><visibility humanName="Visibility">public</visibility><appearsIn><diagram classType="Diagram" humanType="Diagram" icon="ElectronicsAssemblyCaseStudy_files/icon_SysML Activity Diagram_2071798614.svg" name="MakeCoupler" refid="_19_0_2_e190334_1589519284709_966967_673"/></appearsIn></callbehavioraction></magicdraw>