<?xml version="1.0" encoding="UTF-8"?><magicdraw><activity classType="Activity" humanType="Activity" icon="ElectronicsAssemblyCaseStudy_files/icon_activity_1778695901.svg" id="_19_0_2_e190334_1589519284006_160443_303"><derivedExplanation humanName="Derived Explanation"/><documentation humanName="Documentation"/><effectiveIRI humanName="Effective IRI"/><isAbstract humanName="Is Abstract">false</isAbstract><isActive humanName="Is Active">false</isActive><isFinalSpecialization humanName="Is Final Specialization">false</isFinalSpecialization><isLeaf humanName="Is Leaf">false</isLeaf><isReadOnly humanName="Is Read Only" mode="s,e">false</isReadOnly><isReentrant humanName="Is Reentrant">true</isReentrant><isSingleExecution humanName="Is Single Execution" mode="s,e">false</isSingleExecution><member humanName="Member"><diagram classType="Diagram" humanType="Diagram" icon="ElectronicsAssemblyCaseStudy_files/icon_SysML Activity Diagram_2071798614.svg" name="GetSensorCard" refid="_19_0_2_e190334_1589519287882_46140_1038"/><parameter classType="Parameter" humanType="Parameter" icon="ElectronicsAssemblyCaseStudy_files/icon_parameter_937437482.svg" name="partOUT" refid="_19_0_2_e190334_1589519287320_265750_1016"/><parameter classType="Parameter" humanType="Parameter" icon="ElectronicsAssemblyCaseStudy_files/icon_parameter_937437482.svg" name="workOrderIN" refid="_19_0_2_e190334_1589519287320_287372_1015"/></member><name humanName="Name" mode="s,e">GetSensorCard</name><namespace classType="Package" humanName="Namespace" humanType="Package" icon="ElectronicsAssemblyCaseStudy_files/icon_package_1309191417.svg" name="Iteration2" refid="_19_0_2_e190334_1591117725400_141224_1813"/><node humanName="Node" mode="s,e"><activityparameternode classType="ActivityParameterNode" humanType="Activity Parameter Node" icon="ElectronicsAssemblyCaseStudy_files/icon_activityparameternode_1707293586.svg" name="partOUT" refid="_19_0_2_e190334_1589519287914_370592_1060"/><callbehavioraction classType="CallBehaviorAction" humanType="Call Behavior Action" icon="ElectronicsAssemblyCaseStudy_files/icon_callbehavioraction_646204091.svg" name="SensorCard" refid="_19_0_2_e190334_1589519287914_553991_1061"/><activityparameternode classType="ActivityParameterNode" humanType="Activity Parameter Node" icon="ElectronicsAssemblyCaseStudy_files/icon_activityparameternode_1707293586.svg" name="workOrderIN" refid="_19_0_2_e190334_1589519287914_762961_1059"/></node><ownedDiagram humanName="Owned Diagram"><diagram classType="Diagram" humanType="Diagram" icon="ElectronicsAssemblyCaseStudy_files/icon_SysML Activity Diagram_2071798614.svg" name="GetSensorCard" refid="_19_0_2_e190334_1589519287882_46140_1038"/></ownedDiagram><ownedElement humanName="Owned Element"><diagram classType="Diagram" humanType="Diagram" icon="ElectronicsAssemblyCaseStudy_files/icon_SysML Activity Diagram_2071798614.svg" name="GetSensorCard" refid="_19_0_2_e190334_1589519287882_46140_1038"/><activityparameternode classType="ActivityParameterNode" humanType="Activity Parameter Node" icon="ElectronicsAssemblyCaseStudy_files/icon_activityparameternode_1707293586.svg" name="partOUT" refid="_19_0_2_e190334_1589519287914_370592_1060"/><parameter classType="Parameter" humanType="Parameter" icon="ElectronicsAssemblyCaseStudy_files/icon_parameter_937437482.svg" name="partOUT" refid="_19_0_2_e190334_1589519287320_265750_1016"/><callbehavioraction classType="CallBehaviorAction" humanType="Call Behavior Action" icon="ElectronicsAssemblyCaseStudy_files/icon_callbehavioraction_646204091.svg" name="SensorCard" refid="_19_0_2_e190334_1589519287914_553991_1061"/><activityparameternode classType="ActivityParameterNode" humanType="Activity Parameter Node" icon="ElectronicsAssemblyCaseStudy_files/icon_activityparameternode_1707293586.svg" name="workOrderIN" refid="_19_0_2_e190334_1589519287914_762961_1059"/><parameter classType="Parameter" humanType="Parameter" icon="ElectronicsAssemblyCaseStudy_files/icon_parameter_937437482.svg" name="workOrderIN" refid="_19_0_2_e190334_1589519287320_287372_1015"/></ownedElement><ownedMember humanName="Owned Member"><diagram classType="Diagram" humanType="Diagram" icon="ElectronicsAssemblyCaseStudy_files/icon_SysML Activity Diagram_2071798614.svg" name="GetSensorCard" refid="_19_0_2_e190334_1589519287882_46140_1038"/><parameter classType="Parameter" humanType="Parameter" icon="ElectronicsAssemblyCaseStudy_files/icon_parameter_937437482.svg" name="partOUT" refid="_19_0_2_e190334_1589519287320_265750_1016"/><parameter classType="Parameter" humanType="Parameter" icon="ElectronicsAssemblyCaseStudy_files/icon_parameter_937437482.svg" name="workOrderIN" refid="_19_0_2_e190334_1589519287320_287372_1015"/></ownedMember><ownedParameter humanName="Owned Parameter"><parameter classType="Parameter" humanType="Parameter" icon="ElectronicsAssemblyCaseStudy_files/icon_parameter_937437482.svg" name="partOUT" refid="_19_0_2_e190334_1589519287320_265750_1016"/><parameter classType="Parameter" humanType="Parameter" icon="ElectronicsAssemblyCaseStudy_files/icon_parameter_937437482.svg" name="workOrderIN" refid="_19_0_2_e190334_1589519287320_287372_1015"/></ownedParameter><owner classType="Package" humanName="Owner" humanType="Package" icon="ElectronicsAssemblyCaseStudy_files/icon_package_1309191417.svg" mode="s,e" name="Iteration2" refid="_19_0_2_e190334_1591117725400_141224_1813"/><owningPackage classType="Package" humanName="Owning Package" humanType="Package" icon="ElectronicsAssemblyCaseStudy_files/icon_package_1309191417.svg" name="Iteration2" refid="_19_0_2_e190334_1591117725400_141224_1813"/><package classType="Package" humanName="Package" humanType="Package" icon="ElectronicsAssemblyCaseStudy_files/icon_package_1309191417.svg" name="Iteration2" refid="_19_0_2_e190334_1591117725400_141224_1813"/><qualifiedName humanName="Qualified Name" mode="e">0 - Production System Reference Architecture::5 - Architecture pkg::5.0 - Functional Architecture::5.0.0 - Get::Iteration2::GetSensorCard</qualifiedName><TO_DO humanName="To Do" mode="s,e"/><usedClassifier humanName="Used Classifier"><block classType="Class" humanType="Block" icon="ElectronicsAssemblyCaseStudy_files/icon_block_1703666367.svg" name="SensorCard" refid="_19_0_2_e190334_1589519279910_517008_34"/></usedClassifier><visibility humanName="Visibility">public</visibility></activity></magicdraw>