<?xml version="1.0" encoding="UTF-8"?><magicdraw><partproperty classType="Property" humanType="Part Property" icon="ElectronicsAssemblyCaseStudy_files/icon_partproperty_2032905582.svg" id="_19_0_2_e190334_1589519284099_321430_377"><aggregation humanName="Aggregation" mode="s,e">composite</aggregation><APPLIED_STEREOTYPES humanName="Applied Stereotype" mode="s,e"><stereotype classType="Stereotype" humanType="Stereotype" icon="ElectronicsAssemblyCaseStudy_files/icon_stereotype_1694884411.svg" name="PartProperty" refid="_15_0_be00301_1199377756297_348405_2678"/></APPLIED_STEREOTYPES><appliedStereotype humanName="Applied Stereotype" mode="s,e"><stereotype classType="Stereotype" humanType="Stereotype" icon="ElectronicsAssemblyCaseStudy_files/icon_stereotype_1694884411.svg" name="PartProperty" refid="_15_0_be00301_1199377756297_348405_2678"><property classType="Property" humanName="Base_ Element" humanType="Property" icon="ElectronicsAssemblyCaseStudy_files/icon_property_650521591.svg" name="base_Element" refid="_10_0EAPbeta_be00301_1123081772098_411862_275"/><property classType="Property" humanName="Base_ Property" humanType="Property" icon="ElectronicsAssemblyCaseStudy_files/icon_property_650521591.svg" name="base_Property" refid="_11_5EAPbeta_be00301_1147424449672_715796_1055"/><property classType="Property" humanName="Base_ Property" humanType="Property" icon="ElectronicsAssemblyCaseStudy_files/icon_property_650521591.svg" name="base_Property" refid="_15_0_be00301_1199377759595_851315_2681"/></stereotype></appliedStereotype><appliedStereotypeInstance classType="InstanceSpecification" humanName="Applied Stereotype Instance" humanType="Instance Specification" icon="ElectronicsAssemblyCaseStudy_files/icon_instancespecification_2030294088.svg" name=" : PartProperty" refid="_19_0_3_412017e_1604950143211_886202_4491"/><association classType="Association" humanName="Association" humanType="Association" icon="ElectronicsAssemblyCaseStudy_files/icon_association_838796104.svg" isRelationship="true" name="Association[SensorCard -&gt; wireCableKit:SensorCardWireCableKit+A02]" refid="_19_0_2_e190334_1589519279942_649337_71"/><UMLClass classType="Class" humanName="Class" humanType="Block" icon="ElectronicsAssemblyCaseStudy_files/icon_block_1963190536.svg" name="SensorCard" refid="_19_0_2_e190334_1589519279910_517008_34"/><classifier classType="Class" humanName="Classifier" humanType="Block" icon="ElectronicsAssemblyCaseStudy_files/icon_block_1963190536.svg" name="SensorCard" refid="_19_0_2_e190334_1589519279910_517008_34"/><documentation humanName="Documentation"/><effectiveIRI humanName="Effective IRI"/><featuringClassifier classType="Class" humanName="Featuring Classifier" humanType="Block" icon="ElectronicsAssemblyCaseStudy_files/icon_block_1963190536.svg" name="SensorCard" refid="_19_0_2_e190334_1589519279910_517008_34"/><isComposite humanName="Is Composite">true</isComposite><isDerived humanName="Is Derived" mode="s,e">false</isDerived><isDerivedUnion humanName="Is Derived Union" mode="e">false</isDerivedUnion><isID humanName="Is ID" mode="e">false</isID><isLeaf humanName="Is Leaf">false</isLeaf><isOrdered humanName="Is Ordered" mode="e">false</isOrdered><isReadOnly humanName="Is Read Only" mode="s,e">false</isReadOnly><isStatic humanName="Is Static" mode="s,e">false</isStatic><isUnique humanName="Is Unique" mode="e">true</isUnique><lower humanName="Lower">1</lower><lowerValue classType="LiteralInteger" humanName="Lower Value" humanType="Literal Integer" icon="ElectronicsAssemblyCaseStudy_files/icon_literalinteger_2092269504.svg" name="1" refid="_19_0_2_e190334_1589519290557_181297_1748" text="1"/><multiplicity humanName="Multiplicity" mode="s,e">1</multiplicity><multiplicity humanName="Multiplicity" mode="s,e">1</multiplicity><name humanName="Name" mode="s,e">wireCableKit</name><namespace classType="Class" humanName="Namespace" humanType="Block" icon="ElectronicsAssemblyCaseStudy_files/icon_block_1963190536.svg" name="SensorCard" refid="_19_0_2_e190334_1589519279910_517008_34"/><navigable humanName="Navigable" mode="e">true</navigable><opposite classType="Property" humanName="Opposite" humanType="Property" icon="ElectronicsAssemblyCaseStudy_files/icon_property_650521591.svg" name=" : SensorCard" refid="_19_0_2_e190334_1589519284115_16786_486"/><ownedBy classType="Class" humanName="Owned By" humanType="Block" icon="ElectronicsAssemblyCaseStudy_files/icon_block_1963190536.svg" mode="s,e" name="SensorCard" refid="_19_0_2_e190334_1589519279910_517008_34"/><ownedElement humanName="Owned Element"><instancespecification classType="InstanceSpecification" humanType="Instance Specification" icon="ElectronicsAssemblyCaseStudy_files/icon_instancespecification_2030294088.svg" name=" : PartProperty" refid="_19_0_3_412017e_1604950143211_886202_4491"/><literalinteger classType="LiteralInteger" humanType="Literal Integer" icon="ElectronicsAssemblyCaseStudy_files/icon_literalinteger_2092269504.svg" name="1" refid="_19_0_2_e190334_1589519290557_181297_1748" text="1"/><literalunlimitednatural classType="LiteralUnlimitedNatural" humanType="Literal Unlimited Natural" icon="ElectronicsAssemblyCaseStudy_files/icon_literalunlimitednatural_223873687.svg" name="1" refid="_19_0_2_e190334_1589519290557_689460_1747" text="1"/></ownedElement><owner classType="Class" humanName="Owner" humanType="Block" icon="ElectronicsAssemblyCaseStudy_files/icon_block_1963190536.svg" name="SensorCard" refid="_19_0_2_e190334_1589519279910_517008_34"/><qualifiedName humanName="Qualified Name" mode="e">2 - Product Specification::SensorCard::wireCableKit</qualifiedName><redefinitionContext humanName="Redefinition Context"><block classType="Class" humanType="Block" icon="ElectronicsAssemblyCaseStudy_files/icon_block_1963190536.svg" name="SensorCard" refid="_19_0_2_e190334_1589519279910_517008_34"/></redefinitionContext><TO_DO humanName="To Do" mode="s,e"/><type classType="Class" humanName="Type" humanType="Block" icon="ElectronicsAssemblyCaseStudy_files/icon_block_1963190536.svg" mode="s,e" name="SensorCardWireCableKit+A02" refid="_19_0_2_e190334_1589519279942_982900_70"/><TYPE_MODIFIER humanName="Type Modifier" mode="e"/><upper humanName="Upper">1</upper><upperValue classType="LiteralUnlimitedNatural" humanName="Upper Value" humanType="Literal Unlimited Natural" icon="ElectronicsAssemblyCaseStudy_files/icon_literalunlimitednatural_223873687.svg" name="1" refid="_19_0_2_e190334_1589519290557_689460_1747" text="1"/></partproperty></magicdraw>