<?xml version="1.0" encoding="UTF-8"?><magicdraw><diagram classType="Diagram" diagramType="SysML Block Definition Diagram" height="1859" humanType="Diagram" icon="ElectronicsAssemblyCaseStudy_files/icon_SysML Block Definition Diagram_1772877839.svg" id="_19_0_2_e190334_1589519279848_416837_11" src="ElectronicsAssemblyCaseStudy_files/_19_0_2_e190334_1589519279848_416837_11.svg" width="2303"><APPLIED_STEREOTYPES humanName="Applied Stereotype" mode="s,e"><stereotype classType="Stereotype" humanType="Stereotype" icon="ElectronicsAssemblyCaseStudy_files/icon_stereotype_910260820.svg" name="DiagramInfo" refid="_9_0_be00301_1108044380615_150487_0"/></APPLIED_STEREOTYPES><appliedStereotype humanName="Applied Stereotype" mode="s,e"><stereotype classType="Stereotype" humanType="Stereotype" icon="ElectronicsAssemblyCaseStudy_files/icon_stereotype_910260820.svg" name="DiagramInfo" refid="_9_0_be00301_1108044380615_150487_0"><property classType="Property" humanName="Author" humanType="Property" icon="ElectronicsAssemblyCaseStudy_files/icon_property_650521591.svg" name="Author" refid="_be00301_1077726770128_871366_1"><String>gthiers</String></property><property classType="Property" humanName="Base_ Diagram" humanType="Property" icon="ElectronicsAssemblyCaseStudy_files/icon_property_650521591.svg" name="base_Diagram" refid="_10_0EAPbeta_be00301_1123081772498_901864_356"/><property classType="Property" humanName="Base_ Element" humanType="Property" icon="ElectronicsAssemblyCaseStudy_files/icon_property_650521591.svg" name="base_Element" refid="_10_0EAPbeta_be00301_1123081772098_411862_275"/><property classType="Property" humanName="Creation Date" humanType="Property" icon="ElectronicsAssemblyCaseStudy_files/icon_property_650521591.svg" name="Creation date" refid="_be00301_1073306188629_537791_2"><String>5/15/20 1:08 AM</String></property><property classType="Property" humanName="Last modified by" humanType="Property" icon="ElectronicsAssemblyCaseStudy_files/icon_property_650521591.svg" name="Last modified by" refid="_16_8beta_8ca0285_1257244649124_794756_344"/><property classType="Property" humanName="Modification Date" humanType="Property" icon="ElectronicsAssemblyCaseStudy_files/icon_property_650521591.svg" name="Modification date" refid="_be00301_1073394345322_922552_1"/></stereotype></appliedStereotype><appliedStereotypeInstance classType="InstanceSpecification" humanName="Applied Stereotype Instance" humanType="Instance Specification" icon="ElectronicsAssemblyCaseStudy_files/icon_instancespecification_2030294088.svg" name=" : DiagramInfo" refid="_19_0_3_412017e_1604950143166_450194_4366"/><documentation humanName="Documentation"/><map><area isNotContentShape="false" name="Generalization" refid="_19_0_2_e190334_1589519290510_12545_1575" shape="poly" type="0"><point x="1247" y="816"/><point x="1247" y="839"/><point x="1245" y="841"/><point x="1245" y="818"/></area><area isNotContentShape="false" name="Generalization" refid="_19_0_2_e190334_1589519290510_883282_1574" shape="poly" type="0"><point x="1331" y="816"/><point x="1331" y="839"/><point x="1329" y="841"/><point x="1329" y="818"/></area><area isNotContentShape="false" name="Generalization" refid="_19_0_2_e190334_1589519290479_732207_1460" shape="poly" type="0"><point x="1863" y="991"/><point x="1863" y="1035"/><point x="1861" y="1037"/><point x="1861" y="993"/></area><area isNotContentShape="false" name="Generalization" refid="_19_0_2_e190334_1589519290510_932172_1544" shape="poly" type="0"><point x="705" y="1327"/><point x="705" y="1378"/><point x="703" y="1380"/><point x="703" y="1329"/></area><area isNotContentShape="false" name="Generalization" refid="_19_0_2_e190334_1589519290479_93328_1469" shape="poly" type="0"><point x="1020" y="732"/><point x="1020" y="783"/><point x="1018" y="785"/><point x="1018" y="734"/></area><area isNotContentShape="false" name="Generalization" refid="_19_0_2_e190334_1589519290479_185750_1443" shape="poly" type="0"><point x="152" y="732"/><point x="152" y="769"/><point x="82" y="769"/><point x="82" y="783"/><point x="80" y="785"/><point x="80" y="771"/><point x="150" y="771"/><point x="150" y="734"/></area><area isNotContentShape="false" name="Generalization" refid="_19_0_2_e190334_1589519290510_896358_1582" shape="poly" type="0"><point x="1468" y="67"/><point x="1468" y="104"/><point x="1398" y="104"/><point x="1398" y="118"/><point x="1396" y="120"/><point x="1396" y="106"/><point x="1466" y="106"/><point x="1466" y="69"/></area><area isNotContentShape="false" name="Generalization" refid="_19_0_2_e190334_1589519290495_862455_1494" shape="poly" type="0"><point x="152" y="732"/><point x="152" y="769"/><point x="225" y="769"/><point x="225" y="783"/><point x="223" y="785"/><point x="223" y="771"/><point x="150" y="771"/><point x="150" y="734"/></area><area isNotContentShape="false" name="Generalization" refid="_19_0_2_e190334_1589519290510_613641_1591" shape="poly" type="0"><point x="1468" y="67"/><point x="1468" y="104"/><point x="1555" y="104"/><point x="1555" y="118"/><point x="1553" y="120"/><point x="1553" y="106"/><point x="1466" y="106"/><point x="1466" y="69"/></area><area isNotContentShape="false" name="Generalization" refid="_19_0_2_e190334_1589519290448_305583_1340" shape="poly" type="0"><point x="1832" y="67"/><point x="1832" y="104"/><point x="1737" y="104"/><point x="1737" y="118"/><point x="1735" y="120"/><point x="1735" y="106"/><point x="1830" y="106"/><point x="1830" y="69"/></area><area isNotContentShape="false" name="Generalization" refid="_19_0_2_e190334_1589519290526_693848_1615" shape="poly" type="0"><point x="2000" y="907"/><point x="2000" y="944"/><point x="1895" y="944"/><point x="1895" y="958"/><point x="1893" y="960"/><point x="1893" y="946"/><point x="1998" y="946"/><point x="1998" y="909"/></area><area isNotContentShape="false" name="Generalization" refid="_19_0_2_e190334_1589519290526_606593_1624" shape="poly" type="0"><point x="2000" y="907"/><point x="2000" y="944"/><point x="2105" y="944"/><point x="2105" y="958"/><point x="2103" y="960"/><point x="2103" y="946"/><point x="1998" y="946"/><point x="1998" y="909"/></area><area isNotContentShape="false" name="Generalization" refid="_19_0_2_e190334_1589519290510_639298_1559" shape="poly" type="0"><point x="1832" y="67"/><point x="1832" y="104"/><point x="1944" y="104"/><point x="1944" y="118"/><point x="1942" y="120"/><point x="1942" y="106"/><point x="1830" y="106"/><point x="1830" y="69"/></area><area isNotContentShape="false" name="Generalization" refid="_19_0_2_e190334_1589519290495_797466_1528" shape="poly" type="0"><point x="705" y="1327"/><point x="705" y="1364"/><point x="582" y="1364"/><point x="582" y="1378"/><point x="580" y="1380"/><point x="580" y="1366"/><point x="703" y="1366"/><point x="703" y="1329"/></area><area isNotContentShape="false" name="Generalization" refid="_19_0_2_e190334_1589519290463_543120_1361" shape="poly" type="0"><point x="701" y="67"/><point x="701" y="104"/><point x="834" y="104"/><point x="834" y="118"/><point x="832" y="120"/><point x="832" y="106"/><point x="699" y="106"/><point x="699" y="69"/></area><area isNotContentShape="false" name="Generalization" refid="_19_0_2_e190334_1589519290495_807735_1512" shape="poly" type="0"><point x="701" y="67"/><point x="701" y="104"/><point x="526" y="104"/><point x="526" y="118"/><point x="524" y="120"/><point x="524" y="106"/><point x="699" y="106"/><point x="699" y="69"/></area><area isNotContentShape="false" name="Generalization" refid="_19_0_2_e190334_1589519290495_434321_1485" shape="poly" type="0"><point x="1020" y="732"/><point x="1020" y="769"/><point x="813" y="769"/><point x="813" y="783"/><point x="811" y="785"/><point x="811" y="771"/><point x="1018" y="771"/><point x="1018" y="734"/></area><area isNotContentShape="false" name="Generalization" refid="_19_0_2_e190334_1589519290495_329035_1536" shape="poly" type="0"><point x="705" y="1327"/><point x="705" y="1364"/><point x="939" y="1364"/><point x="939" y="1378"/><point x="937" y="1380"/><point x="937" y="1366"/><point x="703" y="1366"/><point x="703" y="1329"/></area><area isNotContentShape="false" name="Generalization" refid="_19_0_2_e190334_1589519290510_602111_1573" shape="poly" type="0"><point x="1020" y="732"/><point x="1020" y="769"/><point x="1286" y="769"/><point x="1286" y="783"/><point x="1284" y="785"/><point x="1284" y="771"/><point x="1018" y="771"/><point x="1018" y="734"/></area><area isNotContentShape="false" name="Generalization" refid="_19_0_2_e190334_1589519290463_642853_1380" shape="poly" type="0"><point x="705" y="1327"/><point x="705" y="1364"/><point x="400" y="1364"/><point x="400" y="1378"/><point x="398" y="1380"/><point x="398" y="1366"/><point x="703" y="1366"/><point x="703" y="1329"/></area><area isNotContentShape="false" name="Generalization" refid="_19_0_2_e190334_1589519290463_162595_1389" shape="poly" type="0"><point x="701" y="67"/><point x="701" y="104"/><point x="1016" y="104"/><point x="1016" y="118"/><point x="1014" y="120"/><point x="1014" y="106"/><point x="699" y="106"/><point x="699" y="69"/></area><area isNotContentShape="false" name="Generalization" refid="_19_0_2_e190334_1589519290463_65239_1401" shape="poly" type="0"><point x="705" y="1327"/><point x="705" y="1364"/><point x="1090" y="1364"/><point x="1090" y="1378"/><point x="1088" y="1380"/><point x="1088" y="1366"/><point x="703" y="1366"/><point x="703" y="1329"/></area><area isNotContentShape="false" name="Generalization" refid="_19_0_2_e190334_1589519290495_201380_1502" shape="poly" type="0"><point x="701" y="67"/><point x="701" y="104"/><point x="285" y="104"/><point x="285" y="118"/><point x="283" y="120"/><point x="283" y="106"/><point x="699" y="106"/><point x="699" y="69"/></area><area isNotContentShape="false" name="Generalization" refid="_19_0_2_e190334_1589519290463_871675_1370" shape="poly" type="0"><point x="705" y="1327"/><point x="705" y="1364"/><point x="229" y="1364"/><point x="229" y="1378"/><point x="227" y="1380"/><point x="227" y="1366"/><point x="703" y="1366"/><point x="703" y="1329"/></area><area isNotContentShape="false" name="Generalization" refid="_19_0_2_e190334_1589519290479_448320_1452" shape="poly" type="0"><point x="1020" y="732"/><point x="1020" y="769"/><point x="1496" y="769"/><point x="1496" y="783"/><point x="1494" y="785"/><point x="1494" y="771"/><point x="1018" y="771"/><point x="1018" y="734"/></area><area isNotContentShape="false" name="Generalization" refid="_19_0_2_e190334_1589519290479_332061_1477" shape="poly" type="0"><point x="701" y="67"/><point x="701" y="104"/><point x="1205" y="104"/><point x="1205" y="118"/><point x="1203" y="120"/><point x="1203" y="106"/><point x="699" y="106"/><point x="699" y="69"/></area><area isNotContentShape="false" name="Generalization" refid="_19_0_2_e190334_1589519290479_825830_1425" shape="poly" type="0"><point x="705" y="1327"/><point x="705" y="1364"/><point x="1233" y="1364"/><point x="1233" y="1378"/><point x="1231" y="1380"/><point x="1231" y="1366"/><point x="703" y="1366"/><point x="703" y="1329"/></area><area isNotContentShape="false" name="Generalization" refid="_19_0_2_e190334_1589519290448_418116_1353" shape="poly" type="0"><point x="705" y="1327"/><point x="705" y="1364"/><point x="75" y="1364"/><point x="75" y="1378"/><point x="73" y="1380"/><point x="73" y="1366"/><point x="703" y="1366"/><point x="703" y="1329"/></area><area isNotContentShape="false" name="Generalization" refid="_19_0_2_e190334_1589519290479_58662_1433" shape="poly" type="0"><point x="701" y="67"/><point x="701" y="104"/><point x="71" y="104"/><point x="71" y="118"/><point x="69" y="120"/><point x="69" y="106"/><point x="699" y="106"/><point x="699" y="69"/></area><area isNotContentShape="false" name="Generalization" refid="_19_0_2_e190334_1589519290463_183175_1417" shape="poly" type="0"><point x="705" y="1327"/><point x="705" y="1364"/><point x="1373" y="1364"/><point x="1373" y="1378"/><point x="1371" y="1380"/><point x="1371" y="1366"/><point x="703" y="1366"/><point x="703" y="1329"/></area><area isNotContentShape="false" name="Generalization" refid="_19_0_2_e190334_1589519290463_102780_1409" shape="poly" type="0"><point x="705" y="1327"/><point x="705" y="1364"/><point x="1524" y="1364"/><point x="1524" y="1378"/><point x="1522" y="1380"/><point x="1522" y="1366"/><point x="703" y="1366"/><point x="703" y="1329"/></area><area isNotContentShape="false" name="Activity Program" refid="_19_0_2_e190334_1589519284053_375851_348" shape="rect" type="0"><point x="371" y="700"/><point x="427" y="700"/><point x="427" y="734"/><point x="371" y="734"/></area><area isNotContentShape="false" name="Activity Test_HiPot" refid="_19_0_2_e190334_1589519284021_224165_318" shape="rect" type="0"><point x="371" y="1379"/><point x="438" y="1379"/><point x="438" y="1413"/><point x="371" y="1413"/></area><area isNotContentShape="false" name="Activity WaterWash" refid="_19_0_2_e190334_1589519284037_356_341" shape="rect" type="0"><point x="1358" y="119"/><point x="1428" y="119"/><point x="1428" y="153"/><point x="1358" y="153"/></area><area isNotContentShape="false" name="Activity TouchUp" refid="_19_0_2_e190334_1589519284021_714045_324" shape="rect" type="0"><point x="35" y="119"/><point x="106" y="119"/><point x="106" y="153"/><point x="35" y="153"/></area><area isNotContentShape="false" name="Activity PartKitting" refid="_19_0_2_e190334_1589519284021_970879_314" shape="rect" type="0"><point x="1701" y="119"/><point x="1772" y="119"/><point x="1772" y="153"/><point x="1701" y="153"/></area><area isNotContentShape="false" name="Activity Assemble" refid="_19_0_2_e190334_1589519284021_491548_319" shape="rect" type="0"><point x="980" y="119"/><point x="1051" y="119"/><point x="1051" y="153"/><point x="980" y="153"/></area><area isNotContentShape="false" name="Activity WaveSolder" refid="_19_0_2_e190334_1589519284037_883848_331" shape="rect" type="0"><point x="189" y="784"/><point x="262" y="784"/><point x="262" y="818"/><point x="189" y="818"/></area><area isNotContentShape="false" name="Activity WireTinning" refid="_19_0_2_e190334_1589519284037_490372_333" shape="rect" type="0"><point x="490" y="119"/><point x="564" y="119"/><point x="564" y="153"/><point x="490" y="153"/></area><area isNotContentShape="false" name="Activity AutoInspect" refid="_19_0_2_e190334_1589519284053_733413_345" shape="rect" type="0"><point x="1855" y="959"/><point x="1930" y="959"/><point x="1930" y="993"/><point x="1855" y="993"/></area><area isNotContentShape="false" name="Activity Test_BurnIn" refid="_19_0_2_e190334_1589519284021_941397_322" shape="rect" type="0"><point x="1337" y="1379"/><point x="1412" y="1379"/><point x="1412" y="1413"/><point x="1337" y="1413"/></area><area isNotContentShape="false" name="Activity Test_Tuning" refid="_19_0_2_e190334_1589519284021_693104_315" shape="rect" type="0"><point x="35" y="1379"/><point x="112" y="1379"/><point x="112" y="1413"/><point x="35" y="1413"/></area><area isNotContentShape="false" name="Activity Bake" refid="_19_0_2_e190334_1589519284037_237044_334" shape="rect" type="0"><point x="2100" y="35"/><point x="2178" y="35"/><point x="2178" y="69"/><point x="2100" y="69"/></area><area isNotContentShape="false" name="Activity WireCutStrip" refid="_19_0_2_e190334_1589519284037_352140_332" shape="rect" type="0"><point x="245" y="119"/><point x="323" y="119"/><point x="323" y="153"/><point x="245" y="153"/></area><area isNotContentShape="false" name="Activity ManualClean" refid="_19_0_2_e190334_1589519284037_457267_342" shape="rect" type="0"><point x="1505" y="119"/><point x="1583" y="119"/><point x="1583" y="153"/><point x="1505" y="153"/></area><area isNotContentShape="false" name="Activity BoardCutting" refid="_19_0_2_e190334_1589519284037_138007_326" shape="rect" type="0"><point x="1456" y="784"/><point x="1536" y="784"/><point x="1536" y="818"/><point x="1456" y="818"/></area><area isNotContentShape="false" name="Activity PartStaging" refid="_19_0_2_e190334_1589519284037_171988_339" shape="rect" type="0"><point x="1904" y="119"/><point x="1985" y="119"/><point x="1985" y="153"/><point x="1904" y="153"/></area><area isNotContentShape="false" name="Activity Prep" refid="_19_0_2_e190334_1589519284053_703682_349" shape="rect" type="0"><point x="1792" y="35"/><point x="1873" y="35"/><point x="1873" y="69"/><point x="1792" y="69"/></area><area isNotContentShape="false" name="Activity Manual" refid="_19_0_2_e190334_1589519284053_697743_350" shape="rect" type="0"><point x="665" y="35"/><point x="746" y="35"/><point x="746" y="69"/><point x="665" y="69"/></area><area isNotContentShape="false" name="Activity Inspect" refid="_19_0_2_e190334_1589519284053_163938_351" shape="rect" type="0"><point x="1960" y="875"/><point x="2041" y="875"/><point x="2041" y="909"/><point x="1960" y="909"/></area><area isNotContentShape="false" name="Activity Test" refid="_19_0_2_e190334_1589519284053_515893_355" shape="rect" type="0"><point x="665" y="1295"/><point x="746" y="1295"/><point x="746" y="1329"/><point x="665" y="1329"/></area><area isNotContentShape="false" name="Activity Clean" refid="_19_0_2_e190334_1589519284053_587171_352" shape="rect" type="0"><point x="1428" y="35"/><point x="1509" y="35"/><point x="1509" y="69"/><point x="1428" y="69"/></area><area isNotContentShape="false" name="Activity Auto" refid="_19_0_2_e190334_1589519284053_538372_347" shape="rect" type="0"><point x="980" y="700"/><point x="1061" y="700"/><point x="1061" y="734"/><point x="980" y="734"/></area><area isNotContentShape="false" name="Activity LaserMarking" refid="_19_0_2_e190334_1589519284037_268904_330" shape="rect" type="0"><point x="770" y="784"/><point x="855" y="784"/><point x="855" y="818"/><point x="770" y="818"/></area><area isNotContentShape="false" name="Activity Solder" refid="_19_0_2_e190334_1589519284053_269183_354" shape="rect" type="0"><point x="112" y="700"/><point x="197" y="700"/><point x="197" y="734"/><point x="112" y="734"/></area><area isNotContentShape="false" name="Activity Test_FinalData" refid="_19_0_2_e190334_1589519284021_113717_321" shape="rect" type="0"><point x="1484" y="1379"/><point x="1571" y="1379"/><point x="1571" y="1413"/><point x="1484" y="1413"/></area><area isNotContentShape="false" name="Activity ManualInspect" refid="_19_0_2_e190334_1589519284053_779231_346" shape="rect" type="0"><point x="2058" y="959"/><point x="2146" y="959"/><point x="2146" y="993"/><point x="2058" y="993"/></area><area isNotContentShape="false" name="Activity Test_Vibration" refid="_19_0_2_e190334_1589519284021_403975_323" shape="rect" type="0"><point x="1190" y="1379"/><point x="1279" y="1379"/><point x="1279" y="1413"/><point x="1190" y="1413"/></area><area isNotContentShape="false" name="Activity SelectiveSolder" refid="_19_0_2_e190334_1589519284037_173696_325" shape="rect" type="0"><point x="35" y="784"/><point x="129" y="784"/><point x="129" y="818"/><point x="35" y="818"/></area><area isNotContentShape="false" name="Activity Test_Functional" refid="_19_0_2_e190334_1589519284021_797241_317" shape="rect" type="0"><point x="182" y="1379"/><point x="277" y="1379"/><point x="277" y="1413"/><point x="182" y="1413"/></area><area isNotContentShape="false" name="Activity Test_LeakCheck" refid="_19_0_2_e190334_1589519284021_927400_320" shape="rect" type="0"><point x="1043" y="1379"/><point x="1144" y="1379"/><point x="1144" y="1413"/><point x="1043" y="1413"/></area><area isNotContentShape="false" name="Activity SurfaceMounting" refid="_19_0_2_e190334_1589519284037_49019_328" shape="rect" type="0"><point x="973" y="784"/><point x="1075" y="784"/><point x="1075" y="818"/><point x="973" y="818"/></area><area isNotContentShape="false" name="Activity PlanarMechanical" refid="_19_0_2_e190334_1589519284037_674435_329" shape="rect" type="0"><point x="1155" y="119"/><point x="1258" y="119"/><point x="1258" y="153"/><point x="1155" y="153"/></area><area isNotContentShape="false" name="Activity PackageInsertion" refid="_19_0_2_e190334_1589519284053_275378_343" shape="rect" type="0"><point x="1176" y="840"/><point x="1280" y="840"/><point x="1280" y="874"/><point x="1176" y="874"/></area><area isNotContentShape="false" name="Activity AxialLeadInsertion" refid="_19_0_2_e190334_1589519284053_488304_344" shape="rect" type="0"><point x="1302" y="840"/><point x="1413" y="840"/><point x="1413" y="874"/><point x="1302" y="874"/></area><area isNotContentShape="false" name="Activity PostwaveAssemble" refid="_19_0_2_e190334_1589519284021_818894_316" shape="rect" type="0"><point x="777" y="119"/><point x="896" y="119"/><point x="896" y="153"/><point x="777" y="153"/></area><area isNotContentShape="false" name="Activity Test_IncircuitTakaya" refid="_19_0_2_e190334_1589519284037_1014_336" shape="rect" type="0"><point x="882" y="1379"/><point x="1003" y="1379"/><point x="1003" y="1413"/><point x="882" y="1413"/></area><area isNotContentShape="false" name="Activity ThroughHoleInsertion" refid="_19_0_2_e190334_1589519284037_192856_340" shape="rect" type="0"><point x="1225" y="784"/><point x="1357" y="784"/><point x="1357" y="818"/><point x="1225" y="818"/></area><area isNotContentShape="false" name="Activity Test_IncircuitSpectrum" refid="_19_0_2_e190334_1589519284037_192358_335" shape="rect" type="0"><point x="518" y="1379"/><point x="655" y="1379"/><point x="655" y="1413"/><point x="518" y="1413"/></area><area isNotContentShape="false" name="Activity ProcessVerificationOFS" refid="_19_0_2_e190334_1589519284037_502215_327" shape="rect" type="0"><point x="1736" y="1036"/><point x="1874" y="1036"/><point x="1874" y="1070"/><point x="1736" y="1070"/></area><area isNotContentShape="false" name="Activity AssemblyProgramming" refid="_19_0_2_e190334_1589519284037_905947_338" shape="rect" type="0"><point x="511" y="700"/><point x="651" y="700"/><point x="651" y="734"/><point x="511" y="734"/></area><area isNotContentShape="false" name="Activity Test_IncircuitCablescan" refid="_19_0_2_e190334_1589519284037_90501_337" shape="rect" type="0"><point x="686" y="1379"/><point x="826" y="1379"/><point x="826" y="1413"/><point x="686" y="1413"/></area></map><name humanName="Name" mode="s,e">BDD_CoreProcessTaxonomy</name><namespace classType="Package" humanName="Namespace" humanType="Package" icon="ElectronicsAssemblyCaseStudy_files/icon_package_1309191417.svg" name="5.0 - Functional Architecture" refid="_19_0_3_412017e_1583508791417_786403_210"/><ownedElement humanName="Owned Element"><instancespecification classType="InstanceSpecification" humanType="Instance Specification" icon="ElectronicsAssemblyCaseStudy_files/icon_instancespecification_2030294088.svg" name=" : DiagramInfo" refid="_19_0_3_412017e_1604950143166_450194_4366"/></ownedElement><owner classType="Package" humanName="Owner" humanType="Package" icon="ElectronicsAssemblyCaseStudy_files/icon_package_1309191417.svg" mode="s,e" name="5.0 - Functional Architecture" refid="_19_0_3_412017e_1583508791417_786403_210"/><ownerOfDiagram classType="Package" humanName="Owner Of Diagram" humanType="Package" icon="ElectronicsAssemblyCaseStudy_files/icon_package_1309191417.svg" name="5.0 - Functional Architecture" refid="_19_0_3_412017e_1583508791417_786403_210"/><qualifiedName humanName="Qualified Name" mode="e">0 - Production System Reference Architecture::5 - Architecture pkg::5.0 - Functional Architecture::BDD_CoreProcessTaxonomy</qualifiedName><TO_DO humanName="To Do" mode="s,e"/><DIAGRAM_TYPE_DERIVED_PROPERTY humanName="Type">SysML Block Definition Diagram</DIAGRAM_TYPE_DERIVED_PROPERTY><visibility humanName="Visibility">public</visibility></diagram></magicdraw>