<?xml version="1.0" encoding="UTF-8"?><activity classType="Activity" hasActiveHyperLink="false" hasChild="true" hasLink="true" humanType="Activity" icon="CommodityFlowNetwork_files/icon_activity_526101253.svg" name="ProcessNetwork" owner="_18_4_1_412017e_1480428197145_536891_21458" refid="_18_4_1_412017e_1490794010074_822948_28228"><ownedElement><diagram classType="Diagram" diagramType="sysmlinternalblockdiagram" hasActiveHyperLink="false" hasLink="false" humanType="Diagram" icon="CommodityFlowNetwork_files/icon_SysML Internal Block Diagram_883516442.svg" name="ProcessNetwork" owner="_18_4_1_412017e_1490794010074_822948_28228" refid="_18_5_1_412017e_1513345705460_109956_40319"/><connector classType="Connector" hasActiveHyperLink="false" hasChild="true" hasLink="false" humanType="Connector" icon="CommodityFlowNetwork_files/icon_connector_1226298219.svg" isRelationship="true" name="Connector:sequencing[CommodityFlowNetwork::ProcessNetwork::precedingProcess - CommodityFlowNetwork::ProcessNetwork::succeedingProcess]" owner="_18_4_1_412017e_1490794010074_822948_28228" refid="_18_5_1_412017e_1513345739085_910258_40417"/><valueproperty classType="Property" hasActiveHyperLink="false" hasLink="false" humanType="Value Property" icon="CommodityFlowNetwork_files/icon_valueproperty_961616212.svg" name="+/arrivalRate : Integer [0..*]" owner="_18_4_1_412017e_1490794010074_822948_28228" refid="_18_5_1_412017e_1555504196349_471525_23860"/><valueproperty classType="Property" hasActiveHyperLink="false" hasLink="false" humanType="Value Property" icon="CommodityFlowNetwork_files/icon_valueproperty_961616212.svg" name="+/averageQueueLength : Real [0..1]" owner="_18_4_1_412017e_1490794010074_822948_28228" refid="_18_5_1_412017e_1535991317037_887929_75845"/><valueproperty classType="Property" hasActiveHyperLink="false" hasLink="false" humanType="Value Property" icon="CommodityFlowNetwork_files/icon_valueproperty_961616212.svg" name="+/averageServiceTime : Real [0..1]" owner="_18_4_1_412017e_1490794010074_822948_28228" refid="_18_5_1_412017e_1535991295505_14006_75837"/><valueproperty classType="Property" hasActiveHyperLink="false" hasLink="false" humanType="Value Property" icon="CommodityFlowNetwork_files/icon_valueproperty_961616212.svg" name="+/averageSystemTime : Real [0..1]" owner="_18_4_1_412017e_1490794010074_822948_28228" refid="_18_5_1_412017e_1551969778617_81505_59654"/><valueproperty classType="Property" hasActiveHyperLink="false" hasLink="false" humanType="Value Property" icon="CommodityFlowNetwork_files/icon_valueproperty_961616212.svg" name="+/averageWaitingTime : Real [0..1]" owner="_18_4_1_412017e_1490794010074_822948_28228" refid="_18_5_1_412017e_1535991307110_247878_75841"/><valueproperty classType="Property" hasActiveHyperLink="false" hasLink="false" humanType="Value Property" icon="CommodityFlowNetwork_files/icon_valueproperty_961616212.svg" name="+concurrentProcessingCapacity : Integer [0..1]" owner="_18_4_1_412017e_1490794010074_822948_28228" refid="_18_5_1_412017e_1535991327055_899862_75849"/><partproperty classType="Property" hasActiveHyperLink="false" hasLink="false" humanType="Part Property" icon="CommodityFlowNetwork_files/icon_partproperty_1194243560.svg" name="+currentlyProcessing : Commodity [0..*]" owner="_18_4_1_412017e_1490794010074_822948_28228" refid="_18_5_1_412017e_1555503070302_972482_23773"/><partproperty classType="Property" hasActiveHyperLink="false" hasLink="false" humanType="Part Property" icon="CommodityFlowNetwork_files/icon_partproperty_1194243560.svg" name="+currentlyQueued : Commodity [0..*]" owner="_18_4_1_412017e_1490794010074_822948_28228" refid="_18_5_1_412017e_1555502958330_540495_23759"/><valueproperty classType="Property" hasActiveHyperLink="false" hasLink="false" humanType="Value Property" icon="CommodityFlowNetwork_files/icon_valueproperty_961616212.svg" name="+/departureRate : Integer [0..*]" owner="_18_4_1_412017e_1490794010074_822948_28228" refid="_18_5_1_412017e_1555504204243_519625_23868"/><valueproperty classType="Property" hasActiveHyperLink="false" hasLink="false" humanType="Value Property" icon="CommodityFlowNetwork_files/icon_valueproperty_961616212.svg" name="+expectedServiceTime : Real [1..*]" owner="_18_4_1_412017e_1490794010074_822948_28228" refid="_18_5_1_412017e_1571407483304_517857_24990"/><valueproperty classType="Property" hasActiveHyperLink="false" hasLink="false" humanType="Value Property" icon="CommodityFlowNetwork_files/icon_valueproperty_961616212.svg" name="+fixedProcessingCost : Real [0..*]" owner="_18_4_1_412017e_1490794010074_822948_28228" refid="_18_5_1_412017e_1571748521235_302622_21973"/><referenceproperty classType="Property" hasActiveHyperLink="false" hasLink="false" humanType="Reference Property" icon="CommodityFlowNetwork_files/icon_referenceproperty_1806116155.svg" name="+parentProcessNetwork : ProcessNetwork [0..1]" owner="_18_4_1_412017e_1490794010074_822948_28228" refid="_18_4_1_412017e_1480449704985_231240_25973"/><referenceproperty classType="Property" hasActiveHyperLink="false" hasLink="false" humanType="Reference Property" icon="CommodityFlowNetwork_files/icon_referenceproperty_1806116155.svg" name="-precedingProcess : ProcessNetwork [0..*]" owner="_18_4_1_412017e_1490794010074_822948_28228" refid="_18_5_1_412017e_1513345208932_140576_39962"/><adjunctproperty classType="Property" hasActiveHyperLink="false" hasLink="false" humanType="Adjunct Property" icon="CommodityFlowNetwork_files/icon_adjunctproperty_1016905217.svg" name="+processNode : ProcessNetwork [0..*]" owner="_18_4_1_412017e_1490794010074_822948_28228" refid="_18_4_1_412017e_1480449704985_547184_25972"/><adjunctproperty classType="Property" hasActiveHyperLink="false" hasLink="false" humanType="Adjunct Property" icon="CommodityFlowNetwork_files/icon_adjunctproperty_1016905217.svg" name="+sequencing : SequencingLink [1..*]" owner="_18_4_1_412017e_1490794010074_822948_28228" refid="_18_5_1_412017e_1513345350822_523426_40055"/><valueproperty classType="Property" hasActiveHyperLink="false" hasLink="false" humanType="Value Property" icon="CommodityFlowNetwork_files/icon_valueproperty_961616212.svg" name="+storageCapacity : Integer [0..1]" owner="_18_4_1_412017e_1490794010074_822948_28228" refid="_18_5_1_412017e_1535991334448_279546_75853"/><referenceproperty classType="Property" hasActiveHyperLink="false" hasLink="false" humanType="Reference Property" icon="CommodityFlowNetwork_files/icon_referenceproperty_1806116155.svg" name="-succeedingProcess : ProcessNetwork [0..*]" owner="_18_4_1_412017e_1490794010074_822948_28228" refid="_18_5_1_412017e_1513345208933_313648_39963"/><valueproperty classType="Property" hasActiveHyperLink="false" hasLink="false" humanType="Value Property" icon="CommodityFlowNetwork_files/icon_valueproperty_961616212.svg" name="+/throughput : Real [0..1]" owner="_18_4_1_412017e_1490794010074_822948_28228" refid="_18_5_1_412017e_1535991289352_802115_75833"/><valueproperty classType="Property" hasActiveHyperLink="false" hasLink="false" humanType="Value Property" icon="CommodityFlowNetwork_files/icon_valueproperty_961616212.svg" name="+unitProcessingCost : Real [0..*]" owner="_18_4_1_412017e_1490794010074_822948_28228" refid="_18_5_1_412017e_1571748529278_475274_21977"/><valueproperty classType="Property" hasActiveHyperLink="false" hasLink="false" humanType="Value Property" icon="CommodityFlowNetwork_files/icon_valueproperty_961616212.svg" name="+/utilization : Real [0..1]" owner="_18_4_1_412017e_1490794010074_822948_28228" refid="_18_5_1_412017e_1535991278696_822334_75829"/><parameter classType="Parameter" hasActiveHyperLink="false" hasLink="false" humanType="Parameter" icon="CommodityFlowNetwork_files/icon_parameter_1919576980.svg" name="in inputs : Commodity [1..*]" owner="_18_4_1_412017e_1490794010074_822948_28228" refid="_18_5_1_412017e_1526663814487_924785_39254"/><parameter classType="Parameter" hasActiveHyperLink="false" hasLink="false" humanType="Parameter" icon="CommodityFlowNetwork_files/icon_parameter_1919576980.svg" name="out outputs : Commodity [0..*]" owner="_18_4_1_412017e_1490794010074_822948_28228" refid="_18_5_1_412017e_1528288050814_221578_41975"/><activityparameternode classType="ActivityParameterNode" hasActiveHyperLink="false" hasLink="false" humanType="Activity Parameter Node" icon="CommodityFlowNetwork_files/icon_activityparameternode_419280591.svg" name="inputItems : Commodity" owner="_18_4_1_412017e_1490794010074_822948_28228" refid="_18_5_1_412017e_1526663814535_107097_39255"/><activityparameternode classType="ActivityParameterNode" hasActiveHyperLink="false" hasLink="false" humanType="Activity Parameter Node" icon="CommodityFlowNetwork_files/icon_activityparameternode_419280591.svg" name="outputItems : Commodity" owner="_18_4_1_412017e_1490794010074_822948_28228" refid="_18_5_1_412017e_1528288050845_374591_41976"/><callbehavioraction classType="CallBehaviorAction" hasActiveHyperLink="false" hasChild="true" hasLink="true" humanType="Call Behavior Action" icon="CommodityFlowNetwork_files/icon_callbehavioraction_66845334.svg" name="processNode:ProcessNetwork" owner="_18_4_1_412017e_1490794010074_822948_28228" refid="_18_5_1_412017e_1528286997772_422135_41685"/><generalization classType="Generalization" hasActiveHyperLink="false" hasLink="false" humanType="Generalization" icon="CommodityFlowNetwork_files/icon_generalization_1702478809.svg" isRelationship="true" owner="_18_4_1_412017e_1490794010074_822948_28228" refid="_18_5_1_412017e_1515523149156_245226_37730"/></ownedElement></activity>