<?xml version="1.0" encoding="UTF-8"?><block classType="Class" hasActiveHyperLink="false" hasChild="true" hasLink="false" humanType="Block" icon="CommodityFlowNetwork_files/icon_block_1669352891.svg" name="Commodity" owner="_18_4_1_412017e_1480428197145_536891_21458" refid="_18_4_1_412017e_1480431603356_207384_23063"><ownedElement><block classType="Class" hasActiveHyperLink="false" hasChild="true" hasLink="false" humanType="Block" icon="CommodityFlowNetwork_files/icon_block_979213603.svg" name="CommodityType" owner="_18_4_1_412017e_1480431603356_207384_23063" refid="_18_5_1_412017e_1569952121489_428624_21797"/><partproperty classType="Property" hasActiveHyperLink="false" hasLink="false" humanType="Part Property" icon="CommodityFlowNetwork_files/icon_partproperty_1194243560.svg" name="component : Commodity [0..*]" owner="_18_4_1_412017e_1480431603356_207384_23063" refid="_18_4_1_412017e_1480431753998_457015_23127"/><referenceproperty classType="Property" hasActiveHyperLink="false" hasLink="false" humanType="Reference Property" icon="CommodityFlowNetwork_files/icon_referenceproperty_88293896.svg" name="consumedBy : FlowNetwork [1]" owner="_18_4_1_412017e_1480431603356_207384_23063" refid="_18_5_1_412017e_1563369652447_38498_21437"/><referenceproperty classType="Property" hasActiveHyperLink="false" hasLink="false" humanType="Reference Property" icon="CommodityFlowNetwork_files/icon_referenceproperty_88293896.svg" name="flowingIn : FlowNetwork [1]" owner="_18_4_1_412017e_1480431603356_207384_23063" refid="_18_5_1_412017e_1563369926860_988225_21498"/><referenceproperty classType="Property" hasActiveHyperLink="false" hasLink="false" humanType="Reference Property" icon="CommodityFlowNetwork_files/icon_referenceproperty_88293896.svg" name="producedBy : FlowNetwork [1]" owner="_18_4_1_412017e_1480431603356_207384_23063" refid="_18_5_1_412017e_1563369637763_628770_21414"/><valueproperty classType="Property" hasActiveHyperLink="false" hasLink="false" humanType="Value Property" icon="CommodityFlowNetwork_files/icon_valueproperty_167772559.svg" name="state [0..*]" owner="_18_4_1_412017e_1480431603356_207384_23063" refid="_18_4_1_412017e_1480431646482_860258_23087"/><referenceproperty classType="Property" hasActiveHyperLink="false" hasLink="false" humanType="Reference Property" icon="CommodityFlowNetwork_files/icon_referenceproperty_88293896.svg" name="type : Commodity::CommodityType [1]" owner="_18_4_1_412017e_1480431603356_207384_23063" refid="_18_5_1_412017e_1569952203087_429196_21805"/><valueproperty classType="Property" hasActiveHyperLink="false" hasLink="false" humanType="Value Property" icon="CommodityFlowNetwork_files/icon_valueproperty_167772559.svg" name="/typeID : String [0..1]" owner="_18_4_1_412017e_1480431603356_207384_23063" refid="_18_5_1_412017e_1570556303289_36837_24013"/><generalization classType="Generalization" hasActiveHyperLink="false" hasLink="false" humanType="Generalization" icon="CommodityFlowNetwork_files/icon_generalization_1702478809.svg" isRelationship="true" owner="_18_4_1_412017e_1480431603356_207384_23063" refid="_18_5_1_412017e_1550600005241_760753_31949"/></ownedElement></block>