<?xml version="1.0" encoding="UTF-8"?><block classType="Class" hasChild="true" hasLink="true" humanType="Block" icon="CommodityFlowNetwork_files/icon_block_1211948370.svg" name="FlowNetwork" owner="_18_4_1_412017e_1480428197145_536891_21458" refid="_18_4_1_412017e_1480430023770_307416_22716"><ownedElement><diagram classType="Diagram" diagramType="sysmlinternalblockdiagram" hasLink="false" humanType="Diagram" icon="CommodityFlowNetwork_files/icon_SysML Internal Block Diagram_708950728.svg" name="FlowNetwork" owner="_18_4_1_412017e_1480430023770_307416_22716" refid="_18_5_1_412017e_1513362123385_20245_41390"/><connector classType="Connector" hasChild="true" hasLink="false" humanType="Connector" icon="CommodityFlowNetwork_files/icon_connector_43368234.svg" isRelationship="true" name="Connector:flowEdge[CommodityFlowNetwork::FlowNetwork::flowNode - CommodityFlowNetwork::FlowNetwork::flowNode]" owner="_18_4_1_412017e_1480430023770_307416_22716" refid="_18_5_1_412017e_1513362143618_808921_41457"/><referenceproperty classType="Property" hasLink="false" humanType="Reference Property" icon="CommodityFlowNetwork_files/icon_referenceproperty_1886598880.svg" name="consumes : Commodity [0..*]" owner="_18_4_1_412017e_1480430023770_307416_22716" refid="_18_5_1_412017e_1552326045705_830137_60604"/><valueproperty classType="Property" hasLink="false" humanType="Value Property" icon="CommodityFlowNetwork_files/icon_valueproperty_1963421064.svg" name="consumptionRate : Real [0..*]" owner="_18_4_1_412017e_1480430023770_307416_22716" refid="_18_5_1_412017e_1516803841216_75498_35029"/><referenceproperty classType="Property" hasLink="false" humanType="Reference Property" icon="CommodityFlowNetwork_files/icon_referenceproperty_1886598880.svg" name="consumptionType : Commodity::CommodityType [0..*]" owner="_18_4_1_412017e_1480430023770_307416_22716" refid="_18_5_1_412017e_1569952554947_172805_21848"/><referenceproperty classType="Property" hasLink="false" humanType="Reference Property" icon="CommodityFlowNetwork_files/icon_referenceproperty_1886598880.svg" name="currentlyFlowingThrough : Commodity [0..*]" owner="_18_4_1_412017e_1480430023770_307416_22716" refid="_18_5_1_412017e_1555502817608_748608_23754"/><partproperty classType="Property" hasLink="false" humanType="Part Property" icon="CommodityFlowNetwork_files/icon_partproperty_1926583019.svg" name="flowEdge : FlowNetworkLink [0..*]" owner="_18_4_1_412017e_1480430023770_307416_22716" refid="_18_5_1_412017e_1513191078480_901416_37791"/><partproperty classType="Property" hasLink="false" humanType="Part Property" icon="CommodityFlowNetwork_files/icon_partproperty_1926583019.svg" name="flowNode : FlowNetwork [0..*]" owner="_18_4_1_412017e_1480430023770_307416_22716" refid="_18_5_1_412017e_1513192538972_225456_37849"/><valueproperty classType="Property" hasLink="false" humanType="Value Property" icon="CommodityFlowNetwork_files/icon_valueproperty_1963421064.svg" name="/inFlowRate : Real [0..*]" owner="_18_4_1_412017e_1480430023770_307416_22716" refid="_18_5_1_412017e_1555504034751_641856_23849"/><flowproperty classType="Property" hasLink="false" humanType="Flow Property" icon="CommodityFlowNetwork_files/icon_flowproperty_619798801.svg" name="in inputs : Commodity [0..*]" owner="_18_4_1_412017e_1480430023770_307416_22716" refid="_18_5_1_412017e_1516804276976_159477_35115"/><valueproperty classType="Property" hasLink="false" humanType="Value Property" icon="CommodityFlowNetwork_files/icon_valueproperty_1963421064.svg" name="/outFlowRate : Real [0..*]" owner="_18_4_1_412017e_1480430023770_307416_22716" refid="_18_5_1_412017e_1555504061447_710445_23855"/><flowproperty classType="Property" hasLink="false" humanType="Flow Property" icon="CommodityFlowNetwork_files/icon_flowproperty_619798801.svg" name="out outputs : Commodity [0..*]" owner="_18_4_1_412017e_1480430023770_307416_22716" refid="_18_5_1_412017e_1516804357021_942548_35124"/><referenceproperty classType="Property" hasLink="false" humanType="Reference Property" icon="CommodityFlowNetwork_files/icon_referenceproperty_1886598880.svg" name="parentFlowNetwork : FlowNetwork [0..1]" owner="_18_4_1_412017e_1480430023770_307416_22716" refid="_18_5_1_412017e_1513192538972_931633_37850"/><referenceproperty classType="Property" hasLink="false" humanType="Reference Property" icon="CommodityFlowNetwork_files/icon_referenceproperty_1886598880.svg" name="produces : Commodity [0..*]" owner="_18_4_1_412017e_1480430023770_307416_22716" refid="_18_5_1_412017e_1552326004774_512809_60599"/><valueproperty classType="Property" hasLink="false" humanType="Value Property" icon="CommodityFlowNetwork_files/icon_valueproperty_1963421064.svg" name="productionRate : Real [0..*]" owner="_18_4_1_412017e_1480430023770_307416_22716" refid="_18_5_1_412017e_1516803804302_71094_35023"/><referenceproperty classType="Property" hasLink="false" humanType="Reference Property" icon="CommodityFlowNetwork_files/icon_referenceproperty_1886598880.svg" name="productionType : Commodity::CommodityType [0..*]" owner="_18_4_1_412017e_1480430023770_307416_22716" refid="_18_5_1_412017e_1569952454125_964807_21841"/><referenceproperty classType="Property" hasLink="false" humanType="Reference Property" icon="CommodityFlowNetwork_files/icon_referenceproperty_1886598880.svg" name="sourceFlowNetwork : FlowNetwork [0..*]" owner="_18_4_1_412017e_1480430023770_307416_22716" refid="_18_5_1_412017e_1513191054925_531915_37681"/><referenceproperty classType="Property" hasLink="false" humanType="Reference Property" icon="CommodityFlowNetwork_files/icon_referenceproperty_1886598880.svg" name="targetFlowNetwork : FlowNetwork [0..*]" owner="_18_4_1_412017e_1480430023770_307416_22716" refid="_18_5_1_412017e_1513191054926_725262_37682"/><generalization classType="Generalization" hasLink="false" humanType="Generalization" icon="CommodityFlowNetwork_files/icon_generalization_1149747394.svg" isRelationship="true" owner="_18_4_1_412017e_1480430023770_307416_22716" refid="_18_4_1_412017e_1480430095754_117180_22761"/><generalization classType="Generalization" hasLink="false" humanType="Generalization" icon="CommodityFlowNetwork_files/icon_generalization_1149747394.svg" isRelationship="true" owner="_18_4_1_412017e_1480430023770_307416_22716" refid="_18_5_1_412017e_1569951695918_746575_21779"/></ownedElement></block>