<?xml version="1.0" encoding="UTF-8"?><block classType="Class" hasChild="true" hasLink="true" humanType="Block" icon="CommodityFlowNetwork_files/icon_block_1211948370.svg" name="Network" owner="_18_4_1_412017e_1480428197145_536891_21458" refid="_18_4_1_412017e_1480428292021_38215_21493"><ownedElement><diagram classType="Diagram" diagramType="sysmlinternalblockdiagram" hasLink="false" humanType="Diagram" icon="CommodityFlowNetwork_files/icon_SysML Internal Block Diagram_708950728.svg" name="Network" owner="_18_4_1_412017e_1480428292021_38215_21493" refid="_18_5_1_412017e_1513264180102_435102_39251"/><connector classType="Connector" hasChild="true" hasLink="false" humanType="Connector" icon="CommodityFlowNetwork_files/icon_connector_43368234.svg" isRelationship="true" name="Connector:edge[CommodityFlowNetwork::Network::node - CommodityFlowNetwork::Network::node]" owner="_18_4_1_412017e_1480428292021_38215_21493" refid="_18_5_1_412017e_1513264357871_360474_39528"/><valueproperty classType="Property" hasLink="false" humanType="Value Property" icon="CommodityFlowNetwork_files/icon_valueproperty_866173813.svg" name="cost : Real [0..1]" owner="_18_4_1_412017e_1480428292021_38215_21493" refid="_18_5_1_412017e_1533905277155_825979_70908"/><adjunctproperty classType="Property" hasLink="false" humanType="Adjunct Property" icon="CommodityFlowNetwork_files/icon_adjunctproperty_1826871830.svg" name="edge : NetworkLink [0..*]" owner="_18_4_1_412017e_1480428292021_38215_21493" refid="_18_5_1_412017e_1513190219530_869897_37060"/><referenceproperty classType="Property" hasLink="false" humanType="Reference Property" icon="CommodityFlowNetwork_files/icon_referenceproperty_857976599.svg" name="endNetwork1 : Network [0..*]" owner="_18_4_1_412017e_1480428292021_38215_21493" refid="_18_5_1_412017e_1513190186908_510822_36952"/><referenceproperty classType="Property" hasLink="false" humanType="Reference Property" icon="CommodityFlowNetwork_files/icon_referenceproperty_857976599.svg" name="endNetwork2 : Network [0..*]" owner="_18_4_1_412017e_1480428292021_38215_21493" refid="_18_5_1_412017e_1513190186908_343394_36953"/><partproperty classType="Property" hasLink="false" humanType="Part Property" icon="CommodityFlowNetwork_files/icon_partproperty_1666480939.svg" name="node : Network [0..*]" owner="_18_4_1_412017e_1480428292021_38215_21493" refid="_18_5_1_412017e_1513189146779_978407_36026"/><referenceproperty classType="Property" hasLink="false" humanType="Reference Property" icon="CommodityFlowNetwork_files/icon_referenceproperty_857976599.svg" name="parentNetwork : Network [0..1]" owner="_18_4_1_412017e_1480428292021_38215_21493" refid="_18_5_1_412017e_1513189146779_560277_36027"/><generalization classType="Generalization" hasLink="false" humanType="Generalization" icon="CommodityFlowNetwork_files/icon_generalization_1149747394.svg" isRelationship="true" owner="_18_4_1_412017e_1480428292021_38215_21493" refid="_18_5_1_412017e_1570105911189_624838_22669"/></ownedElement></block>