<?xml version="1.0" encoding="UTF-8"?><model classType="Model" hasChild="true" hasLink="false" humanType="Model" icon="CommodityFlowNetwork_files/icon_model_1095186369.svg" name="CommodityFlowNetwork" owner="_18_4_1_412017e_1480515825528_895836_28813" refid="_18_4_1_412017e_1480428197145_536891_21458"><ownedElement><diagram classType="Diagram" diagramType="sysmlblockdefinitiondiagram" hasLink="false" humanType="Diagram" icon="CommodityFlowNetwork_files/icon_SysML Block Definition Diagram_2096291030.svg" name="BasicNetwork" owner="_18_4_1_412017e_1480428197145_536891_21458" refid="_18_5_1_412017e_1513189125580_441486_35907"/><diagram classType="Diagram" diagramType="sysmlblockdefinitiondiagram" hasLink="false" humanType="Diagram" icon="CommodityFlowNetwork_files/icon_SysML Block Definition Diagram_2096291030.svg" name="Commodity" owner="_18_4_1_412017e_1480428197145_536891_21458" refid="_18_5_1_412017e_1552399189104_531799_62569"/><diagram classType="Diagram" diagramType="sysmlblockdefinitiondiagram" hasLink="false" humanType="Diagram" icon="CommodityFlowNetwork_files/icon_SysML Block Definition Diagram_2096291030.svg" name="CommodityFlowNetworkOverview" owner="_18_4_1_412017e_1480428197145_536891_21458" refid="_18_5_1_412017e_1563536593786_365035_22477"/><diagram classType="Diagram" diagramType="sysmlblockdefinitiondiagram" hasLink="false" humanType="Diagram" icon="CommodityFlowNetwork_files/icon_SysML Block Definition Diagram_2096291030.svg" name="FlowNetwork" owner="_18_4_1_412017e_1480428197145_536891_21458" refid="_18_4_1_412017e_1480430006088_181173_22517"/><diagram classType="Diagram" diagramType="sysmlblockdefinitiondiagram" hasLink="false" humanType="Diagram" icon="CommodityFlowNetwork_files/icon_SysML Block Definition Diagram_2096291030.svg" name="FlowNetwork_simple" owner="_18_4_1_412017e_1480428197145_536891_21458" refid="_18_5_1_412017e_1583499600145_43424_20112"/><diagram classType="Diagram" diagramType="sysmlblockdefinitiondiagram" hasLink="false" humanType="Diagram" icon="CommodityFlowNetwork_files/icon_SysML Block Definition Diagram_2096291030.svg" name="FlowNetwork_w/Notes" owner="_18_4_1_412017e_1480428197145_536891_21458" refid="_18_5_1_412017e_1521810279781_348461_35190"/><diagram classType="Diagram" diagramType="sysmlblockdefinitiondiagram" hasLink="false" humanType="Diagram" icon="CommodityFlowNetwork_files/icon_SysML Block Definition Diagram_2096291030.svg" name="ProcessNetwork" owner="_18_4_1_412017e_1480428197145_536891_21458" refid="_18_4_1_412017e_1480448894962_294167_25475"/><diagram classType="Diagram" diagramType="sysmlblockdefinitiondiagram" hasLink="false" humanType="Diagram" icon="CommodityFlowNetwork_files/icon_SysML Block Definition Diagram_2096291030.svg" name="ProcessNetwork_simple" owner="_18_4_1_412017e_1480428197145_536891_21458" refid="_18_5_1_412017e_1583765623101_48127_15113"/><block classType="Class" hasChild="true" hasLink="false" humanType="Block" icon="CommodityFlowNetwork_files/icon_block_1211948370.svg" name="Commodity" owner="_18_4_1_412017e_1480428197145_536891_21458" refid="_18_4_1_412017e_1480431603356_207384_23063"/><block classType="Class" hasChild="true" hasLink="true" humanType="Block" icon="CommodityFlowNetwork_files/icon_block_1211948370.svg" name="FlowNetwork" owner="_18_4_1_412017e_1480428197145_536891_21458" refid="_18_4_1_412017e_1480430023770_307416_22716"/><block classType="Class" hasChild="true" hasLink="false" humanType="Block" icon="CommodityFlowNetwork_files/icon_block_1211948370.svg" name="FlowNetworkElement" owner="_18_4_1_412017e_1480428197145_536891_21458" refid="_18_5_1_412017e_1569950967170_559775_21717"/><block classType="Class" hasChild="true" hasLink="false" humanType="Block" icon="CommodityFlowNetwork_files/icon_block_1211948370.svg" name="IdentifiableElement" owner="_18_4_1_412017e_1480428197145_536891_21458" refid="_18_5_1_412017e_1550599419049_374663_31602"/><block classType="Class" hasChild="true" hasLink="true" humanType="Block" icon="CommodityFlowNetwork_files/icon_block_1211948370.svg" name="Network" owner="_18_4_1_412017e_1480428197145_536891_21458" refid="_18_4_1_412017e_1480428292021_38215_21493"/><block classType="Class" hasChild="true" hasLink="false" humanType="Block" icon="CommodityFlowNetwork_files/icon_block_1211948370.svg" name="NetworkElement" owner="_18_4_1_412017e_1480428197145_536891_21458" refid="_18_5_1_412017e_1570105871470_979385_22666"/><block classType="Class" hasChild="true" hasLink="false" humanType="Block" icon="CommodityFlowNetwork_files/icon_block_1211948370.svg" name="ReflectiveObject" owner="_18_4_1_412017e_1480428197145_536891_21458" refid="_18_5_1_412017e_1570104543410_767325_22533"/><enumeration classType="Enumeration" hasChild="true" hasLink="false" humanType="Enumeration" icon="CommodityFlowNetwork_files/icon_enumeration_541248718.svg" name="SequencingKind" owner="_18_4_1_412017e_1480428197145_536891_21458" refid="_18_4_1_412017e_1480450245321_780581_26089"/><activity classType="Activity" hasChild="true" hasLink="true" humanType="Activity" icon="CommodityFlowNetwork_files/icon_activity_1146164911.svg" name="ProcessNetwork" owner="_18_4_1_412017e_1480428197145_536891_21458" refid="_18_4_1_412017e_1490794010074_822948_28228"/><association classType="Association" hasChild="true" hasLink="false" humanType="Association" icon="CommodityFlowNetwork_files/icon_association_2135934617.svg" isRelationship="true" name="Association[parentCommodity:CommodityFlowNetwork::Commodity -&gt; component:CommodityFlowNetwork::Commodity]" owner="_18_4_1_412017e_1480428197145_536891_21458" refid="_18_4_1_412017e_1480431753998_649371_23126"/><association classType="Association" hasLink="false" humanType="Association" icon="CommodityFlowNetwork_files/icon_association_1938847993.svg" isRelationship="true" name="Association[parentProcessNetwork:CommodityFlowNetwork::ProcessNetwork - processNode:CommodityFlowNetwork::ProcessNetwork]" owner="_18_4_1_412017e_1480428197145_536891_21458" refid="_18_4_1_412017e_1480449704985_415591_25971"/><association classType="Association" hasLink="false" humanType="Association" icon="CommodityFlowNetwork_files/icon_association_1938847993.svg" isRelationship="true" name="Association[parentNetwork:CommodityFlowNetwork::Network - node:CommodityFlowNetwork::Network]" owner="_18_4_1_412017e_1480428197145_536891_21458" refid="_18_5_1_412017e_1513189146778_490437_36025"/><association classType="Association" hasLink="false" humanType="Association" icon="CommodityFlowNetwork_files/icon_association_1938847993.svg" isRelationship="true" name="Association[parentNetwork:CommodityFlowNetwork::Network - edge:CommodityFlowNetwork::NetworkLink]" owner="_18_4_1_412017e_1480428197145_536891_21458" refid="_18_5_1_412017e_1513190219530_677714_37059"/><association classType="Association" hasChild="true" hasLink="false" humanType="Association" icon="CommodityFlowNetwork_files/icon_association_1938847993.svg" isRelationship="true" name="Association[parentFlowNetwork:CommodityFlowNetwork::FlowNetwork - flowEdge:CommodityFlowNetwork::FlowNetworkLink]" owner="_18_4_1_412017e_1480428197145_536891_21458" refid="_18_5_1_412017e_1513191078480_865032_37790"/><association classType="Association" hasLink="false" humanType="Association" icon="CommodityFlowNetwork_files/icon_association_1938847993.svg" isRelationship="true" name="Association[parentFlowNetwork:CommodityFlowNetwork::FlowNetwork - flowNode:CommodityFlowNetwork::FlowNetwork]" owner="_18_4_1_412017e_1480428197145_536891_21458" refid="_18_5_1_412017e_1513192538972_915919_37848"/><association classType="Association" hasLink="false" humanType="Association" icon="CommodityFlowNetwork_files/icon_association_1938847993.svg" isRelationship="true" name="Association[parentProcessNetwork:CommodityFlowNetwork::ProcessNetwork - sequencing:CommodityFlowNetwork::SequencingLink]" owner="_18_4_1_412017e_1480428197145_536891_21458" refid="_18_5_1_412017e_1513345350822_879504_40054"/><association classType="Association" hasChild="true" hasLink="false" humanType="Association" icon="CommodityFlowNetwork_files/icon_association_1877769341.svg" isRelationship="true" name="Association[inputs:CommodityFlowNetwork::Commodity &lt;- CommodityFlowNetwork::FlowNetwork]" owner="_18_4_1_412017e_1480428197145_536891_21458" refid="_18_5_1_412017e_1552399219709_520238_62697"/><association classType="Association" hasChild="true" hasLink="false" humanType="Association" icon="CommodityFlowNetwork_files/icon_association_1877769341.svg" isRelationship="true" name="Association[outputs:CommodityFlowNetwork::Commodity &lt;- CommodityFlowNetwork::FlowNetwork]" owner="_18_4_1_412017e_1480428197145_536891_21458" refid="_18_5_1_412017e_1552399222874_296484_62723"/><association classType="Association" hasLink="false" humanType="Association" icon="CommodityFlowNetwork_files/icon_association_295714741.svg" isRelationship="true" name="Association[produces:CommodityFlowNetwork::Commodity - producedBy:CommodityFlowNetwork::FlowNetwork]" owner="_18_4_1_412017e_1480428197145_536891_21458" refid="_18_5_1_412017e_1563369637758_991226_21413"/><association classType="Association" hasLink="false" humanType="Association" icon="CommodityFlowNetwork_files/icon_association_295714741.svg" isRelationship="true" name="Association[consumes:CommodityFlowNetwork::Commodity - consumedBy:CommodityFlowNetwork::FlowNetwork]" owner="_18_4_1_412017e_1480428197145_536891_21458" refid="_18_5_1_412017e_1563369652447_361629_21436"/><association classType="Association" hasLink="false" humanType="Association" icon="CommodityFlowNetwork_files/icon_association_295714741.svg" isRelationship="true" name="Association[currentlyFlowingThrough:CommodityFlowNetwork::Commodity - flowingIn:CommodityFlowNetwork::FlowNetwork]" owner="_18_4_1_412017e_1480428197145_536891_21458" refid="_18_5_1_412017e_1563369926860_326110_21497"/><association classType="Association" hasChild="true" hasLink="false" humanType="Association" icon="CommodityFlowNetwork_files/icon_association_1877769341.svg" isRelationship="true" name="Association[type:CommodityFlowNetwork::Commodity::CommodityType &lt;- instance:CommodityFlowNetwork::Commodity]" owner="_18_4_1_412017e_1480428197145_536891_21458" refid="_18_5_1_412017e_1570125371795_794582_23092"/><block classType="AssociationClass" hasChild="true" hasLink="false" humanType="Block" icon="CommodityFlowNetwork_files/icon_block_1211948370.svg" isRelationship="true" name="FlowNetworkLink[targetFlowNetwork:CommodityFlowNetwork::FlowNetwork - sourceFlowNetwork:CommodityFlowNetwork::FlowNetwork]" owner="_18_4_1_412017e_1480428197145_536891_21458" refid="_18_5_1_412017e_1513191054925_696549_37680"/><block classType="AssociationClass" hasChild="true" hasLink="false" humanType="Block" icon="CommodityFlowNetwork_files/icon_block_1211948370.svg" isRelationship="true" name="NetworkLink[endNetwork2:CommodityFlowNetwork::Network - endNetwork1:CommodityFlowNetwork::Network]" owner="_18_4_1_412017e_1480428197145_536891_21458" refid="_18_5_1_412017e_1513190186908_384793_36951"/><block classType="AssociationClass" hasChild="true" hasLink="false" humanType="Block" icon="CommodityFlowNetwork_files/icon_block_1211948370.svg" isRelationship="true" name="SequencingLink[succeedingProcess:CommodityFlowNetwork::ProcessNetwork - precedingProcess:CommodityFlowNetwork::ProcessNetwork]" owner="_18_4_1_412017e_1480428197145_536891_21458" refid="_18_5_1_412017e_1513345208932_58869_39961"/><itemflow classType="InformationFlow" hasLink="false" humanType="ItemFlow" icon="CommodityFlowNetwork_files/icon_itemflow_82517097.svg" isRelationship="true" name="ItemFlow:commodityFlow[CommodityFlowNetwork::FlowNetwork::flowNode -&gt; CommodityFlowNetwork::FlowNetwork::flowNode]" owner="_18_4_1_412017e_1480428197145_536891_21458" refid="_18_5_1_412017e_1535121508932_359928_71724"/><packageimport classType="PackageImport" hasLink="false" humanType="Package Import" icon="CommodityFlowNetwork_files/icon_packageimport_1878454236.svg" isRelationship="true" owner="_18_4_1_412017e_1480428197145_536891_21458" refid="_18_5_1_412017e_1536329806564_766887_77338"/></ownedElement></model>