<?xml version="1.0" encoding="UTF-8"?><package classType="Package" hasChild="true" hasLink="false" humanType="Package" icon="DiscreteEventLogisticsSystems_files/icon_package_1331654213.jpg" name="LayoutSemanticsToAbstractANetwork" owner="_17_0_4_2_937029c_1471893021769_49586_27346" refid="_17_0_4_2_937029c_1471893021782_779879_27360"><ownedElement><problem classType="Comment" hasLink="false" humanType="Problem" icon="DiscreteEventLogisticsSystems_files/icon_problem_1221117706.jpg" name="Suppose an analysis is searching for geometric ove..." owner="_17_0_4_2_937029c_1471893021782_779879_27360" refid="_17_0_4_2_937029c_1471893022416_861816_27487"/><diagram classType="Diagram" diagramType="sysmlblockdefinitiondiagram" hasLink="false" humanType="Diagram" icon="DiscreteEventLogisticsSystems_files/icon_SysML Block Definition Diagram_2096291030.jpg" name="LayoutSemanticsToAbstractANetwork" owner="_17_0_4_2_937029c_1471893021782_779879_27360" refid="_17_0_4_2_937029c_1471893022401_953771_27466"/><package classType="Package" hasChild="true" hasLink="false" humanType="Package" icon="DiscreteEventLogisticsSystems_files/icon_package_1331654213.jpg" name="PathIntersection" owner="_17_0_4_2_937029c_1471893021782_779879_27360" refid="_17_0_4_2_937029c_1471893022092_866907_27451"/><block classType="Class" hasChild="true" hasLink="false" humanType="Block" icon="DiscreteEventLogisticsSystems_files/icon_block_804609755.jpg" name="Endpoint Node" owner="_17_0_4_2_937029c_1471893021782_779879_27360" refid="_17_0_4_2_937029c_1471893022088_847674_27447"/><block classType="Class" hasChild="true" hasLink="false" humanType="Block" icon="DiscreteEventLogisticsSystems_files/icon_block_804609755.jpg" name="Internal Node" owner="_17_0_4_2_937029c_1471893021782_779879_27360" refid="_17_0_4_2_937029c_1471893022090_731274_27450"/><block classType="Class" hasChild="true" hasLink="false" humanType="Block" icon="DiscreteEventLogisticsSystems_files/icon_block_804609755.jpg" name="Rectangular Path" owner="_17_0_4_2_937029c_1471893021782_779879_27360" refid="_17_0_4_2_937029c_1471893022093_648141_27453"/><block classType="Class" hasChild="true" hasLink="false" humanType="Block" icon="DiscreteEventLogisticsSystems_files/icon_block_804609755.jpg" name="Rectangular Path Segment" owner="_17_0_4_2_937029c_1471893021782_779879_27360" refid="_17_0_4_2_937029c_1471893022089_900203_27449"/><association classType="Association" hasLink="false" humanType="Association" icon="DiscreteEventLogisticsSystems_files/icon_association_1938847993.jpg" isRelationship="true" name="Association[DiscreteEventLogisticsSystems::PLANT::Facility::Layout::LayoutSemanticsToAbstractANetwork::Rectangular Path Segment - internalNode:DiscreteEventLogisticsSystems::PLANT::Facility::Layout::LayoutSemanticsToAbstractANetwork::Internal Node]" owner="_17_0_4_2_937029c_1471893021782_779879_27360" refid="_17_0_4_2_937029c_1471893022088_726768_27448"/><association classType="Association" hasLink="false" humanType="Association" icon="DiscreteEventLogisticsSystems_files/icon_association_1155286948.jpg" isRelationship="true" name="Association[endpointOfSegment:DiscreteEventLogisticsSystems::PLANT::Facility::Layout::LayoutSemanticsToAbstractANetwork::Rectangular Path Segment - endpoint:DiscreteEventLogisticsSystems::PLANT::Facility::Layout::LayoutSemanticsToAbstractANetwork::Endpoint Node]" owner="_17_0_4_2_937029c_1471893021782_779879_27360" refid="_17_0_4_2_937029c_1471893022092_518987_27452"/><association classType="Association" hasLink="false" humanType="Association" icon="DiscreteEventLogisticsSystems_files/icon_association_1155286948.jpg" isRelationship="true" name="Association[intersectingObject:DiscreteEventLogisticsSystems::PLANT::Facility::Layout::LayoutSemanticsToAbstractANetwork::Rectangular Path - sharedSegment:DiscreteEventLogisticsSystems::PLANT::Facility::Layout::LayoutSemanticsToAbstractANetwork::PathIntersection::Rectangular Path Intersection]" owner="_17_0_4_2_937029c_1471893021782_779879_27360" refid="_17_0_4_2_937029c_1471893022094_327836_27455"/><association classType="Association" hasLink="false" humanType="Association" icon="DiscreteEventLogisticsSystems_files/icon_association_1938847993.jpg" isRelationship="true" name="Association[owningPath:DiscreteEventLogisticsSystems::PLANT::Facility::Layout::LayoutSemanticsToAbstractANetwork::Rectangular Path - ownedSegment:DiscreteEventLogisticsSystems::PLANT::Facility::Layout::LayoutSemanticsToAbstractANetwork::Rectangular Path Segment]" owner="_17_0_4_2_937029c_1471893021782_779879_27360" refid="_17_0_4_2_937029c_1471893022094_537806_27454"/></ownedElement></package>