<?xml version="1.0" encoding="UTF-8"?><package classType="Package" hasChild="true" hasLink="false" humanType="Package" icon="DiscreteEventLogisticsSystems_files/icon_package_1331654213.jpg" name="Geometry" owner="_17_0_4_2_937029c_1471893021769_49586_27346" refid="_17_0_4_2_937029c_1471893021770_138532_27347"><ownedElement><diagram classType="Diagram" diagramType="sysmlblockdefinitiondiagram" hasLink="false" humanType="Diagram" icon="DiscreteEventLogisticsSystems_files/icon_SysML Block Definition Diagram_2096291030.jpg" name="Geometry" owner="_17_0_4_2_937029c_1471893021770_138532_27347" refid="_17_0_4_2_937029c_1471893022060_530983_27387"/><package classType="Package" hasChild="true" hasLink="false" humanType="Package" icon="DiscreteEventLogisticsSystems_files/icon_package_1331654213.jpg" name="Boundary" owner="_17_0_4_2_937029c_1471893021770_138532_27347" refid="_17_0_4_2_937029c_1471893021785_693983_27368"/><package classType="Package" hasChild="true" hasLink="false" humanType="Package" icon="DiscreteEventLogisticsSystems_files/icon_package_1331654213.jpg" name="ReferenceFrame" owner="_17_0_4_2_937029c_1471893021770_138532_27347" refid="_17_0_4_2_937029c_1471893021784_550517_27366"/><enumeration classType="Enumeration" hasChild="true" hasLink="false" humanType="Enumeration" icon="DiscreteEventLogisticsSystems_files/icon_enumeration_541248718.jpg" name="2DmatrixElementOrdering" owner="_17_0_4_2_937029c_1471893021770_138532_27347" refid="_17_0_4_2_937029c_1471893021786_684848_27375"/><valuetype classType="DataType" hasChild="true" hasLink="false" humanType="Value Type" icon="DiscreteEventLogisticsSystems_files/icon_valuetype_1843505067.jpg" name="2Dgeometry" owner="_17_0_4_2_937029c_1471893021770_138532_27347" refid="_17_0_4_2_937029c_1471893021784_377627_27367"/><valuetype classType="DataType" hasChild="true" hasLink="false" humanType="Value Type" icon="DiscreteEventLogisticsSystems_files/icon_valuetype_1843505067.jpg" name="3Dgeometry" owner="_17_0_4_2_937029c_1471893021770_138532_27347" refid="_17_0_4_2_937029c_1471893021784_303594_27365"/><valuetype classType="DataType" hasChild="true" hasLink="false" humanType="Value Type" icon="DiscreteEventLogisticsSystems_files/icon_valuetype_1843505067.jpg" name="SquareMatrixOfReals" owner="_17_0_4_2_937029c_1471893021770_138532_27347" refid="_17_0_4_2_937029c_1471893021785_998880_27373"/><valuetype classType="DataType" hasChild="true" hasLink="false" humanType="Value Type" icon="DiscreteEventLogisticsSystems_files/icon_valuetype_1843505067.jpg" name="VectorOfReals" owner="_17_0_4_2_937029c_1471893021770_138532_27347" refid="_17_0_4_2_937029c_1471893021786_974976_27374"/><association classType="Association" hasChild="true" hasLink="false" humanType="Association" icon="DiscreteEventLogisticsSystems_files/icon_association_1877769341.jpg" isRelationship="true" name="Association[referenceFrame:DiscreteEventLogisticsSystems::PLANT::Facility::Layout::Geometry::ReferenceFrame::3DreferenceFrame &lt;- DiscreteEventLogisticsSystems::PLANT::Facility::Layout::Geometry::3Dgeometry]" owner="_17_0_4_2_937029c_1471893021770_138532_27347" refid="_17_0_4_2_937029c_1471893021785_392527_27371"/><association classType="Association" hasChild="true" hasLink="false" humanType="Association" icon="DiscreteEventLogisticsSystems_files/icon_association_1877769341.jpg" isRelationship="true" name="Association[boundary:DiscreteEventLogisticsSystems::PLANT::Facility::Layout::Geometry::Boundary::2Dboundary &lt;- DiscreteEventLogisticsSystems::PLANT::Facility::Layout::Geometry::2Dgeometry]" owner="_17_0_4_2_937029c_1471893021770_138532_27347" refid="_17_0_4_2_937029c_1471893021785_416492_27370"/><association classType="Association" hasChild="true" hasLink="false" humanType="Association" icon="DiscreteEventLogisticsSystems_files/icon_association_1877769341.jpg" isRelationship="true" name="Association[boundary:DiscreteEventLogisticsSystems::PLANT::Facility::Layout::Geometry::Boundary::3Dboundary &lt;- DiscreteEventLogisticsSystems::PLANT::Facility::Layout::Geometry::3Dgeometry]" owner="_17_0_4_2_937029c_1471893021770_138532_27347" refid="_17_0_4_2_937029c_1471893021785_592170_27372"/><association classType="Association" hasChild="true" hasLink="false" humanType="Association" icon="DiscreteEventLogisticsSystems_files/icon_association_1877769341.jpg" isRelationship="true" name="Association[referenceFrame:DiscreteEventLogisticsSystems::PLANT::Facility::Layout::Geometry::ReferenceFrame::2DreferenceFrame &lt;- DiscreteEventLogisticsSystems::PLANT::Facility::Layout::Geometry::2Dgeometry]" owner="_17_0_4_2_937029c_1471893021770_138532_27347" refid="_17_0_4_2_937029c_1471893021785_865536_27369"/><association classType="Association" hasChild="true" hasLink="false" humanType="Association" icon="DiscreteEventLogisticsSystems_files/icon_association_1877769341.jpg" isRelationship="true" name="Association[elementOrdering:DiscreteEventLogisticsSystems::PLANT::Facility::Layout::Geometry::2DmatrixElementOrdering &lt;- DiscreteEventLogisticsSystems::PLANT::Facility::Layout::Geometry::SquareMatrixOfReals]" owner="_17_0_4_2_937029c_1471893021770_138532_27347" refid="_17_0_4_2_937029c_1471893021786_737468_27376"/></ownedElement></package>