<?xml version="1.0" encoding="UTF-8"?><block classType="Class" hasChild="true" hasLink="false" humanType="Block" icon="DiscreteEventLogisticsSystems_files/icon_block_533020268.jpg" name="Placement" owner="_17_0_4_2_937029c_1471893021769_49586_27346" refid="_17_0_4_2_937029c_1471893021771_63663_27348"><ownedElement><referenceproperty classType="Property" hasLink="false" humanType="Reference Property" icon="DiscreteEventLogisticsSystems_files/icon_referenceproperty_479165215.jpg" name="object : PLANT::Facility::Layout::Layout Object [1]" owner="_17_0_4_2_937029c_1471893021771_63663_27348" refid="_17_0_4_2_937029c_1471893022082_951255_27411"/><valueproperty classType="Property" hasLink="false" humanType="Value Property" icon="DiscreteEventLogisticsSystems_files/icon_valueproperty_96407042.jpg" name="offset : PLANT::Facility::Layout::Geometry::VectorOfReals" owner="_17_0_4_2_937029c_1471893021771_63663_27348" refid="_17_0_4_2_937029c_1471893022082_825079_27413"/><valueproperty classType="Property" hasLink="false" humanType="Value Property" icon="DiscreteEventLogisticsSystems_files/icon_valueproperty_96407042.jpg" name="orientation : PLANT::Facility::Layout::Geometry::SquareMatrixOfReals" owner="_17_0_4_2_937029c_1471893021771_63663_27348" refid="_17_0_4_2_937029c_1471893022083_463392_27414"/><referenceproperty classType="Property" hasLink="false" humanType="Reference Property" icon="DiscreteEventLogisticsSystems_files/icon_referenceproperty_479165215.jpg" name="parentLayout : PLANT::Facility::Layout::Layout [1]" owner="_17_0_4_2_937029c_1471893021771_63663_27348" refid="_17_0_4_2_937029c_1471893022083_468120_27415"/><referenceproperty classType="Property" hasLink="false" humanType="Reference Property" icon="DiscreteEventLogisticsSystems_files/icon_referenceproperty_479165215.jpg" name="space : PLANT::Facility::Layout::Physical Space [1]" owner="_17_0_4_2_937029c_1471893021771_63663_27348" refid="_17_0_4_2_937029c_1471893022082_734512_27412"/><constraint classType="Constraint" hasLink="false" humanType="Constraint" icon="DiscreteEventLogisticsSystems_files/icon_constraint_551421413.jpg" name="OffsetDimension_imported=self.offset.nDims == Layout.dimensions" owner="_17_0_4_2_937029c_1471893021771_63663_27348" refid="_17_0_4_2_937029c_1471893022081_536482_27408"/><constraint classType="Constraint" hasLink="false" humanType="Constraint" icon="DiscreteEventLogisticsSystems_files/icon_constraint_551421413.jpg" name="OrientationDimension_imported=self.orientation.nDims == Layout.dimensions" owner="_17_0_4_2_937029c_1471893021771_63663_27348" refid="_17_0_4_2_937029c_1471893022081_890032_27409"/></ownedElement></block>