<?xml version="1.0" encoding="UTF-8"?><block classType="Class" hasChild="true" hasLink="false" humanType="Block" icon="DiscreteEventLogisticsSystems_files/icon_block_804609755.jpg" name="Endpoint Node" owner="_17_0_4_2_937029c_1471893021782_779879_27360" refid="_17_0_4_2_937029c_1471893022088_847674_27447"><ownedElement><referenceproperty classType="Property" hasLink="false" humanType="Reference Property" icon="DiscreteEventLogisticsSystems_files/icon_referenceproperty_479165215.jpg" name="+_intersection : PLANT::Facility::Layout::LayoutSemanticsToAbstractANetwork::PathIntersection::+shaped Intersection [0..1]" owner="_17_0_4_2_937029c_1471893022088_847674_27447" refid="_17_0_4_2_937029c_1471893022438_372708_27571"/><referenceproperty classType="Property" hasLink="false" humanType="Reference Property" icon="DiscreteEventLogisticsSystems_files/icon_referenceproperty_479165215.jpg" name="endpointOfSegment : PLANT::Facility::Layout::LayoutSemanticsToAbstractANetwork::Rectangular Path Segment" owner="_17_0_4_2_937029c_1471893022088_847674_27447" refid="_17_0_4_2_937029c_1471893022437_398864_27568"/><referenceproperty classType="Property" hasLink="false" humanType="Reference Property" icon="DiscreteEventLogisticsSystems_files/icon_referenceproperty_479165215.jpg" name="L_Intersection : PLANT::Facility::Layout::LayoutSemanticsToAbstractANetwork::PathIntersection::Lshaped Intersection [0..1]" owner="_17_0_4_2_937029c_1471893022088_847674_27447" refid="_17_0_4_2_937029c_1471893022438_536616_27569"/><valueproperty classType="Property" hasLink="false" humanType="Value Property" icon="DiscreteEventLogisticsSystems_files/icon_valueproperty_96407042.jpg" name="point : PLANT::Facility::Layout::Geometry::VectorOfReals" owner="_17_0_4_2_937029c_1471893022088_847674_27447" refid="_17_0_4_2_937029c_1471893022437_13892_27567"/><referenceproperty classType="Property" hasLink="false" humanType="Reference Property" icon="DiscreteEventLogisticsSystems_files/icon_referenceproperty_479165215.jpg" name="T_intersection : PLANT::Facility::Layout::LayoutSemanticsToAbstractANetwork::PathIntersection::Tshaped Intersection [0..1]" owner="_17_0_4_2_937029c_1471893022088_847674_27447" refid="_17_0_4_2_937029c_1471893022438_102155_27570"/><constraint classType="Constraint" hasLink="false" humanType="Constraint" icon="DiscreteEventLogisticsSystems_files/icon_constraint_551421413.jpg" name="=self.point.nDims == StaticLayout.dimensionality" owner="_17_0_4_2_937029c_1471893022088_847674_27447" refid="_17_0_4_2_937029c_1471893022437_857589_27566"/></ownedElement></block>