<?xml version="1.0" encoding="UTF-8"?><package classType="Package" hasChild="true" hasLink="false" humanType="Package" icon="DiscreteEventLogisticsSystems_files/icon_package_1331654213.jpg" name="PathIntersection" owner="_17_0_4_2_937029c_1471893021782_779879_27360" refid="_17_0_4_2_937029c_1471893022092_866907_27451"><ownedElement><problem classType="Comment" hasLink="false" humanType="Problem" icon="DiscreteEventLogisticsSystems_files/icon_problem_124493521.jpg" name="A Rectangular Path Intersection is referenced by [..." owner="_17_0_4_2_937029c_1471893022092_866907_27451" refid="_17_0_4_2_937029c_1471893022449_828920_27593"/><block classType="Class" hasChild="true" hasLink="false" humanType="Block" icon="DiscreteEventLogisticsSystems_files/icon_block_896595178.jpg" name="+shaped Intersection" owner="_17_0_4_2_937029c_1471893022092_866907_27451" refid="_17_0_4_2_937029c_1471893022448_256705_27592"/><block classType="Class" hasChild="true" hasLink="false" humanType="Block" icon="DiscreteEventLogisticsSystems_files/icon_block_896595178.jpg" name="Lshaped Intersection" owner="_17_0_4_2_937029c_1471893022092_866907_27451" refid="_17_0_4_2_937029c_1471893022446_479024_27586"/><block classType="Class" hasChild="true" hasLink="false" humanType="Block" icon="DiscreteEventLogisticsSystems_files/icon_block_896595178.jpg" name="Rectangular Path Intersection" owner="_17_0_4_2_937029c_1471893022092_866907_27451" refid="_17_0_4_2_937029c_1471893022448_939329_27590"/><block classType="Class" hasChild="true" hasLink="false" humanType="Block" icon="DiscreteEventLogisticsSystems_files/icon_block_896595178.jpg" name="Tshaped Intersection" owner="_17_0_4_2_937029c_1471893022092_866907_27451" refid="_17_0_4_2_937029c_1471893022447_879836_27589"/><block classType="Class" hasChild="true" hasLink="false" humanType="Block" icon="DiscreteEventLogisticsSystems_files/icon_block_896595178.jpg" name="Two Rectangular Path Intersection" owner="_17_0_4_2_937029c_1471893022092_866907_27451" refid="_17_0_4_2_937029c_1471893022447_880922_27588"/><association classType="Association" hasLink="false" humanType="Association" icon="DiscreteEventLogisticsSystems_files/icon_association_1155286948.jpg" isRelationship="true" name="Association[L_Intersection:DiscreteEventLogisticsSystems::PLANT::Facility::Layout::LayoutSemanticsToAbstractANetwork::PathIntersection::Lshaped Intersection - endpoint:DiscreteEventLogisticsSystems::PLANT::Facility::Layout::LayoutSemanticsToAbstractANetwork::Endpoint Node]" owner="_17_0_4_2_937029c_1471893022092_866907_27451" refid="_17_0_4_2_937029c_1471893022446_922514_27585"/><association classType="Association" hasLink="false" humanType="Association" icon="DiscreteEventLogisticsSystems_files/icon_association_1155286948.jpg" isRelationship="true" name="Association[T_intersection:DiscreteEventLogisticsSystems::PLANT::Facility::Layout::LayoutSemanticsToAbstractANetwork::PathIntersection::Tshaped Intersection - endpoint:DiscreteEventLogisticsSystems::PLANT::Facility::Layout::LayoutSemanticsToAbstractANetwork::Endpoint Node]" owner="_17_0_4_2_937029c_1471893022092_866907_27451" refid="_17_0_4_2_937029c_1471893022447_941848_27587"/><association classType="Association" hasLink="false" humanType="Association" icon="DiscreteEventLogisticsSystems_files/icon_association_1155286948.jpg" isRelationship="true" name="Association[+_intersection:DiscreteEventLogisticsSystems::PLANT::Facility::Layout::LayoutSemanticsToAbstractANetwork::PathIntersection::+shaped Intersection - endpoint:DiscreteEventLogisticsSystems::PLANT::Facility::Layout::LayoutSemanticsToAbstractANetwork::Endpoint Node]" owner="_17_0_4_2_937029c_1471893022092_866907_27451" refid="_17_0_4_2_937029c_1471893022448_891855_27591"/></ownedElement></package>