<?xml version="1.0" encoding="UTF-8"?><block classType="Class" hasChild="true" hasLink="false" humanType="Block" icon="DiscreteEventLogisticsSystems_files/icon_block_944743393.jpg" name="ChangeState" owner="_18_0_2_f95033a_1447100029642_211615_29869" refid="_17_0_4_2_937029c_1469555286659_855579_21170"><ownedElement><property classType="Property" hasLink="false" humanType="Property" icon="DiscreteEventLogisticsSystems_files/icon_property_1683334053.jpg" name="canExecute : PLANT::Process::Control::ChangeState [1]" owner="_17_0_4_2_937029c_1469555286659_855579_21170" refid="_18_4_1_412017e_1491333441036_752736_36461"/><port classType="Port" hasLink="false" humanType="Port" icon="DiscreteEventLogisticsSystems_files/icon_port_780172372.jpg" name="auxillaryResources : CONTEXT::inDELSResource [0..*]" owner="_17_0_4_2_937029c_1469555286659_855579_21170" refid="_18_4_1_412017e_1481383009228_850424_78885"/><port classType="Port" hasLink="false" humanType="Port" icon="DiscreteEventLogisticsSystems_files/icon_port_780172372.jpg" name="overheadTask : CONTEXT::outDELSTask [0..*]" owner="_17_0_4_2_937029c_1469555286659_855579_21170" refid="_18_4_1_412017e_1500045966782_722615_30749"/><port classType="Port" hasLink="false" humanType="Port" icon="DiscreteEventLogisticsSystems_files/icon_port_780172372.jpg" name="releasedResources : CONTEXT::outDELSResource [0..*]" owner="_17_0_4_2_937029c_1469555286659_855579_21170" refid="_18_4_1_412017e_1481383045817_13047_78901"/><port classType="Port" hasLink="false" humanType="Port" icon="DiscreteEventLogisticsSystems_files/icon_port_780172372.jpg" name="targetResource : CONTEXT::inDELSResource [0..1]" owner="_17_0_4_2_937029c_1469555286659_855579_21170" refid="_18_4_1_412017e_1481382981509_101310_78869"/><operation classType="Operation" hasChild="true" hasLink="false" humanType="Operation" icon="DiscreteEventLogisticsSystems_files/icon_operation_1415817415.jpg" name="ChangeState( targetResource : PLANT::Resource::Resource [0..1], newState : UML Standard Profile::UML2 Metamodel::State [1], overheadTask : CONTEXT::Task [0..*] )" owner="_17_0_4_2_937029c_1469555286659_855579_21170" refid="_18_5_1_412017e_1540495908230_757570_70055"/><generalization classType="Generalization" hasLink="false" humanType="Generalization" icon="DiscreteEventLogisticsSystems_files/icon_generalization_1149747394.jpg" isRelationship="true" owner="_17_0_4_2_937029c_1469555286659_855579_21170" refid="_18_4_1_412017e_1480962268032_250572_75337"/></ownedElement></block>