<?xml version="1.0" encoding="UTF-8"?><block classType="Class" hasChild="true" hasLink="false" humanType="Block" icon="DiscreteEventLogisticsSystems_files/icon_block_944743393.jpg" name="Product" owner="_18_0_2_f95033a_1445109813520_101541_29905" refid="_17_0_4_2_937029c_1469191616424_55074_17823"><ownedElement><referenceproperty classType="Property" hasLink="false" humanType="Reference Property" icon="DiscreteEventLogisticsSystems_files/icon_referenceproperty_70220329.jpg" name="authorizedBy : CONTEXT::Task [0..*]" owner="_17_0_4_2_937029c_1469191616424_55074_17823" refid="_17_0_4_2_937029c_1469212574919_691473_18625"/><referenceproperty classType="Property" hasLink="false" humanType="Reference Property" icon="DiscreteEventLogisticsSystems_files/icon_referenceproperty_70220329.jpg" name="billOfMaterial : PLANT::Resource::ISA95ResourceDef::Material [1..*]" owner="_17_0_4_2_937029c_1469191616424_55074_17823" refid="_17_0_4_2_937029c_1469195805047_218189_18130"/><referenceproperty classType="Property" hasLink="false" humanType="Reference Property" icon="DiscreteEventLogisticsSystems_files/icon_referenceproperty_70220329.jpg" name="components : PLANT::Product::Product [0..*]" owner="_17_0_4_2_937029c_1469191616424_55074_17823" refid="_17_0_4_2_937029c_1469198935896_92080_18517"/><property classType="Property" hasLink="false" humanType="Property" icon="DiscreteEventLogisticsSystems_files/icon_property_1683334053.jpg" name="createdBy : PLANT::Process::Process [1..*]" owner="_17_0_4_2_937029c_1469191616424_55074_17823" refid="_18_5_1_412017e_1539970021754_532740_58497"/><referenceproperty classType="Property" hasLink="false" humanType="Reference Property" icon="DiscreteEventLogisticsSystems_files/icon_referenceproperty_70220329.jpg" name="requiredInputResources : PLANT::Resource::Resource [1..*]" owner="_17_0_4_2_937029c_1469191616424_55074_17823" refid="_18_5_1_412017e_1539954461860_728928_73696"/><generalization classType="Generalization" hasLink="false" humanType="Generalization" icon="DiscreteEventLogisticsSystems_files/icon_generalization_1149747394.jpg" isRelationship="true" owner="_17_0_4_2_937029c_1469191616424_55074_17823" refid="_18_5_1_412017e_1530281713417_526055_119656"/><generalization classType="Generalization" hasLink="false" humanType="Generalization" icon="DiscreteEventLogisticsSystems_files/icon_generalization_1149747394.jpg" isRelationship="true" owner="_17_0_4_2_937029c_1469191616424_55074_17823" refid="_18_5_1_412017e_1540299415674_26878_67329"/></ownedElement></block>