<?xml version="1.0" encoding="UTF-8"?><block classType="Class" hasChild="true" hasLink="true" humanType="Block" icon="DiscreteEventLogisticsSystems_files/icon_block_533020268.jpg" name="Facility" owner="_17_0_4_2_937029c_1470406927288_55624_30925" refid="_17_0_4_2_937029c_1470406946565_442659_30927"><ownedElement><diagram classType="Diagram" diagramType="sysmlinternalblockdiagram" hasLink="false" humanType="Diagram" icon="DiscreteEventLogisticsSystems_files/icon_SysML Internal Block Diagram_708950728.jpg" name="Facility" owner="_17_0_4_2_937029c_1470406946565_442659_30927" refid="_18_5_1_412017e_1513952820385_635954_35780"/><diagram classType="Diagram" diagramType="sysmlblockdefinitiondiagram" hasLink="false" humanType="Diagram" icon="DiscreteEventLogisticsSystems_files/icon_SysML Block Definition Diagram_2096291030.jpg" name="Facility" owner="_17_0_4_2_937029c_1470406946565_442659_30927" refid="_18_5_1_412017e_1580483326935_184764_21700"/><referenceproperty classType="Property" hasLink="false" humanType="Reference Property" icon="DiscreteEventLogisticsSystems_files/icon_referenceproperty_479165215.jpg" name="containedResources : PLANT::Resource::Resource [1..*]" owner="_17_0_4_2_937029c_1470406946565_442659_30927" refid="_17_0_4_2_937029c_1470406961702_880577_30952"/><referenceproperty classType="Property" hasLink="false" humanType="Reference Property" icon="DiscreteEventLogisticsSystems_files/icon_referenceproperty_479165215.jpg" name="hasActualLayout : PLANT::Facility::Layout::Layout [0..1]" owner="_17_0_4_2_937029c_1470406946565_442659_30927" refid="_17_0_4_2_937029c_1471893022417_69529_27490"/><valueproperty classType="Property" hasLink="false" humanType="Value Property" icon="DiscreteEventLogisticsSystems_files/icon_valueproperty_96407042.jpg" name="isPhysical : Boolean = true" owner="_17_0_4_2_937029c_1470406946565_442659_30927" refid="_18_5_1_412017e_1511375254816_589835_34265"/><valueproperty classType="Property" hasLink="false" humanType="Value Property" icon="DiscreteEventLogisticsSystems_files/icon_valueproperty_96407042.jpg" name="location : PLANT::Facility::Location [0..1]" owner="_17_0_4_2_937029c_1470406946565_442659_30927" refid="_18_5_1_412017e_1580732966189_34413_22139"/><generalization classType="Generalization" hasLink="false" humanType="Generalization" icon="DiscreteEventLogisticsSystems_files/icon_generalization_1149747394.jpg" isRelationship="true" owner="_17_0_4_2_937029c_1470406946565_442659_30927" refid="_18_5_1_412017e_1513951386226_179882_35712"/></ownedElement></block>