<?xml version="1.0" encoding="UTF-8"?><package classType="Package" hasChild="true" hasLink="false" humanType="Package" icon="DiscreteEventLogisticsSystems_files/icon_package_1331654213.jpg" name="Layout" owner="_17_0_4_2_937029c_1470406927288_55624_30925" refid="_17_0_4_2_937029c_1471893021769_49586_27346"><ownedElement><package classType="Package" hasChild="true" hasLink="false" humanType="Package" icon="DiscreteEventLogisticsSystems_files/icon_package_1331654213.jpg" name="Geometry" owner="_17_0_4_2_937029c_1471893021769_49586_27346" refid="_17_0_4_2_937029c_1471893021770_138532_27347"/><package classType="Package" hasChild="true" hasLink="false" humanType="Package" icon="DiscreteEventLogisticsSystems_files/icon_package_1331654213.jpg" name="LayoutSemanticsToAbstractANetwork" owner="_17_0_4_2_937029c_1471893021769_49586_27346" refid="_17_0_4_2_937029c_1471893021782_779879_27360"/><block classType="Class" hasChild="true" hasLink="false" humanType="Block" icon="DiscreteEventLogisticsSystems_files/icon_block_533020268.jpg" name="Interface Point" owner="_17_0_4_2_937029c_1471893021769_49586_27346" refid="_17_0_4_2_937029c_1471893021782_373515_27359"/><block classType="Class" hasChild="true" hasLink="false" humanType="Block" icon="DiscreteEventLogisticsSystems_files/icon_block_533020268.jpg" name="Layout" owner="_17_0_4_2_937029c_1471893021769_49586_27346" refid="_17_0_4_2_937029c_1471893021772_756030_27350"/><block classType="Class" hasChild="true" hasLink="false" humanType="Block" icon="DiscreteEventLogisticsSystems_files/icon_block_533020268.jpg" name="Layout Object" owner="_17_0_4_2_937029c_1471893021769_49586_27346" refid="_17_0_4_2_937029c_1471893021776_679355_27352"/><block classType="Class" hasChild="true" hasLink="false" humanType="Block" icon="DiscreteEventLogisticsSystems_files/icon_block_533020268.jpg" name="Layout Object For Movement" owner="_17_0_4_2_937029c_1471893021769_49586_27346" refid="_17_0_4_2_937029c_1471893021779_96919_27356"/><block classType="Class" hasChild="true" hasLink="false" humanType="Block" icon="DiscreteEventLogisticsSystems_files/icon_block_533020268.jpg" name="Layout Object With Access" owner="_17_0_4_2_937029c_1471893021769_49586_27346" refid="_17_0_4_2_937029c_1471893021778_308440_27355"/><block classType="Class" hasChild="true" hasLink="false" humanType="Block" icon="DiscreteEventLogisticsSystems_files/icon_block_533020268.jpg" name="Physical Space" owner="_17_0_4_2_937029c_1471893021769_49586_27346" refid="_17_0_4_2_937029c_1471893021783_925099_27361"/><block classType="Class" hasChild="true" hasLink="false" humanType="Block" icon="DiscreteEventLogisticsSystems_files/icon_block_533020268.jpg" name="Placement" owner="_17_0_4_2_937029c_1471893021769_49586_27346" refid="_17_0_4_2_937029c_1471893021771_63663_27348"/><block classType="Class" hasChild="true" hasLink="false" humanType="Block" icon="DiscreteEventLogisticsSystems_files/icon_block_533020268.jpg" name="Process-Oriented Layout" owner="_17_0_4_2_937029c_1471893021769_49586_27346" refid="_17_0_4_2_937029c_1471893021771_819111_27349"/><block classType="Class" hasChild="true" hasLink="false" humanType="Block" icon="DiscreteEventLogisticsSystems_files/icon_block_533020268.jpg" name="Product-Oriented Layout" owner="_17_0_4_2_937029c_1471893021769_49586_27346" refid="_17_0_4_2_937029c_1471893021773_884152_27351"/><association classType="Association" hasLink="false" humanType="Association" icon="DiscreteEventLogisticsSystems_files/icon_association_295714741.jpg" isRelationship="true" name="Association[parentLayout:DiscreteEventLogisticsSystems::PLANT::Facility::Layout::Layout - placements:DiscreteEventLogisticsSystems::PLANT::Facility::Layout::Placement]" owner="_17_0_4_2_937029c_1471893021769_49586_27346" refid="_17_0_4_2_937029c_1471893021777_246256_27353"/><association classType="Association" hasChild="true" hasLink="false" humanType="Association" icon="DiscreteEventLogisticsSystems_files/icon_association_1877769341.jpg" isRelationship="true" name="Association[object:DiscreteEventLogisticsSystems::PLANT::Facility::Layout::Layout Object &lt;- DiscreteEventLogisticsSystems::PLANT::Facility::Layout::Placement]" owner="_17_0_4_2_937029c_1471893021769_49586_27346" refid="_17_0_4_2_937029c_1471893021777_409172_27354"/><association classType="Association" hasLink="false" humanType="Association" icon="DiscreteEventLogisticsSystems_files/icon_association_1938847993.jpg" isRelationship="true" name="Association[DiscreteEventLogisticsSystems::PLANT::Facility::Layout::Layout Object With Access - accessAt:DiscreteEventLogisticsSystems::PLANT::Facility::Layout::Interface Point]" owner="_17_0_4_2_937029c_1471893021769_49586_27346" refid="_17_0_4_2_937029c_1471893021780_444_27357"/><association classType="Association" hasLink="false" humanType="Association" icon="DiscreteEventLogisticsSystems_files/icon_association_1155286948.jpg" isRelationship="true" name="Association[DiscreteEventLogisticsSystems::PLANT::Facility::Layout::Layout Object For Movement - incidentTo:DiscreteEventLogisticsSystems::PLANT::Facility::Layout::Interface Point]" owner="_17_0_4_2_937029c_1471893021769_49586_27346" refid="_17_0_4_2_937029c_1471893021781_509267_27358"/><association classType="Association" hasLink="false" humanType="Association" icon="DiscreteEventLogisticsSystems_files/icon_association_295714741.jpg" isRelationship="true" name="Association[layoutForSpace:DiscreteEventLogisticsSystems::PLANT::Facility::Layout::Physical Space - hasLayout:DiscreteEventLogisticsSystems::PLANT::Facility::Layout::Layout]" owner="_17_0_4_2_937029c_1471893021769_49586_27346" refid="_17_0_4_2_937029c_1471893021783_206257_27362"/><association classType="Association" hasLink="false" humanType="Association" icon="DiscreteEventLogisticsSystems_files/icon_association_295714741.jpg" isRelationship="true" name="Association[actualLayoutOfSpace:DiscreteEventLogisticsSystems::PLANT::Facility::Facility - hasActualLayout:DiscreteEventLogisticsSystems::PLANT::Facility::Layout::Layout]" owner="_17_0_4_2_937029c_1471893021769_49586_27346" refid="_17_0_4_2_937029c_1471893021784_562158_27364"/><association classType="Association" hasChild="true" hasLink="false" humanType="Association" icon="DiscreteEventLogisticsSystems_files/icon_association_2135934617.jpg" isRelationship="true" name="Association[geometry:DiscreteEventLogisticsSystems::PLANT::Facility::Layout::Geometry::2Dgeometry &lt;- DiscreteEventLogisticsSystems::PLANT::Facility::Layout::Physical Space]" owner="_17_0_4_2_937029c_1471893021769_49586_27346" refid="_17_0_4_2_937029c_1471893021784_674441_27363"/><association classType="Association" hasChild="true" hasLink="false" humanType="Association" icon="DiscreteEventLogisticsSystems_files/icon_association_1877769341.jpg" isRelationship="true" name="Association[parentFacility:DiscreteEventLogisticsSystems::PLANT::Facility::Facility &lt;- DiscreteEventLogisticsSystems::PLANT::Facility::Layout::Physical Space]" owner="_17_0_4_2_937029c_1471893021769_49586_27346" refid="_18_5_1_412017e_1580505024055_79359_21980"/></ownedElement></package>