<?xml version="1.0" encoding="UTF-8"?><block classType="Class" hasChild="true" hasLink="false" humanType="Block" icon="DiscreteEventLogisticsSystems_files/icon_block_804609755.jpg" name="Rectangular Path Segment" owner="_17_0_4_2_937029c_1471893021782_779879_27360" refid="_17_0_4_2_937029c_1471893022089_900203_27449"><ownedElement><referenceproperty classType="Property" hasLink="false" humanType="Reference Property" icon="DiscreteEventLogisticsSystems_files/icon_referenceproperty_479165215.jpg" name="endpoint : PLANT::Facility::Layout::LayoutSemanticsToAbstractANetwork::Endpoint Node [2]" owner="_17_0_4_2_937029c_1471893022089_900203_27449" refid="_17_0_4_2_937029c_1471893022443_178821_27578"/><referenceproperty classType="Property" hasLink="false" humanType="Reference Property" icon="DiscreteEventLogisticsSystems_files/icon_referenceproperty_479165215.jpg" name="incidentTo : PLANT::Facility::Layout::Interface Point [0..*]" owner="_17_0_4_2_937029c_1471893022089_900203_27449" refid="_17_0_4_2_937029c_1471893022444_821293_27579"/><partproperty classType="Property" hasLink="false" humanType="Part Property" icon="DiscreteEventLogisticsSystems_files/icon_partproperty_1590645653.jpg" name="internalNode : PLANT::Facility::Layout::LayoutSemanticsToAbstractANetwork::Internal Node [0..*]" owner="_17_0_4_2_937029c_1471893022089_900203_27449" refid="_17_0_4_2_937029c_1471893022439_619325_27573"/><referenceproperty classType="Property" hasLink="false" humanType="Reference Property" icon="DiscreteEventLogisticsSystems_files/icon_referenceproperty_479165215.jpg" name="owningPath : PLANT::Facility::Layout::LayoutSemanticsToAbstractANetwork::Rectangular Path" owner="_17_0_4_2_937029c_1471893022089_900203_27449" refid="_17_0_4_2_937029c_1471893022443_232555_27577"/><valueproperty classType="Property" hasLink="false" humanType="Value Property" icon="DiscreteEventLogisticsSystems_files/icon_valueproperty_96407042.jpg" name="width" owner="_17_0_4_2_937029c_1471893022089_900203_27449" refid="_17_0_4_2_937029c_1471893022445_166657_27580"/><constraint classType="Constraint" hasLink="false" humanType="Constraint" icon="DiscreteEventLogisticsSystems_files/icon_constraint_551421413.jpg" name="=self.width == RectangularAisle.width" owner="_17_0_4_2_937029c_1471893022089_900203_27449" refid="_17_0_4_2_937029c_1471893022441_398694_27575"/><constraint classType="Constraint" hasLink="false" humanType="Constraint" icon="DiscreteEventLogisticsSystems_files/icon_constraint_551421413.jpg" name="=size(set(self.internalNode)) == size(set(self.inci..." owner="_17_0_4_2_937029c_1471893022089_900203_27449" refid="_17_0_4_2_937029c_1471893022442_945071_27576"/></ownedElement></block>