<?xml version="1.0" encoding="UTF-8"?><region classType="Region" hasChild="true" hasLink="false" humanType="Region" icon="DiscreteEventLogisticsSystems_files/icon_region_1808332685.jpg" name="" owner="_18_0_2_f95033a_1445552570004_986984_20867" refid="_18_0_2_f95033a_1445552570006_706204_20871"><ownedElement><finalstate classType="FinalState" hasLink="false" humanType="Final State" icon="DiscreteEventLogisticsSystems_files/icon_finalstate_363320858.jpg" name="" owner="_18_0_2_f95033a_1445552570006_706204_20871" refid="_18_0_2_f95033a_1445552570054_737876_20929"/><pseudostate classType="Pseudostate" hasLink="false" humanType="Pseudo State" icon="DiscreteEventLogisticsSystems_files/icon_pseudostate_795275472.jpg" name="" owner="_18_0_2_f95033a_1445552570006_706204_20871" refid="_18_0_2_f95033a_1445552570053_156136_20924"/><pseudostate classType="Pseudostate" hasLink="false" humanType="Pseudo State" icon="DiscreteEventLogisticsSystems_files/icon_pseudostate_2011992779.jpg" name="" owner="_18_0_2_f95033a_1445552570006_706204_20871" refid="_18_0_2_f95033a_1445552570054_352566_20927"/><pseudostate classType="Pseudostate" hasLink="false" humanType="Pseudo State" icon="DiscreteEventLogisticsSystems_files/icon_pseudostate_1530285931.jpg" name="" owner="_18_0_2_f95033a_1445552570006_706204_20871" refid="_18_0_2_f95033a_1445552570054_460128_20928"/><pseudostate classType="Pseudostate" hasLink="false" humanType="Pseudo State" icon="DiscreteEventLogisticsSystems_files/icon_pseudostate_2011992779.jpg" name="" owner="_18_0_2_f95033a_1445552570006_706204_20871" refid="_18_0_2_f95033a_1445619994188_222687_22800"/><state classType="State" hasLink="false" humanType="State" icon="DiscreteEventLogisticsSystems_files/icon_state_1552836537.jpg" name="AdmitTask" owner="_18_0_2_f95033a_1445552570006_706204_20871" refid="_18_0_2_f95033a_1445552570054_578929_20926"/><state classType="State" hasLink="false" humanType="State" icon="DiscreteEventLogisticsSystems_files/icon_state_1552836537.jpg" name="RejectTask" owner="_18_0_2_f95033a_1445552570006_706204_20871" refid="_18_0_2_f95033a_1445552570053_490369_20925"/><transition classType="Transition" hasLink="false" humanType="Transition" icon="DiscreteEventLogisticsSystems_files/icon_transition_309271464.jpg" isRelationship="true" name="Transition:[DiscreteEventLogisticsSystems::CONTROL::DecisionSupport::Admission::capacitatedPriority::capacitatedPriority:::: -&gt; DiscreteEventLogisticsSystems::CONTROL::DecisionSupport::Admission::capacitatedPriority::capacitatedPriority::::]" owner="_18_0_2_f95033a_1445552570006_706204_20871" refid="_18_0_2_f95033a_1445552570052_767053_20918"/><transition classType="Transition" hasChild="true" hasLink="false" humanType="Transition" icon="DiscreteEventLogisticsSystems_files/icon_transition_309271464.jpg" isRelationship="true" name="Transition: [self.contextDELS.taskQueueLength &lt;= self.capacityThreshold][DiscreteEventLogisticsSystems::CONTROL::DecisionSupport::Admission::capacitatedPriority::capacitatedPriority:::: -&gt; DiscreteEventLogisticsSystems::CONTROL::DecisionSupport::Admission::capacitatedPriority::capacitatedPriority::::AdmitTask]" owner="_18_0_2_f95033a_1445552570006_706204_20871" refid="_18_0_2_f95033a_1445552570053_334708_20919"/><transition classType="Transition" hasLink="false" humanType="Transition" icon="DiscreteEventLogisticsSystems_files/icon_transition_309271464.jpg" isRelationship="true" name="Transition:[DiscreteEventLogisticsSystems::CONTROL::DecisionSupport::Admission::capacitatedPriority::capacitatedPriority::::RejectTask -&gt; DiscreteEventLogisticsSystems::CONTROL::DecisionSupport::Admission::capacitatedPriority::capacitatedPriority::::]" owner="_18_0_2_f95033a_1445552570006_706204_20871" refid="_18_0_2_f95033a_1445552570053_490584_20923"/><transition classType="Transition" hasLink="false" humanType="Transition" icon="DiscreteEventLogisticsSystems_files/icon_transition_309271464.jpg" isRelationship="true" name="Transition:[DiscreteEventLogisticsSystems::CONTROL::DecisionSupport::Admission::capacitatedPriority::capacitatedPriority::::AdmitTask -&gt; DiscreteEventLogisticsSystems::CONTROL::DecisionSupport::Admission::capacitatedPriority::capacitatedPriority::::]" owner="_18_0_2_f95033a_1445552570006_706204_20871" refid="_18_0_2_f95033a_1445552570053_542794_20922"/><transition classType="Transition" hasLink="false" humanType="Transition" icon="DiscreteEventLogisticsSystems_files/icon_transition_309271464.jpg" isRelationship="true" name="Transition:[DiscreteEventLogisticsSystems::CONTROL::DecisionSupport::Admission::capacitatedPriority::capacitatedPriority:::: -&gt; DiscreteEventLogisticsSystems::CONTROL::DecisionSupport::Admission::capacitatedPriority::capacitatedPriority::::]" owner="_18_0_2_f95033a_1445552570006_706204_20871" refid="_18_0_2_f95033a_1445552570053_753399_20921"/><transition classType="Transition" hasChild="true" hasLink="false" humanType="Transition" icon="DiscreteEventLogisticsSystems_files/icon_transition_309271464.jpg" isRelationship="true" name="Transition: [self.contextDELS.taskQueueLength &gt; self.capacityThreshold][DiscreteEventLogisticsSystems::CONTROL::DecisionSupport::Admission::capacitatedPriority::capacitatedPriority:::: -&gt; DiscreteEventLogisticsSystems::CONTROL::DecisionSupport::Admission::capacitatedPriority::capacitatedPriority::::]" owner="_18_0_2_f95033a_1445552570006_706204_20871" refid="_18_0_2_f95033a_1445619997989_795115_22805"/><transition classType="Transition" hasChild="true" hasLink="false" humanType="Transition" icon="DiscreteEventLogisticsSystems_files/icon_transition_309271464.jpg" isRelationship="true" name="Transition: [incomingTask.Priority &gt; self.priorityThreshold][DiscreteEventLogisticsSystems::CONTROL::DecisionSupport::Admission::capacitatedPriority::capacitatedPriority:::: -&gt; DiscreteEventLogisticsSystems::CONTROL::DecisionSupport::Admission::capacitatedPriority::capacitatedPriority::::RejectTask]" owner="_18_0_2_f95033a_1445552570006_706204_20871" refid="_18_0_2_f95033a_1445620004372_316579_22808"/><transition classType="Transition" hasChild="true" hasLink="false" humanType="Transition" icon="DiscreteEventLogisticsSystems_files/icon_transition_309271464.jpg" isRelationship="true" name="Transition: [incomingTask.Priority &lt;= self.priorityThreshold][DiscreteEventLogisticsSystems::CONTROL::DecisionSupport::Admission::capacitatedPriority::capacitatedPriority:::: -&gt; DiscreteEventLogisticsSystems::CONTROL::DecisionSupport::Admission::capacitatedPriority::capacitatedPriority::::AdmitTask]" owner="_18_0_2_f95033a_1445552570006_706204_20871" refid="_18_0_2_f95033a_1445620007501_615470_22811"/></ownedElement></region>