<?xml version="1.0" encoding="UTF-8"?><model classType="Model" hasChild="true" hasLink="false" humanType="Model" icon="DiscreteEventLogisticsSystems_files/icon_model_1095186369.jpg" name="DiscreteEventLogisticsSystems" owner="_17_0_4_2_937029c_1471891328292_81059_26729" refid="_18_0_2_f95033a_1415043921451_496524_18951"><ownedElement><diagram classType="Diagram" diagramType="sysmlblockdefinitiondiagram" hasLink="false" humanType="Diagram" icon="DiscreteEventLogisticsSystems_files/icon_SysML Block Definition Diagram_2096291030.jpg" name="DELS_Ontology" owner="_18_0_2_f95033a_1415043921451_496524_18951" refid="_17_0_4_2_937029c_1470406267102_377701_30637"/><diagram classType="Diagram" diagramType="sysmlblockdefinitiondiagram" hasLink="false" humanType="Diagram" icon="DiscreteEventLogisticsSystems_files/icon_SysML Block Definition Diagram_2096291030.jpg" name="DELS_Ontology _wNotes" owner="_18_0_2_f95033a_1415043921451_496524_18951" refid="_18_5_1_412017e_1551975358252_608994_60007"/><diagram classType="Diagram" diagramType="sysmlblockdefinitiondiagram" hasLink="false" humanType="Diagram" icon="DiscreteEventLogisticsSystems_files/icon_SysML Block Definition Diagram_2096291030.jpg" name="DELS_Ontology_extended" owner="_18_0_2_f95033a_1415043921451_496524_18951" refid="_18_5_1_412017e_1540296652000_628704_66263"/><package classType="Package" hasChild="true" hasLink="false" humanType="Package" icon="DiscreteEventLogisticsSystems_files/icon_package_1331654213.jpg" name="CONTEXT" owner="_18_0_2_f95033a_1415043921451_496524_18951" refid="_18_0_2_f95033a_1415043975894_246737_18968"/><package classType="Package" hasChild="true" hasLink="false" humanType="Package" icon="DiscreteEventLogisticsSystems_files/icon_package_1331654213.jpg" name="CONTROL" owner="_18_0_2_f95033a_1415043921451_496524_18951" refid="_18_0_2_f95033a_1415043966902_783612_18964"/><package classType="Package" hasChild="true" hasLink="false" humanType="Package" icon="DiscreteEventLogisticsSystems_files/icon_package_1331654213.jpg" name="PLANT" owner="_18_0_2_f95033a_1415043921451_496524_18951" refid="_18_0_2_f95033a_1415043951159_683975_18956"/><block classType="Class" hasChild="true" hasLink="true" humanType="Block" icon="DiscreteEventLogisticsSystems_files/icon_block_897959169.jpg" name="DELS" owner="_18_0_2_f95033a_1415043921451_496524_18951" refid="_18_0_2_f95033a_1447099702589_667150_29711"/><association classType="Association" hasChild="true" hasLink="false" humanType="Association" icon="DiscreteEventLogisticsSystems_files/icon_association_2135934617.jpg" isRelationship="true" name="Association[DiscreteEventLogisticsSystems::DELS -&gt; controller:DiscreteEventLogisticsSystems::CONTROL::OperationalController]" owner="_18_0_2_f95033a_1415043921451_496524_18951" refid="_17_0_4_2_937029c_1468359614874_565285_17772"/><association classType="Association" hasChild="true" hasLink="false" humanType="Association" icon="DiscreteEventLogisticsSystems_files/icon_association_2135934617.jpg" isRelationship="true" name="Association[admission:DiscreteEventLogisticsSystems::PLANT::Resource::ControlActuator::AdmissionGate &lt;- DiscreteEventLogisticsSystems::DELS]" owner="_18_0_2_f95033a_1415043921451_496524_18951" refid="_17_0_4_2_937029c_1474572570639_861_16855"/><association classType="Association" hasChild="true" hasLink="false" humanType="Association" icon="DiscreteEventLogisticsSystems_files/icon_association_2135934617.jpg" isRelationship="true" name="Association[availableTaskStore:DiscreteEventLogisticsSystems::PLANT::Resource::ControlActuator::Queue &lt;- DiscreteEventLogisticsSystems::DELS]" owner="_18_0_2_f95033a_1415043921451_496524_18951" refid="_17_0_4_2_937029c_1474572591011_178211_16899"/><association classType="Association" hasChild="true" hasLink="false" humanType="Association" icon="DiscreteEventLogisticsSystems_files/icon_association_2135934617.jpg" isRelationship="true" name="Association[setUp:DiscreteEventLogisticsSystems::PLANT::Resource::ControlActuator::ChangeState &lt;- DiscreteEventLogisticsSystems::DELS]" owner="_18_0_2_f95033a_1415043921451_496524_18951" refid="_17_0_4_2_937029c_1474572610793_952062_16942"/><association classType="Association" hasChild="true" hasLink="false" humanType="Association" icon="DiscreteEventLogisticsSystems_files/icon_association_2135934617.jpg" isRelationship="true" name="Association[routing:DiscreteEventLogisticsSystems::PLANT::Resource::ControlActuator::Router &lt;- DiscreteEventLogisticsSystems::DELS]" owner="_18_0_2_f95033a_1415043921451_496524_18951" refid="_17_0_4_2_937029c_1474572617857_711003_16985"/><association classType="Association" hasChild="true" hasLink="false" humanType="Association" icon="DiscreteEventLogisticsSystems_files/icon_association_2135934617.jpg" isRelationship="true" name="Association[acquireResources:DiscreteEventLogisticsSystems::PLANT::Resource::ControlActuator::ResourceAcquirer &lt;- DiscreteEventLogisticsSystems::DELS]" owner="_18_0_2_f95033a_1415043921451_496524_18951" refid="_17_0_4_2_937029c_1474572624730_457881_17028"/><association classType="Association" hasChild="true" hasLink="false" humanType="Association" icon="DiscreteEventLogisticsSystems_files/icon_association_2135934617.jpg" isRelationship="true" name="Association[completedTaskStore:DiscreteEventLogisticsSystems::PLANT::Resource::ControlActuator::Queue &lt;- DiscreteEventLogisticsSystems::DELS]" owner="_18_0_2_f95033a_1415043921451_496524_18951" refid="_17_0_4_2_937029c_1477486476043_853561_16783"/><association classType="Association" hasChild="true" hasLink="false" humanType="Association" icon="DiscreteEventLogisticsSystems_files/icon_association_2135934617.jpg" isRelationship="true" name="Association[releaseResources:DiscreteEventLogisticsSystems::PLANT::Resource::ControlActuator::Release &lt;- DiscreteEventLogisticsSystems::DELS]" owner="_18_0_2_f95033a_1415043921451_496524_18951" refid="_17_0_4_2_937029c_1477486750139_372116_16903"/><association classType="Association" hasChild="true" hasLink="false" humanType="Association" icon="DiscreteEventLogisticsSystems_files/icon_association_1877769341.jpg" isRelationship="true" name="Association[functionalCapability:DiscreteEventLogisticsSystems::PLANT::Process::Process &lt;- DiscreteEventLogisticsSystems::DELS]" owner="_18_0_2_f95033a_1415043921451_496524_18951" refid="_18_4_1_412017e_1480523636625_910522_31049"/><association classType="Association" hasChild="true" hasLink="false" humanType="Association" icon="DiscreteEventLogisticsSystems_files/icon_association_1877769341.jpg" isRelationship="true" name="Association[DiscreteEventLogisticsSystems::DELS -&gt; availableTasks:DiscreteEventLogisticsSystems::CONTEXT::Task]" owner="_18_0_2_f95033a_1415043921451_496524_18951" refid="_18_4_1_412017e_1480529151193_836396_32248"/><association classType="Association" hasLink="false" humanType="Association" icon="DiscreteEventLogisticsSystems_files/icon_association_1938847993.jpg" isRelationship="true" name="Association[parentDELS:DiscreteEventLogisticsSystems::DELS - childDELS:DiscreteEventLogisticsSystems::DELS]" owner="_18_0_2_f95033a_1415043921451_496524_18951" refid="_18_5_1_412017e_1513630560542_49413_44727"/><association classType="Association" hasChild="true" hasLink="false" humanType="Association" icon="DiscreteEventLogisticsSystems_files/icon_association_2135934617.jpg" isRelationship="true" name="Association[DiscreteEventLogisticsSystems::DELS -&gt; mhc:DiscreteEventLogisticsSystems::PLANT::Resource::MaterialHandlingChannel]" owner="_18_0_2_f95033a_1415043921451_496524_18951" refid="_18_5_1_412017e_1556132772257_236153_23255"/><association classType="Association" hasChild="true" hasLink="false" humanType="Association" icon="DiscreteEventLogisticsSystems_files/icon_association_1877769341.jpg" isRelationship="true" name="Association[inprocessTasks:DiscreteEventLogisticsSystems::CONTEXT::Task &lt;- DiscreteEventLogisticsSystems::DELS]" owner="_18_0_2_f95033a_1415043921451_496524_18951" refid="_18_5_1_412017e_1571770042341_882308_22325"/><itemflow classType="InformationFlow" hasLink="false" humanType="ItemFlow" icon="DiscreteEventLogisticsSystems_files/icon_itemflow_82517097.jpg" isRelationship="true" name="ItemFlow:availableTasks[DiscreteEventLogisticsSystems::PLANT::Resource::ControlActuator::AdmissionGate::availableTask -&gt; DiscreteEventLogisticsSystems::PLANT::Resource::ControlActuator::Queue::inTask]" owner="_18_0_2_f95033a_1415043921451_496524_18951" refid="_18_5_1_412017e_1513689102404_339824_44901"/><itemflow classType="InformationFlow" hasLink="false" humanType="ItemFlow" icon="DiscreteEventLogisticsSystems_files/icon_itemflow_82517097.jpg" isRelationship="true" name="ItemFlow:completedTasks[DiscreteEventLogisticsSystems::DELS::completedTaskStore -&gt; DiscreteEventLogisticsSystems::DELS::releaseResources]" owner="_18_0_2_f95033a_1415043921451_496524_18951" refid="_18_5_1_412017e_1512771162426_432643_34853"/><informationflow classType="InformationFlow" hasLink="false" humanType="Information Flow" icon="DiscreteEventLogisticsSystems_files/icon_informationflow_82517097.jpg" isRelationship="true" name="Information Flow:flow for Resource[DiscreteEventLogisticsSystems::DELS::setUp -&gt; DiscreteEventLogisticsSystems::DELS::acquireResources]" owner="_18_0_2_f95033a_1415043921451_496524_18951" refid="_17_0_4_2_937029c_1469555415823_205307_21215"/><informationflow classType="InformationFlow" hasLink="false" humanType="Information Flow" icon="DiscreteEventLogisticsSystems_files/icon_informationflow_82517097.jpg" isRelationship="true" name="Information Flow:flow for Task[DiscreteEventLogisticsSystems::DELS::admission -&gt; DiscreteEventLogisticsSystems::DELS::availableTaskStore]" owner="_18_0_2_f95033a_1415043921451_496524_18951" refid="_18_0_2_f95033a_1447100257008_504844_29918"/><informationflow classType="InformationFlow" hasLink="false" humanType="Information Flow" icon="DiscreteEventLogisticsSystems_files/icon_informationflow_82517097.jpg" isRelationship="true" name="Information Flow:flow for Task[DiscreteEventLogisticsSystems::DELS::availableTaskStore -&gt; DiscreteEventLogisticsSystems::DELS::acquireResources]" owner="_18_0_2_f95033a_1415043921451_496524_18951" refid="_18_0_2_f95033a_1447100783933_54728_30108"/><informationflow classType="InformationFlow" hasLink="false" humanType="Information Flow" icon="DiscreteEventLogisticsSystems_files/icon_informationflow_82517097.jpg" isRelationship="true" name="Information Flow:flow for Task[DiscreteEventLogisticsSystems::DELS::releaseResources -&gt; DiscreteEventLogisticsSystems::DELS::functionalCapability]" owner="_18_0_2_f95033a_1415043921451_496524_18951" refid="_18_0_2_f95033a_1447101206222_913682_30214"/><informationflow classType="InformationFlow" hasLink="false" humanType="Information Flow" icon="DiscreteEventLogisticsSystems_files/icon_informationflow_82517097.jpg" isRelationship="true" name="Information Flow:flow for Task[DiscreteEventLogisticsSystems::DELS::functionalCapability -&gt; DiscreteEventLogisticsSystems::PLANT::Resource::ControlActuator::Release::resource]" owner="_18_0_2_f95033a_1415043921451_496524_18951" refid="_18_0_2_f95033a_1447101251724_601111_30217"/><informationflow classType="InformationFlow" hasLink="false" humanType="Information Flow" icon="DiscreteEventLogisticsSystems_files/icon_informationflow_82517097.jpg" isRelationship="true" name="Information Flow:flow for Task[DiscreteEventLogisticsSystems::DELS::releaseResources -&gt; DiscreteEventLogisticsSystems::DELS::completedTaskStore]" owner="_18_0_2_f95033a_1415043921451_496524_18951" refid="_18_0_2_f95033a_1447101302314_832164_30241"/><informationflow classType="InformationFlow" hasLink="false" humanType="Information Flow" icon="DiscreteEventLogisticsSystems_files/icon_informationflow_82517097.jpg" isRelationship="true" name="Information Flow:flow for Task[DiscreteEventLogisticsSystems::DELS::completedTaskStore -&gt; DiscreteEventLogisticsSystems::DELS::routing]" owner="_18_0_2_f95033a_1415043921451_496524_18951" refid="_18_0_2_f95033a_1447101451547_579919_30307"/><informationflow classType="InformationFlow" hasLink="false" humanType="Information Flow" icon="DiscreteEventLogisticsSystems_files/icon_informationflow_82517097.jpg" isRelationship="true" name="Information Flow:flow for Task[DiscreteEventLogisticsSystems::PLANT::Resource::ControlActuator::ResourceAcquirer::acquiredResource -&gt; DiscreteEventLogisticsSystems::DELS::functionalCapability]" owner="_18_0_2_f95033a_1415043921451_496524_18951" refid="_18_4_1_412017e_1497984032052_864087_33958"/><itemflow classType="InformationFlow" hasLink="false" humanType="ItemFlow" icon="DiscreteEventLogisticsSystems_files/icon_itemflow_82517097.jpg" isRelationship="true" name="ItemFlow:flow for Task[DiscreteEventLogisticsSystems::PLANT::Resource::ControlActuator::Queue::outTask -&gt; DiscreteEventLogisticsSystems::PLANT::Resource::ControlActuator::ResourceAcquirer::inTask]" owner="_18_0_2_f95033a_1415043921451_496524_18951" refid="_18_5_1_412017e_1512672906355_135518_33448"/><itemflow classType="InformationFlow" hasLink="false" humanType="ItemFlow" icon="DiscreteEventLogisticsSystems_files/icon_itemflow_82517097.jpg" isRelationship="true" name="ItemFlow:flow for Task[DiscreteEventLogisticsSystems::DELS::releaseResources -&gt; DiscreteEventLogisticsSystems::DELS::completedTaskStore]" owner="_18_0_2_f95033a_1415043921451_496524_18951" refid="_18_5_1_412017e_1512771219013_449376_34857"/><packageimport classType="PackageImport" hasLink="false" humanType="Package Import" icon="DiscreteEventLogisticsSystems_files/icon_packageimport_1878454236.jpg" isRelationship="true" owner="_18_0_2_f95033a_1415043921451_496524_18951" refid="_18_4_1_412017e_1480618775872_210128_74231"/></ownedElement></model>