<?xml version="1.0" encoding="UTF-8"?><package classType="Package" hasChild="true" hasLink="false" humanType="Package" icon="DiscreteEventLogisticsSystems_files/icon_package_1331654213.jpg" name="CONTROL" owner="_18_0_2_f95033a_1415043921451_496524_18951" refid="_18_0_2_f95033a_1415043966902_783612_18964"><ownedElement><diagram classType="Diagram" diagramType="classdiagram" hasLink="false" humanType="Diagram" icon="DiscreteEventLogisticsSystems_files/icon_Class Diagram_327551952.jpg" name="DELS_Controller" owner="_18_0_2_f95033a_1415043966902_783612_18964" refid="_18_0_2_f95033a_1447092766158_753774_29010"/><package classType="Package" hasChild="true" hasLink="false" humanType="Package" icon="DiscreteEventLogisticsSystems_files/icon_package_1331654213.jpg" name="DecisionSupport" owner="_18_0_2_f95033a_1415043966902_783612_18964" refid="_18_0_2_f95033a_1445544104630_663043_40344"/><class classType="Class" hasChild="true" hasLink="false" humanType="Class" icon="DiscreteEventLogisticsSystems_files/icon_class_1276666395.jpg" name="DecisionSupport" owner="_18_0_2_f95033a_1415043966902_783612_18964" refid="_18_0_2_f95033a_1445544169041_619179_40380"/><class classType="Class" hasLink="false" humanType="Class" icon="DiscreteEventLogisticsSystems_files/icon_class_1276666395.jpg" name="Monitoring" owner="_18_0_2_f95033a_1415043966902_783612_18964" refid="_18_0_2_f95033a_1447092853875_109638_29097"/><class classType="Class" hasChild="true" hasLink="false" humanType="Class" icon="DiscreteEventLogisticsSystems_files/icon_class_1276666395.jpg" name="OperationalController" owner="_18_0_2_f95033a_1415043966902_783612_18964" refid="_18_0_2_f95033a_1447092792409_500510_29070"/><class classType="Class" hasLink="false" humanType="Class" icon="DiscreteEventLogisticsSystems_files/icon_class_1276666395.jpg" name="Optimization" owner="_18_0_2_f95033a_1415043966902_783612_18964" refid="_18_0_2_f95033a_1447092933878_684719_29201"/><association classType="Association" hasChild="true" hasLink="false" humanType="Association" icon="DiscreteEventLogisticsSystems_files/icon_association_2135934617.jpg" isRelationship="true" name="Association[controller:DiscreteEventLogisticsSystems::CONTROL::OperationalController -&gt; monitor:DiscreteEventLogisticsSystems::CONTROL::Monitoring]" owner="_18_0_2_f95033a_1415043966902_783612_18964" refid="_18_0_2_f95033a_1447092881884_81025_29127"/><association classType="Association" hasChild="true" hasLink="false" humanType="Association" icon="DiscreteEventLogisticsSystems_files/icon_association_2135934617.jpg" isRelationship="true" name="Association[controller:DiscreteEventLogisticsSystems::CONTROL::OperationalController -&gt; decisionSupport:DiscreteEventLogisticsSystems::CONTROL::DecisionSupport]" owner="_18_0_2_f95033a_1415043966902_783612_18964" refid="_18_0_2_f95033a_1447092905737_443648_29181"/><association classType="Association" hasChild="true" hasLink="false" humanType="Association" icon="DiscreteEventLogisticsSystems_files/icon_association_1877769341.jpg" isRelationship="true" name="Association[admissionInterface:DiscreteEventLogisticsSystems::CONTROL::DecisionSupport::Admission::Admission &lt;- DiscreteEventLogisticsSystems::CONTROL::DecisionSupport]" owner="_18_0_2_f95033a_1415043966902_783612_18964" refid="_18_5_1_412017e_1585936478326_423619_23515"/><association classType="Association" hasChild="true" hasLink="false" humanType="Association" icon="DiscreteEventLogisticsSystems_files/icon_association_1877769341.jpg" isRelationship="true" name="Association[assignmentInterface:DiscreteEventLogisticsSystems::CONTROL::DecisionSupport::Assignment::ResourceAssignment &lt;- DiscreteEventLogisticsSystems::CONTROL::DecisionSupport]" owner="_18_0_2_f95033a_1415043966902_783612_18964" refid="_18_5_1_412017e_1585936480285_284244_23541"/><association classType="Association" hasChild="true" hasLink="false" humanType="Association" icon="DiscreteEventLogisticsSystems_files/icon_association_1877769341.jpg" isRelationship="true" name="Association[sequencingInterface:DiscreteEventLogisticsSystems::CONTROL::DecisionSupport::Sequencing::Sequencing &lt;- DiscreteEventLogisticsSystems::CONTROL::DecisionSupport]" owner="_18_0_2_f95033a_1415043966902_783612_18964" refid="_18_5_1_412017e_1585936481876_147534_23567"/><association classType="Association" hasChild="true" hasLink="false" humanType="Association" icon="DiscreteEventLogisticsSystems_files/icon_association_1877769341.jpg" isRelationship="true" name="Association[processPlanningInterface:DiscreteEventLogisticsSystems::CONTROL::DecisionSupport::DynamicProcessPlanning::DynamicProcessPlanning &lt;- DiscreteEventLogisticsSystems::CONTROL::DecisionSupport]" owner="_18_0_2_f95033a_1415043966902_783612_18964" refid="_18_5_1_412017e_1585936483132_256935_23593"/><association classType="Association" hasChild="true" hasLink="false" humanType="Association" icon="DiscreteEventLogisticsSystems_files/icon_association_1877769341.jpg" isRelationship="true" name="Association[routingInterface:DiscreteEventLogisticsSystems::CONTROL::DecisionSupport::Routing::Routing &lt;- DiscreteEventLogisticsSystems::CONTROL::DecisionSupport]" owner="_18_0_2_f95033a_1415043966902_783612_18964" refid="_18_5_1_412017e_1585936484348_50465_23619"/><association classType="Association" hasChild="true" hasLink="false" humanType="Association" icon="DiscreteEventLogisticsSystems_files/icon_association_1877769341.jpg" isRelationship="true" name="Association[changeStateInterface:DiscreteEventLogisticsSystems::CONTROL::DecisionSupport::ChangeState::ChangeState &lt;- DiscreteEventLogisticsSystems::CONTROL::DecisionSupport]" owner="_18_0_2_f95033a_1415043966902_783612_18964" refid="_18_5_1_412017e_1585936485868_759233_23645"/><association classType="Association" hasChild="true" hasLink="false" humanType="Association" icon="DiscreteEventLogisticsSystems_files/icon_association_1877769341.jpg" isRelationship="true" name="Association[schedulingInterface:DiscreteEventLogisticsSystems::CONTROL::DecisionSupport::Scheduling::Scheduling &lt;- DiscreteEventLogisticsSystems::CONTROL::DecisionSupport]" owner="_18_0_2_f95033a_1415043966902_783612_18964" refid="_18_5_1_412017e_1585936487614_486401_23671"/></ownedElement></package>