<?xml version="1.0" encoding="UTF-8"?><block classType="Class" hasChild="true" hasLink="false" humanType="Block" icon="DiscreteEventLogisticsSystems_files/icon_block_944481810.jpg" name="CapacitatedResource" owner="_18_5_1_412017e_1580844778065_737164_25984" refid="_18_0_2_f95033a_1444422013497_185130_20529"><ownedElement><valueproperty classType="Property" hasLink="false" humanType="Value Property" icon="DiscreteEventLogisticsSystems_files/icon_valueproperty_60227387.jpg" name="capacityMeasure [1..*]" owner="_18_0_2_f95033a_1444422013497_185130_20529" refid="_18_0_2_f95033a_1444422765474_273453_20697"/><valueproperty classType="Property" hasLink="false" humanType="Value Property" icon="DiscreteEventLogisticsSystems_files/icon_valueproperty_60227387.jpg" name="currentCapacity [1..*]" owner="_18_0_2_f95033a_1444422013497_185130_20529" refid="_18_5_1_412017e_1551569118938_817843_39451"/><operation classType="Operation" hasLink="false" humanType="Operation" icon="DiscreteEventLogisticsSystems_files/icon_operation_1415817415.jpg" name="allocateCapacity()" owner="_18_0_2_f95033a_1444422013497_185130_20529" refid="_18_0_2_f95033a_1444423096509_420580_20719"/><operation classType="Operation" hasLink="false" humanType="Operation" icon="DiscreteEventLogisticsSystems_files/icon_operation_1415817415.jpg" name="deallocateCapacity()" owner="_18_0_2_f95033a_1444422013497_185130_20529" refid="_18_0_2_f95033a_1444423103918_778584_20722"/><operation classType="Operation" hasLink="false" humanType="Operation" icon="DiscreteEventLogisticsSystems_files/icon_operation_1415817415.jpg" name="decreaseCapacity()" owner="_18_0_2_f95033a_1444422013497_185130_20529" refid="_18_0_2_f95033a_1444423089957_301226_20716"/><operation classType="Operation" hasLink="false" humanType="Operation" icon="DiscreteEventLogisticsSystems_files/icon_operation_1415817415.jpg" name="increaseCapacity()" owner="_18_0_2_f95033a_1444422013497_185130_20529" refid="_18_0_2_f95033a_1444422377388_549234_20635"/><generalization classType="Generalization" hasLink="false" humanType="Generalization" icon="DiscreteEventLogisticsSystems_files/icon_generalization_1149747394.jpg" isRelationship="true" owner="_18_0_2_f95033a_1444422013497_185130_20529" refid="_18_0_2_f95033a_1444426553380_940932_21322"/></ownedElement></block>