<?xml version="1.0" encoding="UTF-8"?><package classType="Package" hasChild="true" hasLink="false" humanType="Package" icon="DiscreteEventLogisticsSystems_files/icon_package_1331654213.jpg" name="CONTEXT" owner="_18_0_2_f95033a_1415043921451_496524_18951" refid="_18_0_2_f95033a_1415043975894_246737_18968"><ownedElement><diagram classType="Diagram" diagramType="sysmlpackagediagram" hasLink="false" humanType="Diagram" icon="DiscreteEventLogisticsSystems_files/icon_SysML Package Diagram_538796171.jpg" name="DELS2CFN" owner="_18_0_2_f95033a_1415043975894_246737_18968" refid="_18_5_1_412017e_1584452583929_681574_17132"/><diagram classType="Diagram" diagramType="sysmlblockdefinitiondiagram" hasLink="false" humanType="Diagram" icon="DiscreteEventLogisticsSystems_files/icon_SysML Block Definition Diagram_2096291030.jpg" name="DELS_Interface" owner="_18_0_2_f95033a_1415043975894_246737_18968" refid="_18_4_1_412017e_1480523563259_232012_30968"/><diagram classType="Diagram" diagramType="sysmlblockdefinitiondiagram" hasLink="false" humanType="Diagram" icon="DiscreteEventLogisticsSystems_files/icon_SysML Block Definition Diagram_2096291030.jpg" name="DELS_Relationships" owner="_18_0_2_f95033a_1415043975894_246737_18968" refid="_18_5_1_412017e_1513692157942_112728_46281"/><diagram classType="Diagram" diagramType="sysmlblockdefinitiondiagram" hasLink="false" humanType="Diagram" icon="DiscreteEventLogisticsSystems_files/icon_SysML Block Definition Diagram_2096291030.jpg" name="DELS_Task" owner="_18_0_2_f95033a_1415043975894_246737_18968" refid="_18_5_1_412017e_1571769542972_667344_22141"/><interfaceblock classType="Class" hasChild="true" hasLink="false" humanType="Interface Block" icon="DiscreteEventLogisticsSystems_files/icon_interfaceblock_970228014.jpg" name="inDELSResource" owner="_18_0_2_f95033a_1415043975894_246737_18968" refid="_17_0_4_2_937029c_1468432366956_513690_18767"/><interfaceblock classType="Class" hasChild="true" hasLink="false" humanType="Interface Block" icon="DiscreteEventLogisticsSystems_files/icon_interfaceblock_970228014.jpg" name="inDELSTask" owner="_18_0_2_f95033a_1415043975894_246737_18968" refid="_18_4_1_412017e_1480529413764_774417_32391"/><block classType="Class" hasLink="false" humanType="Block" icon="DiscreteEventLogisticsSystems_files/icon_block_897959169.jpg" name="MaterialHandlingChannel" owner="_18_0_2_f95033a_1415043975894_246737_18968" refid="_18_5_1_412017e_1556132191817_681060_23022"/><interfaceblock classType="Class" hasChild="true" hasLink="false" humanType="Interface Block" icon="DiscreteEventLogisticsSystems_files/icon_interfaceblock_970228014.jpg" name="outDELSResource" owner="_18_0_2_f95033a_1415043975894_246737_18968" refid="_18_4_1_412017e_1497976921928_921200_32960"/><interfaceblock classType="Class" hasChild="true" hasLink="false" humanType="Interface Block" icon="DiscreteEventLogisticsSystems_files/icon_interfaceblock_970228014.jpg" name="outDELSTask" owner="_18_0_2_f95033a_1415043975894_246737_18968" refid="_18_4_1_412017e_1497976952837_135469_32969"/><block classType="Class" hasChild="true" hasLink="false" humanType="Block" icon="DiscreteEventLogisticsSystems_files/icon_block_897959169.jpg" name="Task" owner="_18_0_2_f95033a_1415043975894_246737_18968" refid="_18_0_2_f95033a_1445553609143_552244_21262"/><association classType="Association" hasLink="false" humanType="Association" icon="DiscreteEventLogisticsSystems_files/icon_association_295714741.jpg" isRelationship="true" name="Association[authorizedBy:DiscreteEventLogisticsSystems::CONTEXT::Task - targetProduct:DiscreteEventLogisticsSystems::PLANT::Product::Product]" owner="_18_0_2_f95033a_1415043975894_246737_18968" refid="_17_0_4_2_937029c_1469212574918_141844_18623"/><association classType="Association" hasLink="false" humanType="Association" icon="DiscreteEventLogisticsSystems_files/icon_association_295714741.jpg" isRelationship="true" name="Association[authorizedBy:DiscreteEventLogisticsSystems::CONTEXT::Task - authorizesExecuting:DiscreteEventLogisticsSystems::PLANT::Process::Process]" owner="_18_0_2_f95033a_1415043975894_246737_18968" refid="_17_0_4_2_937029c_1477488020387_341334_17242"/><association classType="Association" hasChild="true" hasLink="false" humanType="Association" icon="DiscreteEventLogisticsSystems_files/icon_association_1877769341.jpg" isRelationship="true" name="Association[DiscreteEventLogisticsSystems::CONTEXT::Contract -&gt; requiredService:DiscreteEventLogisticsSystems::PLANT::Process::Process]" owner="_18_0_2_f95033a_1415043975894_246737_18968" refid="_18_4_1_412017e_1480515023024_535397_28076"/><association classType="Association" hasChild="true" hasLink="false" humanType="Association" icon="DiscreteEventLogisticsSystems_files/icon_association_2135934617.jpg" isRelationship="true" name="Association[incomingTasks:DiscreteEventLogisticsSystems::CONTEXT::inDELSTask &lt;- DiscreteEventLogisticsSystems::DELS]" owner="_18_0_2_f95033a_1415043975894_246737_18968" refid="_18_4_1_412017e_1480523679934_761470_31115"/><association classType="Association" hasChild="true" hasLink="false" humanType="Association" icon="DiscreteEventLogisticsSystems_files/icon_association_1877769341.jpg" isRelationship="true" name="Association[completedTasks:DiscreteEventLogisticsSystems::CONTEXT::Task &lt;- DiscreteEventLogisticsSystems::DELS]" owner="_18_0_2_f95033a_1415043975894_246737_18968" refid="_18_4_1_412017e_1480523679949_982346_31133"/><association classType="Association" hasChild="true" hasLink="false" humanType="Association" icon="DiscreteEventLogisticsSystems_files/icon_association_2135934617.jpg" isRelationship="true" name="Association[outgoingTasks:DiscreteEventLogisticsSystems::CONTEXT::outDELSTask &lt;- DiscreteEventLogisticsSystems::DELS]" owner="_18_0_2_f95033a_1415043975894_246737_18968" refid="_18_4_1_412017e_1480523679965_320720_31148"/><association classType="Association" hasChild="true" hasLink="false" humanType="Association" icon="DiscreteEventLogisticsSystems_files/icon_association_2135934617.jpg" isRelationship="true" name="Association[parentTask:DiscreteEventLogisticsSystems::CONTEXT::Task -&gt; subTask:DiscreteEventLogisticsSystems::CONTEXT::Task]" owner="_18_0_2_f95033a_1415043975894_246737_18968" refid="_18_4_1_412017e_1480524085141_995937_31720"/><association classType="Association" hasChild="true" hasLink="false" humanType="Association" icon="DiscreteEventLogisticsSystems_files/icon_association_2135934617.jpg" isRelationship="true" name="Association[inResource:DiscreteEventLogisticsSystems::CONTEXT::inDELSResource &lt;- DiscreteEventLogisticsSystems::DELS]" owner="_18_0_2_f95033a_1415043975894_246737_18968" refid="_18_5_1_412017e_1513689908493_47451_45160"/><association classType="Association" hasChild="true" hasLink="false" humanType="Association" icon="DiscreteEventLogisticsSystems_files/icon_association_2135934617.jpg" isRelationship="true" name="Association[outResource:DiscreteEventLogisticsSystems::CONTEXT::outDELSResource &lt;- DiscreteEventLogisticsSystems::DELS]" owner="_18_0_2_f95033a_1415043975894_246737_18968" refid="_18_5_1_412017e_1513693074048_422815_46765"/><association classType="Association" hasChild="true" hasLink="false" humanType="Association" icon="DiscreteEventLogisticsSystems_files/icon_association_1877769341.jpg" isRelationship="true" name="Association[DiscreteEventLogisticsSystems::CONTEXT::Task -&gt; currentDELS:DiscreteEventLogisticsSystems::DELS]" owner="_18_0_2_f95033a_1415043975894_246737_18968" refid="_18_5_1_412017e_1571770208974_326965_22357"/><block classType="AssociationClass" hasChild="true" hasLink="false" humanType="Block" icon="DiscreteEventLogisticsSystems_files/icon_block_897959169.jpg" isRelationship="true" name="Contract[serviceRequestor:DiscreteEventLogisticsSystems::DELS - serviceProvider:DiscreteEventLogisticsSystems::DELS]" owner="_18_0_2_f95033a_1415043975894_246737_18968" refid="_18_5_1_412017e_1513630372825_451034_44561"/></ownedElement></package>