<?xml version="1.0" encoding="UTF-8"?><block classType="Class" hasChild="true" hasLink="true" humanType="Block" icon="DiscreteEventLogisticsSystems_files/icon_block_944481810.jpg" name="DiscreteStateResource" owner="_18_5_1_412017e_1580844778065_737164_25984" refid="_18_0_2_f95033a_1444422468984_77572_20641"><ownedElement><statemachine classType="StateMachine" hasChild="true" hasLink="true" humanType="State Machine" icon="DiscreteEventLogisticsSystems_files/icon_statemachine_1343525501.jpg" name="DiscreteStateResourceModel" owner="_18_0_2_f95033a_1444422468984_77572_20641" refid="_18_5_1_412017e_1536070188874_170060_76395"/><property classType="Property" hasLink="false" humanType="Property" icon="DiscreteEventLogisticsSystems_files/icon_property_1683334053.jpg" name="currentService : PLANT::Process::Process [0..1]" owner="_18_0_2_f95033a_1444422468984_77572_20641" refid="_18_5_1_412017e_1530642405095_625697_41401"/><property classType="Property" hasLink="false" humanType="Property" icon="DiscreteEventLogisticsSystems_files/icon_property_1683334053.jpg" name="currentState [0..*] = off/unavailable" owner="_18_0_2_f95033a_1444422468984_77572_20641" refid="_18_5_1_412017e_1551568587918_151154_39417"/><operation classType="Operation" hasLink="false" humanType="Operation" icon="DiscreteEventLogisticsSystems_files/icon_operation_1415817415.jpg" name="assignTask()" owner="_18_0_2_f95033a_1444422468984_77572_20641" refid="_18_5_1_412017e_1551568750639_197032_39436"/><operation classType="Operation" hasLink="false" humanType="Operation" icon="DiscreteEventLogisticsSystems_files/icon_operation_1415817415.jpg" name="changeState()" owner="_18_0_2_f95033a_1444422468984_77572_20641" refid="_18_0_2_f95033a_1444423229826_337601_20733"/><operation classType="Operation" hasLink="false" humanType="Operation" icon="DiscreteEventLogisticsSystems_files/icon_operation_1415817415.jpg" name="queryState()" owner="_18_0_2_f95033a_1444422468984_77572_20641" refid="_18_0_2_f95033a_1444423459720_336829_20749"/><generalization classType="Generalization" hasLink="false" humanType="Generalization" icon="DiscreteEventLogisticsSystems_files/icon_generalization_1149747394.jpg" isRelationship="true" owner="_18_0_2_f95033a_1444422468984_77572_20641" refid="_18_0_2_f95033a_1444426556436_322570_21325"/></ownedElement></block>