<?xml version="1.0" encoding="UTF-8"?><package classType="Package" hasChild="true" hasLink="false" humanType="Package" icon="DiscreteEventLogisticsSystems_files/icon_package_1331654213.jpg" name="Resource" owner="_18_0_2_f95033a_1415043951159_683975_18956" refid="_18_0_2_f95033a_1444425225508_860050_20903"><ownedElement><diagram classType="Diagram" diagramType="sysmlblockdefinitiondiagram" hasLink="false" humanType="Diagram" icon="DiscreteEventLogisticsSystems_files/icon_SysML Block Definition Diagram_2096291030.jpg" name="DELS_isa_Resource" owner="_18_0_2_f95033a_1444425225508_860050_20903" refid="_18_5_1_412017e_1540218986012_445166_65189"/><diagram classType="Diagram" diagramType="sysmlblockdefinitiondiagram" hasLink="false" humanType="Diagram" icon="DiscreteEventLogisticsSystems_files/icon_SysML Block Definition Diagram_2096291030.jpg" name="DELS_ResourceTaxonomy_ActivePassive" owner="_18_0_2_f95033a_1444425225508_860050_20903" refid="_18_5_1_412017e_1535811155353_553522_73404"/><diagram classType="Diagram" diagramType="sysmlblockdefinitiondiagram" hasLink="false" humanType="Diagram" icon="DiscreteEventLogisticsSystems_files/icon_SysML Block Definition Diagram_2096291030.jpg" name="DELS_ResourceTaxonomy_AtomicAggregate" owner="_18_0_2_f95033a_1444425225508_860050_20903" refid="_18_5_1_412017e_1523629531794_968009_43931"/><diagram classType="Diagram" diagramType="sysmlblockdefinitiondiagram" hasLink="false" humanType="Diagram" icon="DiscreteEventLogisticsSystems_files/icon_SysML Block Definition Diagram_2096291030.jpg" name="DELS_ResourceTaxonomy_CapacitatedDiscreteState" owner="_18_0_2_f95033a_1444425225508_860050_20903" refid="_18_4_1_412017e_1490797096713_843266_31630"/><package classType="Package" hasChild="true" hasLink="false" humanType="Package" icon="DiscreteEventLogisticsSystems_files/icon_package_1331654213.jpg" name="ControlActuator" owner="_18_0_2_f95033a_1444425225508_860050_20903" refid="_18_0_2_f95033a_1447100029642_211615_29869"/><package classType="Package" hasChild="true" hasLink="false" humanType="Package" icon="DiscreteEventLogisticsSystems_files/icon_package_1331654213.jpg" name="ISA95ResourceDef" owner="_18_0_2_f95033a_1444425225508_860050_20903" refid="_17_0_4_2_937029c_1469545258746_517928_20518"/><package classType="Package" hasChild="true" hasLink="false" humanType="Package" icon="DiscreteEventLogisticsSystems_files/icon_package_1331654213.jpg" name="OZONEResourceDef" owner="_18_0_2_f95033a_1444425225508_860050_20903" refid="_18_5_1_412017e_1580844778065_737164_25984"/><package classType="Package" hasChild="true" hasLink="false" humanType="Package" icon="DiscreteEventLogisticsSystems_files/icon_package_1331654213.jpg" name="Subsystems" owner="_18_0_2_f95033a_1444425225508_860050_20903" refid="_18_5_1_412017e_1580844809397_193062_25985"/><block classType="Class" hasChild="true" hasLink="false" humanType="Block" icon="DiscreteEventLogisticsSystems_files/icon_block_944743393.jpg" name="ActiveResource" owner="_18_0_2_f95033a_1444425225508_860050_20903" refid="_18_5_1_412017e_1522783922344_887890_38219"/><block classType="Class" hasChild="true" hasLink="false" humanType="Block" icon="DiscreteEventLogisticsSystems_files/icon_block_944743393.jpg" name="PassiveResource" owner="_18_0_2_f95033a_1444425225508_860050_20903" refid="_18_5_1_412017e_1522784001683_894147_38283"/><block classType="Class" hasChild="true" hasLink="true" humanType="Block" icon="DiscreteEventLogisticsSystems_files/icon_block_897959169.jpg" name="Resource" owner="_18_0_2_f95033a_1444425225508_860050_20903" refid="_18_0_2_f95033a_1444426522779_308554_21292"/><association classType="Association" hasLink="false" humanType="Association" icon="DiscreteEventLogisticsSystems_files/icon_association_295714741.jpg" isRelationship="true" name="Association[canBeExecutedBy:DiscreteEventLogisticsSystems::PLANT::Resource::ActiveResource - canExecute:DiscreteEventLogisticsSystems::PLANT::Process::Process]" owner="_18_0_2_f95033a_1444425225508_860050_20903" refid="_17_0_4_2_937029c_1470406510350_326791_30827"/><association classType="Association" hasLink="false" humanType="Association" icon="DiscreteEventLogisticsSystems_files/icon_association_1938847993.jpg" isRelationship="true" name="Association[DiscreteEventLogisticsSystems::PLANT::Resource::ActiveResource - relationshipBetween:DiscreteEventLogisticsSystems::PLANT::Resource::ActiveResourceRelationship]" owner="_18_0_2_f95033a_1444425225508_860050_20903" refid="_18_5_1_412017e_1513346846698_543839_40770"/><association classType="Association" hasLink="false" humanType="Association" icon="DiscreteEventLogisticsSystems_files/icon_association_1938847993.jpg" isRelationship="true" name="Association[resourceGroup:DiscreteEventLogisticsSystems::PLANT::Resource::Resource - memberResource:DiscreteEventLogisticsSystems::PLANT::Resource::Resource]" owner="_18_0_2_f95033a_1444425225508_860050_20903" refid="_18_5_1_412017e_1513347155049_878868_41076"/><block classType="AssociationClass" hasChild="true" hasLink="false" humanType="Block" icon="DiscreteEventLogisticsSystems_files/icon_block_944743393.jpg" isRelationship="true" name="ActiveResourceRelationship[resource:DiscreteEventLogisticsSystems::PLANT::Resource::ActiveResource - resource:DiscreteEventLogisticsSystems::PLANT::Resource::ActiveResource]" owner="_18_0_2_f95033a_1444425225508_860050_20903" refid="_18_5_1_412017e_1513346821608_78198_40601"/><block classType="AssociationClass" hasChild="true" hasLink="false" humanType="Block" icon="DiscreteEventLogisticsSystems_files/icon_block_944743393.jpg" isRelationship="true" name="MaterialHandlingChannel[targetResource:DiscreteEventLogisticsSystems::PLANT::Resource::ActiveResource - sourceResource:DiscreteEventLogisticsSystems::PLANT::Resource::ActiveResource]" owner="_18_0_2_f95033a_1444425225508_860050_20903" refid="_18_5_1_412017e_1556132665394_477666_23151"/></ownedElement></package>