<?xml version="1.0" encoding="UTF-8"?><block classType="Class" hasChild="true" hasLink="true" humanType="Block" icon="DiscreteEventLogisticsSystems_files/icon_block_897959169.jpg" name="Resource" owner="_18_0_2_f95033a_1444425225508_860050_20903" refid="_18_0_2_f95033a_1444426522779_308554_21292"><ownedElement><diagram classType="Diagram" diagramType="sysmlinternalblockdiagram" hasLink="false" humanType="Diagram" icon="DiscreteEventLogisticsSystems_files/icon_SysML Internal Block Diagram_708950728.jpg" name="Resource" owner="_18_0_2_f95033a_1444426522779_308554_21292" refid="_18_5_1_412017e_1513346936785_578177_40834"/><connector classType="Connector" hasChild="true" hasLink="false" humanType="Connector" icon="DiscreteEventLogisticsSystems_files/icon_connector_43368234.jpg" isRelationship="true" name="Connector:relationshipBetween[DiscreteEventLogisticsSystems::PLANT::Resource::Resource::memberResource - DiscreteEventLogisticsSystems::PLANT::Resource::Resource::memberResource]" owner="_18_0_2_f95033a_1444426522779_308554_21292" refid="_18_5_1_412017e_1513346956625_907362_40932"/><referenceproperty classType="Property" hasLink="false" humanType="Reference Property" icon="DiscreteEventLogisticsSystems_files/icon_referenceproperty_479165215.jpg" name="isLocatedIn : PLANT::Facility::Facility [1]" owner="_18_0_2_f95033a_1444426522779_308554_21292" refid="_17_0_4_2_937029c_1470406961703_708429_30953"/><valueproperty classType="Property" hasLink="false" humanType="Value Property" icon="DiscreteEventLogisticsSystems_files/icon_valueproperty_661144279.jpg" name="measure : Real [0..*]" owner="_18_0_2_f95033a_1444426522779_308554_21292" refid="_18_5_1_412017e_1536950347535_312772_78451"/><partproperty classType="Property" hasLink="false" humanType="Part Property" icon="DiscreteEventLogisticsSystems_files/icon_partproperty_1724216853.jpg" name="memberResource : PLANT::Resource::Resource [0..*]" owner="_18_0_2_f95033a_1444426522779_308554_21292" refid="_18_5_1_412017e_1513347155049_478782_41077"/><valueproperty classType="Property" hasLink="false" humanType="Value Property" icon="DiscreteEventLogisticsSystems_files/icon_valueproperty_661144279.jpg" name="operatingState : String" owner="_18_0_2_f95033a_1444426522779_308554_21292" refid="_18_4_1_412017e_1490797540351_223025_32699"/><property classType="Property" hasLink="false" humanType="Property" icon="DiscreteEventLogisticsSystems_files/icon_property_1683334053.jpg" name="requiredByProcess : PLANT::Process::Process [1..*]" owner="_18_0_2_f95033a_1444426522779_308554_21292" refid="_18_5_1_412017e_1523469728267_30411_42786"/><referenceproperty classType="Property" hasLink="false" humanType="Reference Property" icon="DiscreteEventLogisticsSystems_files/icon_referenceproperty_70220329.jpg" name="requiredByProduct : PLANT::Product::Product [0..*]" owner="_18_0_2_f95033a_1444426522779_308554_21292" refid="_18_5_1_412017e_1539954492662_205868_73702"/><referenceproperty classType="Property" hasLink="false" humanType="Reference Property" icon="DiscreteEventLogisticsSystems_files/icon_referenceproperty_70220329.jpg" name="resourceGroup : PLANT::Resource::Resource [0..*]" owner="_18_0_2_f95033a_1444426522779_308554_21292" refid="_18_5_1_412017e_1513347155050_88697_41078"/><valueproperty classType="Property" hasLink="false" humanType="Value Property" icon="DiscreteEventLogisticsSystems_files/icon_valueproperty_661144279.jpg" name="/utilization : Real [0..1]" owner="_18_0_2_f95033a_1444426522779_308554_21292" refid="_18_5_1_412017e_1530281115319_747162_119629"/></ownedElement></block>