<?xml version="1.0" encoding="UTF-8"?><package classType="Package" hasChild="true" hasLink="false" humanType="Package" icon="DiscreteEventLogisticsSystems_files/icon_package_1331654213.jpg" name="DecisionSupport" owner="_18_0_2_f95033a_1415043966902_783612_18964" refid="_18_0_2_f95033a_1445544104630_663043_40344"><ownedElement><diagram classType="Diagram" diagramType="classdiagram" hasLink="false" humanType="Diagram" icon="DiscreteEventLogisticsSystems_files/icon_Class Diagram_327551952.jpg" name="admissionDecisionSupport" owner="_18_0_2_f95033a_1445544104630_663043_40344" refid="_18_0_2_f95033a_1445544124784_511252_40348"/><diagram classType="Diagram" diagramType="classdiagram" hasLink="false" humanType="Diagram" icon="DiscreteEventLogisticsSystems_files/icon_Class Diagram_327551952.jpg" name="assignmentDecisionSupport" owner="_18_0_2_f95033a_1445544104630_663043_40344" refid="_18_0_2_f95033a_1446914033951_767485_27538"/><diagram classType="Diagram" diagramType="classdiagram" hasLink="false" humanType="Diagram" icon="DiscreteEventLogisticsSystems_files/icon_Class Diagram_327551952.jpg" name="changeStateDecisionSupport" owner="_18_0_2_f95033a_1445544104630_663043_40344" refid="_18_0_2_f95033a_1447615503544_689025_33250"/><diagram classType="Diagram" diagramType="classdiagram" hasLink="false" humanType="Diagram" icon="DiscreteEventLogisticsSystems_files/icon_Class Diagram_327551952.jpg" name="DecisionSupportInterfaces" owner="_18_0_2_f95033a_1445544104630_663043_40344" refid="_18_4_1_412017e_1481219780477_666375_77213"/><diagram classType="Diagram" diagramType="classdiagram" hasLink="false" humanType="Diagram" icon="DiscreteEventLogisticsSystems_files/icon_Class Diagram_327551952.jpg" name="dynamicProcessPlanningDecisionSupport" owner="_18_0_2_f95033a_1445544104630_663043_40344" refid="_18_0_2_f95033a_1447613690632_620659_32959"/><diagram classType="Diagram" diagramType="classdiagram" hasLink="false" humanType="Diagram" icon="DiscreteEventLogisticsSystems_files/icon_Class Diagram_327551952.jpg" name="RoutingDecisionSupport" owner="_18_0_2_f95033a_1445544104630_663043_40344" refid="_18_4_1_412017e_1495029866534_838311_32469"/><diagram classType="Diagram" diagramType="classdiagram" hasLink="false" humanType="Diagram" icon="DiscreteEventLogisticsSystems_files/icon_Class Diagram_327551952.jpg" name="SchedulingDecisionSupport" owner="_18_0_2_f95033a_1445544104630_663043_40344" refid="_18_0_2_f95033a_1446915969957_525378_27859"/><diagram classType="Diagram" diagramType="classdiagram" hasLink="false" humanType="Diagram" icon="DiscreteEventLogisticsSystems_files/icon_Class Diagram_327551952.jpg" name="sequencingDecisionSupport" owner="_18_0_2_f95033a_1445544104630_663043_40344" refid="_18_0_2_f95033a_1445608312175_213292_21689"/><package classType="Package" hasChild="true" hasLink="false" humanType="Package" icon="DiscreteEventLogisticsSystems_files/icon_package_1331654213.jpg" name="Admission" owner="_18_0_2_f95033a_1445544104630_663043_40344" refid="_18_0_2_f95033a_1445608247035_504434_21679"/><package classType="Package" hasChild="true" hasLink="false" humanType="Package" icon="DiscreteEventLogisticsSystems_files/icon_package_1331654213.jpg" name="Assignment" owner="_18_0_2_f95033a_1445544104630_663043_40344" refid="_18_0_2_f95033a_1446914016813_738482_27534"/><package classType="Package" hasChild="true" hasLink="false" humanType="Package" icon="DiscreteEventLogisticsSystems_files/icon_package_1331654213.jpg" name="ChangeState" owner="_18_0_2_f95033a_1445544104630_663043_40344" refid="_18_0_2_f95033a_1447615487184_44787_33246"/><package classType="Package" hasChild="true" hasLink="false" humanType="Package" icon="DiscreteEventLogisticsSystems_files/icon_package_1331654213.jpg" name="DynamicProcessPlanning" owner="_18_0_2_f95033a_1445544104630_663043_40344" refid="_18_0_2_f95033a_1447613683192_154272_32955"/><package classType="Package" hasChild="true" hasLink="false" humanType="Package" icon="DiscreteEventLogisticsSystems_files/icon_package_1331654213.jpg" name="Routing" owner="_18_0_2_f95033a_1445544104630_663043_40344" refid="_18_4_1_412017e_1495029601570_513952_32388"/><package classType="Package" hasChild="true" hasLink="false" humanType="Package" icon="DiscreteEventLogisticsSystems_files/icon_package_1331654213.jpg" name="Scheduling" owner="_18_0_2_f95033a_1445544104630_663043_40344" refid="_18_0_2_f95033a_1446915961437_992207_27855"/><package classType="Package" hasChild="true" hasLink="false" humanType="Package" icon="DiscreteEventLogisticsSystems_files/icon_package_1331654213.jpg" name="Sequencing" owner="_18_0_2_f95033a_1445544104630_663043_40344" refid="_18_0_2_f95033a_1445608291624_968658_21685"/><interface classType="Interface" hasChild="true" hasLink="false" humanType="Interface" icon="DiscreteEventLogisticsSystems_files/icon_interface_1713453581.jpg" name="DecisionSupportStrategy" owner="_18_0_2_f95033a_1445544104630_663043_40344" refid="_18_5_1_412017e_1585935639480_225517_23234"/></ownedElement></package>