<?xml version="1.0" encoding="UTF-8"?><region classType="Region" hasChild="true" hasLink="false" humanType="Region" icon="DiscreteEventLogisticsSystems_files/icon_region_1808332685.jpg" name="" owner="_18_0_2_f95033a_1445547084382_155932_40818" refid="_18_0_2_f95033a_1445547084387_81620_40819"><ownedElement><finalstate classType="FinalState" hasLink="false" humanType="Final State" icon="DiscreteEventLogisticsSystems_files/icon_finalstate_363320858.jpg" name="" owner="_18_0_2_f95033a_1445547084387_81620_40819" refid="_18_0_2_f95033a_1445547570271_339176_40957"/><pseudostate classType="Pseudostate" hasLink="false" humanType="Pseudo State" icon="DiscreteEventLogisticsSystems_files/icon_pseudostate_795275472.jpg" name="" owner="_18_0_2_f95033a_1445547084387_81620_40819" refid="_18_0_2_f95033a_1445547084634_277225_40850"/><pseudostate classType="Pseudostate" hasLink="false" humanType="Pseudo State" icon="DiscreteEventLogisticsSystems_files/icon_pseudostate_2011992779.jpg" name="" owner="_18_0_2_f95033a_1445547084387_81620_40819" refid="_18_0_2_f95033a_1445547217330_988303_40907"/><pseudostate classType="Pseudostate" hasLink="false" humanType="Pseudo State" icon="DiscreteEventLogisticsSystems_files/icon_pseudostate_1530285931.jpg" name="" owner="_18_0_2_f95033a_1445547084387_81620_40819" refid="_18_0_2_f95033a_1445547553613_672096_40947"/><state classType="State" hasLink="false" humanType="State" icon="DiscreteEventLogisticsSystems_files/icon_state_1552836537.jpg" name="AdmitTask" owner="_18_0_2_f95033a_1445547084387_81620_40819" refid="_18_0_2_f95033a_1445547131158_919287_40885"/><state classType="State" hasLink="false" humanType="State" icon="DiscreteEventLogisticsSystems_files/icon_state_1552836537.jpg" name="RejectTask" owner="_18_0_2_f95033a_1445547084387_81620_40819" refid="_18_0_2_f95033a_1445547121446_447278_40870"/><transition classType="Transition" hasLink="false" humanType="Transition" icon="DiscreteEventLogisticsSystems_files/icon_transition_309271464.jpg" isRelationship="true" name="Transition:[DiscreteEventLogisticsSystems::CONTROL::DecisionSupport::Admission::simpleCapacity::SimpleCapacity:::: -&gt; DiscreteEventLogisticsSystems::CONTROL::DecisionSupport::Admission::simpleCapacity::SimpleCapacity::::]" owner="_18_0_2_f95033a_1445547084387_81620_40819" refid="_18_0_2_f95033a_1445547221802_650469_40912"/><transition classType="Transition" hasChild="true" hasLink="false" humanType="Transition" icon="DiscreteEventLogisticsSystems_files/icon_transition_309271464.jpg" isRelationship="true" name="Transition: [self.contextDELS.taskQueueLength &lt;= self.threshold][DiscreteEventLogisticsSystems::CONTROL::DecisionSupport::Admission::simpleCapacity::SimpleCapacity:::: -&gt; DiscreteEventLogisticsSystems::CONTROL::DecisionSupport::Admission::simpleCapacity::SimpleCapacity::::AdmitTask]" owner="_18_0_2_f95033a_1445547084387_81620_40819" refid="_18_0_2_f95033a_1445547227851_911197_40915"/><transition classType="Transition" hasChild="true" hasLink="false" humanType="Transition" icon="DiscreteEventLogisticsSystems_files/icon_transition_309271464.jpg" isRelationship="true" name="Transition: [self.contextDELS.taskQueueLength &gt; self.threshold][DiscreteEventLogisticsSystems::CONTROL::DecisionSupport::Admission::simpleCapacity::SimpleCapacity:::: -&gt; DiscreteEventLogisticsSystems::CONTROL::DecisionSupport::Admission::simpleCapacity::SimpleCapacity::::RejectTask]" owner="_18_0_2_f95033a_1445547084387_81620_40819" refid="_18_0_2_f95033a_1445547231203_88440_40918"/><transition classType="Transition" hasLink="false" humanType="Transition" icon="DiscreteEventLogisticsSystems_files/icon_transition_309271464.jpg" isRelationship="true" name="Transition:[DiscreteEventLogisticsSystems::CONTROL::DecisionSupport::Admission::simpleCapacity::SimpleCapacity:::: -&gt; DiscreteEventLogisticsSystems::CONTROL::DecisionSupport::Admission::simpleCapacity::SimpleCapacity::::]" owner="_18_0_2_f95033a_1445547084387_81620_40819" refid="_18_0_2_f95033a_1445547576072_660951_40962"/><transition classType="Transition" hasLink="false" humanType="Transition" icon="DiscreteEventLogisticsSystems_files/icon_transition_309271464.jpg" isRelationship="true" name="Transition:[DiscreteEventLogisticsSystems::CONTROL::DecisionSupport::Admission::simpleCapacity::SimpleCapacity::::AdmitTask -&gt; DiscreteEventLogisticsSystems::CONTROL::DecisionSupport::Admission::simpleCapacity::SimpleCapacity::::]" owner="_18_0_2_f95033a_1445547084387_81620_40819" refid="_18_0_2_f95033a_1445547747821_775300_40965"/><transition classType="Transition" hasLink="false" humanType="Transition" icon="DiscreteEventLogisticsSystems_files/icon_transition_309271464.jpg" isRelationship="true" name="Transition:[DiscreteEventLogisticsSystems::CONTROL::DecisionSupport::Admission::simpleCapacity::SimpleCapacity::::RejectTask -&gt; DiscreteEventLogisticsSystems::CONTROL::DecisionSupport::Admission::simpleCapacity::SimpleCapacity::::]" owner="_18_0_2_f95033a_1445547084387_81620_40819" refid="_18_0_2_f95033a_1445547751414_634914_40968"/></ownedElement></region>