<?xml version="1.0" encoding="UTF-8"?><package classType="Package" hasChild="true" hasLink="false" humanType="Package" icon="DiscreteEventLogisticsSystems_files/icon_package_1331654213.jpg" name="Product" owner="_18_0_2_f95033a_1415043951159_683975_18956" refid="_18_0_2_f95033a_1445109813520_101541_29905"><ownedElement><block classType="Class" hasChild="true" hasLink="false" humanType="Block" icon="DiscreteEventLogisticsSystems_files/icon_block_944743393.jpg" name="AggregatedProduct" owner="_18_0_2_f95033a_1445109813520_101541_29905" refid="_17_0_4_2_937029c_1469191784736_359826_17895"/><block classType="Class" hasChild="true" hasLink="false" humanType="Block" icon="DiscreteEventLogisticsSystems_files/icon_block_944743393.jpg" name="AssembledProduct" owner="_18_0_2_f95033a_1445109813520_101541_29905" refid="_17_0_4_2_937029c_1469191671490_75676_17845"/><block classType="Class" hasChild="true" hasLink="false" humanType="Block" icon="DiscreteEventLogisticsSystems_files/icon_block_944743393.jpg" name="HeterogeneousAggregatedProduct" owner="_18_0_2_f95033a_1445109813520_101541_29905" refid="_17_0_4_2_937029c_1469192320487_568093_18014"/><block classType="Class" hasChild="true" hasLink="false" humanType="Block" icon="DiscreteEventLogisticsSystems_files/icon_block_944743393.jpg" name="HomogeneousAggregatedProduct" owner="_18_0_2_f95033a_1445109813520_101541_29905" refid="_17_0_4_2_937029c_1469192278886_493413_18010"/><block classType="Class" hasChild="true" hasLink="false" humanType="Block" icon="DiscreteEventLogisticsSystems_files/icon_block_944743393.jpg" name="Product" owner="_18_0_2_f95033a_1445109813520_101541_29905" refid="_17_0_4_2_937029c_1469191616424_55074_17823"/><association classType="Association" hasLink="false" humanType="Association" icon="DiscreteEventLogisticsSystems_files/icon_association_295714741.jpg" isRelationship="true" name="Association[requiredBy:DiscreteEventLogisticsSystems::PLANT::Product::Product - billOfMaterial:DiscreteEventLogisticsSystems::PLANT::Resource::ISA95ResourceDef::Material]" owner="_18_0_2_f95033a_1445109813520_101541_29905" refid="_17_0_4_2_937029c_1469195805047_808236_18129"/><association classType="Association" hasChild="true" hasLink="false" humanType="Association" icon="DiscreteEventLogisticsSystems_files/icon_association_1877769341.jpg" isRelationship="true" name="Association[DiscreteEventLogisticsSystems::PLANT::Product::Product -&gt; components:DiscreteEventLogisticsSystems::PLANT::Product::Product]" owner="_18_0_2_f95033a_1445109813520_101541_29905" refid="_17_0_4_2_937029c_1469198935896_513912_18516"/><association classType="Association" hasLink="false" humanType="Association" icon="DiscreteEventLogisticsSystems_files/icon_association_295714741.jpg" isRelationship="true" name="Association[requiredInputResources:DiscreteEventLogisticsSystems::PLANT::Resource::Resource - requiredByProduct:DiscreteEventLogisticsSystems::PLANT::Product::Product]" owner="_18_0_2_f95033a_1445109813520_101541_29905" refid="_18_5_1_412017e_1539954492662_654790_73701"/><association classType="Association" hasLink="false" humanType="Association" icon="DiscreteEventLogisticsSystems_files/icon_association_295714741.jpg" isRelationship="true" name="Association[createdBy:DiscreteEventLogisticsSystems::PLANT::Process::Process - creates:DiscreteEventLogisticsSystems::PLANT::Product::Product]" owner="_18_0_2_f95033a_1445109813520_101541_29905" refid="_18_5_1_412017e_1539978337353_722351_58731"/></ownedElement></package>