<?xml version="1.0" encoding="UTF-8"?><activity classType="Activity" hasChild="true" hasLink="false" humanType="Activity" icon="DiscreteEventLogisticsSystems_files/icon_activity_1146164911.jpg" name="Sort" owner="_18_0_2_f95033a_1445619109637_812523_22435" refid="_18_0_2_f95033a_1445609986891_740833_22017"><ownedElement><parameter classType="Parameter" hasLink="false" humanType="Parameter" icon="DiscreteEventLogisticsSystems_files/icon_parameter_1196200241.jpg" name="out sequenceIndex : Integer [1..*]" owner="_18_0_2_f95033a_1445609986891_740833_22017" refid="_18_0_2_f95033a_1445609987086_463774_22048"/><parameter classType="Parameter" hasLink="false" humanType="Parameter" icon="DiscreteEventLogisticsSystems_files/icon_parameter_1196200241.jpg" name="in sortKey : String" owner="_18_0_2_f95033a_1445609986891_740833_22017" refid="_18_0_2_f95033a_1445610472006_879920_22259"/><parameter classType="Parameter" hasLink="false" humanType="Parameter" icon="DiscreteEventLogisticsSystems_files/icon_parameter_1196200241.jpg" name="in taskList : CONTEXT::Task [1..*]" owner="_18_0_2_f95033a_1445609986891_740833_22017" refid="_18_0_2_f95033a_1445609987087_606068_22051"/><activityparameternode classType="ActivityParameterNode" hasLink="false" humanType="Activity Parameter Node" icon="DiscreteEventLogisticsSystems_files/icon_activityparameternode_1681434622.jpg" name="sequenceIndex : Integer" owner="_18_0_2_f95033a_1445609986891_740833_22017" refid="_18_0_2_f95033a_1445609987099_525517_22054"/><activityparameternode classType="ActivityParameterNode" hasLink="false" humanType="Activity Parameter Node" icon="DiscreteEventLogisticsSystems_files/icon_activityparameternode_1681434622.jpg" name="sortKey : String" owner="_18_0_2_f95033a_1445609986891_740833_22017" refid="_18_0_2_f95033a_1445610472019_360425_22269"/><activityparameternode classType="ActivityParameterNode" hasLink="false" humanType="Activity Parameter Node" icon="DiscreteEventLogisticsSystems_files/icon_activityparameternode_1681434622.jpg" name="taskList : CONTEXT::Task" owner="_18_0_2_f95033a_1445609986891_740833_22017" refid="_18_0_2_f95033a_1445609987099_817264_22055"/></ownedElement></activity>