<?xml version="1.0" encoding="UTF-8"?><activity classType="Activity" hasChild="true" hasLink="true" humanType="Activity" icon="DiscreteEventLogisticsSystems_files/icon_activity_1146164911.jpg" name="sequencing" owner="_18_0_2_f95033a_1445609621490_238093_21953" refid="_18_0_2_f95033a_1445619109637_812523_22435"><ownedElement><diagram classType="Diagram" diagramType="activitydiagram" hasLink="false" humanType="Diagram" icon="DiscreteEventLogisticsSystems_files/icon_Activity Diagram_1134289518.jpg" name="sequencing" owner="_18_0_2_f95033a_1445619109637_812523_22435" refid="_18_0_2_f95033a_1445619124925_795085_22436"/><activity classType="Activity" hasChild="true" hasLink="false" humanType="Activity" icon="DiscreteEventLogisticsSystems_files/icon_activity_1146164911.jpg" name="Sort" owner="_18_0_2_f95033a_1445619109637_812523_22435" refid="_18_0_2_f95033a_1445609986891_740833_22017"/><parameter classType="Parameter" hasLink="false" humanType="Parameter" icon="DiscreteEventLogisticsSystems_files/icon_parameter_1196200241.jpg" name="out sequenceIndex : Integer [1..*]" owner="_18_0_2_f95033a_1445619109637_812523_22435" refid="_18_0_2_f95033a_1445619169646_472163_22540"/><parameter classType="Parameter" hasLink="false" humanType="Parameter" icon="DiscreteEventLogisticsSystems_files/icon_parameter_1196200241.jpg" name="in taskList : CONTEXT::Task [1..*]" owner="_18_0_2_f95033a_1445619109637_812523_22435" refid="_18_0_2_f95033a_1445619169647_980832_22543"/><activityparameternode classType="ActivityParameterNode" hasLink="false" humanType="Activity Parameter Node" icon="DiscreteEventLogisticsSystems_files/icon_activityparameternode_1681434622.jpg" name="sequenceIndex : Integer" owner="_18_0_2_f95033a_1445619109637_812523_22435" refid="_18_0_2_f95033a_1445619169661_866411_22546"/><activityparameternode classType="ActivityParameterNode" hasLink="false" humanType="Activity Parameter Node" icon="DiscreteEventLogisticsSystems_files/icon_activityparameternode_1681434622.jpg" name="taskList : CONTEXT::Task" owner="_18_0_2_f95033a_1445619109637_812523_22435" refid="_18_0_2_f95033a_1445619169661_252843_22547"/><callbehavioraction classType="CallBehaviorAction" hasChild="true" hasLink="true" humanType="Call Behavior Action" icon="DiscreteEventLogisticsSystems_files/icon_callbehavioraction_382044126.jpg" name="FIFO:Sort" owner="_18_0_2_f95033a_1445619109637_812523_22435" refid="_18_0_2_f95033a_1445610038657_950489_22128"/><readstructuralfeatureaction classType="ReadStructuralFeatureAction" hasChild="true" hasLink="false" humanType="Read Structural Feature Action" icon="DiscreteEventLogisticsSystems_files/icon_readstructuralfeatureaction_720638621.jpg" name="" owner="_18_0_2_f95033a_1445619109637_812523_22435" refid="_18_0_2_f95033a_1445619234755_172949_22601"/><objectflow classType="ObjectFlow" hasLink="false" humanType="Object Flow" icon="DiscreteEventLogisticsSystems_files/icon_objectflow_1134601005.jpg" isRelationship="true" name="Object Flow[DiscreteEventLogisticsSystems::CONTROL::DecisionSupport::Sequencing::FIFO::sequencing::taskList -&gt; DiscreteEventLogisticsSystems::CONTROL::DecisionSupport::Sequencing::FIFO::sequencing::FIFO::taskList]" owner="_18_0_2_f95033a_1445619109637_812523_22435" refid="_18_0_2_f95033a_1445619210320_348392_22572"/><objectflow classType="ObjectFlow" hasLink="false" humanType="Object Flow" icon="DiscreteEventLogisticsSystems_files/icon_objectflow_1134601005.jpg" isRelationship="true" name="Object Flow[DiscreteEventLogisticsSystems::CONTROL::DecisionSupport::Sequencing::FIFO::sequencing::FIFO::sequenceIndex -&gt; DiscreteEventLogisticsSystems::CONTROL::DecisionSupport::Sequencing::FIFO::sequencing::sequenceIndex]" owner="_18_0_2_f95033a_1445619109637_812523_22435" refid="_18_0_2_f95033a_1445619214872_540566_22577"/><objectflow classType="ObjectFlow" hasLink="false" humanType="Object Flow" icon="DiscreteEventLogisticsSystems_files/icon_objectflow_1134601005.jpg" isRelationship="true" name="Object Flow[DiscreteEventLogisticsSystems::CONTROL::DecisionSupport::Sequencing::FIFO::sequencing::::result -&gt; DiscreteEventLogisticsSystems::CONTROL::DecisionSupport::Sequencing::FIFO::sequencing::FIFO::sortKey]" owner="_18_0_2_f95033a_1445619109637_812523_22435" refid="_18_0_2_f95033a_1445619250466_856169_22661"/></ownedElement></activity>