<?xml version="1.0" encoding="UTF-8"?><class classType="Class" hasChild="true" hasLink="false" humanType="Class" icon="DiscreteEventLogisticsSystems_files/icon_class_1276666395.jpg" name="DecisionSupport" owner="_18_0_2_f95033a_1415043966902_783612_18964" refid="_18_0_2_f95033a_1445544169041_619179_40380"><ownedElement><property classType="Property" hasLink="false" humanType="Property" icon="DiscreteEventLogisticsSystems_files/icon_property_1683334053.jpg" name="-admissionInterface : CONTROL::DecisionSupport::Admission::Admission [1..*]" owner="_18_0_2_f95033a_1445544169041_619179_40380" refid="_18_5_1_412017e_1585935377511_729190_22989"/><property classType="Property" hasLink="false" humanType="Property" icon="DiscreteEventLogisticsSystems_files/icon_property_1683334053.jpg" name="-assignmentInterface : CONTROL::DecisionSupport::Assignment::ResourceAssignment [1..*]" owner="_18_0_2_f95033a_1445544169041_619179_40380" refid="_18_5_1_412017e_1585935476936_394377_23154"/><property classType="Property" hasLink="false" humanType="Property" icon="DiscreteEventLogisticsSystems_files/icon_property_1683334053.jpg" name="+changeStateInterface : CONTROL::DecisionSupport::ChangeState::ChangeState [1..*]" owner="_18_0_2_f95033a_1445544169041_619179_40380" refid="_18_5_1_412017e_1585936266653_190326_23403"/><property classType="Property" hasLink="false" humanType="Property" icon="DiscreteEventLogisticsSystems_files/icon_property_1683334053.jpg" name="-processPlanningInterface : CONTROL::DecisionSupport::DynamicProcessPlanning::DynamicProcessPlanning [1..*]" owner="_18_0_2_f95033a_1445544169041_619179_40380" refid="_18_5_1_412017e_1585936054957_730126_23397"/><property classType="Property" hasLink="false" humanType="Property" icon="DiscreteEventLogisticsSystems_files/icon_property_1683334053.jpg" name="+routingInterface : CONTROL::DecisionSupport::Routing::Routing [0..*]" owner="_18_0_2_f95033a_1445544169041_619179_40380" refid="_18_5_1_412017e_1585936343084_640563_23491"/><property classType="Property" hasLink="false" humanType="Property" icon="DiscreteEventLogisticsSystems_files/icon_property_1683334053.jpg" name="+schedulingInterface : CONTROL::DecisionSupport::Scheduling::Scheduling [0..*]" owner="_18_0_2_f95033a_1445544169041_619179_40380" refid="_18_5_1_412017e_1585936358759_964673_23497"/><property classType="Property" hasLink="false" humanType="Property" icon="DiscreteEventLogisticsSystems_files/icon_property_1683334053.jpg" name="-sequencingInterface : CONTROL::DecisionSupport::Sequencing::Sequencing [1..*]" owner="_18_0_2_f95033a_1445544169041_619179_40380" refid="_18_5_1_412017e_1585935918469_735299_23324"/><operation classType="Operation" hasLink="false" humanType="Operation" icon="DiscreteEventLogisticsSystems_files/icon_operation_1415817415.jpg" name="+contextInterface()" owner="_18_0_2_f95033a_1445544169041_619179_40380" refid="_18_0_2_f95033a_1445553501701_926166_21200"/></ownedElement></class>