<?xml version="1.0" encoding="UTF-8"?><magicdraw><connectorend classType="ConnectorEnd" humanType="Connector End" icon="CommodityFlowNetwork_files/icon_connectorend_1774376572.svg" id="_18_5_1_412017e_1513345739086_72476_40418"><definingEnd classType="Property" humanName="Defining End" humanType="Reference Property" icon="CommodityFlowNetwork_files/icon_referenceproperty_1806116155.svg" mode="s,e" name="precedingProcess" refid="_18_5_1_412017e_1513345208932_140576_39962"/><documentation humanName="Documentation"/><isOrdered humanName="Is Ordered">false</isOrdered><isUnique humanName="Is Unique">true</isUnique><lower humanName="Lower">1</lower><multiplicity humanName="Multiplicity" mode="s,e"/><multiplicity humanName="Multiplicity" mode="s,e"/><owner classType="Connector" humanName="Owner" humanType="Connector" icon="CommodityFlowNetwork_files/icon_connector_1226298219.svg" isRelationship="true" mode="s,e" name="sequencing" refid="_18_5_1_412017e_1513345739085_910258_40417"/><role classType="Property" humanName="Role" humanType="Reference Property" icon="CommodityFlowNetwork_files/icon_referenceproperty_1806116155.svg" mode="s,e" name="precedingProcess" refid="_18_5_1_412017e_1513345208932_140576_39962"/><TO_DO humanName="To Do" mode="s,e"/><upper humanName="Upper">1</upper><appearsIn><diagram classType="Diagram" humanType="Diagram" icon="CommodityFlowNetwork_files/icon_SysML Internal Block Diagram_883516442.svg" name="ProcessNetwork" refid="_18_5_1_412017e_1513345705460_109956_40319"/></appearsIn></connectorend></magicdraw>