<?xml version="1.0" encoding="UTF-8"?><magicdraw><block classType="AssociationClass" humanType="Block" icon="CommodityFlowNetwork_files/icon_block_1669352891.svg" id="_18_5_1_412017e_1513190186908_384793_36951"><allGeneralClassifiers humanName="All General Classifiers"><block classType="Class" humanType="Block" icon="CommodityFlowNetwork_files/icon_block_979213603.svg" name="IdentifiableElement" refid="_18_5_1_412017e_1550599419049_374663_31602"/><block classType="Class" humanType="Block" icon="CommodityFlowNetwork_files/icon_block_979213603.svg" name="NetworkElement" refid="_18_5_1_412017e_1570105871470_979385_22666"/></allGeneralClassifiers><allSpecificClassifiers humanName="All Specific Classifiers"><block classType="AssociationClass" humanType="Block" icon="CommodityFlowNetwork_files/icon_block_1669352891.svg" isRelationship="true" name="FlowNetworkLink" refid="_18_5_1_412017e_1513191054925_696549_37680"/><block classType="AssociationClass" humanType="Block" icon="CommodityFlowNetwork_files/icon_block_1669352891.svg" isRelationship="true" name="SequencingLink" refid="_18_5_1_412017e_1513345208932_58869_39961"/></allSpecificClassifiers><APPLIED_STEREOTYPES humanName="Applied Stereotype" mode="s,e"><stereotype classType="Stereotype" humanType="Stereotype" icon="CommodityFlowNetwork_files/icon_stereotype_979213603.svg" name="Block" refid="_11_5EAPbeta_be00301_1147424179914_458922_958"/></APPLIED_STEREOTYPES><appliedStereotype humanName="Applied Stereotype" mode="s,e"><stereotype classType="Stereotype" humanType="Stereotype" icon="CommodityFlowNetwork_files/icon_stereotype_979213603.svg" name="Block" refid="_11_5EAPbeta_be00301_1147424179914_458922_958"><property classType="Property" humanName="Base_ Class" humanType="Property" icon="CommodityFlowNetwork_files/icon_property_1022812452.svg" name="base_Class" refid="_11_5EAPbeta_be00301_1147424181797_326831_961"/><property classType="Property" humanName="Is Encapsulated" humanType="Property" icon="CommodityFlowNetwork_files/icon_property_1022812452.svg" name="isEncapsulated" refid="_11_5EAPbeta_be00301_1147424201876_860708_1049"/></stereotype></appliedStereotype><appliedStereotypeInstance classType="InstanceSpecification" humanName="Applied Stereotype Instance" humanType="Instance Specification" icon="CommodityFlowNetwork_files/icon_instancespecification_13643661.svg" name=" : SysML::Blocks::Block" refid="_18_5_1_412017e_1513190186910_193836_36958"/><attribute humanName="Attribute"><participantproperty classType="Property" humanType="Participant Property" icon="CommodityFlowNetwork_files/icon_participantproperty_1477503446.svg" name="linkEnd1" refid="_18_5_1_412017e_1513190186994_240653_37009"/><participantproperty classType="Property" humanType="Participant Property" icon="CommodityFlowNetwork_files/icon_participantproperty_1477503446.svg" name="linkEnd2" refid="_18_5_1_412017e_1513190186999_654848_37013"/><property classType="Property" humanType="Property" icon="CommodityFlowNetwork_files/icon_property_1022812452.svg" name="parentNetwork" refid="_18_5_1_412017e_1513190219530_486496_37061"/><valueproperty classType="Property" humanType="Value Property" icon="CommodityFlowNetwork_files/icon_valueproperty_282517457.svg" name="weight" refid="_18_4_1_412017e_1480428506088_723337_22098"/></attribute><documentation humanName="Documentation"/><endType humanName="End Type"><block classType="Class" humanType="Block" icon="CommodityFlowNetwork_files/icon_block_1669352891.svg" name="Network" refid="_18_4_1_412017e_1480428292021_38215_21493"/></endType><feature humanName="Feature"><participantproperty classType="Property" humanType="Participant Property" icon="CommodityFlowNetwork_files/icon_participantproperty_1477503446.svg" name="linkEnd1" refid="_18_5_1_412017e_1513190186994_240653_37009"/><participantproperty classType="Property" humanType="Participant Property" icon="CommodityFlowNetwork_files/icon_participantproperty_1477503446.svg" name="linkEnd2" refid="_18_5_1_412017e_1513190186999_654848_37013"/><property classType="Property" humanType="Property" icon="CommodityFlowNetwork_files/icon_property_1022812452.svg" name="parentNetwork" refid="_18_5_1_412017e_1513190219530_486496_37061"/><valueproperty classType="Property" humanType="Value Property" icon="CommodityFlowNetwork_files/icon_valueproperty_282517457.svg" name="weight" refid="_18_4_1_412017e_1480428506088_723337_22098"/></feature><general humanName="General"><block classType="Class" humanType="Block" icon="CommodityFlowNetwork_files/icon_block_979213603.svg" name="NetworkElement" refid="_18_5_1_412017e_1570105871470_979385_22666"/></general><generalization humanName="Generalization"><generalization classType="Generalization" humanType="Generalization" icon="CommodityFlowNetwork_files/icon_generalization_1702478809.svg" isRelationship="true" refid="_18_5_1_412017e_1570105994971_830808_22726"/></generalization><inheritedMember humanName="Inherited Member"><valueproperty classType="Property" humanType="Value Property" icon="CommodityFlowNetwork_files/icon_valueproperty_282517457.svg" name="instanceID" refid="_18_5_1_412017e_1550599541005_792237_31606"/><valueproperty classType="Property" humanType="Value Property" icon="CommodityFlowNetwork_files/icon_valueproperty_282517457.svg" name="label" refid="_18_4_1_412017e_1480428452786_373509_22094"/><valueproperty classType="Property" humanType="Value Property" icon="CommodityFlowNetwork_files/icon_valueproperty_961616212.svg" name="measure" refid="_18_4_1_412017e_1490186121808_887895_33128"/><valueproperty classType="Property" humanType="Value Property" icon="CommodityFlowNetwork_files/icon_valueproperty_282517457.svg" name="typeID" refid="_18_5_1_412017e_1550599573275_888863_31610"/></inheritedMember><isAbstract humanName="Is Abstract">false</isAbstract><isActive humanName="Is Active" mode="e">false</isActive><isDerived humanName="Is Derived">false</isDerived><isFinalSpecialization humanName="Is Final Specialization">false</isFinalSpecialization><isLeaf humanName="Is Leaf">false</isLeaf><member humanName="Member"><referenceproperty classType="Property" humanType="Reference Property" icon="CommodityFlowNetwork_files/icon_referenceproperty_1806116155.svg" name="endNetwork1" refid="_18_5_1_412017e_1513190186908_510822_36952"/><referenceproperty classType="Property" humanType="Reference Property" icon="CommodityFlowNetwork_files/icon_referenceproperty_1806116155.svg" name="endNetwork2" refid="_18_5_1_412017e_1513190186908_343394_36953"/><valueproperty classType="Property" humanType="Value Property" icon="CommodityFlowNetwork_files/icon_valueproperty_282517457.svg" name="instanceID" refid="_18_5_1_412017e_1550599541005_792237_31606"/><valueproperty classType="Property" humanType="Value Property" icon="CommodityFlowNetwork_files/icon_valueproperty_282517457.svg" name="label" refid="_18_4_1_412017e_1480428452786_373509_22094"/><participantproperty classType="Property" humanType="Participant Property" icon="CommodityFlowNetwork_files/icon_participantproperty_1477503446.svg" name="linkEnd1" refid="_18_5_1_412017e_1513190186994_240653_37009"/><participantproperty classType="Property" humanType="Participant Property" icon="CommodityFlowNetwork_files/icon_participantproperty_1477503446.svg" name="linkEnd2" refid="_18_5_1_412017e_1513190186999_654848_37013"/><valueproperty classType="Property" humanType="Value Property" icon="CommodityFlowNetwork_files/icon_valueproperty_961616212.svg" name="measure" refid="_18_4_1_412017e_1490186121808_887895_33128"/><property classType="Property" humanType="Property" icon="CommodityFlowNetwork_files/icon_property_1022812452.svg" name="parentNetwork" refid="_18_5_1_412017e_1513190219530_486496_37061"/><valueproperty classType="Property" humanType="Value Property" icon="CommodityFlowNetwork_files/icon_valueproperty_282517457.svg" name="typeID" refid="_18_5_1_412017e_1550599573275_888863_31610"/><valueproperty classType="Property" humanType="Value Property" icon="CommodityFlowNetwork_files/icon_valueproperty_282517457.svg" name="weight" refid="_18_4_1_412017e_1480428506088_723337_22098"/></member><memberEnd humanName="Member End"><referenceproperty classType="Property" humanType="Reference Property" icon="CommodityFlowNetwork_files/icon_referenceproperty_1806116155.svg" name="endNetwork1" refid="_18_5_1_412017e_1513190186908_510822_36952"/><referenceproperty classType="Property" humanType="Reference Property" icon="CommodityFlowNetwork_files/icon_referenceproperty_1806116155.svg" name="endNetwork2" refid="_18_5_1_412017e_1513190186908_343394_36953"/></memberEnd><name humanName="Name" mode="s,e">NetworkLink</name><namespace classType="Model" humanName="Namespace" humanType="Model" icon="CommodityFlowNetwork_files/icon_model_498361736.svg" name="CommodityFlowNetwork" refid="_18_4_1_412017e_1480428197145_536891_21458"/><ownedAttribute humanName="Owned Attribute"><participantproperty classType="Property" humanType="Participant Property" icon="CommodityFlowNetwork_files/icon_participantproperty_1477503446.svg" name="linkEnd1" refid="_18_5_1_412017e_1513190186994_240653_37009"/><participantproperty classType="Property" humanType="Participant Property" icon="CommodityFlowNetwork_files/icon_participantproperty_1477503446.svg" name="linkEnd2" refid="_18_5_1_412017e_1513190186999_654848_37013"/><property classType="Property" humanType="Property" icon="CommodityFlowNetwork_files/icon_property_1022812452.svg" name="parentNetwork" refid="_18_5_1_412017e_1513190219530_486496_37061"/><valueproperty classType="Property" humanType="Value Property" icon="CommodityFlowNetwork_files/icon_valueproperty_282517457.svg" name="weight" refid="_18_4_1_412017e_1480428506088_723337_22098"/></ownedAttribute><ownedElement humanName="Owned Element"><generalization classType="Generalization" humanType="Generalization" icon="CommodityFlowNetwork_files/icon_generalization_1702478809.svg" isRelationship="true" refid="_18_5_1_412017e_1570105994971_830808_22726"/><instancespecification classType="InstanceSpecification" humanType="Instance Specification" icon="CommodityFlowNetwork_files/icon_instancespecification_13643661.svg" name=" : SysML::Blocks::Block" refid="_18_5_1_412017e_1513190186910_193836_36958"/><participantproperty classType="Property" humanType="Participant Property" icon="CommodityFlowNetwork_files/icon_participantproperty_1477503446.svg" name="linkEnd1" refid="_18_5_1_412017e_1513190186994_240653_37009"/><participantproperty classType="Property" humanType="Participant Property" icon="CommodityFlowNetwork_files/icon_participantproperty_1477503446.svg" name="linkEnd2" refid="_18_5_1_412017e_1513190186999_654848_37013"/><property classType="Property" humanType="Property" icon="CommodityFlowNetwork_files/icon_property_1022812452.svg" name="parentNetwork" refid="_18_5_1_412017e_1513190219530_486496_37061"/><valueproperty classType="Property" humanType="Value Property" icon="CommodityFlowNetwork_files/icon_valueproperty_282517457.svg" name="weight" refid="_18_4_1_412017e_1480428506088_723337_22098"/></ownedElement><ownedMember humanName="Owned Member"><participantproperty classType="Property" humanType="Participant Property" icon="CommodityFlowNetwork_files/icon_participantproperty_1477503446.svg" name="linkEnd1" refid="_18_5_1_412017e_1513190186994_240653_37009"/><participantproperty classType="Property" humanType="Participant Property" icon="CommodityFlowNetwork_files/icon_participantproperty_1477503446.svg" name="linkEnd2" refid="_18_5_1_412017e_1513190186999_654848_37013"/><property classType="Property" humanType="Property" icon="CommodityFlowNetwork_files/icon_property_1022812452.svg" name="parentNetwork" refid="_18_5_1_412017e_1513190219530_486496_37061"/><valueproperty classType="Property" humanType="Value Property" icon="CommodityFlowNetwork_files/icon_valueproperty_282517457.svg" name="weight" refid="_18_4_1_412017e_1480428506088_723337_22098"/></ownedMember><owner classType="Model" humanName="Owner" humanType="Model" icon="CommodityFlowNetwork_files/icon_model_498361736.svg" mode="s,e" name="CommodityFlowNetwork" refid="_18_4_1_412017e_1480428197145_536891_21458"/><owningPackage classType="Model" humanName="Owning Package" humanType="Model" icon="CommodityFlowNetwork_files/icon_model_498361736.svg" name="CommodityFlowNetwork" refid="_18_4_1_412017e_1480428197145_536891_21458"/><package classType="Model" humanName="Package" humanType="Model" icon="CommodityFlowNetwork_files/icon_model_498361736.svg" name="CommodityFlowNetwork" refid="_18_4_1_412017e_1480428197145_536891_21458"/><qualifiedName humanName="Qualified Name" mode="e">CommodityFlowNetwork::NetworkLink</qualifiedName><relatedElement humanName="Related Element"><block classType="Class" humanType="Block" icon="CommodityFlowNetwork_files/icon_block_1669352891.svg" name="Network" refid="_18_4_1_412017e_1480428292021_38215_21493"/></relatedElement><role humanName="Role"><participantproperty classType="Property" humanType="Participant Property" icon="CommodityFlowNetwork_files/icon_participantproperty_1477503446.svg" name="linkEnd1" refid="_18_5_1_412017e_1513190186994_240653_37009"/><participantproperty classType="Property" humanType="Participant Property" icon="CommodityFlowNetwork_files/icon_participantproperty_1477503446.svg" name="linkEnd2" refid="_18_5_1_412017e_1513190186999_654848_37013"/><property classType="Property" humanType="Property" icon="CommodityFlowNetwork_files/icon_property_1022812452.svg" name="parentNetwork" refid="_18_5_1_412017e_1513190219530_486496_37061"/><valueproperty classType="Property" humanType="Value Property" icon="CommodityFlowNetwork_files/icon_valueproperty_282517457.svg" name="weight" refid="_18_4_1_412017e_1480428506088_723337_22098"/></role><specificClassifier humanName="Specific Classifier"><block classType="AssociationClass" humanType="Block" icon="CommodityFlowNetwork_files/icon_block_1669352891.svg" isRelationship="true" name="FlowNetworkLink" refid="_18_5_1_412017e_1513191054925_696549_37680"/><block classType="AssociationClass" humanType="Block" icon="CommodityFlowNetwork_files/icon_block_1669352891.svg" isRelationship="true" name="SequencingLink" refid="_18_5_1_412017e_1513345208932_58869_39961"/></specificClassifier><superClass humanName="Super Class"><block classType="Class" humanType="Block" icon="CommodityFlowNetwork_files/icon_block_979213603.svg" name="NetworkElement" refid="_18_5_1_412017e_1570105871470_979385_22666"/></superClass><TO_DO humanName="To Do" mode="s,e"/><usedAsType humanName="Used As Type"><adjunctproperty classType="Property" humanType="Adjunct Property" icon="CommodityFlowNetwork_files/icon_adjunctproperty_1016905217.svg" name="edge" refid="_18_5_1_412017e_1513190219530_869897_37060"/></usedAsType><visibility humanName="Visibility">public</visibility><appearsIn><diagram classType="Diagram" humanType="Diagram" icon="CommodityFlowNetwork_files/icon_SysML Block Definition Diagram_1250245968.svg" name="BasicNetwork" refid="_18_5_1_412017e_1513189125580_441486_35907"/><diagram classType="Diagram" humanType="Diagram" icon="CommodityFlowNetwork_files/icon_SysML Block Definition Diagram_1250245968.svg" name="CommodityFlowNetworkOverview" refid="_18_5_1_412017e_1563536593786_365035_22477"/><diagram classType="Diagram" humanType="Diagram" icon="CommodityFlowNetwork_files/icon_SysML Block Definition Diagram_1250245968.svg" name="FlowNetwork" refid="_18_4_1_412017e_1480430006088_181173_22517"/><diagram classType="Diagram" humanType="Diagram" icon="CommodityFlowNetwork_files/icon_SysML Block Definition Diagram_1250245968.svg" name="FlowNetwork_w/Notes" refid="_18_5_1_412017e_1521810279781_348461_35190"/></appearsIn></block></magicdraw>