<?xml version="1.0" encoding="UTF-8"?><magicdraw><literalinteger classType="LiteralInteger" humanType="Literal Integer" icon="CommodityFlowNetwork_files/icon_literalinteger_21600042.svg" id="_18_5_1_412017e_1533905285473_513271_70911"><documentation humanName="Documentation"/><name humanName="Name"/><owner classType="Property" humanName="Owner" humanType="Value Property" icon="CommodityFlowNetwork_files/icon_valueproperty_1449555363.svg" mode="e" name="cost" refid="_18_5_1_412017e_1533905277155_825979_70908"/><owningLower classType="Property" humanName="Owning Lower" humanType="Value Property" icon="CommodityFlowNetwork_files/icon_valueproperty_1449555363.svg" name="cost" refid="_18_5_1_412017e_1533905277155_825979_70908"/><qualifiedName humanName="Qualified Name">CommodityFlowNetwork::Network::cost::</qualifiedName><text humanName="Text" mode="standard">0</text><TO_DO humanName="To Do"/><TYPE_MODIFIER humanName="Type Modifier"/><value humanName="Value" mode="s,e">0</value><visibility humanName="Visibility">public</visibility></literalinteger></magicdraw>