<?xml version="1.0" encoding="UTF-8"?><magicdraw><diagram classType="Diagram" diagramType="SysML Block Definition Diagram" height="635" humanType="Diagram" icon="CommodityFlowNetwork_files/icon_SysML Block Definition Diagram_1250245968.svg" id="_18_4_1_412017e_1480448894962_294167_25475" src="CommodityFlowNetwork_files/_18_4_1_412017e_1480448894962_294167_25475.svg" width="1175"><APPLIED_STEREOTYPES humanName="Applied Stereotype" mode="s,e"><stereotype classType="Stereotype" humanType="Stereotype" icon="CommodityFlowNetwork_files/icon_stereotype_918307166.svg" name="DiagramInfo" refid="_9_0_be00301_1108044380615_150487_0"/></APPLIED_STEREOTYPES><appliedStereotype humanName="Applied Stereotype" mode="s,e"><stereotype classType="Stereotype" humanType="Stereotype" icon="CommodityFlowNetwork_files/icon_stereotype_918307166.svg" name="DiagramInfo" refid="_9_0_be00301_1108044380615_150487_0"><property classType="Property" humanName="Author" humanType="Property" icon="CommodityFlowNetwork_files/icon_property_1022812452.svg" name="Author" refid="_be00301_1077726770128_871366_1"><String>tas5</String></property><property classType="Property" humanName="Base_ Diagram" humanType="Property" icon="CommodityFlowNetwork_files/icon_property_1022812452.svg" name="base_Diagram" refid="_10_0EAPbeta_be00301_1123081772498_901864_356"/><property classType="Property" humanName="Base_ Element" humanType="Property" icon="CommodityFlowNetwork_files/icon_property_1022812452.svg" name="base_Element" refid="_10_0EAPbeta_be00301_1123081772098_411862_275"/><property classType="Property" humanName="Creation Date" humanType="Property" icon="CommodityFlowNetwork_files/icon_property_1022812452.svg" name="Creation date" refid="_be00301_1073306188629_537791_2"><String>11/29/16 2:48 PM</String></property><property classType="Property" humanName="Last modified by" humanType="Property" icon="CommodityFlowNetwork_files/icon_property_1022812452.svg" name="Last modified by" refid="_16_8beta_8ca0285_1257244649124_794756_344"><String>tas5</String></property><property classType="Property" humanName="Modification Date" humanType="Property" icon="CommodityFlowNetwork_files/icon_property_1022812452.svg" name="Modification date" refid="_be00301_1073394345322_922552_1"><String>3/31/20 10:04 AM</String></property></stereotype></appliedStereotype><appliedStereotypeInstance classType="InstanceSpecification" humanName="Applied Stereotype Instance" humanType="Instance Specification" icon="CommodityFlowNetwork_files/icon_instancespecification_13643661.svg" name=" : UML Standard Profile::MagicDraw Profile::DiagramInfo" refid="_18_4_1_412017e_1480448894984_811703_25496"/><documentation humanName="Documentation"/><map><area isNotContentShape="false" name="Adjunct Property processNode" refid="_18_4_1_412017e_1480449704985_547184_25972" shape="rect" type="0"><point x="477" y="254"/><point x="488" y="254"/><point x="488" y="266"/><point x="477" y="266"/></area><area isNotContentShape="false" name="Reference Property precedingProcess" refid="_18_5_1_412017e_1513345208932_140576_39962" shape="rect" type="0"><point x="477" y="496"/><point x="488" y="496"/><point x="488" y="508"/><point x="477" y="508"/></area><area isNotContentShape="false" name="Adjunct Property sequencing" refid="_18_5_1_412017e_1513345350822_523426_40055" shape="rect" type="0"><point x="727" y="365"/><point x="739" y="365"/><point x="739" y="376"/><point x="727" y="376"/></area><area isNotContentShape="false" name="Reference Property parentProcessNetwork" refid="_18_4_1_412017e_1480449704985_231240_25973" shape="rect" type="0"><point x="477" y="172"/><point x="488" y="172"/><point x="488" y="183"/><point x="477" y="183"/></area><area isNotContentShape="false" name="Reference Property succeedingProcess" refid="_18_5_1_412017e_1513345208933_313648_39963" shape="rect" type="0"><point x="435" y="591"/><point x="446" y="591"/><point x="446" y="603"/><point x="435" y="603"/></area><area isNotContentShape="false" name="Property parentProcessNetwork" refid="_18_5_1_412017e_1513345350823_162691_40056" shape="rect" type="0"><point x="477" y="316"/><point x="488" y="316"/><point x="488" y="328"/><point x="477" y="328"/></area><area isNotContentShape="false" name="Adjunct Property sequencing" refid="_18_5_1_412017e_1513345350822_523426_40055" shape="rect" type="0"><point x="662" y="358"/><point x="730" y="358"/><point x="730" y="373"/><point x="662" y="373"/></area><area isNotContentShape="false" name="Adjunct Property processNode" refid="_18_4_1_412017e_1480449704985_547184_25972" shape="rect" type="0"><point x="480" y="243"/><point x="557" y="243"/><point x="557" y="258"/><point x="480" y="258"/></area><area isNotContentShape="false" name="Reference Property precedingProcess" refid="_18_5_1_412017e_1513345208932_140576_39962" shape="rect" type="0"><point x="483" y="483"/><point x="588" y="483"/><point x="588" y="497"/><point x="483" y="497"/></area><area isNotContentShape="false" name="Reference Property succeedingProcess" refid="_18_5_1_412017e_1513345208933_313648_39963" shape="rect" type="0"><point x="325" y="594"/><point x="438" y="594"/><point x="438" y="609"/><point x="325" y="609"/></area><area isNotContentShape="false" name="Reference Property parentProcessNetwork" refid="_18_4_1_412017e_1480449704985_231240_25973" shape="rect" type="0"><point x="492" y="161"/><point x="626" y="161"/><point x="626" y="175"/><point x="492" y="175"/></area><area isNotContentShape="false" name="Property parentProcessNetwork" refid="_18_5_1_412017e_1513345350823_162691_40056" shape="rect" type="0"><point x="492" y="305"/><point x="626" y="305"/><point x="626" y="319"/><point x="492" y="319"/></area><area isNotContentShape="false" name="Generalization" refid="_18_5_1_412017e_1515523149156_245226_37730" shape="poly" type="0"><point x="246" y="85"/><point x="246" y="136"/><point x="244" y="138"/><point x="244" y="88"/></area><area isNotContentShape="false" name="Block SequencingLink" refid="_18_5_1_412017e_1513345208932_58869_39961" shape="poly" type="0"><point x="618" y="599"/><point x="618" y="428"/><point x="628" y="428"/><point x="626" y="431"/><point x="616" y="431"/><point x="616" y="602"/></area><area isNotContentShape="false" name="Association" refid="_18_4_1_412017e_1480449704985_415591_25971" shape="poly" type="0"><point x="478" y="259"/><point x="654" y="259"/><point x="654" y="176"/><point x="478" y="176"/><point x="476" y="178"/><point x="652" y="178"/><point x="652" y="261"/><point x="476" y="261"/></area><area isNotContentShape="false" name="Association" refid="_18_5_1_412017e_1513345350822_879504_40054" shape="poly" type="0"><point x="733" y="374"/><point x="733" y="320"/><point x="478" y="320"/><point x="476" y="322"/><point x="731" y="322"/><point x="731" y="376"/></area><area isNotContentShape="false" name="Block SequencingLink" refid="_18_5_1_412017e_1513345208932_58869_39961" shape="poly" type="0"><point x="478" y="501"/><point x="618" y="501"/><point x="618" y="626"/><point x="441" y="626"/><point x="441" y="590"/><point x="439" y="592"/><point x="439" y="628"/><point x="616" y="628"/><point x="616" y="503"/><point x="476" y="503"/></area><area isNotContentShape="false" name="Block FlowNetwork" refid="_18_4_1_412017e_1480430023770_307416_22716" shape="rect" type="0"><point x="187" y="50"/><point x="282" y="50"/><point x="282" y="88"/><point x="187" y="88"/></area><area isNotContentShape="false" name="Enumeration Literal SS (Start to Start)" refid="_18_4_1_412017e_1480450245331_907239_26090" shape="rect" type="0"><point x="832" y="529"/><point x="950" y="529"/><point x="950" y="544"/><point x="832" y="544"/></area><area isNotContentShape="false" name="Enumeration Literal SF (Start to Finish)" refid="_18_4_1_412017e_1480450245331_679752_26091" shape="rect" type="0"><point x="832" y="543"/><point x="950" y="543"/><point x="950" y="557"/><point x="832" y="557"/></area><area isNotContentShape="false" name="Enumeration Literal FS (Finish to Start)" refid="_18_4_1_412017e_1480450245331_145611_26092" shape="rect" type="0"><point x="832" y="556"/><point x="950" y="556"/><point x="950" y="571"/><point x="832" y="571"/></area><area isNotContentShape="false" name="Enumeration Literal FF (Finish to Finish)" refid="_18_4_1_412017e_1480450245331_199042_26093" shape="rect" type="0"><point x="832" y="570"/><point x="950" y="570"/><point x="950" y="584"/><point x="832" y="584"/></area><area isNotContentShape="false" name="Enumeration SequencingKind" refid="_18_4_1_412017e_1480450245321_780581_26089" shape="rect" type="0"><point x="829" y="490"/><point x="953" y="490"/><point x="953" y="590"/><point x="829" y="590"/></area><area isNotContentShape="false" name="Reference Property flowType" refid="_18_5_1_412017e_1513193951432_903472_38009" shape="rect" type="0"><point x="25" y="197"/><point x="475" y="197"/><point x="475" y="211"/><point x="25" y="211"/></area><area isNotContentShape="false" name="Flow Property inputs" refid="_18_5_1_412017e_1516804276976_159477_35115" shape="rect" type="0"><point x="25" y="220"/><point x="475" y="220"/><point x="475" y="235"/><point x="25" y="235"/></area><area isNotContentShape="false" name="Flow Property outputs" refid="_18_5_1_412017e_1516804357021_942548_35124" shape="rect" type="0"><point x="25" y="234"/><point x="475" y="234"/><point x="475" y="248"/><point x="25" y="248"/></area><area isNotContentShape="false" name="Value Property expectedServiceTime" refid="_18_5_1_412017e_1571407483304_517857_24990" shape="rect" type="0"><point x="25" y="258"/><point x="475" y="258"/><point x="475" y="272"/><point x="25" y="272"/></area><area isNotContentShape="false" name="Value Property concurrentProcessingCapacity" refid="_18_5_1_412017e_1535991327055_899862_75849" shape="rect" type="0"><point x="25" y="271"/><point x="475" y="271"/><point x="475" y="285"/><point x="25" y="285"/></area><area isNotContentShape="false" name="Value Property storageCapacity" refid="_18_5_1_412017e_1535991334448_279546_75853" shape="rect" type="0"><point x="25" y="284"/><point x="475" y="284"/><point x="475" y="299"/><point x="25" y="299"/></area><area isNotContentShape="false" name="Part Property currentlyProcessing" refid="_18_5_1_412017e_1555503070302_972482_23773" shape="rect" type="0"><point x="25" y="298"/><point x="475" y="298"/><point x="475" y="312"/><point x="25" y="312"/></area><area isNotContentShape="false" name="Part Property currentlyQueued" refid="_18_5_1_412017e_1555502958330_540495_23759" shape="rect" type="0"><point x="25" y="311"/><point x="475" y="311"/><point x="475" y="325"/><point x="25" y="325"/></area><area isNotContentShape="false" name="Value Property arrivalRate" refid="_18_5_1_412017e_1555504196349_471525_23860" shape="rect" type="0"><point x="25" y="324"/><point x="475" y="324"/><point x="475" y="339"/><point x="25" y="339"/></area><area isNotContentShape="false" name="Value Property departureRate" refid="_18_5_1_412017e_1555504204243_519625_23868" shape="rect" type="0"><point x="25" y="338"/><point x="475" y="338"/><point x="475" y="352"/><point x="25" y="352"/></area><area isNotContentShape="false" name="Value Property utilization" refid="_18_5_1_412017e_1535991278696_822334_75829" shape="rect" type="0"><point x="25" y="351"/><point x="475" y="351"/><point x="475" y="366"/><point x="25" y="366"/></area><area isNotContentShape="false" name="Value Property throughput" refid="_18_5_1_412017e_1535991289352_802115_75833" shape="rect" type="0"><point x="25" y="365"/><point x="475" y="365"/><point x="475" y="379"/><point x="25" y="379"/></area><area isNotContentShape="false" name="Value Property averageServiceTime" refid="_18_5_1_412017e_1535991295505_14006_75837" shape="rect" type="0"><point x="25" y="378"/><point x="475" y="378"/><point x="475" y="392"/><point x="25" y="392"/></area><area isNotContentShape="false" name="Value Property averageWaitingTime" refid="_18_5_1_412017e_1535991307110_247878_75841" shape="rect" type="0"><point x="25" y="391"/><point x="475" y="391"/><point x="475" y="406"/><point x="25" y="406"/></area><area isNotContentShape="false" name="Value Property averageQueueLength" refid="_18_5_1_412017e_1535991317037_887929_75845" shape="rect" type="0"><point x="25" y="405"/><point x="475" y="405"/><point x="475" y="419"/><point x="25" y="419"/></area><area isNotContentShape="false" name="Value Property averageSystemTime" refid="_18_5_1_412017e_1551969778617_81505_59654" shape="rect" type="0"><point x="25" y="418"/><point x="475" y="418"/><point x="475" y="433"/><point x="25" y="433"/></area><area isNotContentShape="false" name="Activity ProcessNetwork" refid="_18_4_1_412017e_1490794010074_822948_28228" shape="rect" type="0"><point x="22" y="137"/><point x="478" y="137"/><point x="478" y="592"/><point x="22" y="592"/></area><area isNotContentShape="false" name="Participant Property predecessor" refid="_18_5_1_412017e_1513345209058_707014_40017" shape="rect" type="0"><point x="630" y="424"/><point x="1182" y="424"/><point x="1182" y="439"/><point x="630" y="439"/></area><area isNotContentShape="false" name="Participant Property successor" refid="_18_5_1_412017e_1513345209065_640101_40021" shape="rect" type="0"><point x="630" y="438"/><point x="1182" y="438"/><point x="1182" y="452"/><point x="630" y="452"/></area><area isNotContentShape="false" name="Property sequencingKindID" refid="_18_5_1_412017e_1535990925147_916814_75789" shape="rect" type="0"><point x="630" y="451"/><point x="1182" y="451"/><point x="1182" y="466"/><point x="630" y="466"/></area><area isNotContentShape="false" name="Block SequencingLink" refid="_18_5_1_412017e_1513345208932_58869_39961" shape="rect" type="0"><point x="627" y="375"/><point x="1186" y="375"/><point x="1186" y="472"/><point x="627" y="472"/></area></map><name humanName="Name" mode="s,e">ProcessNetwork</name><namespace classType="Model" humanName="Namespace" humanType="Model" icon="CommodityFlowNetwork_files/icon_model_498361736.svg" name="CommodityFlowNetwork" refid="_18_4_1_412017e_1480428197145_536891_21458"/><ownedElement humanName="Owned Element"><instancespecification classType="InstanceSpecification" humanType="Instance Specification" icon="CommodityFlowNetwork_files/icon_instancespecification_13643661.svg" name=" : UML Standard Profile::MagicDraw Profile::DiagramInfo" refid="_18_4_1_412017e_1480448894984_811703_25496"/></ownedElement><owner classType="Model" humanName="Owner" humanType="Model" icon="CommodityFlowNetwork_files/icon_model_498361736.svg" mode="s,e" name="CommodityFlowNetwork" refid="_18_4_1_412017e_1480428197145_536891_21458"/><ownerOfDiagram classType="Model" humanName="Owner Of Diagram" humanType="Model" icon="CommodityFlowNetwork_files/icon_model_498361736.svg" name="CommodityFlowNetwork" refid="_18_4_1_412017e_1480428197145_536891_21458"/><qualifiedName humanName="Qualified Name" mode="e">CommodityFlowNetwork::ProcessNetwork</qualifiedName><TO_DO humanName="To Do" mode="s,e"/><DIAGRAM_TYPE_DERIVED_PROPERTY humanName="Type">SysML Block Definition Diagram</DIAGRAM_TYPE_DERIVED_PROPERTY><visibility humanName="Visibility">public</visibility></diagram></magicdraw>