<?xml version="1.0" encoding="UTF-8"?><magicdraw><literalunlimitednatural classType="LiteralUnlimitedNatural" humanType="Literal Unlimited Natural" icon="CommodityFlowNetwork_files/icon_literalunlimitednatural_1323015338.svg" id="_18_5_1_412017e_1513189182851_40393_36076"><documentation humanName="Documentation"/><name humanName="Name"/><owner classType="Property" humanName="Owner" humanType="Part Property" icon="CommodityFlowNetwork_files/icon_partproperty_1194243560.svg" mode="e" name="node" refid="_18_5_1_412017e_1513189146779_978407_36026"/><owningUpper classType="Property" humanName="Owning Upper" humanType="Part Property" icon="CommodityFlowNetwork_files/icon_partproperty_1194243560.svg" name="node" refid="_18_5_1_412017e_1513189146779_978407_36026"/><qualifiedName humanName="Qualified Name">CommodityFlowNetwork::Network::node::</qualifiedName><text humanName="Text" mode="standard">*</text><TO_DO humanName="To Do"/><TYPE_MODIFIER humanName="Type Modifier"/><value humanName="Value" mode="s,e">-1</value><visibility humanName="Visibility">public</visibility></literalunlimitednatural></magicdraw>