<?xml version="1.0" encoding="UTF-8"?><magicdraw><instancespecification classType="InstanceSpecification" humanType="Instance Specification" icon="CommodityFlowNetwork_files/icon_instancespecification_13643661.svg" id="_18_5_1_412017e_1536329777277_828414_77337"><classifier humanName="Classifier" mode="s,e"><stereotype classType="Stereotype" humanType="Stereotype" icon="CommodityFlowNetwork_files/icon_stereotype_918307166.svg" name="Optional" refid="_11_5EAPbeta_be00301_1147781357961_454792_562"/></classifier><documentation humanName="Documentation"/><name humanName="Name" mode="s,e"/><owner classType="Parameter" humanName="Owner" humanType="Parameter" icon="CommodityFlowNetwork_files/icon_parameter_1919576980.svg" mode="s,e" name="outputs" refid="_18_5_1_412017e_1528288050814_221578_41975"/><qualifiedName humanName="Qualified Name" mode="e">CommodityFlowNetwork::ProcessNetwork::outputs::</qualifiedName><stereotypedElement classType="Parameter" humanName="Stereotyped Element" humanType="Parameter" icon="CommodityFlowNetwork_files/icon_parameter_1919576980.svg" name="outputs" refid="_18_5_1_412017e_1528288050814_221578_41975"/><TO_DO humanName="To Do" mode="s,e"/><visibility humanName="Visibility">public</visibility></instancespecification></magicdraw>