<?xml version="1.0" encoding="UTF-8"?><magicdraw><instancespecification classType="InstanceSpecification" humanType="Instance Specification" icon="CommodityFlowNetwork_files/icon_instancespecification_13643661.svg" id="_18_5_1_412017e_1513264180114_517941_39262"><classifier humanName="Classifier" mode="s,e"><stereotype classType="Stereotype" humanType="Stereotype" icon="CommodityFlowNetwork_files/icon_stereotype_918307166.svg" name="DiagramInfo" refid="_9_0_be00301_1108044380615_150487_0"/></classifier><documentation humanName="Documentation"/><name humanName="Name" mode="s,e"/><ownedElement humanName="Owned Element"><slot classType="Slot" humanType="Slot" icon="CommodityFlowNetwork_files/icon_slot_1699970880.svg" refid="_19_0_3_412017e_1586182759969_384965_13400"/><slot classType="Slot" humanType="Slot" icon="CommodityFlowNetwork_files/icon_slot_1699970880.svg" refid="_19_0_3_412017e_1586182759969_800332_13402"/><slot classType="Slot" humanType="Slot" icon="CommodityFlowNetwork_files/icon_slot_1699970880.svg" refid="_19_0_3_412017e_1586182759969_570103_13404"/><slot classType="Slot" humanType="Slot" icon="CommodityFlowNetwork_files/icon_slot_1699970880.svg" refid="_19_0_3_412017e_1586182759969_292426_13406"/></ownedElement><owner classType="Diagram" humanName="Owner" humanType="Diagram" icon="CommodityFlowNetwork_files/icon_SysML Internal Block Diagram_883516442.svg" mode="s,e" name="Network" refid="_18_5_1_412017e_1513264180102_435102_39251"/><qualifiedName humanName="Qualified Name" mode="e">CommodityFlowNetwork::Network::Network::</qualifiedName><slot humanName="Slot"><slot classType="Slot" humanType="Slot" icon="CommodityFlowNetwork_files/icon_slot_1699970880.svg" refid="_19_0_3_412017e_1586182759969_384965_13400"/><slot classType="Slot" humanType="Slot" icon="CommodityFlowNetwork_files/icon_slot_1699970880.svg" refid="_19_0_3_412017e_1586182759969_800332_13402"/><slot classType="Slot" humanType="Slot" icon="CommodityFlowNetwork_files/icon_slot_1699970880.svg" refid="_19_0_3_412017e_1586182759969_570103_13404"/><slot classType="Slot" humanType="Slot" icon="CommodityFlowNetwork_files/icon_slot_1699970880.svg" refid="_19_0_3_412017e_1586182759969_292426_13406"/></slot><stereotypedElement classType="Diagram" humanName="Stereotyped Element" humanType="Diagram" icon="CommodityFlowNetwork_files/icon_SysML Internal Block Diagram_883516442.svg" name="Network" refid="_18_5_1_412017e_1513264180102_435102_39251"/><TO_DO humanName="To Do" mode="s,e"/><visibility humanName="Visibility">public</visibility></instancespecification></magicdraw>