<?xml version="1.0" encoding="UTF-8"?><magicdraw><literalinteger classType="LiteralInteger" humanType="Literal Integer" icon="CommodityFlowNetwork_files/icon_literalinteger_21600042.svg" id="_18_5_1_412017e_1535991370750_315180_75865"><documentation humanName="Documentation"/><name humanName="Name"/><owner classType="Property" humanName="Owner" humanType="Value Property" icon="CommodityFlowNetwork_files/icon_valueproperty_961616212.svg" mode="e" name="throughput" refid="_18_5_1_412017e_1535991289352_802115_75833"/><owningLower classType="Property" humanName="Owning Lower" humanType="Value Property" icon="CommodityFlowNetwork_files/icon_valueproperty_961616212.svg" name="throughput" refid="_18_5_1_412017e_1535991289352_802115_75833"/><qualifiedName humanName="Qualified Name">CommodityFlowNetwork::ProcessNetwork::throughput::</qualifiedName><text humanName="Text" mode="standard">0</text><TO_DO humanName="To Do"/><TYPE_MODIFIER humanName="Type Modifier"/><value humanName="Value" mode="s,e">0</value><visibility humanName="Visibility">public</visibility></literalinteger></magicdraw>