<?xml version="1.0" encoding="UTF-8"?><magicdraw><instancespecification classType="InstanceSpecification" humanType="Instance Specification" icon="CommodityFlowNetwork_files/icon_instancespecification_13643661.svg" id="_18_5_1_412017e_1563371317900_961735_21915"><classifier humanName="Classifier" mode="s,e"><stereotype classType="Stereotype" humanType="Stereotype" icon="CommodityFlowNetwork_files/icon_stereotype_961616212.svg" name="ValueProperty" refid="_12_0_be00301_1164123483951_695645_2041"/></classifier><documentation humanName="Documentation"/><name humanName="Name" mode="s,e"/><owner classType="Property" humanName="Owner" humanType="Value Property" icon="CommodityFlowNetwork_files/icon_valueproperty_961616212.svg" mode="s,e" name="averageWaitingTime" refid="_18_5_1_412017e_1535991307110_247878_75841"/><qualifiedName humanName="Qualified Name" mode="e">CommodityFlowNetwork::ProcessNetwork::averageWaitingTime::</qualifiedName><stereotypedElement classType="Property" humanName="Stereotyped Element" humanType="Value Property" icon="CommodityFlowNetwork_files/icon_valueproperty_961616212.svg" name="averageWaitingTime" refid="_18_5_1_412017e_1535991307110_247878_75841"/><TO_DO humanName="To Do" mode="s,e"/><visibility humanName="Visibility">public</visibility></instancespecification></magicdraw>