<?xml version="1.0" encoding="UTF-8"?><magicdraw><diagram classType="Diagram" diagramType="SysML Block Definition Diagram" height="1293" humanType="Diagram" icon="CommodityFlowNetwork_files/icon_SysML Block Definition Diagram_1250245968.svg" id="_18_5_1_412017e_1521810279781_348461_35190" src="CommodityFlowNetwork_files/_18_5_1_412017e_1521810279781_348461_35190.svg" width="1191"><APPLIED_STEREOTYPES humanName="Applied Stereotype" mode="s,e"><stereotype classType="Stereotype" humanType="Stereotype" icon="CommodityFlowNetwork_files/icon_stereotype_918307166.svg" name="DiagramInfo" refid="_9_0_be00301_1108044380615_150487_0"/></APPLIED_STEREOTYPES><appliedStereotype humanName="Applied Stereotype" mode="s,e"><stereotype classType="Stereotype" humanType="Stereotype" icon="CommodityFlowNetwork_files/icon_stereotype_918307166.svg" name="DiagramInfo" refid="_9_0_be00301_1108044380615_150487_0"><property classType="Property" humanName="Author" humanType="Property" icon="CommodityFlowNetwork_files/icon_property_1022812452.svg" name="Author" refid="_be00301_1077726770128_871366_1"><String>tas5</String></property><property classType="Property" humanName="Base_ Diagram" humanType="Property" icon="CommodityFlowNetwork_files/icon_property_1022812452.svg" name="base_Diagram" refid="_10_0EAPbeta_be00301_1123081772498_901864_356"/><property classType="Property" humanName="Base_ Element" humanType="Property" icon="CommodityFlowNetwork_files/icon_property_1022812452.svg" name="base_Element" refid="_10_0EAPbeta_be00301_1123081772098_411862_275"/><property classType="Property" humanName="Creation Date" humanType="Property" icon="CommodityFlowNetwork_files/icon_property_1022812452.svg" name="Creation date" refid="_be00301_1073306188629_537791_2"><String>3/23/18 9:04 AM</String></property><property classType="Property" humanName="Last modified by" humanType="Property" icon="CommodityFlowNetwork_files/icon_property_1022812452.svg" name="Last modified by" refid="_16_8beta_8ca0285_1257244649124_794756_344"><String>tas5</String></property><property classType="Property" humanName="Modification Date" humanType="Property" icon="CommodityFlowNetwork_files/icon_property_1022812452.svg" name="Modification date" refid="_be00301_1073394345322_922552_1"><String>10/9/19 8:38 AM</String></property></stereotype></appliedStereotype><appliedStereotypeInstance classType="InstanceSpecification" humanName="Applied Stereotype Instance" humanType="Instance Specification" icon="CommodityFlowNetwork_files/icon_instancespecification_13643661.svg" name=" : UML Standard Profile::MagicDraw Profile::DiagramInfo" refid="_18_5_1_412017e_1521810279798_401422_35211"/><documentation humanName="Documentation"/><map><area isNotContentShape="false" name="Part Property node" refid="_18_5_1_412017e_1513189146779_978407_36026" shape="rect" type="0"><point x="141" y="122"/><point x="152" y="122"/><point x="152" y="133"/><point x="141" y="133"/></area><area isNotContentShape="false" name="Adjunct Property edge" refid="_18_5_1_412017e_1513190219530_869897_37060" shape="rect" type="0"><point x="600" y="206"/><point x="612" y="206"/><point x="612" y="217"/><point x="600" y="217"/></area><area isNotContentShape="false" name="Part Property flowEdge" refid="_18_5_1_412017e_1513191078480_901416_37791" shape="rect" type="0"><point x="706" y="646"/><point x="717" y="646"/><point x="717" y="657"/><point x="706" y="657"/></area><area isNotContentShape="false" name="Part Property flowNode" refid="_18_5_1_412017e_1513192538972_225456_37849" shape="rect" type="0"><point x="134" y="564"/><point x="145" y="564"/><point x="145" y="576"/><point x="134" y="576"/></area><area isNotContentShape="false" name="Reference Property parentNetwork" refid="_18_5_1_412017e_1513189146779_560277_36027" shape="rect" type="0"><point x="207" y="159"/><point x="218" y="159"/><point x="218" y="170"/><point x="207" y="170"/></area><area isNotContentShape="false" name="Property parentNetwork" refid="_18_5_1_412017e_1513190219530_486496_37061" shape="rect" type="0"><point x="430" y="85"/><point x="441" y="85"/><point x="441" y="97"/><point x="430" y="97"/></area><area isNotContentShape="false" name="Property parentFlowNetwork" refid="_18_5_1_412017e_1513191078481_355001_37792" shape="rect" type="0"><point x="568" y="475"/><point x="579" y="475"/><point x="579" y="486"/><point x="568" y="486"/></area><area isNotContentShape="false" name="Reference Property parentFlowNetwork" refid="_18_5_1_412017e_1513192538972_931633_37850" shape="rect" type="0"><point x="216" y="642"/><point x="228" y="642"/><point x="228" y="653"/><point x="216" y="653"/></area><area isNotContentShape="false" name="Reference Property endNetwork1" refid="_18_5_1_412017e_1513190186908_510822_36952" shape="rect" type="0"><point x="430" y="125"/><point x="441" y="125"/><point x="441" y="136"/><point x="430" y="136"/></area><area isNotContentShape="false" name="Reference Property sourceFlowNetwork" refid="_18_5_1_412017e_1513191054925_531915_37681" shape="rect" type="0"><point x="556" y="642"/><point x="568" y="642"/><point x="568" y="653"/><point x="556" y="653"/></area><area isNotContentShape="false" name="Reference Property endNetwork2" refid="_18_5_1_412017e_1513190186908_343394_36953" shape="rect" type="0"><point x="380" y="159"/><point x="391" y="159"/><point x="391" y="170"/><point x="380" y="170"/></area><area isNotContentShape="false" name="Reference Property targetFlowNetwork" refid="_18_5_1_412017e_1513191054926_725262_37682" shape="rect" type="0"><point x="432" y="642"/><point x="443" y="642"/><point x="443" y="653"/><point x="432" y="653"/></area><area isNotContentShape="false" name="Part Property node" refid="_18_5_1_412017e_1513189146779_978407_36026" shape="rect" type="0"><point x="123" y="111"/><point x="149" y="111"/><point x="149" y="125"/><point x="123" y="125"/></area><area isNotContentShape="false" name="Adjunct Property edge" refid="_18_5_1_412017e_1513190219530_869897_37060" shape="rect" type="0"><point x="573" y="200"/><point x="604" y="200"/><point x="604" y="214"/><point x="573" y="214"/></area><area isNotContentShape="false" name="Part Property flowEdge" refid="_18_5_1_412017e_1513191078480_901416_37791" shape="rect" type="0"><point x="659" y="641"/><point x="709" y="641"/><point x="709" y="654"/><point x="659" y="654"/></area><area isNotContentShape="false" name="Part Property flowNode" refid="_18_5_1_412017e_1513192538972_225456_37849" shape="rect" type="0"><point x="92" y="554"/><point x="142" y="554"/><point x="142" y="568"/><point x="92" y="568"/></area><area isNotContentShape="false" name="Reference Property parentNetwork" refid="_18_5_1_412017e_1513189146779_560277_36027" shape="rect" type="0"><point x="134" y="174"/><point x="210" y="174"/><point x="210" y="187"/><point x="134" y="187"/></area><area isNotContentShape="false" name="Reference Property endNetwork1" refid="_18_5_1_412017e_1513190186908_510822_36952" shape="rect" type="0"><point x="433" y="113"/><point x="512" y="113"/><point x="512" y="128"/><point x="433" y="128"/></area><area isNotContentShape="false" name="Reference Property endNetwork2" refid="_18_5_1_412017e_1513190186908_343394_36953" shape="rect" type="0"><point x="304" y="162"/><point x="383" y="162"/><point x="383" y="176"/><point x="304" y="176"/></area><area isNotContentShape="false" name="Property parentNetwork" refid="_18_5_1_412017e_1513190219530_486496_37061" shape="rect" type="0"><point x="445" y="74"/><point x="534" y="74"/><point x="534" y="89"/><point x="445" y="89"/></area><area isNotContentShape="false" name="Reference Property parentFlowNetwork" refid="_18_5_1_412017e_1513192538972_931633_37850" shape="rect" type="0"><point x="118" y="657"/><point x="219" y="657"/><point x="219" y="671"/><point x="118" y="671"/></area><area isNotContentShape="false" name="Reference Property targetFlowNetwork" refid="_18_5_1_412017e_1513191054926_725262_37682" shape="rect" type="0"><point x="323" y="645"/><point x="435" y="645"/><point x="435" y="659"/><point x="323" y="659"/></area><area isNotContentShape="false" name="Property parentFlowNetwork" refid="_18_5_1_412017e_1513191078481_355001_37792" shape="rect" type="0"><point x="583" y="464"/><point x="697" y="464"/><point x="697" y="478"/><point x="583" y="478"/></area><area isNotContentShape="false" name="Reference Property sourceFlowNetwork" refid="_18_5_1_412017e_1513191054925_531915_37681" shape="rect" type="0"><point x="444" y="645"/><point x="559" y="645"/><point x="559" y="659"/><point x="444" y="659"/></area><area isNotContentShape="false" name="Block NetworkLink" refid="_18_5_1_412017e_1513190186908_384793_36951" shape="poly" type="0"><point x="452" y="198"/><point x="452" y="244"/><point x="497" y="244"/><point x="495" y="246"/><point x="450" y="246"/><point x="450" y="200"/></area><area isNotContentShape="false" name="Block FlowNetworkLink" refid="_18_5_1_412017e_1513191054925_696549_37680" shape="poly" type="0"><point x="501" y="691"/><point x="501" y="670"/><point x="628" y="670"/><point x="626" y="672"/><point x="499" y="672"/><point x="499" y="693"/></area><area isNotContentShape="false" name="Association" refid="_18_5_1_412017e_1513189146778_490437_36025" shape="poly" type="0"><point x="152" y="126"/><point x="84" y="126"/><point x="84" y="201"/><point x="213" y="201"/><point x="213" y="158"/><point x="211" y="160"/><point x="211" y="203"/><point x="82" y="203"/><point x="82" y="128"/><point x="150" y="128"/></area><area isNotContentShape="false" name="Association" refid="_18_5_1_412017e_1513192538972_915919_37848" shape="poly" type="0"><point x="145" y="569"/><point x="56" y="569"/><point x="56" y="681"/><point x="222" y="681"/><point x="222" y="641"/><point x="220" y="643"/><point x="220" y="683"/><point x="54" y="683"/><point x="54" y="571"/><point x="143" y="571"/></area><area isNotContentShape="false" name="Association" refid="_18_5_1_412017e_1513190219530_677714_37059" shape="poly" type="0"><point x="607" y="215"/><point x="607" y="90"/><point x="431" y="90"/><point x="428" y="92"/><point x="605" y="92"/><point x="605" y="217"/></area><area isNotContentShape="false" name="Association" refid="_18_5_1_412017e_1513191078480_865032_37790" shape="poly" type="0"><point x="712" y="655"/><point x="712" y="479"/><point x="569" y="479"/><point x="567" y="481"/><point x="710" y="481"/><point x="710" y="657"/></area><area isNotContentShape="false" name="Generalization" refid="_18_4_1_412017e_1480430095754_117180_22761" shape="poly" type="0"><point x="246" y="158"/><point x="246" y="345"/><point x="244" y="347"/><point x="244" y="160"/></area><area isNotContentShape="false" name="Generalization" refid="_18_5_1_412017e_1513191068793_329266_37785" shape="poly" type="0"><point x="762" y="344"/><point x="762" y="655"/><point x="760" y="657"/><point x="760" y="346"/></area><area isNotContentShape="false" name="Block NetworkLink" refid="_18_5_1_412017e_1513190186908_384793_36951" shape="poly" type="0"><point x="431" y="129"/><point x="459" y="129"/><point x="459" y="198"/><point x="386" y="198"/><point x="386" y="158"/><point x="384" y="160"/><point x="384" y="200"/><point x="457" y="200"/><point x="457" y="131"/><point x="428" y="131"/></area><area isNotContentShape="false" name="Block FlowNetworkLink" refid="_18_5_1_412017e_1513191054925_696549_37680" shape="poly" type="0"><point x="562" y="641"/><point x="562" y="691"/><point x="438" y="691"/><point x="438" y="641"/><point x="436" y="643"/><point x="436" y="693"/><point x="560" y="693"/><point x="560" y="643"/></area><area isNotContentShape="false" name="Value Property cost" refid="_18_5_1_412017e_1533905277155_825979_70908" shape="rect" type="0"><point x="155" y="93"/><point x="427" y="93"/><point x="427" y="107"/><point x="155" y="107"/></area><area isNotContentShape="false" name="Block Network" refid="_18_4_1_412017e_1480428292021_38215_21493" shape="rect" type="0"><point x="151" y="43"/><point x="431" y="43"/><point x="431" y="160"/><point x="151" y="160"/></area><area isNotContentShape="false" name="Participant Property linkEnd1" refid="_18_5_1_412017e_1513190186994_240653_37009" shape="rect" type="0"><point x="500" y="266"/><point x="832" y="266"/><point x="832" y="280"/><point x="500" y="280"/></area><area isNotContentShape="false" name="Value Property weight" refid="_18_4_1_412017e_1480428506088_723337_22098" shape="rect" type="0"><point x="500" y="312"/><point x="832" y="312"/><point x="832" y="327"/><point x="500" y="327"/></area><area isNotContentShape="false" name="Participant Property linkEnd2" refid="_18_5_1_412017e_1513190186999_654848_37013" shape="rect" type="0"><point x="500" y="279"/><point x="832" y="279"/><point x="832" y="294"/><point x="500" y="294"/></area><area isNotContentShape="false" name="Block NetworkLink" refid="_18_5_1_412017e_1513190186908_384793_36951" shape="rect" type="0"><point x="496" y="216"/><point x="835" y="216"/><point x="835" y="346"/><point x="496" y="346"/></area><area isNotContentShape="false" name="Flow Property inputs" refid="_18_5_1_412017e_1516804276976_159477_35115" shape="rect" type="0"><point x="147" y="396"/><point x="565" y="396"/><point x="565" y="410"/><point x="147" y="410"/></area><area isNotContentShape="false" name="Reference Property produces" refid="_18_5_1_412017e_1552326004774_512809_60599" shape="rect" type="0"><point x="147" y="442"/><point x="565" y="442"/><point x="565" y="456"/><point x="147" y="456"/></area><area isNotContentShape="false" name="Value Property inFlowRate" refid="_18_5_1_412017e_1555504034751_641856_23849" shape="rect" type="0"><point x="147" y="528"/><point x="565" y="528"/><point x="565" y="543"/><point x="147" y="543"/></area><area isNotContentShape="false" name="Flow Property outputs" refid="_18_5_1_412017e_1516804357021_942548_35124" shape="rect" type="0"><point x="147" y="409"/><point x="565" y="409"/><point x="565" y="423"/><point x="147" y="423"/></area><area isNotContentShape="false" name="Reference Property consumes" refid="_18_5_1_412017e_1552326045705_830137_60604" shape="rect" type="0"><point x="147" y="455"/><point x="565" y="455"/><point x="565" y="470"/><point x="147" y="470"/></area><area isNotContentShape="false" name="Value Property outFlowRate" refid="_18_5_1_412017e_1555504061447_710445_23855" shape="rect" type="0"><point x="147" y="542"/><point x="565" y="542"/><point x="565" y="556"/><point x="147" y="556"/></area><area isNotContentShape="false" name="Reference Property currentlyFlowingThrough" refid="_18_5_1_412017e_1555502817608_748608_23754" shape="rect" type="0"><point x="147" y="469"/><point x="565" y="469"/><point x="565" y="483"/><point x="147" y="483"/></area><area isNotContentShape="false" name="Value Property productionRate" refid="_18_5_1_412017e_1516803804302_71094_35023" shape="rect" type="0"><point x="147" y="555"/><point x="565" y="555"/><point x="565" y="570"/><point x="147" y="570"/></area><area isNotContentShape="false" name="Reference Property productionType" refid="_18_5_1_412017e_1569952454125_964807_21841" shape="rect" type="0"><point x="147" y="482"/><point x="565" y="482"/><point x="565" y="496"/><point x="147" y="496"/></area><area isNotContentShape="false" name="Value Property consumptionRate" refid="_18_5_1_412017e_1516803841216_75498_35029" shape="rect" type="0"><point x="147" y="569"/><point x="565" y="569"/><point x="565" y="583"/><point x="147" y="583"/></area><area isNotContentShape="false" name="Reference Property consumptionType" refid="_18_5_1_412017e_1569952554947_172805_21848" shape="rect" type="0"><point x="147" y="495"/><point x="565" y="495"/><point x="565" y="510"/><point x="147" y="510"/></area><area isNotContentShape="false" name="Block FlowNetwork" refid="_18_4_1_412017e_1480430023770_307416_22716" shape="rect" type="0"><point x="144" y="346"/><point x="569" y="346"/><point x="569" y="643"/><point x="144" y="643"/></area><area isNotContentShape="false" name="Participant Property linkSource" refid="_18_5_1_412017e_1513191055050_278755_37738" shape="rect" type="0"><point x="630" y="706"/><point x="1147" y="706"/><point x="1147" y="720"/><point x="630" y="720"/></area><area isNotContentShape="false" name="Participant Property linkTarget" refid="_18_5_1_412017e_1513191055056_382993_37742" shape="rect" type="0"><point x="630" y="719"/><point x="1147" y="719"/><point x="1147" y="733"/><point x="630" y="733"/></area><area isNotContentShape="false" name="Block FlowNetworkLink" refid="_18_5_1_412017e_1513191054925_696549_37680" shape="rect" type="0"><point x="627" y="656"/><point x="1151" y="656"/><point x="1151" y="839"/><point x="627" y="839"/></area></map><name humanName="Name" mode="s,e">FlowNetwork_w/Notes</name><namespace classType="Model" humanName="Namespace" humanType="Model" icon="CommodityFlowNetwork_files/icon_model_498361736.svg" name="CommodityFlowNetwork" refid="_18_4_1_412017e_1480428197145_536891_21458"/><ownedElement humanName="Owned Element"><instancespecification classType="InstanceSpecification" humanType="Instance Specification" icon="CommodityFlowNetwork_files/icon_instancespecification_13643661.svg" name=" : UML Standard Profile::MagicDraw Profile::DiagramInfo" refid="_18_5_1_412017e_1521810279798_401422_35211"/></ownedElement><owner classType="Model" humanName="Owner" humanType="Model" icon="CommodityFlowNetwork_files/icon_model_498361736.svg" mode="s,e" name="CommodityFlowNetwork" refid="_18_4_1_412017e_1480428197145_536891_21458"/><ownerOfDiagram classType="Model" humanName="Owner Of Diagram" humanType="Model" icon="CommodityFlowNetwork_files/icon_model_498361736.svg" name="CommodityFlowNetwork" refid="_18_4_1_412017e_1480428197145_536891_21458"/><qualifiedName humanName="Qualified Name" mode="e">CommodityFlowNetwork::FlowNetwork_w/Notes</qualifiedName><TO_DO humanName="To Do" mode="s,e"/><DIAGRAM_TYPE_DERIVED_PROPERTY humanName="Type">SysML Block Definition Diagram</DIAGRAM_TYPE_DERIVED_PROPERTY><visibility humanName="Visibility">public</visibility></diagram></magicdraw>