<?xml version="1.0" encoding="UTF-8"?><magicdraw><instancespecification classType="InstanceSpecification" humanType="Instance Specification" icon="CommodityFlowNetwork_files/icon_instancespecification_13643661.svg" id="_18_5_1_412017e_1513692883781_649840_46720"><classifier humanName="Classifier" mode="s,e"><stereotype classType="Stereotype" humanType="Stereotype" icon="CommodityFlowNetwork_files/icon_stereotype_979213603.svg" name="Block" refid="_11_5EAPbeta_be00301_1147424179914_458922_958"/></classifier><documentation humanName="Documentation"/><name humanName="Name" mode="s,e"/><owner classType="Class" humanName="Owner" humanType="Block" icon="CommodityFlowNetwork_files/icon_block_1669352891.svg" mode="s,e" name="Commodity" refid="_18_4_1_412017e_1480431603356_207384_23063"/><qualifiedName humanName="Qualified Name" mode="e">CommodityFlowNetwork::Commodity::</qualifiedName><stereotypedElement classType="Class" humanName="Stereotyped Element" humanType="Block" icon="CommodityFlowNetwork_files/icon_block_1669352891.svg" name="Commodity" refid="_18_4_1_412017e_1480431603356_207384_23063"/><TO_DO humanName="To Do" mode="s,e"/><visibility humanName="Visibility">public</visibility></instancespecification></magicdraw>