<?xml version="1.0" encoding="UTF-8"?><magicdraw><association classType="Association" humanType="Association" icon="CommodityFlowNetwork_files/icon_association_1588888959.svg" id="_18_5_1_412017e_1513191078480_865032_37790"><allGeneralClassifiers humanName="All General Classifiers"><association classType="Association" humanType="Association" icon="CommodityFlowNetwork_files/icon_association_1588888959.svg" isRelationship="true" name="Association[parentNetwork:CommodityFlowNetwork::Network - edge:CommodityFlowNetwork::NetworkLink]" refid="_18_5_1_412017e_1513190219530_677714_37059"/></allGeneralClassifiers><documentation humanName="Documentation"/><endType humanName="End Type"><block classType="Class" humanType="Block" icon="CommodityFlowNetwork_files/icon_block_1669352891.svg" name="FlowNetwork" refid="_18_4_1_412017e_1480430023770_307416_22716"/><block classType="AssociationClass" humanType="Block" icon="CommodityFlowNetwork_files/icon_block_1669352891.svg" isRelationship="true" name="FlowNetworkLink" refid="_18_5_1_412017e_1513191054925_696549_37680"/></endType><general humanName="General"><association classType="Association" humanType="Association" icon="CommodityFlowNetwork_files/icon_association_1588888959.svg" isRelationship="true" name="Association[parentNetwork:CommodityFlowNetwork::Network - edge:CommodityFlowNetwork::NetworkLink]" refid="_18_5_1_412017e_1513190219530_677714_37059"/></general><generalization humanName="Generalization"><generalization classType="Generalization" humanType="Generalization" icon="CommodityFlowNetwork_files/icon_generalization_1702478809.svg" isRelationship="true" refid="_18_5_1_412017e_1513191125461_489181_37823"/></generalization><isAbstract humanName="Is Abstract">false</isAbstract><isDerived humanName="Is Derived">false</isDerived><isFinalSpecialization humanName="Is Final Specialization">false</isFinalSpecialization><isLeaf humanName="Is Leaf">false</isLeaf><member humanName="Member"><partproperty classType="Property" humanType="Part Property" icon="CommodityFlowNetwork_files/icon_partproperty_1194243560.svg" name="flowEdge" refid="_18_5_1_412017e_1513191078480_901416_37791"/><property classType="Property" humanType="Property" icon="CommodityFlowNetwork_files/icon_property_1022812452.svg" name="parentFlowNetwork" refid="_18_5_1_412017e_1513191078481_355001_37792"/></member><memberEnd humanName="Member End"><partproperty classType="Property" humanType="Part Property" icon="CommodityFlowNetwork_files/icon_partproperty_1194243560.svg" name="flowEdge" refid="_18_5_1_412017e_1513191078480_901416_37791"/><property classType="Property" humanType="Property" icon="CommodityFlowNetwork_files/icon_property_1022812452.svg" name="parentFlowNetwork" refid="_18_5_1_412017e_1513191078481_355001_37792"/></memberEnd><name humanName="Name" mode="s,e"/><namespace classType="Model" humanName="Namespace" humanType="Model" icon="CommodityFlowNetwork_files/icon_model_498361736.svg" name="CommodityFlowNetwork" refid="_18_4_1_412017e_1480428197145_536891_21458"/><ownedElement humanName="Owned Element"><generalization classType="Generalization" humanType="Generalization" icon="CommodityFlowNetwork_files/icon_generalization_1702478809.svg" isRelationship="true" refid="_18_5_1_412017e_1513191125461_489181_37823"/></ownedElement><owner classType="Model" humanName="Owner" humanType="Model" icon="CommodityFlowNetwork_files/icon_model_498361736.svg" mode="s,e" name="CommodityFlowNetwork" refid="_18_4_1_412017e_1480428197145_536891_21458"/><owningPackage classType="Model" humanName="Owning Package" humanType="Model" icon="CommodityFlowNetwork_files/icon_model_498361736.svg" name="CommodityFlowNetwork" refid="_18_4_1_412017e_1480428197145_536891_21458"/><package classType="Model" humanName="Package" humanType="Model" icon="CommodityFlowNetwork_files/icon_model_498361736.svg" name="CommodityFlowNetwork" refid="_18_4_1_412017e_1480428197145_536891_21458"/><qualifiedName humanName="Qualified Name" mode="e">CommodityFlowNetwork::</qualifiedName><relatedElement humanName="Related Element"><block classType="Class" humanType="Block" icon="CommodityFlowNetwork_files/icon_block_1669352891.svg" name="FlowNetwork" refid="_18_4_1_412017e_1480430023770_307416_22716"/><block classType="AssociationClass" humanType="Block" icon="CommodityFlowNetwork_files/icon_block_1669352891.svg" isRelationship="true" name="FlowNetworkLink" refid="_18_5_1_412017e_1513191054925_696549_37680"/></relatedElement><TO_DO humanName="To Do"/><visibility humanName="Visibility" mode="s,e">public</visibility><appearsIn><diagram classType="Diagram" humanType="Diagram" icon="CommodityFlowNetwork_files/icon_SysML Block Definition Diagram_1250245968.svg" name="CommodityFlowNetworkOverview" refid="_18_5_1_412017e_1563536593786_365035_22477"/><diagram classType="Diagram" humanType="Diagram" icon="CommodityFlowNetwork_files/icon_SysML Block Definition Diagram_1250245968.svg" name="FlowNetwork" refid="_18_4_1_412017e_1480430006088_181173_22517"/><diagram classType="Diagram" humanType="Diagram" icon="CommodityFlowNetwork_files/icon_SysML Block Definition Diagram_1250245968.svg" name="FlowNetwork_w/Notes" refid="_18_5_1_412017e_1521810279781_348461_35190"/></appearsIn></association></magicdraw>