<?xml version="1.0" encoding="UTF-8"?><magicdraw><instancespecification classType="InstanceSpecification" humanType="Instance Specification" icon="CommodityFlowNetwork_files/icon_instancespecification_13643661.svg" id="_18_5_1_412017e_1513345209066_980144_40022"><classifier humanName="Classifier" mode="s,e"><stereotype classType="Stereotype" humanType="Stereotype" icon="CommodityFlowNetwork_files/icon_stereotype_1477503446.svg" name="ParticipantProperty" refid="_15_0_be00301_1204738438075_92104_1078"/></classifier><documentation humanName="Documentation"/><name humanName="Name" mode="s,e"/><ownedElement humanName="Owned Element"><slot classType="Slot" humanType="Slot" icon="CommodityFlowNetwork_files/icon_slot_1699970880.svg" refid="_19_0_3_412017e_1586182759978_726875_13450"/></ownedElement><owner classType="Property" humanName="Owner" humanType="Participant Property" icon="CommodityFlowNetwork_files/icon_participantproperty_1477503446.svg" mode="s,e" name="successor" refid="_18_5_1_412017e_1513345209065_640101_40021"/><qualifiedName humanName="Qualified Name" mode="e">CommodityFlowNetwork::SequencingLink::successor::</qualifiedName><slot humanName="Slot"><slot classType="Slot" humanType="Slot" icon="CommodityFlowNetwork_files/icon_slot_1699970880.svg" refid="_19_0_3_412017e_1586182759978_726875_13450"/></slot><stereotypedElement classType="Property" humanName="Stereotyped Element" humanType="Participant Property" icon="CommodityFlowNetwork_files/icon_participantproperty_1477503446.svg" name="successor" refid="_18_5_1_412017e_1513345209065_640101_40021"/><TO_DO humanName="To Do" mode="s,e"/><visibility humanName="Visibility">public</visibility></instancespecification></magicdraw>