<?xml version="1.0" encoding="UTF-8"?><magicdraw><activity classType="Activity" humanType="Activity" icon="CommodityFlowNetwork_files/icon_activity_526101253.svg" id="_18_4_1_412017e_1490794010074_822948_28228"><allGeneralClassifiers humanName="All General Classifiers"><block classType="Class" humanType="Block" icon="CommodityFlowNetwork_files/icon_block_1669352891.svg" name="FlowNetwork" refid="_18_4_1_412017e_1480430023770_307416_22716"/><block classType="Class" humanType="Block" icon="CommodityFlowNetwork_files/icon_block_979213603.svg" name="FlowNetworkElement" refid="_18_5_1_412017e_1569950967170_559775_21717"/><block classType="Class" humanType="Block" icon="CommodityFlowNetwork_files/icon_block_979213603.svg" name="IdentifiableElement" refid="_18_5_1_412017e_1550599419049_374663_31602"/><block classType="Class" humanType="Block" icon="CommodityFlowNetwork_files/icon_block_1669352891.svg" name="Network" refid="_18_4_1_412017e_1480428292021_38215_21493"/><block classType="Class" humanType="Block" icon="CommodityFlowNetwork_files/icon_block_979213603.svg" name="NetworkElement" refid="_18_5_1_412017e_1570105871470_979385_22666"/></allGeneralClassifiers><attribute humanName="Attribute"><valueproperty classType="Property" humanType="Value Property" icon="CommodityFlowNetwork_files/icon_valueproperty_961616212.svg" name="arrivalRate" refid="_18_5_1_412017e_1555504196349_471525_23860"/><valueproperty classType="Property" humanType="Value Property" icon="CommodityFlowNetwork_files/icon_valueproperty_961616212.svg" name="averageQueueLength" refid="_18_5_1_412017e_1535991317037_887929_75845"/><valueproperty classType="Property" humanType="Value Property" icon="CommodityFlowNetwork_files/icon_valueproperty_961616212.svg" name="averageServiceTime" refid="_18_5_1_412017e_1535991295505_14006_75837"/><valueproperty classType="Property" humanType="Value Property" icon="CommodityFlowNetwork_files/icon_valueproperty_961616212.svg" name="averageSystemTime" refid="_18_5_1_412017e_1551969778617_81505_59654"/><valueproperty classType="Property" humanType="Value Property" icon="CommodityFlowNetwork_files/icon_valueproperty_961616212.svg" name="averageWaitingTime" refid="_18_5_1_412017e_1535991307110_247878_75841"/><valueproperty classType="Property" humanType="Value Property" icon="CommodityFlowNetwork_files/icon_valueproperty_961616212.svg" name="concurrentProcessingCapacity" refid="_18_5_1_412017e_1535991327055_899862_75849"/><partproperty classType="Property" humanType="Part Property" icon="CommodityFlowNetwork_files/icon_partproperty_1194243560.svg" name="currentlyProcessing" refid="_18_5_1_412017e_1555503070302_972482_23773"/><partproperty classType="Property" humanType="Part Property" icon="CommodityFlowNetwork_files/icon_partproperty_1194243560.svg" name="currentlyQueued" refid="_18_5_1_412017e_1555502958330_540495_23759"/><valueproperty classType="Property" humanType="Value Property" icon="CommodityFlowNetwork_files/icon_valueproperty_961616212.svg" name="departureRate" refid="_18_5_1_412017e_1555504204243_519625_23868"/><valueproperty classType="Property" humanType="Value Property" icon="CommodityFlowNetwork_files/icon_valueproperty_961616212.svg" name="expectedServiceTime" refid="_18_5_1_412017e_1571407483304_517857_24990"/><valueproperty classType="Property" humanType="Value Property" icon="CommodityFlowNetwork_files/icon_valueproperty_961616212.svg" name="fixedProcessingCost" refid="_18_5_1_412017e_1571748521235_302622_21973"/><referenceproperty classType="Property" humanType="Reference Property" icon="CommodityFlowNetwork_files/icon_referenceproperty_1806116155.svg" name="parentProcessNetwork" refid="_18_4_1_412017e_1480449704985_231240_25973"/><referenceproperty classType="Property" humanType="Reference Property" icon="CommodityFlowNetwork_files/icon_referenceproperty_1806116155.svg" name="precedingProcess" refid="_18_5_1_412017e_1513345208932_140576_39962"/><adjunctproperty classType="Property" humanType="Adjunct Property" icon="CommodityFlowNetwork_files/icon_adjunctproperty_1016905217.svg" name="processNode" refid="_18_4_1_412017e_1480449704985_547184_25972"/><adjunctproperty classType="Property" humanType="Adjunct Property" icon="CommodityFlowNetwork_files/icon_adjunctproperty_1016905217.svg" name="sequencing" refid="_18_5_1_412017e_1513345350822_523426_40055"/><valueproperty classType="Property" humanType="Value Property" icon="CommodityFlowNetwork_files/icon_valueproperty_961616212.svg" name="storageCapacity" refid="_18_5_1_412017e_1535991334448_279546_75853"/><referenceproperty classType="Property" humanType="Reference Property" icon="CommodityFlowNetwork_files/icon_referenceproperty_1806116155.svg" name="succeedingProcess" refid="_18_5_1_412017e_1513345208933_313648_39963"/><valueproperty classType="Property" humanType="Value Property" icon="CommodityFlowNetwork_files/icon_valueproperty_961616212.svg" name="throughput" refid="_18_5_1_412017e_1535991289352_802115_75833"/><valueproperty classType="Property" humanType="Value Property" icon="CommodityFlowNetwork_files/icon_valueproperty_961616212.svg" name="unitProcessingCost" refid="_18_5_1_412017e_1571748529278_475274_21977"/><valueproperty classType="Property" humanType="Value Property" icon="CommodityFlowNetwork_files/icon_valueproperty_961616212.svg" name="utilization" refid="_18_5_1_412017e_1535991278696_822334_75829"/></attribute><documentation humanName="Documentation"/><feature humanName="Feature"><valueproperty classType="Property" humanType="Value Property" icon="CommodityFlowNetwork_files/icon_valueproperty_961616212.svg" name="arrivalRate" refid="_18_5_1_412017e_1555504196349_471525_23860"/><valueproperty classType="Property" humanType="Value Property" icon="CommodityFlowNetwork_files/icon_valueproperty_961616212.svg" name="averageQueueLength" refid="_18_5_1_412017e_1535991317037_887929_75845"/><valueproperty classType="Property" humanType="Value Property" icon="CommodityFlowNetwork_files/icon_valueproperty_961616212.svg" name="averageServiceTime" refid="_18_5_1_412017e_1535991295505_14006_75837"/><valueproperty classType="Property" humanType="Value Property" icon="CommodityFlowNetwork_files/icon_valueproperty_961616212.svg" name="averageSystemTime" refid="_18_5_1_412017e_1551969778617_81505_59654"/><valueproperty classType="Property" humanType="Value Property" icon="CommodityFlowNetwork_files/icon_valueproperty_961616212.svg" name="averageWaitingTime" refid="_18_5_1_412017e_1535991307110_247878_75841"/><valueproperty classType="Property" humanType="Value Property" icon="CommodityFlowNetwork_files/icon_valueproperty_961616212.svg" name="concurrentProcessingCapacity" refid="_18_5_1_412017e_1535991327055_899862_75849"/><partproperty classType="Property" humanType="Part Property" icon="CommodityFlowNetwork_files/icon_partproperty_1194243560.svg" name="currentlyProcessing" refid="_18_5_1_412017e_1555503070302_972482_23773"/><partproperty classType="Property" humanType="Part Property" icon="CommodityFlowNetwork_files/icon_partproperty_1194243560.svg" name="currentlyQueued" refid="_18_5_1_412017e_1555502958330_540495_23759"/><valueproperty classType="Property" humanType="Value Property" icon="CommodityFlowNetwork_files/icon_valueproperty_961616212.svg" name="departureRate" refid="_18_5_1_412017e_1555504204243_519625_23868"/><valueproperty classType="Property" humanType="Value Property" icon="CommodityFlowNetwork_files/icon_valueproperty_961616212.svg" name="expectedServiceTime" refid="_18_5_1_412017e_1571407483304_517857_24990"/><valueproperty classType="Property" humanType="Value Property" icon="CommodityFlowNetwork_files/icon_valueproperty_961616212.svg" name="fixedProcessingCost" refid="_18_5_1_412017e_1571748521235_302622_21973"/><referenceproperty classType="Property" humanType="Reference Property" icon="CommodityFlowNetwork_files/icon_referenceproperty_1806116155.svg" name="parentProcessNetwork" refid="_18_4_1_412017e_1480449704985_231240_25973"/><referenceproperty classType="Property" humanType="Reference Property" icon="CommodityFlowNetwork_files/icon_referenceproperty_1806116155.svg" name="precedingProcess" refid="_18_5_1_412017e_1513345208932_140576_39962"/><adjunctproperty classType="Property" humanType="Adjunct Property" icon="CommodityFlowNetwork_files/icon_adjunctproperty_1016905217.svg" name="processNode" refid="_18_4_1_412017e_1480449704985_547184_25972"/><adjunctproperty classType="Property" humanType="Adjunct Property" icon="CommodityFlowNetwork_files/icon_adjunctproperty_1016905217.svg" name="sequencing" refid="_18_5_1_412017e_1513345350822_523426_40055"/><connector classType="Connector" humanType="Connector" icon="CommodityFlowNetwork_files/icon_connector_1226298219.svg" isRelationship="true" name="sequencing" refid="_18_5_1_412017e_1513345739085_910258_40417"/><valueproperty classType="Property" humanType="Value Property" icon="CommodityFlowNetwork_files/icon_valueproperty_961616212.svg" name="storageCapacity" refid="_18_5_1_412017e_1535991334448_279546_75853"/><referenceproperty classType="Property" humanType="Reference Property" icon="CommodityFlowNetwork_files/icon_referenceproperty_1806116155.svg" name="succeedingProcess" refid="_18_5_1_412017e_1513345208933_313648_39963"/><valueproperty classType="Property" humanType="Value Property" icon="CommodityFlowNetwork_files/icon_valueproperty_961616212.svg" name="throughput" refid="_18_5_1_412017e_1535991289352_802115_75833"/><valueproperty classType="Property" humanType="Value Property" icon="CommodityFlowNetwork_files/icon_valueproperty_961616212.svg" name="unitProcessingCost" refid="_18_5_1_412017e_1571748529278_475274_21977"/><valueproperty classType="Property" humanType="Value Property" icon="CommodityFlowNetwork_files/icon_valueproperty_961616212.svg" name="utilization" refid="_18_5_1_412017e_1535991278696_822334_75829"/></feature><generalization humanName="Generalization"><generalization classType="Generalization" humanType="Generalization" icon="CommodityFlowNetwork_files/icon_generalization_1702478809.svg" isRelationship="true" refid="_18_5_1_412017e_1515523149156_245226_37730"/></generalization><inheritedMember humanName="Inherited Member"><referenceproperty classType="Property" humanType="Reference Property" icon="CommodityFlowNetwork_files/icon_referenceproperty_88293896.svg" name="consumes" refid="_18_5_1_412017e_1552326045705_830137_60604"/><valueproperty classType="Property" humanType="Value Property" icon="CommodityFlowNetwork_files/icon_valueproperty_232018549.svg" name="consumptionRate" refid="_18_5_1_412017e_1516803841216_75498_35029"/><referenceproperty classType="Property" humanType="Reference Property" icon="CommodityFlowNetwork_files/icon_referenceproperty_1574786502.svg" name="consumptionType" refid="_18_5_1_412017e_1569952554947_172805_21848"/><valueproperty classType="Property" humanType="Value Property" icon="CommodityFlowNetwork_files/icon_valueproperty_1449555363.svg" name="cost" refid="_18_5_1_412017e_1533905277155_825979_70908"/><referenceproperty classType="Property" humanType="Reference Property" icon="CommodityFlowNetwork_files/icon_referenceproperty_1806116155.svg" name="currentlyFlowingThrough" refid="_18_5_1_412017e_1555502817608_748608_23754"/><adjunctproperty classType="Property" humanType="Adjunct Property" icon="CommodityFlowNetwork_files/icon_adjunctproperty_1016905217.svg" name="edge" refid="_18_5_1_412017e_1513190219530_869897_37060"/><connector classType="Connector" humanType="Connector" icon="CommodityFlowNetwork_files/icon_connector_1226298219.svg" isRelationship="true" name="edge" refid="_18_5_1_412017e_1513264357871_360474_39528"/><referenceproperty classType="Property" humanType="Reference Property" icon="CommodityFlowNetwork_files/icon_referenceproperty_1806116155.svg" name="endNetwork1" refid="_18_5_1_412017e_1513190186908_510822_36952"/><referenceproperty classType="Property" humanType="Reference Property" icon="CommodityFlowNetwork_files/icon_referenceproperty_1806116155.svg" name="endNetwork2" refid="_18_5_1_412017e_1513190186908_343394_36953"/><valueproperty classType="Property" humanType="Value Property" icon="CommodityFlowNetwork_files/icon_valueproperty_282517457.svg" name="flowAmount" refid="_18_5_1_412017e_1513193951433_205060_38011"/><valueproperty classType="Property" humanType="Value Property" icon="CommodityFlowNetwork_files/icon_valueproperty_282517457.svg" name="flowCapacity" refid="_18_5_1_412017e_1513193951434_557777_38012"/><partproperty classType="Property" humanType="Part Property" icon="CommodityFlowNetwork_files/icon_partproperty_1194243560.svg" name="flowEdge" refid="_18_5_1_412017e_1513191078480_901416_37791"/><connector classType="Connector" humanType="Connector" icon="CommodityFlowNetwork_files/icon_connector_1226298219.svg" isRelationship="true" name="flowEdge" refid="_18_5_1_412017e_1513362143618_808921_41457"/><valueproperty classType="Property" humanType="Value Property" icon="CommodityFlowNetwork_files/icon_valueproperty_961616212.svg" name="flowFixedCost" refid="_18_5_1_412017e_1513193951434_150749_38014"/><diagram classType="Diagram" humanType="Diagram" icon="CommodityFlowNetwork_files/icon_SysML Internal Block Diagram_883516442.svg" name="FlowNetwork" refid="_18_5_1_412017e_1513362123385_20245_41390"/><partproperty classType="Property" humanType="Part Property" icon="CommodityFlowNetwork_files/icon_partproperty_1194243560.svg" name="flowNode" refid="_18_5_1_412017e_1513192538972_225456_37849"/><referenceproperty classType="Property" humanType="Reference Property" icon="CommodityFlowNetwork_files/icon_referenceproperty_88293896.svg" name="flowType" refid="_18_5_1_412017e_1513193951432_903472_38009"/><valueproperty classType="Property" humanType="Value Property" icon="CommodityFlowNetwork_files/icon_valueproperty_961616212.svg" name="flowUnitCost" refid="_18_5_1_412017e_1513193951435_227961_38015"/><valueproperty classType="Property" humanType="Value Property" icon="CommodityFlowNetwork_files/icon_valueproperty_282517457.svg" name="grossCapacity" refid="_18_5_1_412017e_1513193951434_287661_38013"/><valueproperty classType="Property" humanType="Value Property" icon="CommodityFlowNetwork_files/icon_valueproperty_961616212.svg" name="inFlowRate" refid="_18_5_1_412017e_1555504034751_641856_23849"/><flowproperty classType="Property" humanType="Flow Property" icon="CommodityFlowNetwork_files/icon_flowproperty_1354909344.svg" name="inputs" refid="_18_5_1_412017e_1516804276976_159477_35115"/><valueproperty classType="Property" humanType="Value Property" icon="CommodityFlowNetwork_files/icon_valueproperty_282517457.svg" name="instanceID" refid="_18_5_1_412017e_1550599541005_792237_31606"/><valueproperty classType="Property" humanType="Value Property" icon="CommodityFlowNetwork_files/icon_valueproperty_282517457.svg" name="label" refid="_18_4_1_412017e_1480428452786_373509_22094"/><valueproperty classType="Property" humanType="Value Property" icon="CommodityFlowNetwork_files/icon_valueproperty_961616212.svg" name="measure" refid="_18_4_1_412017e_1490186121808_887895_33128"/><diagram classType="Diagram" humanType="Diagram" icon="CommodityFlowNetwork_files/icon_SysML Internal Block Diagram_883516442.svg" name="Network" refid="_18_5_1_412017e_1513264180102_435102_39251"/><partproperty classType="Property" humanType="Part Property" icon="CommodityFlowNetwork_files/icon_partproperty_1194243560.svg" name="node" refid="_18_5_1_412017e_1513189146779_978407_36026"/><valueproperty classType="Property" humanType="Value Property" icon="CommodityFlowNetwork_files/icon_valueproperty_961616212.svg" name="outFlowRate" refid="_18_5_1_412017e_1555504061447_710445_23855"/><flowproperty classType="Property" humanType="Flow Property" icon="CommodityFlowNetwork_files/icon_flowproperty_1354909344.svg" name="outputs" refid="_18_5_1_412017e_1516804357021_942548_35124"/><referenceproperty classType="Property" humanType="Reference Property" icon="CommodityFlowNetwork_files/icon_referenceproperty_1806116155.svg" name="parentFlowNetwork" refid="_18_5_1_412017e_1513192538972_931633_37850"/><referenceproperty classType="Property" humanType="Reference Property" icon="CommodityFlowNetwork_files/icon_referenceproperty_1806116155.svg" name="parentNetwork" refid="_18_5_1_412017e_1513189146779_560277_36027"/><referenceproperty classType="Property" humanType="Reference Property" icon="CommodityFlowNetwork_files/icon_referenceproperty_88293896.svg" name="produces" refid="_18_5_1_412017e_1552326004774_512809_60599"/><valueproperty classType="Property" humanType="Value Property" icon="CommodityFlowNetwork_files/icon_valueproperty_232018549.svg" name="productionRate" refid="_18_5_1_412017e_1516803804302_71094_35023"/><referenceproperty classType="Property" humanType="Reference Property" icon="CommodityFlowNetwork_files/icon_referenceproperty_1574786502.svg" name="productionType" refid="_18_5_1_412017e_1569952454125_964807_21841"/><referenceproperty classType="Property" humanType="Reference Property" icon="CommodityFlowNetwork_files/icon_referenceproperty_88293896.svg" name="sourceFlowNetwork" refid="_18_5_1_412017e_1513191054925_531915_37681"/><referenceproperty classType="Property" humanType="Reference Property" icon="CommodityFlowNetwork_files/icon_referenceproperty_88293896.svg" name="targetFlowNetwork" refid="_18_5_1_412017e_1513191054926_725262_37682"/><valueproperty classType="Property" humanType="Value Property" icon="CommodityFlowNetwork_files/icon_valueproperty_282517457.svg" name="typeID" refid="_18_5_1_412017e_1550599573275_888863_31610"/></inheritedMember><isAbstract humanName="Is Abstract">false</isAbstract><isActive humanName="Is Active">false</isActive><isFinalSpecialization humanName="Is Final Specialization">false</isFinalSpecialization><isLeaf humanName="Is Leaf">false</isLeaf><isReadOnly humanName="Is Read Only" mode="s,e">false</isReadOnly><isReentrant humanName="Is Reentrant">true</isReentrant><isSingleExecution humanName="Is Single Execution" mode="s,e">false</isSingleExecution><member humanName="Member"><valueproperty classType="Property" humanType="Value Property" icon="CommodityFlowNetwork_files/icon_valueproperty_961616212.svg" name="arrivalRate" refid="_18_5_1_412017e_1555504196349_471525_23860"/><valueproperty classType="Property" humanType="Value Property" icon="CommodityFlowNetwork_files/icon_valueproperty_961616212.svg" name="averageQueueLength" refid="_18_5_1_412017e_1535991317037_887929_75845"/><valueproperty classType="Property" humanType="Value Property" icon="CommodityFlowNetwork_files/icon_valueproperty_961616212.svg" name="averageServiceTime" refid="_18_5_1_412017e_1535991295505_14006_75837"/><valueproperty classType="Property" humanType="Value Property" icon="CommodityFlowNetwork_files/icon_valueproperty_961616212.svg" name="averageSystemTime" refid="_18_5_1_412017e_1551969778617_81505_59654"/><valueproperty classType="Property" humanType="Value Property" icon="CommodityFlowNetwork_files/icon_valueproperty_961616212.svg" name="averageWaitingTime" refid="_18_5_1_412017e_1535991307110_247878_75841"/><valueproperty classType="Property" humanType="Value Property" icon="CommodityFlowNetwork_files/icon_valueproperty_961616212.svg" name="concurrentProcessingCapacity" refid="_18_5_1_412017e_1535991327055_899862_75849"/><referenceproperty classType="Property" humanType="Reference Property" icon="CommodityFlowNetwork_files/icon_referenceproperty_88293896.svg" name="consumes" refid="_18_5_1_412017e_1552326045705_830137_60604"/><valueproperty classType="Property" humanType="Value Property" icon="CommodityFlowNetwork_files/icon_valueproperty_232018549.svg" name="consumptionRate" refid="_18_5_1_412017e_1516803841216_75498_35029"/><referenceproperty classType="Property" humanType="Reference Property" icon="CommodityFlowNetwork_files/icon_referenceproperty_1574786502.svg" name="consumptionType" refid="_18_5_1_412017e_1569952554947_172805_21848"/><valueproperty classType="Property" humanType="Value Property" icon="CommodityFlowNetwork_files/icon_valueproperty_1449555363.svg" name="cost" refid="_18_5_1_412017e_1533905277155_825979_70908"/><referenceproperty classType="Property" humanType="Reference Property" icon="CommodityFlowNetwork_files/icon_referenceproperty_1806116155.svg" name="currentlyFlowingThrough" refid="_18_5_1_412017e_1555502817608_748608_23754"/><partproperty classType="Property" humanType="Part Property" icon="CommodityFlowNetwork_files/icon_partproperty_1194243560.svg" name="currentlyProcessing" refid="_18_5_1_412017e_1555503070302_972482_23773"/><partproperty classType="Property" humanType="Part Property" icon="CommodityFlowNetwork_files/icon_partproperty_1194243560.svg" name="currentlyQueued" refid="_18_5_1_412017e_1555502958330_540495_23759"/><valueproperty classType="Property" humanType="Value Property" icon="CommodityFlowNetwork_files/icon_valueproperty_961616212.svg" name="departureRate" refid="_18_5_1_412017e_1555504204243_519625_23868"/><adjunctproperty classType="Property" humanType="Adjunct Property" icon="CommodityFlowNetwork_files/icon_adjunctproperty_1016905217.svg" name="edge" refid="_18_5_1_412017e_1513190219530_869897_37060"/><connector classType="Connector" humanType="Connector" icon="CommodityFlowNetwork_files/icon_connector_1226298219.svg" isRelationship="true" name="edge" refid="_18_5_1_412017e_1513264357871_360474_39528"/><referenceproperty classType="Property" humanType="Reference Property" icon="CommodityFlowNetwork_files/icon_referenceproperty_1806116155.svg" name="endNetwork1" refid="_18_5_1_412017e_1513190186908_510822_36952"/><referenceproperty classType="Property" humanType="Reference Property" icon="CommodityFlowNetwork_files/icon_referenceproperty_1806116155.svg" name="endNetwork2" refid="_18_5_1_412017e_1513190186908_343394_36953"/><valueproperty classType="Property" humanType="Value Property" icon="CommodityFlowNetwork_files/icon_valueproperty_961616212.svg" name="expectedServiceTime" refid="_18_5_1_412017e_1571407483304_517857_24990"/><valueproperty classType="Property" humanType="Value Property" icon="CommodityFlowNetwork_files/icon_valueproperty_961616212.svg" name="fixedProcessingCost" refid="_18_5_1_412017e_1571748521235_302622_21973"/><valueproperty classType="Property" humanType="Value Property" icon="CommodityFlowNetwork_files/icon_valueproperty_282517457.svg" name="flowAmount" refid="_18_5_1_412017e_1513193951433_205060_38011"/><valueproperty classType="Property" humanType="Value Property" icon="CommodityFlowNetwork_files/icon_valueproperty_282517457.svg" name="flowCapacity" refid="_18_5_1_412017e_1513193951434_557777_38012"/><partproperty classType="Property" humanType="Part Property" icon="CommodityFlowNetwork_files/icon_partproperty_1194243560.svg" name="flowEdge" refid="_18_5_1_412017e_1513191078480_901416_37791"/><connector classType="Connector" humanType="Connector" icon="CommodityFlowNetwork_files/icon_connector_1226298219.svg" isRelationship="true" name="flowEdge" refid="_18_5_1_412017e_1513362143618_808921_41457"/><valueproperty classType="Property" humanType="Value Property" icon="CommodityFlowNetwork_files/icon_valueproperty_961616212.svg" name="flowFixedCost" refid="_18_5_1_412017e_1513193951434_150749_38014"/><diagram classType="Diagram" humanType="Diagram" icon="CommodityFlowNetwork_files/icon_SysML Internal Block Diagram_883516442.svg" name="FlowNetwork" refid="_18_5_1_412017e_1513362123385_20245_41390"/><partproperty classType="Property" humanType="Part Property" icon="CommodityFlowNetwork_files/icon_partproperty_1194243560.svg" name="flowNode" refid="_18_5_1_412017e_1513192538972_225456_37849"/><referenceproperty classType="Property" humanType="Reference Property" icon="CommodityFlowNetwork_files/icon_referenceproperty_88293896.svg" name="flowType" refid="_18_5_1_412017e_1513193951432_903472_38009"/><valueproperty classType="Property" humanType="Value Property" icon="CommodityFlowNetwork_files/icon_valueproperty_961616212.svg" name="flowUnitCost" refid="_18_5_1_412017e_1513193951435_227961_38015"/><valueproperty classType="Property" humanType="Value Property" icon="CommodityFlowNetwork_files/icon_valueproperty_282517457.svg" name="grossCapacity" refid="_18_5_1_412017e_1513193951434_287661_38013"/><valueproperty classType="Property" humanType="Value Property" icon="CommodityFlowNetwork_files/icon_valueproperty_961616212.svg" name="inFlowRate" refid="_18_5_1_412017e_1555504034751_641856_23849"/><parameter classType="Parameter" humanType="Parameter" icon="CommodityFlowNetwork_files/icon_parameter_1919576980.svg" name="inputs" refid="_18_5_1_412017e_1526663814487_924785_39254"/><flowproperty classType="Property" humanType="Flow Property" icon="CommodityFlowNetwork_files/icon_flowproperty_1354909344.svg" name="inputs" refid="_18_5_1_412017e_1516804276976_159477_35115"/><valueproperty classType="Property" humanType="Value Property" icon="CommodityFlowNetwork_files/icon_valueproperty_282517457.svg" name="instanceID" refid="_18_5_1_412017e_1550599541005_792237_31606"/><valueproperty classType="Property" humanType="Value Property" icon="CommodityFlowNetwork_files/icon_valueproperty_282517457.svg" name="label" refid="_18_4_1_412017e_1480428452786_373509_22094"/><valueproperty classType="Property" humanType="Value Property" icon="CommodityFlowNetwork_files/icon_valueproperty_961616212.svg" name="measure" refid="_18_4_1_412017e_1490186121808_887895_33128"/><diagram classType="Diagram" humanType="Diagram" icon="CommodityFlowNetwork_files/icon_SysML Internal Block Diagram_883516442.svg" name="Network" refid="_18_5_1_412017e_1513264180102_435102_39251"/><partproperty classType="Property" humanType="Part Property" icon="CommodityFlowNetwork_files/icon_partproperty_1194243560.svg" name="node" refid="_18_5_1_412017e_1513189146779_978407_36026"/><valueproperty classType="Property" humanType="Value Property" icon="CommodityFlowNetwork_files/icon_valueproperty_961616212.svg" name="outFlowRate" refid="_18_5_1_412017e_1555504061447_710445_23855"/><parameter classType="Parameter" humanType="Parameter" icon="CommodityFlowNetwork_files/icon_parameter_1919576980.svg" name="outputs" refid="_18_5_1_412017e_1528288050814_221578_41975"/><flowproperty classType="Property" humanType="Flow Property" icon="CommodityFlowNetwork_files/icon_flowproperty_1354909344.svg" name="outputs" refid="_18_5_1_412017e_1516804357021_942548_35124"/><referenceproperty classType="Property" humanType="Reference Property" icon="CommodityFlowNetwork_files/icon_referenceproperty_1806116155.svg" name="parentFlowNetwork" refid="_18_5_1_412017e_1513192538972_931633_37850"/><referenceproperty classType="Property" humanType="Reference Property" icon="CommodityFlowNetwork_files/icon_referenceproperty_1806116155.svg" name="parentNetwork" refid="_18_5_1_412017e_1513189146779_560277_36027"/><referenceproperty classType="Property" humanType="Reference Property" icon="CommodityFlowNetwork_files/icon_referenceproperty_1806116155.svg" name="parentProcessNetwork" refid="_18_4_1_412017e_1480449704985_231240_25973"/><referenceproperty classType="Property" humanType="Reference Property" icon="CommodityFlowNetwork_files/icon_referenceproperty_1806116155.svg" name="precedingProcess" refid="_18_5_1_412017e_1513345208932_140576_39962"/><diagram classType="Diagram" humanType="Diagram" icon="CommodityFlowNetwork_files/icon_SysML Internal Block Diagram_883516442.svg" name="ProcessNetwork" refid="_18_5_1_412017e_1513345705460_109956_40319"/><adjunctproperty classType="Property" humanType="Adjunct Property" icon="CommodityFlowNetwork_files/icon_adjunctproperty_1016905217.svg" name="processNode" refid="_18_4_1_412017e_1480449704985_547184_25972"/><referenceproperty classType="Property" humanType="Reference Property" icon="CommodityFlowNetwork_files/icon_referenceproperty_88293896.svg" name="produces" refid="_18_5_1_412017e_1552326004774_512809_60599"/><valueproperty classType="Property" humanType="Value Property" icon="CommodityFlowNetwork_files/icon_valueproperty_232018549.svg" name="productionRate" refid="_18_5_1_412017e_1516803804302_71094_35023"/><referenceproperty classType="Property" humanType="Reference Property" icon="CommodityFlowNetwork_files/icon_referenceproperty_1574786502.svg" name="productionType" refid="_18_5_1_412017e_1569952454125_964807_21841"/><connector classType="Connector" humanType="Connector" icon="CommodityFlowNetwork_files/icon_connector_1226298219.svg" isRelationship="true" name="sequencing" refid="_18_5_1_412017e_1513345739085_910258_40417"/><adjunctproperty classType="Property" humanType="Adjunct Property" icon="CommodityFlowNetwork_files/icon_adjunctproperty_1016905217.svg" name="sequencing" refid="_18_5_1_412017e_1513345350822_523426_40055"/><referenceproperty classType="Property" humanType="Reference Property" icon="CommodityFlowNetwork_files/icon_referenceproperty_88293896.svg" name="sourceFlowNetwork" refid="_18_5_1_412017e_1513191054925_531915_37681"/><valueproperty classType="Property" humanType="Value Property" icon="CommodityFlowNetwork_files/icon_valueproperty_961616212.svg" name="storageCapacity" refid="_18_5_1_412017e_1535991334448_279546_75853"/><referenceproperty classType="Property" humanType="Reference Property" icon="CommodityFlowNetwork_files/icon_referenceproperty_1806116155.svg" name="succeedingProcess" refid="_18_5_1_412017e_1513345208933_313648_39963"/><referenceproperty classType="Property" humanType="Reference Property" icon="CommodityFlowNetwork_files/icon_referenceproperty_88293896.svg" name="targetFlowNetwork" refid="_18_5_1_412017e_1513191054926_725262_37682"/><valueproperty classType="Property" humanType="Value Property" icon="CommodityFlowNetwork_files/icon_valueproperty_961616212.svg" name="throughput" refid="_18_5_1_412017e_1535991289352_802115_75833"/><valueproperty classType="Property" humanType="Value Property" icon="CommodityFlowNetwork_files/icon_valueproperty_282517457.svg" name="typeID" refid="_18_5_1_412017e_1550599573275_888863_31610"/><valueproperty classType="Property" humanType="Value Property" icon="CommodityFlowNetwork_files/icon_valueproperty_961616212.svg" name="unitProcessingCost" refid="_18_5_1_412017e_1571748529278_475274_21977"/><valueproperty classType="Property" humanType="Value Property" icon="CommodityFlowNetwork_files/icon_valueproperty_961616212.svg" name="utilization" refid="_18_5_1_412017e_1535991278696_822334_75829"/></member><name humanName="Name" mode="s,e">ProcessNetwork</name><namespace classType="Model" humanName="Namespace" humanType="Model" icon="CommodityFlowNetwork_files/icon_model_498361736.svg" name="CommodityFlowNetwork" refid="_18_4_1_412017e_1480428197145_536891_21458"/><node humanName="Node" mode="s,e"><activityparameternode classType="ActivityParameterNode" humanType="Activity Parameter Node" icon="CommodityFlowNetwork_files/icon_activityparameternode_419280591.svg" name="inputItems" refid="_18_5_1_412017e_1526663814535_107097_39255"/><activityparameternode classType="ActivityParameterNode" humanType="Activity Parameter Node" icon="CommodityFlowNetwork_files/icon_activityparameternode_419280591.svg" name="outputItems" refid="_18_5_1_412017e_1528288050845_374591_41976"/><callbehavioraction classType="CallBehaviorAction" humanType="Call Behavior Action" icon="CommodityFlowNetwork_files/icon_callbehavioraction_66845334.svg" name="processNode" refid="_18_5_1_412017e_1528286997772_422135_41685"/></node><ownedAttribute humanName="Owned Attribute"><valueproperty classType="Property" humanType="Value Property" icon="CommodityFlowNetwork_files/icon_valueproperty_961616212.svg" name="arrivalRate" refid="_18_5_1_412017e_1555504196349_471525_23860"/><valueproperty classType="Property" humanType="Value Property" icon="CommodityFlowNetwork_files/icon_valueproperty_961616212.svg" name="averageQueueLength" refid="_18_5_1_412017e_1535991317037_887929_75845"/><valueproperty classType="Property" humanType="Value Property" icon="CommodityFlowNetwork_files/icon_valueproperty_961616212.svg" name="averageServiceTime" refid="_18_5_1_412017e_1535991295505_14006_75837"/><valueproperty classType="Property" humanType="Value Property" icon="CommodityFlowNetwork_files/icon_valueproperty_961616212.svg" name="averageSystemTime" refid="_18_5_1_412017e_1551969778617_81505_59654"/><valueproperty classType="Property" humanType="Value Property" icon="CommodityFlowNetwork_files/icon_valueproperty_961616212.svg" name="averageWaitingTime" refid="_18_5_1_412017e_1535991307110_247878_75841"/><valueproperty classType="Property" humanType="Value Property" icon="CommodityFlowNetwork_files/icon_valueproperty_961616212.svg" name="concurrentProcessingCapacity" refid="_18_5_1_412017e_1535991327055_899862_75849"/><partproperty classType="Property" humanType="Part Property" icon="CommodityFlowNetwork_files/icon_partproperty_1194243560.svg" name="currentlyProcessing" refid="_18_5_1_412017e_1555503070302_972482_23773"/><partproperty classType="Property" humanType="Part Property" icon="CommodityFlowNetwork_files/icon_partproperty_1194243560.svg" name="currentlyQueued" refid="_18_5_1_412017e_1555502958330_540495_23759"/><valueproperty classType="Property" humanType="Value Property" icon="CommodityFlowNetwork_files/icon_valueproperty_961616212.svg" name="departureRate" refid="_18_5_1_412017e_1555504204243_519625_23868"/><valueproperty classType="Property" humanType="Value Property" icon="CommodityFlowNetwork_files/icon_valueproperty_961616212.svg" name="expectedServiceTime" refid="_18_5_1_412017e_1571407483304_517857_24990"/><valueproperty classType="Property" humanType="Value Property" icon="CommodityFlowNetwork_files/icon_valueproperty_961616212.svg" name="fixedProcessingCost" refid="_18_5_1_412017e_1571748521235_302622_21973"/><referenceproperty classType="Property" humanType="Reference Property" icon="CommodityFlowNetwork_files/icon_referenceproperty_1806116155.svg" name="parentProcessNetwork" refid="_18_4_1_412017e_1480449704985_231240_25973"/><referenceproperty classType="Property" humanType="Reference Property" icon="CommodityFlowNetwork_files/icon_referenceproperty_1806116155.svg" name="precedingProcess" refid="_18_5_1_412017e_1513345208932_140576_39962"/><adjunctproperty classType="Property" humanType="Adjunct Property" icon="CommodityFlowNetwork_files/icon_adjunctproperty_1016905217.svg" name="processNode" refid="_18_4_1_412017e_1480449704985_547184_25972"/><adjunctproperty classType="Property" humanType="Adjunct Property" icon="CommodityFlowNetwork_files/icon_adjunctproperty_1016905217.svg" name="sequencing" refid="_18_5_1_412017e_1513345350822_523426_40055"/><valueproperty classType="Property" humanType="Value Property" icon="CommodityFlowNetwork_files/icon_valueproperty_961616212.svg" name="storageCapacity" refid="_18_5_1_412017e_1535991334448_279546_75853"/><referenceproperty classType="Property" humanType="Reference Property" icon="CommodityFlowNetwork_files/icon_referenceproperty_1806116155.svg" name="succeedingProcess" refid="_18_5_1_412017e_1513345208933_313648_39963"/><valueproperty classType="Property" humanType="Value Property" icon="CommodityFlowNetwork_files/icon_valueproperty_961616212.svg" name="throughput" refid="_18_5_1_412017e_1535991289352_802115_75833"/><valueproperty classType="Property" humanType="Value Property" icon="CommodityFlowNetwork_files/icon_valueproperty_961616212.svg" name="unitProcessingCost" refid="_18_5_1_412017e_1571748529278_475274_21977"/><valueproperty classType="Property" humanType="Value Property" icon="CommodityFlowNetwork_files/icon_valueproperty_961616212.svg" name="utilization" refid="_18_5_1_412017e_1535991278696_822334_75829"/></ownedAttribute><ownedConnector humanName="Owned Connector"><connector classType="Connector" humanType="Connector" icon="CommodityFlowNetwork_files/icon_connector_1226298219.svg" isRelationship="true" name="sequencing" refid="_18_5_1_412017e_1513345739085_910258_40417"/></ownedConnector><ownedDiagram humanName="Owned Diagram"><diagram classType="Diagram" humanType="Diagram" icon="CommodityFlowNetwork_files/icon_SysML Internal Block Diagram_883516442.svg" name="ProcessNetwork" refid="_18_5_1_412017e_1513345705460_109956_40319"/></ownedDiagram><ownedElement humanName="Owned Element"><generalization classType="Generalization" humanType="Generalization" icon="CommodityFlowNetwork_files/icon_generalization_1702478809.svg" isRelationship="true" refid="_18_5_1_412017e_1515523149156_245226_37730"/><valueproperty classType="Property" humanType="Value Property" icon="CommodityFlowNetwork_files/icon_valueproperty_961616212.svg" name="arrivalRate" refid="_18_5_1_412017e_1555504196349_471525_23860"/><valueproperty classType="Property" humanType="Value Property" icon="CommodityFlowNetwork_files/icon_valueproperty_961616212.svg" name="averageQueueLength" refid="_18_5_1_412017e_1535991317037_887929_75845"/><valueproperty classType="Property" humanType="Value Property" icon="CommodityFlowNetwork_files/icon_valueproperty_961616212.svg" name="averageServiceTime" refid="_18_5_1_412017e_1535991295505_14006_75837"/><valueproperty classType="Property" humanType="Value Property" icon="CommodityFlowNetwork_files/icon_valueproperty_961616212.svg" name="averageSystemTime" refid="_18_5_1_412017e_1551969778617_81505_59654"/><valueproperty classType="Property" humanType="Value Property" icon="CommodityFlowNetwork_files/icon_valueproperty_961616212.svg" name="averageWaitingTime" refid="_18_5_1_412017e_1535991307110_247878_75841"/><valueproperty classType="Property" humanType="Value Property" icon="CommodityFlowNetwork_files/icon_valueproperty_961616212.svg" name="concurrentProcessingCapacity" refid="_18_5_1_412017e_1535991327055_899862_75849"/><partproperty classType="Property" humanType="Part Property" icon="CommodityFlowNetwork_files/icon_partproperty_1194243560.svg" name="currentlyProcessing" refid="_18_5_1_412017e_1555503070302_972482_23773"/><partproperty classType="Property" humanType="Part Property" icon="CommodityFlowNetwork_files/icon_partproperty_1194243560.svg" name="currentlyQueued" refid="_18_5_1_412017e_1555502958330_540495_23759"/><valueproperty classType="Property" humanType="Value Property" icon="CommodityFlowNetwork_files/icon_valueproperty_961616212.svg" name="departureRate" refid="_18_5_1_412017e_1555504204243_519625_23868"/><valueproperty classType="Property" humanType="Value Property" icon="CommodityFlowNetwork_files/icon_valueproperty_961616212.svg" name="expectedServiceTime" refid="_18_5_1_412017e_1571407483304_517857_24990"/><valueproperty classType="Property" humanType="Value Property" icon="CommodityFlowNetwork_files/icon_valueproperty_961616212.svg" name="fixedProcessingCost" refid="_18_5_1_412017e_1571748521235_302622_21973"/><activityparameternode classType="ActivityParameterNode" humanType="Activity Parameter Node" icon="CommodityFlowNetwork_files/icon_activityparameternode_419280591.svg" name="inputItems" refid="_18_5_1_412017e_1526663814535_107097_39255"/><parameter classType="Parameter" humanType="Parameter" icon="CommodityFlowNetwork_files/icon_parameter_1919576980.svg" name="inputs" refid="_18_5_1_412017e_1526663814487_924785_39254"/><activityparameternode classType="ActivityParameterNode" humanType="Activity Parameter Node" icon="CommodityFlowNetwork_files/icon_activityparameternode_419280591.svg" name="outputItems" refid="_18_5_1_412017e_1528288050845_374591_41976"/><parameter classType="Parameter" humanType="Parameter" icon="CommodityFlowNetwork_files/icon_parameter_1919576980.svg" name="outputs" refid="_18_5_1_412017e_1528288050814_221578_41975"/><referenceproperty classType="Property" humanType="Reference Property" icon="CommodityFlowNetwork_files/icon_referenceproperty_1806116155.svg" name="parentProcessNetwork" refid="_18_4_1_412017e_1480449704985_231240_25973"/><referenceproperty classType="Property" humanType="Reference Property" icon="CommodityFlowNetwork_files/icon_referenceproperty_1806116155.svg" name="precedingProcess" refid="_18_5_1_412017e_1513345208932_140576_39962"/><diagram classType="Diagram" humanType="Diagram" icon="CommodityFlowNetwork_files/icon_SysML Internal Block Diagram_883516442.svg" name="ProcessNetwork" refid="_18_5_1_412017e_1513345705460_109956_40319"/><callbehavioraction classType="CallBehaviorAction" humanType="Call Behavior Action" icon="CommodityFlowNetwork_files/icon_callbehavioraction_66845334.svg" name="processNode" refid="_18_5_1_412017e_1528286997772_422135_41685"/><adjunctproperty classType="Property" humanType="Adjunct Property" icon="CommodityFlowNetwork_files/icon_adjunctproperty_1016905217.svg" name="processNode" refid="_18_4_1_412017e_1480449704985_547184_25972"/><connector classType="Connector" humanType="Connector" icon="CommodityFlowNetwork_files/icon_connector_1226298219.svg" isRelationship="true" name="sequencing" refid="_18_5_1_412017e_1513345739085_910258_40417"/><adjunctproperty classType="Property" humanType="Adjunct Property" icon="CommodityFlowNetwork_files/icon_adjunctproperty_1016905217.svg" name="sequencing" refid="_18_5_1_412017e_1513345350822_523426_40055"/><valueproperty classType="Property" humanType="Value Property" icon="CommodityFlowNetwork_files/icon_valueproperty_961616212.svg" name="storageCapacity" refid="_18_5_1_412017e_1535991334448_279546_75853"/><referenceproperty classType="Property" humanType="Reference Property" icon="CommodityFlowNetwork_files/icon_referenceproperty_1806116155.svg" name="succeedingProcess" refid="_18_5_1_412017e_1513345208933_313648_39963"/><valueproperty classType="Property" humanType="Value Property" icon="CommodityFlowNetwork_files/icon_valueproperty_961616212.svg" name="throughput" refid="_18_5_1_412017e_1535991289352_802115_75833"/><valueproperty classType="Property" humanType="Value Property" icon="CommodityFlowNetwork_files/icon_valueproperty_961616212.svg" name="unitProcessingCost" refid="_18_5_1_412017e_1571748529278_475274_21977"/><valueproperty classType="Property" humanType="Value Property" icon="CommodityFlowNetwork_files/icon_valueproperty_961616212.svg" name="utilization" refid="_18_5_1_412017e_1535991278696_822334_75829"/></ownedElement><ownedMember humanName="Owned Member"><valueproperty classType="Property" humanType="Value Property" icon="CommodityFlowNetwork_files/icon_valueproperty_961616212.svg" name="arrivalRate" refid="_18_5_1_412017e_1555504196349_471525_23860"/><valueproperty classType="Property" humanType="Value Property" icon="CommodityFlowNetwork_files/icon_valueproperty_961616212.svg" name="averageQueueLength" refid="_18_5_1_412017e_1535991317037_887929_75845"/><valueproperty classType="Property" humanType="Value Property" icon="CommodityFlowNetwork_files/icon_valueproperty_961616212.svg" name="averageServiceTime" refid="_18_5_1_412017e_1535991295505_14006_75837"/><valueproperty classType="Property" humanType="Value Property" icon="CommodityFlowNetwork_files/icon_valueproperty_961616212.svg" name="averageSystemTime" refid="_18_5_1_412017e_1551969778617_81505_59654"/><valueproperty classType="Property" humanType="Value Property" icon="CommodityFlowNetwork_files/icon_valueproperty_961616212.svg" name="averageWaitingTime" refid="_18_5_1_412017e_1535991307110_247878_75841"/><valueproperty classType="Property" humanType="Value Property" icon="CommodityFlowNetwork_files/icon_valueproperty_961616212.svg" name="concurrentProcessingCapacity" refid="_18_5_1_412017e_1535991327055_899862_75849"/><partproperty classType="Property" humanType="Part Property" icon="CommodityFlowNetwork_files/icon_partproperty_1194243560.svg" name="currentlyProcessing" refid="_18_5_1_412017e_1555503070302_972482_23773"/><partproperty classType="Property" humanType="Part Property" icon="CommodityFlowNetwork_files/icon_partproperty_1194243560.svg" name="currentlyQueued" refid="_18_5_1_412017e_1555502958330_540495_23759"/><valueproperty classType="Property" humanType="Value Property" icon="CommodityFlowNetwork_files/icon_valueproperty_961616212.svg" name="departureRate" refid="_18_5_1_412017e_1555504204243_519625_23868"/><valueproperty classType="Property" humanType="Value Property" icon="CommodityFlowNetwork_files/icon_valueproperty_961616212.svg" name="expectedServiceTime" refid="_18_5_1_412017e_1571407483304_517857_24990"/><valueproperty classType="Property" humanType="Value Property" icon="CommodityFlowNetwork_files/icon_valueproperty_961616212.svg" name="fixedProcessingCost" refid="_18_5_1_412017e_1571748521235_302622_21973"/><parameter classType="Parameter" humanType="Parameter" icon="CommodityFlowNetwork_files/icon_parameter_1919576980.svg" name="inputs" refid="_18_5_1_412017e_1526663814487_924785_39254"/><parameter classType="Parameter" humanType="Parameter" icon="CommodityFlowNetwork_files/icon_parameter_1919576980.svg" name="outputs" refid="_18_5_1_412017e_1528288050814_221578_41975"/><referenceproperty classType="Property" humanType="Reference Property" icon="CommodityFlowNetwork_files/icon_referenceproperty_1806116155.svg" name="parentProcessNetwork" refid="_18_4_1_412017e_1480449704985_231240_25973"/><referenceproperty classType="Property" humanType="Reference Property" icon="CommodityFlowNetwork_files/icon_referenceproperty_1806116155.svg" name="precedingProcess" refid="_18_5_1_412017e_1513345208932_140576_39962"/><diagram classType="Diagram" humanType="Diagram" icon="CommodityFlowNetwork_files/icon_SysML Internal Block Diagram_883516442.svg" name="ProcessNetwork" refid="_18_5_1_412017e_1513345705460_109956_40319"/><adjunctproperty classType="Property" humanType="Adjunct Property" icon="CommodityFlowNetwork_files/icon_adjunctproperty_1016905217.svg" name="processNode" refid="_18_4_1_412017e_1480449704985_547184_25972"/><connector classType="Connector" humanType="Connector" icon="CommodityFlowNetwork_files/icon_connector_1226298219.svg" isRelationship="true" name="sequencing" refid="_18_5_1_412017e_1513345739085_910258_40417"/><adjunctproperty classType="Property" humanType="Adjunct Property" icon="CommodityFlowNetwork_files/icon_adjunctproperty_1016905217.svg" name="sequencing" refid="_18_5_1_412017e_1513345350822_523426_40055"/><valueproperty classType="Property" humanType="Value Property" icon="CommodityFlowNetwork_files/icon_valueproperty_961616212.svg" name="storageCapacity" refid="_18_5_1_412017e_1535991334448_279546_75853"/><referenceproperty classType="Property" humanType="Reference Property" icon="CommodityFlowNetwork_files/icon_referenceproperty_1806116155.svg" name="succeedingProcess" refid="_18_5_1_412017e_1513345208933_313648_39963"/><valueproperty classType="Property" humanType="Value Property" icon="CommodityFlowNetwork_files/icon_valueproperty_961616212.svg" name="throughput" refid="_18_5_1_412017e_1535991289352_802115_75833"/><valueproperty classType="Property" humanType="Value Property" icon="CommodityFlowNetwork_files/icon_valueproperty_961616212.svg" name="unitProcessingCost" refid="_18_5_1_412017e_1571748529278_475274_21977"/><valueproperty classType="Property" humanType="Value Property" icon="CommodityFlowNetwork_files/icon_valueproperty_961616212.svg" name="utilization" refid="_18_5_1_412017e_1535991278696_822334_75829"/></ownedMember><ownedParameter humanName="Owned Parameter"><parameter classType="Parameter" humanType="Parameter" icon="CommodityFlowNetwork_files/icon_parameter_1919576980.svg" name="inputs" refid="_18_5_1_412017e_1526663814487_924785_39254"/><parameter classType="Parameter" humanType="Parameter" icon="CommodityFlowNetwork_files/icon_parameter_1919576980.svg" name="outputs" refid="_18_5_1_412017e_1528288050814_221578_41975"/></ownedParameter><owner classType="Model" humanName="Owner" humanType="Model" icon="CommodityFlowNetwork_files/icon_model_498361736.svg" mode="s,e" name="CommodityFlowNetwork" refid="_18_4_1_412017e_1480428197145_536891_21458"/><owningPackage classType="Model" humanName="Owning Package" humanType="Model" icon="CommodityFlowNetwork_files/icon_model_498361736.svg" name="CommodityFlowNetwork" refid="_18_4_1_412017e_1480428197145_536891_21458"/><package classType="Model" humanName="Package" humanType="Model" icon="CommodityFlowNetwork_files/icon_model_498361736.svg" name="CommodityFlowNetwork" refid="_18_4_1_412017e_1480428197145_536891_21458"/><part humanName="Part"><valueproperty classType="Property" humanType="Value Property" icon="CommodityFlowNetwork_files/icon_valueproperty_961616212.svg" name="arrivalRate" refid="_18_5_1_412017e_1555504196349_471525_23860"/><valueproperty classType="Property" humanType="Value Property" icon="CommodityFlowNetwork_files/icon_valueproperty_961616212.svg" name="departureRate" refid="_18_5_1_412017e_1555504204243_519625_23868"/><adjunctproperty classType="Property" humanType="Adjunct Property" icon="CommodityFlowNetwork_files/icon_adjunctproperty_1016905217.svg" name="processNode" refid="_18_4_1_412017e_1480449704985_547184_25972"/><adjunctproperty classType="Property" humanType="Adjunct Property" icon="CommodityFlowNetwork_files/icon_adjunctproperty_1016905217.svg" name="sequencing" refid="_18_5_1_412017e_1513345350822_523426_40055"/></part><qualifiedName humanName="Qualified Name" mode="e">CommodityFlowNetwork::ProcessNetwork</qualifiedName><role humanName="Role"><valueproperty classType="Property" humanType="Value Property" icon="CommodityFlowNetwork_files/icon_valueproperty_961616212.svg" name="arrivalRate" refid="_18_5_1_412017e_1555504196349_471525_23860"/><valueproperty classType="Property" humanType="Value Property" icon="CommodityFlowNetwork_files/icon_valueproperty_961616212.svg" name="averageQueueLength" refid="_18_5_1_412017e_1535991317037_887929_75845"/><valueproperty classType="Property" humanType="Value Property" icon="CommodityFlowNetwork_files/icon_valueproperty_961616212.svg" name="averageServiceTime" refid="_18_5_1_412017e_1535991295505_14006_75837"/><valueproperty classType="Property" humanType="Value Property" icon="CommodityFlowNetwork_files/icon_valueproperty_961616212.svg" name="averageSystemTime" refid="_18_5_1_412017e_1551969778617_81505_59654"/><valueproperty classType="Property" humanType="Value Property" icon="CommodityFlowNetwork_files/icon_valueproperty_961616212.svg" name="averageWaitingTime" refid="_18_5_1_412017e_1535991307110_247878_75841"/><valueproperty classType="Property" humanType="Value Property" icon="CommodityFlowNetwork_files/icon_valueproperty_961616212.svg" name="concurrentProcessingCapacity" refid="_18_5_1_412017e_1535991327055_899862_75849"/><partproperty classType="Property" humanType="Part Property" icon="CommodityFlowNetwork_files/icon_partproperty_1194243560.svg" name="currentlyProcessing" refid="_18_5_1_412017e_1555503070302_972482_23773"/><partproperty classType="Property" humanType="Part Property" icon="CommodityFlowNetwork_files/icon_partproperty_1194243560.svg" name="currentlyQueued" refid="_18_5_1_412017e_1555502958330_540495_23759"/><valueproperty classType="Property" humanType="Value Property" icon="CommodityFlowNetwork_files/icon_valueproperty_961616212.svg" name="departureRate" refid="_18_5_1_412017e_1555504204243_519625_23868"/><valueproperty classType="Property" humanType="Value Property" icon="CommodityFlowNetwork_files/icon_valueproperty_961616212.svg" name="expectedServiceTime" refid="_18_5_1_412017e_1571407483304_517857_24990"/><valueproperty classType="Property" humanType="Value Property" icon="CommodityFlowNetwork_files/icon_valueproperty_961616212.svg" name="fixedProcessingCost" refid="_18_5_1_412017e_1571748521235_302622_21973"/><referenceproperty classType="Property" humanType="Reference Property" icon="CommodityFlowNetwork_files/icon_referenceproperty_1806116155.svg" name="parentProcessNetwork" refid="_18_4_1_412017e_1480449704985_231240_25973"/><referenceproperty classType="Property" humanType="Reference Property" icon="CommodityFlowNetwork_files/icon_referenceproperty_1806116155.svg" name="precedingProcess" refid="_18_5_1_412017e_1513345208932_140576_39962"/><adjunctproperty classType="Property" humanType="Adjunct Property" icon="CommodityFlowNetwork_files/icon_adjunctproperty_1016905217.svg" name="processNode" refid="_18_4_1_412017e_1480449704985_547184_25972"/><adjunctproperty classType="Property" humanType="Adjunct Property" icon="CommodityFlowNetwork_files/icon_adjunctproperty_1016905217.svg" name="sequencing" refid="_18_5_1_412017e_1513345350822_523426_40055"/><valueproperty classType="Property" humanType="Value Property" icon="CommodityFlowNetwork_files/icon_valueproperty_961616212.svg" name="storageCapacity" refid="_18_5_1_412017e_1535991334448_279546_75853"/><referenceproperty classType="Property" humanType="Reference Property" icon="CommodityFlowNetwork_files/icon_referenceproperty_1806116155.svg" name="succeedingProcess" refid="_18_5_1_412017e_1513345208933_313648_39963"/><valueproperty classType="Property" humanType="Value Property" icon="CommodityFlowNetwork_files/icon_valueproperty_961616212.svg" name="throughput" refid="_18_5_1_412017e_1535991289352_802115_75833"/><valueproperty classType="Property" humanType="Value Property" icon="CommodityFlowNetwork_files/icon_valueproperty_961616212.svg" name="unitProcessingCost" refid="_18_5_1_412017e_1571748529278_475274_21977"/><valueproperty classType="Property" humanType="Value Property" icon="CommodityFlowNetwork_files/icon_valueproperty_961616212.svg" name="utilization" refid="_18_5_1_412017e_1535991278696_822334_75829"/></role><superClass humanName="Super Class"><block classType="Class" humanType="Block" icon="CommodityFlowNetwork_files/icon_block_1669352891.svg" name="FlowNetwork" refid="_18_4_1_412017e_1480430023770_307416_22716"/></superClass><TO_DO humanName="To Do" mode="s,e"/><usedClassifier humanName="Used Classifier"><block classType="Class" humanType="Block" icon="CommodityFlowNetwork_files/icon_block_1669352891.svg" name="Commodity" refid="_18_4_1_412017e_1480431603356_207384_23063"/></usedClassifier><visibility humanName="Visibility">public</visibility><appearsIn><diagram classType="Diagram" humanType="Diagram" icon="CommodityFlowNetwork_files/icon_SysML Block Definition Diagram_1250245968.svg" name="ProcessNetwork_simple" refid="_18_5_1_412017e_1583765623101_48127_15113"/><diagram classType="Diagram" humanType="Diagram" icon="CommodityFlowNetwork_files/icon_SysML Block Definition Diagram_1250245968.svg" name="CommodityFlowNetworkOverview" refid="_18_5_1_412017e_1563536593786_365035_22477"/><diagram classType="Diagram" humanType="Diagram" icon="CommodityFlowNetwork_files/icon_SysML Block Definition Diagram_1250245968.svg" name="ProcessNetwork" refid="_18_4_1_412017e_1480448894962_294167_25475"/></appearsIn></activity></magicdraw>