<?xml version="1.0" encoding="UTF-8"?><magicdraw><diagram classType="Diagram" diagramType="SysML Block Definition Diagram" height="689" humanType="Diagram" icon="CommodityFlowNetwork_files/icon_SysML Block Definition Diagram_1250245968.svg" id="_18_5_1_412017e_1513189125580_441486_35907" src="CommodityFlowNetwork_files/_18_5_1_412017e_1513189125580_441486_35907.svg" width="604"><APPLIED_STEREOTYPES humanName="Applied Stereotype" mode="s,e"><stereotype classType="Stereotype" humanType="Stereotype" icon="CommodityFlowNetwork_files/icon_stereotype_918307166.svg" name="DiagramInfo" refid="_9_0_be00301_1108044380615_150487_0"/></APPLIED_STEREOTYPES><appliedStereotype humanName="Applied Stereotype" mode="s,e"><stereotype classType="Stereotype" humanType="Stereotype" icon="CommodityFlowNetwork_files/icon_stereotype_918307166.svg" name="DiagramInfo" refid="_9_0_be00301_1108044380615_150487_0"><property classType="Property" humanName="Author" humanType="Property" icon="CommodityFlowNetwork_files/icon_property_1022812452.svg" name="Author" refid="_be00301_1077726770128_871366_1"><String>tas5</String></property><property classType="Property" humanName="Base_ Diagram" humanType="Property" icon="CommodityFlowNetwork_files/icon_property_1022812452.svg" name="base_Diagram" refid="_10_0EAPbeta_be00301_1123081772498_901864_356"/><property classType="Property" humanName="Base_ Element" humanType="Property" icon="CommodityFlowNetwork_files/icon_property_1022812452.svg" name="base_Element" refid="_10_0EAPbeta_be00301_1123081772098_411862_275"/><property classType="Property" humanName="Creation Date" humanType="Property" icon="CommodityFlowNetwork_files/icon_property_1022812452.svg" name="Creation date" refid="_be00301_1073306188629_537791_2"><String>12/13/17 1:18 PM</String></property><property classType="Property" humanName="Last modified by" humanType="Property" icon="CommodityFlowNetwork_files/icon_property_1022812452.svg" name="Last modified by" refid="_16_8beta_8ca0285_1257244649124_794756_344"><String>tas5</String></property><property classType="Property" humanName="Modification Date" humanType="Property" icon="CommodityFlowNetwork_files/icon_property_1022812452.svg" name="Modification date" refid="_be00301_1073394345322_922552_1"><String>10/22/19 8:48 AM</String></property></stereotype></appliedStereotype><appliedStereotypeInstance classType="InstanceSpecification" humanName="Applied Stereotype Instance" humanType="Instance Specification" icon="CommodityFlowNetwork_files/icon_instancespecification_13643661.svg" name=" : UML Standard Profile::MagicDraw Profile::DiagramInfo" refid="_18_5_1_412017e_1513189125659_917140_35918"/><documentation humanName="Documentation"/><map><area isNotContentShape="false" name="Part Property node" refid="_18_5_1_412017e_1513189146779_978407_36026" shape="rect" type="0"><point x="62" y="391"/><point x="73" y="391"/><point x="73" y="403"/><point x="62" y="403"/></area><area isNotContentShape="false" name="Adjunct Property edge" refid="_18_5_1_412017e_1513190219530_869897_37060" shape="rect" type="0"><point x="504" y="505"/><point x="515" y="505"/><point x="515" y="516"/><point x="504" y="516"/></area><area isNotContentShape="false" name="Reference Property parentNetwork" refid="_18_5_1_412017e_1513189146779_560277_36027" shape="rect" type="0"><point x="132" y="454"/><point x="143" y="454"/><point x="143" y="466"/><point x="132" y="466"/></area><area isNotContentShape="false" name="Property parentNetwork" refid="_18_5_1_412017e_1513190219530_486496_37061" shape="rect" type="0"><point x="361" y="302"/><point x="372" y="302"/><point x="372" y="313"/><point x="361" y="313"/></area><area isNotContentShape="false" name="Reference Property endNetwork1" refid="_18_5_1_412017e_1513190186908_510822_36952" shape="rect" type="0"><point x="361" y="396"/><point x="372" y="396"/><point x="372" y="407"/><point x="361" y="407"/></area><area isNotContentShape="false" name="Reference Property endNetwork2" refid="_18_5_1_412017e_1513190186908_343394_36953" shape="rect" type="0"><point x="305" y="454"/><point x="316" y="454"/><point x="316" y="466"/><point x="305" y="466"/></area><area isNotContentShape="false" name="Part Property node" refid="_18_5_1_412017e_1513189146779_978407_36026" shape="rect" type="0"><point x="39" y="380"/><point x="70" y="380"/><point x="70" y="394"/><point x="39" y="394"/></area><area isNotContentShape="false" name="Adjunct Property edge" refid="_18_5_1_412017e_1513190219530_869897_37060" shape="rect" type="0"><point x="476" y="499"/><point x="507" y="499"/><point x="507" y="513"/><point x="476" y="513"/></area><area isNotContentShape="false" name="Reference Property endNetwork1" refid="_18_5_1_412017e_1513190186908_510822_36952" shape="rect" type="0"><point x="364" y="384"/><point x="443" y="384"/><point x="443" y="399"/><point x="364" y="399"/></area><area isNotContentShape="false" name="Reference Property endNetwork2" refid="_18_5_1_412017e_1513190186908_343394_36953" shape="rect" type="0"><point x="229" y="457"/><point x="308" y="457"/><point x="308" y="472"/><point x="229" y="472"/></area><area isNotContentShape="false" name="Reference Property parentNetwork" refid="_18_5_1_412017e_1513189146779_560277_36027" shape="rect" type="0"><point x="46" y="470"/><point x="135" y="470"/><point x="135" y="484"/><point x="46" y="484"/></area><area isNotContentShape="false" name="Property parentNetwork" refid="_18_5_1_412017e_1513190219530_486496_37061" shape="rect" type="0"><point x="376" y="290"/><point x="465" y="290"/><point x="465" y="305"/><point x="376" y="305"/></area><area isNotContentShape="false" name="Generalization" refid="_18_5_1_412017e_1570105911189_624838_22669" shape="poly" type="0"><point x="217" y="179"/><point x="217" y="201"/><point x="215" y="203"/><point x="215" y="181"/></area><area isNotContentShape="false" name="Block NetworkLink" refid="_18_5_1_412017e_1513190186908_384793_36951" shape="poly" type="0"><point x="419" y="480"/><point x="419" y="514"/><point x="417" y="516"/><point x="417" y="482"/></area><area isNotContentShape="false" name="Association" refid="_18_5_1_412017e_1513189146778_490437_36025" shape="poly" type="0"><point x="73" y="396"/><point x="30" y="396"/><point x="30" y="496"/><point x="138" y="496"/><point x="138" y="453"/><point x="136" y="455"/><point x="136" y="499"/><point x="28" y="499"/><point x="28" y="398"/><point x="71" y="398"/></area><area isNotContentShape="false" name="Generalization" refid="_18_5_1_412017e_1570105891880_949315_22668" shape="poly" type="0"><point x="202" y="87"/><point x="318" y="87"/><point x="316" y="89"/><point x="200" y="89"/></area><area isNotContentShape="false" name="Connector edge" refid="_18_5_1_412017e_1513264357871_360474_39528" shape="poly" type="0"><point x="222" y="356"/><point x="308" y="356"/><point x="308" y="417"/><point x="181" y="417"/><point x="181" y="363"/><point x="179" y="365"/><point x="179" y="419"/><point x="306" y="419"/><point x="306" y="358"/><point x="220" y="358"/></area><area isNotContentShape="false" name="Association" refid="_18_5_1_412017e_1513190219530_677714_37059" shape="poly" type="0"><point x="510" y="514"/><point x="510" y="306"/><point x="362" y="306"/><point x="359" y="308"/><point x="508" y="308"/><point x="508" y="516"/></area><area isNotContentShape="false" name="Generalization" refid="_18_5_1_412017e_1570105994971_830808_22726" shape="poly" type="0"><point x="556" y="179"/><point x="556" y="514"/><point x="554" y="516"/><point x="554" y="181"/></area><area isNotContentShape="false" name="Block NetworkLink" refid="_18_5_1_412017e_1513190186908_384793_36951" shape="poly" type="0"><point x="362" y="400"/><point x="419" y="400"/><point x="419" y="482"/><point x="311" y="482"/><point x="311" y="453"/><point x="309" y="455"/><point x="309" y="484"/><point x="417" y="484"/><point x="417" y="402"/><point x="359" y="402"/></area><area isNotContentShape="false" name="Connector End" refid="_18_5_1_412017e_1513264357871_956971_39530" shape="rect" type="0"><point x="221" y="352"/><point x="233" y="352"/><point x="233" y="364"/><point x="221" y="364"/></area><area isNotContentShape="false" name="Connector End" refid="_18_5_1_412017e_1513264357871_252433_39529" shape="rect" type="0"><point x="175" y="364"/><point x="186" y="364"/><point x="186" y="375"/><point x="175" y="375"/></area><area isNotContentShape="false" name="Part Property node" refid="_18_5_1_412017e_1513189146779_978407_36026" shape="rect" type="0"><point x="94" y="339"/><point x="222" y="339"/><point x="222" y="365"/><point x="94" y="365"/></area><area isNotContentShape="false" name="Value Property instanceID" refid="_18_5_1_412017e_1550599541005_792237_31606" shape="rect" type="0"><point x="39" y="81"/><point x="199" y="81"/><point x="199" y="96"/><point x="39" y="96"/></area><area isNotContentShape="false" name="Value Property typeID" refid="_18_5_1_412017e_1550599573275_888863_31610" shape="rect" type="0"><point x="39" y="95"/><point x="199" y="95"/><point x="199" y="109"/><point x="39" y="109"/></area><area isNotContentShape="false" name="Value Property label" refid="_18_4_1_412017e_1480428452786_373509_22094" shape="rect" type="0"><point x="39" y="108"/><point x="199" y="108"/><point x="199" y="123"/><point x="39" y="123"/></area><area isNotContentShape="false" name="Value Property measure" refid="_18_4_1_412017e_1490186121808_887895_33128" shape="rect" type="0"><point x="39" y="122"/><point x="199" y="122"/><point x="199" y="136"/><point x="39" y="136"/></area><area isNotContentShape="false" name="Block IdentifiableElement" refid="_18_5_1_412017e_1550599419049_374663_31602" shape="rect" type="0"><point x="36" y="33"/><point x="202" y="33"/><point x="202" y="142"/><point x="36" y="142"/></area><area isNotContentShape="false" name="Value Property instanceID" refid="_18_5_1_412017e_1550599541005_792237_31606" shape="rect" type="0"><point x="320" y="82"/><point x="489" y="82"/><point x="489" y="97"/><point x="320" y="97"/></area><area isNotContentShape="false" name="Value Property typeID" refid="_18_5_1_412017e_1550599573275_888863_31610" shape="rect" type="0"><point x="320" y="96"/><point x="489" y="96"/><point x="489" y="110"/><point x="320" y="110"/></area><area isNotContentShape="false" name="Value Property label" refid="_18_4_1_412017e_1480428452786_373509_22094" shape="rect" type="0"><point x="320" y="109"/><point x="489" y="109"/><point x="489" y="124"/><point x="320" y="124"/></area><area isNotContentShape="false" name="Value Property measure" refid="_18_4_1_412017e_1490186121808_887895_33128" shape="rect" type="0"><point x="320" y="123"/><point x="489" y="123"/><point x="489" y="137"/><point x="320" y="137"/></area><area isNotContentShape="false" name="Block NetworkElement" refid="_18_5_1_412017e_1570105871470_979385_22666" shape="rect" type="0"><point x="317" y="33"/><point x="492" y="33"/><point x="492" y="143"/><point x="317" y="143"/></area><area isNotContentShape="false" name="Value Property instanceID" refid="_18_5_1_412017e_1550599541005_792237_31606" shape="rect" type="0"><point x="75" y="251"/><point x="358" y="251"/><point x="358" y="266"/><point x="75" y="266"/></area><area isNotContentShape="false" name="Value Property typeID" refid="_18_5_1_412017e_1550599573275_888863_31610" shape="rect" type="0"><point x="75" y="265"/><point x="358" y="265"/><point x="358" y="279"/><point x="75" y="279"/></area><area isNotContentShape="false" name="Value Property label" refid="_18_4_1_412017e_1480428452786_373509_22094" shape="rect" type="0"><point x="75" y="278"/><point x="358" y="278"/><point x="358" y="293"/><point x="75" y="293"/></area><area isNotContentShape="false" name="Value Property measure" refid="_18_4_1_412017e_1490186121808_887895_33128" shape="rect" type="0"><point x="75" y="291"/><point x="358" y="291"/><point x="358" y="306"/><point x="75" y="306"/></area><area isNotContentShape="false" name="Value Property cost" refid="_18_5_1_412017e_1533905277155_825979_70908" shape="rect" type="0"><point x="75" y="305"/><point x="358" y="305"/><point x="358" y="319"/><point x="75" y="319"/></area><area isNotContentShape="false" name="Block Network" refid="_18_4_1_412017e_1480428292021_38215_21493" shape="rect" type="0"><point x="72" y="202"/><point x="362" y="202"/><point x="362" y="455"/><point x="72" y="455"/></area><area isNotContentShape="false" name="Participant Property linkEnd1" refid="_18_5_1_412017e_1513190186994_240653_37009" shape="rect" type="0"><point x="270" y="564"/><point x="594" y="564"/><point x="594" y="579"/><point x="270" y="579"/></area><area isNotContentShape="false" name="Value Property instanceID" refid="_18_5_1_412017e_1550599541005_792237_31606" shape="rect" type="0"><point x="270" y="611"/><point x="594" y="611"/><point x="594" y="625"/><point x="270" y="625"/></area><area isNotContentShape="false" name="Participant Property linkEnd2" refid="_18_5_1_412017e_1513190186999_654848_37013" shape="rect" type="0"><point x="270" y="578"/><point x="594" y="578"/><point x="594" y="592"/><point x="270" y="592"/></area><area isNotContentShape="false" name="Value Property typeID" refid="_18_5_1_412017e_1550599573275_888863_31610" shape="rect" type="0"><point x="270" y="624"/><point x="594" y="624"/><point x="594" y="639"/><point x="270" y="639"/></area><area isNotContentShape="false" name="Value Property label" refid="_18_4_1_412017e_1480428452786_373509_22094" shape="rect" type="0"><point x="270" y="638"/><point x="594" y="638"/><point x="594" y="652"/><point x="270" y="652"/></area><area isNotContentShape="false" name="Value Property measure" refid="_18_4_1_412017e_1490186121808_887895_33128" shape="rect" type="0"><point x="270" y="651"/><point x="594" y="651"/><point x="594" y="665"/><point x="270" y="665"/></area><area isNotContentShape="false" name="Value Property weight" refid="_18_4_1_412017e_1480428506088_723337_22098" shape="rect" type="0"><point x="270" y="664"/><point x="594" y="664"/><point x="594" y="679"/><point x="270" y="679"/></area><area isNotContentShape="false" name="Block NetworkLink" refid="_18_5_1_412017e_1513190186908_384793_36951" shape="rect" type="0"><point x="267" y="515"/><point x="597" y="515"/><point x="597" y="685"/><point x="267" y="685"/></area></map><name humanName="Name" mode="s,e">BasicNetwork</name><namespace classType="Model" humanName="Namespace" humanType="Model" icon="CommodityFlowNetwork_files/icon_model_498361736.svg" name="CommodityFlowNetwork" refid="_18_4_1_412017e_1480428197145_536891_21458"/><ownedElement humanName="Owned Element"><instancespecification classType="InstanceSpecification" humanType="Instance Specification" icon="CommodityFlowNetwork_files/icon_instancespecification_13643661.svg" name=" : UML Standard Profile::MagicDraw Profile::DiagramInfo" refid="_18_5_1_412017e_1513189125659_917140_35918"/></ownedElement><owner classType="Model" humanName="Owner" humanType="Model" icon="CommodityFlowNetwork_files/icon_model_498361736.svg" mode="s,e" name="CommodityFlowNetwork" refid="_18_4_1_412017e_1480428197145_536891_21458"/><ownerOfDiagram classType="Model" humanName="Owner Of Diagram" humanType="Model" icon="CommodityFlowNetwork_files/icon_model_498361736.svg" name="CommodityFlowNetwork" refid="_18_4_1_412017e_1480428197145_536891_21458"/><qualifiedName humanName="Qualified Name" mode="e">CommodityFlowNetwork::BasicNetwork</qualifiedName><TO_DO humanName="To Do" mode="s,e"/><DIAGRAM_TYPE_DERIVED_PROPERTY humanName="Type">SysML Block Definition Diagram</DIAGRAM_TYPE_DERIVED_PROPERTY><visibility humanName="Visibility">public</visibility></diagram></magicdraw>