<?xml version="1.0" encoding="UTF-8"?><magicdraw><instancespecification classType="InstanceSpecification" humanType="Instance Specification" icon="CommodityFlowNetwork_files/icon_instancespecification_13643661.svg" id="_18_5_1_412017e_1536337796123_725229_77886"><classifier humanName="Classifier" mode="s,e"><stereotype classType="Stereotype" humanType="Stereotype" icon="CommodityFlowNetwork_files/icon_stereotype_1194243560.svg" name="PartProperty" refid="_15_0_be00301_1199377756297_348405_2678"/></classifier><documentation humanName="Documentation"/><name humanName="Name" mode="s,e"/><owner classType="Property" humanName="Owner" humanType="Part Property" icon="CommodityFlowNetwork_files/icon_partproperty_1194243560.svg" mode="s,e" name="node" refid="_18_5_1_412017e_1513189146779_978407_36026"/><qualifiedName humanName="Qualified Name" mode="e">CommodityFlowNetwork::Network::node::</qualifiedName><stereotypedElement classType="Property" humanName="Stereotyped Element" humanType="Part Property" icon="CommodityFlowNetwork_files/icon_partproperty_1194243560.svg" name="node" refid="_18_5_1_412017e_1513189146779_978407_36026"/><TO_DO humanName="To Do" mode="s,e"/><visibility humanName="Visibility">public</visibility></instancespecification></magicdraw>