<?xml version="1.0" encoding="UTF-8"?><magicdraw><connectorend classType="ConnectorEnd" humanType="Connector End" icon="CommodityFlowNetwork_files/icon_connectorend_1774376572.svg" id="_18_5_1_412017e_1513264357871_956971_39530"><definingEnd classType="Property" humanName="Defining End" humanType="Reference Property" icon="CommodityFlowNetwork_files/icon_referenceproperty_1806116155.svg" mode="s,e" name="endNetwork2" refid="_18_5_1_412017e_1513190186908_343394_36953"/><documentation humanName="Documentation"/><isOrdered humanName="Is Ordered">false</isOrdered><isUnique humanName="Is Unique">true</isUnique><lower humanName="Lower">1</lower><multiplicity humanName="Multiplicity" mode="s,e"/><multiplicity humanName="Multiplicity" mode="s,e"/><owner classType="Connector" humanName="Owner" humanType="Connector" icon="CommodityFlowNetwork_files/icon_connector_1226298219.svg" isRelationship="true" mode="s,e" name="edge" refid="_18_5_1_412017e_1513264357871_360474_39528"/><role classType="Property" humanName="Role" humanType="Part Property" icon="CommodityFlowNetwork_files/icon_partproperty_1194243560.svg" mode="s,e" name="node" refid="_18_5_1_412017e_1513189146779_978407_36026"/><TO_DO humanName="To Do" mode="s,e"/><upper humanName="Upper">1</upper><appearsIn><diagram classType="Diagram" humanType="Diagram" icon="CommodityFlowNetwork_files/icon_SysML Block Definition Diagram_1250245968.svg" name="BasicNetwork" refid="_18_5_1_412017e_1513189125580_441486_35907"/><diagram classType="Diagram" humanType="Diagram" icon="CommodityFlowNetwork_files/icon_SysML Internal Block Diagram_883516442.svg" name="Network" refid="_18_5_1_412017e_1513264180102_435102_39251"/></appearsIn></connectorend></magicdraw>