<?xml version="1.0" encoding="UTF-8"?><magicdraw><literalreal classType="LiteralReal" humanType="Literal Real" icon="CommodityFlowNetwork_files/icon_literalreal_231255438.svg" id="_18_5_1_412017e_1513193951443_112504_38044"><documentation humanName="Documentation"/><name humanName="Name"/><owner classType="Property" humanName="Owner" humanType="Value Property" icon="CommodityFlowNetwork_files/icon_valueproperty_961616212.svg" mode="e" name="flowFixedCost" refid="_18_5_1_412017e_1513193951434_150749_38014"/><owningProperty classType="Property" humanName="Owning Property" humanType="Value Property" icon="CommodityFlowNetwork_files/icon_valueproperty_961616212.svg" name="flowFixedCost" refid="_18_5_1_412017e_1513193951434_150749_38014"/><qualifiedName humanName="Qualified Name">CommodityFlowNetwork::FlowNetworkElement::flowFixedCost::</qualifiedName><text humanName="Text" mode="standard">0.0</text><TO_DO humanName="To Do"/><TYPE_MODIFIER humanName="Type Modifier"/><value humanName="Value" mode="s,e">0.0</value><visibility humanName="Visibility">public</visibility></literalreal></magicdraw>