<?xml version="1.0" encoding="UTF-8"?><magicdraw><generalization classType="Generalization" humanType="Generalization" icon="CommodityFlowNetwork_files/icon_generalization_1702478809.svg" id="_18_5_1_412017e_1513191068793_329266_37785"><documentation humanName="Documentation"/><general classType="AssociationClass" humanName="General" humanType="Block" icon="CommodityFlowNetwork_files/icon_block_1669352891.svg" isRelationship="true" mode="s,e" name="NetworkLink" refid="_18_5_1_412017e_1513190186908_384793_36951"/><isSubstitutable humanName="Is Substitutable">true</isSubstitutable><owner classType="AssociationClass" humanName="Owner" humanType="Block" icon="CommodityFlowNetwork_files/icon_block_1669352891.svg" isRelationship="true" mode="s,e" name="FlowNetworkLink" refid="_18_5_1_412017e_1513191054925_696549_37680"/><relatedElement humanName="Related Element"><block classType="AssociationClass" humanType="Block" icon="CommodityFlowNetwork_files/icon_block_1669352891.svg" isRelationship="true" name="FlowNetworkLink" refid="_18_5_1_412017e_1513191054925_696549_37680"/><block classType="AssociationClass" humanType="Block" icon="CommodityFlowNetwork_files/icon_block_1669352891.svg" isRelationship="true" name="NetworkLink" refid="_18_5_1_412017e_1513190186908_384793_36951"/></relatedElement><source humanName="Source"><block classType="AssociationClass" humanType="Block" icon="CommodityFlowNetwork_files/icon_block_1669352891.svg" isRelationship="true" name="FlowNetworkLink" refid="_18_5_1_412017e_1513191054925_696549_37680"/></source><specific classType="AssociationClass" humanName="Specific" humanType="Block" icon="CommodityFlowNetwork_files/icon_block_1669352891.svg" isRelationship="true" mode="s,e" name="FlowNetworkLink" refid="_18_5_1_412017e_1513191054925_696549_37680"/><target humanName="Target"><block classType="AssociationClass" humanType="Block" icon="CommodityFlowNetwork_files/icon_block_1669352891.svg" isRelationship="true" name="NetworkLink" refid="_18_5_1_412017e_1513190186908_384793_36951"/></target><TO_DO humanName="To Do" mode="s,e"/><appearsIn><diagram classType="Diagram" humanType="Diagram" icon="CommodityFlowNetwork_files/icon_SysML Block Definition Diagram_1250245968.svg" name="CommodityFlowNetworkOverview" refid="_18_5_1_412017e_1563536593786_365035_22477"/><diagram classType="Diagram" humanType="Diagram" icon="CommodityFlowNetwork_files/icon_SysML Block Definition Diagram_1250245968.svg" name="FlowNetwork" refid="_18_4_1_412017e_1480430006088_181173_22517"/><diagram classType="Diagram" humanType="Diagram" icon="CommodityFlowNetwork_files/icon_SysML Block Definition Diagram_1250245968.svg" name="FlowNetwork_w/Notes" refid="_18_5_1_412017e_1521810279781_348461_35190"/></appearsIn></generalization></magicdraw>