<?xml version="1.0" encoding="UTF-8"?><magicdraw><literalinteger classType="LiteralInteger" humanType="Literal Integer" icon="CommodityFlowNetwork_files/icon_literalinteger_21600042.svg" id="_18_5_1_412017e_1528289494836_344920_42157"><documentation humanName="Documentation"/><name humanName="Name"/><owner classType="InputPin" humanName="Owner" humanType="Input Pin" icon="CommodityFlowNetwork_files/icon_inputpin_562685863.svg" mode="e" name="inputs" refid="_18_5_1_412017e_1528287007615_612697_41699"/><owningLower classType="InputPin" humanName="Owning Lower" humanType="Input Pin" icon="CommodityFlowNetwork_files/icon_inputpin_562685863.svg" name="inputs" refid="_18_5_1_412017e_1528287007615_612697_41699"/><qualifiedName humanName="Qualified Name">CommodityFlowNetwork::ProcessNetwork::processNode::inputs::</qualifiedName><text humanName="Text" mode="standard">1</text><TO_DO humanName="To Do"/><TYPE_MODIFIER humanName="Type Modifier"/><value humanName="Value" mode="s,e">1</value><visibility humanName="Visibility">public</visibility></literalinteger></magicdraw>