<?xml version="1.0" encoding="UTF-8"?><magicdraw><literalinteger classType="LiteralInteger" humanType="Literal Integer" icon="CommodityFlowNetwork_files/icon_literalinteger_21600042.svg" id="_18_4_1_412017e_1480449766755_895923_26002"><documentation humanName="Documentation"/><name humanName="Name"/><owner classType="Property" humanName="Owner" humanType="Adjunct Property" icon="CommodityFlowNetwork_files/icon_adjunctproperty_1016905217.svg" mode="e" name="processNode" refid="_18_4_1_412017e_1480449704985_547184_25972"/><owningLower classType="Property" humanName="Owning Lower" humanType="Adjunct Property" icon="CommodityFlowNetwork_files/icon_adjunctproperty_1016905217.svg" name="processNode" refid="_18_4_1_412017e_1480449704985_547184_25972"/><qualifiedName humanName="Qualified Name">CommodityFlowNetwork::ProcessNetwork::processNode::</qualifiedName><text humanName="Text" mode="standard">0</text><TO_DO humanName="To Do"/><TYPE_MODIFIER humanName="Type Modifier"/><value humanName="Value" mode="s,e">0</value><visibility humanName="Visibility">public</visibility></literalinteger></magicdraw>