<?xml version="1.0" encoding="UTF-8"?><magicdraw><instancespecification classType="InstanceSpecification" humanType="Instance Specification" icon="CommodityFlowNetwork_files/icon_instancespecification_13643661.svg" id="_18_5_1_412017e_1513189125659_917140_35918"><classifier humanName="Classifier" mode="s,e"><stereotype classType="Stereotype" humanType="Stereotype" icon="CommodityFlowNetwork_files/icon_stereotype_918307166.svg" name="DiagramInfo" refid="_9_0_be00301_1108044380615_150487_0"/></classifier><documentation humanName="Documentation"/><name humanName="Name" mode="s,e"/><ownedElement humanName="Owned Element"><slot classType="Slot" humanType="Slot" icon="CommodityFlowNetwork_files/icon_slot_1699970880.svg" refid="_19_0_3_412017e_1586182759965_824438_13360"/><slot classType="Slot" humanType="Slot" icon="CommodityFlowNetwork_files/icon_slot_1699970880.svg" refid="_19_0_3_412017e_1586182759965_293497_13362"/><slot classType="Slot" humanType="Slot" icon="CommodityFlowNetwork_files/icon_slot_1699970880.svg" refid="_19_0_3_412017e_1586182759965_72199_13364"/><slot classType="Slot" humanType="Slot" icon="CommodityFlowNetwork_files/icon_slot_1699970880.svg" refid="_19_0_3_412017e_1586182759965_933319_13366"/></ownedElement><owner classType="Diagram" humanName="Owner" humanType="Diagram" icon="CommodityFlowNetwork_files/icon_SysML Block Definition Diagram_1250245968.svg" mode="s,e" name="BasicNetwork" refid="_18_5_1_412017e_1513189125580_441486_35907"/><qualifiedName humanName="Qualified Name" mode="e">CommodityFlowNetwork::BasicNetwork::</qualifiedName><slot humanName="Slot"><slot classType="Slot" humanType="Slot" icon="CommodityFlowNetwork_files/icon_slot_1699970880.svg" refid="_19_0_3_412017e_1586182759965_824438_13360"/><slot classType="Slot" humanType="Slot" icon="CommodityFlowNetwork_files/icon_slot_1699970880.svg" refid="_19_0_3_412017e_1586182759965_293497_13362"/><slot classType="Slot" humanType="Slot" icon="CommodityFlowNetwork_files/icon_slot_1699970880.svg" refid="_19_0_3_412017e_1586182759965_72199_13364"/><slot classType="Slot" humanType="Slot" icon="CommodityFlowNetwork_files/icon_slot_1699970880.svg" refid="_19_0_3_412017e_1586182759965_933319_13366"/></slot><stereotypedElement classType="Diagram" humanName="Stereotyped Element" humanType="Diagram" icon="CommodityFlowNetwork_files/icon_SysML Block Definition Diagram_1250245968.svg" name="BasicNetwork" refid="_18_5_1_412017e_1513189125580_441486_35907"/><TO_DO humanName="To Do" mode="s,e"/><visibility humanName="Visibility">public</visibility></instancespecification></magicdraw>