<?xml version="1.0" encoding="UTF-8"?><magicdraw><valueproperty classType="Property" humanType="Value Property" icon="CommodityFlowNetwork_files/icon_valueproperty_961616212.svg" id="_18_5_1_412017e_1513193951434_150749_38014"><aggregation humanName="Aggregation" mode="s,e">none</aggregation><APPLIED_STEREOTYPES humanName="Applied Stereotype" mode="s,e"><stereotype classType="Stereotype" humanType="Stereotype" icon="CommodityFlowNetwork_files/icon_stereotype_961616212.svg" name="ValueProperty" refid="_12_0_be00301_1164123483951_695645_2041"/></APPLIED_STEREOTYPES><appliedStereotype humanName="Applied Stereotype" mode="s,e"><stereotype classType="Stereotype" humanType="Stereotype" icon="CommodityFlowNetwork_files/icon_stereotype_961616212.svg" name="ValueProperty" refid="_12_0_be00301_1164123483951_695645_2041"><property classType="Property" humanName="Base_ Element" humanType="Property" icon="CommodityFlowNetwork_files/icon_property_1022812452.svg" name="base_Element" refid="_10_0EAPbeta_be00301_1123081772098_411862_275"/><property classType="Property" humanName="Base_ Property" humanType="Property" icon="CommodityFlowNetwork_files/icon_property_1022812452.svg" name="base_Property" refid="_12_0_be00301_1164123486896_243192_2044"/></stereotype></appliedStereotype><appliedStereotypeInstance classType="InstanceSpecification" humanName="Applied Stereotype Instance" humanType="Instance Specification" icon="CommodityFlowNetwork_files/icon_instancespecification_13643661.svg" name=" : MD Customization for SysML::additional_stereotypes::ValueProperty" refid="_18_5_1_412017e_1513193951443_399738_38045"/><UMLClass classType="Class" humanName="Class" humanType="Block" icon="CommodityFlowNetwork_files/icon_block_979213603.svg" name="FlowNetworkElement" refid="_18_5_1_412017e_1569950967170_559775_21717"/><classifier classType="Class" humanName="Classifier" humanType="Block" icon="CommodityFlowNetwork_files/icon_block_979213603.svg" name="FlowNetworkElement" refid="_18_5_1_412017e_1569950967170_559775_21717"/><defaultValue classType="LiteralReal" humanName="Default Value" humanType="Literal Real" icon="CommodityFlowNetwork_files/icon_literalreal_231255438.svg" mode="s,e" name="0.0" refid="_18_5_1_412017e_1513193951443_112504_38044" text="0.0"/><documentation humanName="Documentation"/><featuringClassifier classType="Class" humanName="Featuring Classifier" humanType="Block" icon="CommodityFlowNetwork_files/icon_block_979213603.svg" name="FlowNetworkElement" refid="_18_5_1_412017e_1569950967170_559775_21717"/><isComposite humanName="Is Composite">false</isComposite><isDerived humanName="Is Derived" mode="s,e">false</isDerived><isDerivedUnion humanName="Is Derived Union" mode="e">false</isDerivedUnion><isID humanName="Is ID" mode="e">false</isID><isLeaf humanName="Is Leaf">false</isLeaf><isOrdered humanName="Is Ordered" mode="e">false</isOrdered><isReadOnly humanName="Is Read Only" mode="s,e">false</isReadOnly><isStatic humanName="Is Static" mode="s,e">false</isStatic><isUnique humanName="Is Unique" mode="e">true</isUnique><lower humanName="Lower">0</lower><lowerValue classType="LiteralInteger" humanName="Lower Value" humanType="Literal Integer" icon="CommodityFlowNetwork_files/icon_literalinteger_21600042.svg" name="0" refid="_18_5_1_412017e_1570195097492_973608_23358" text="0"/><multiplicity humanName="Multiplicity" mode="s,e">0..1</multiplicity><multiplicity humanName="Multiplicity" mode="s,e">0..1</multiplicity><name humanName="Name" mode="s,e">flowFixedCost</name><namespace classType="Class" humanName="Namespace" humanType="Block" icon="CommodityFlowNetwork_files/icon_block_979213603.svg" name="FlowNetworkElement" refid="_18_5_1_412017e_1569950967170_559775_21717"/><navigable humanName="Navigable">true</navigable><ownedBy classType="Class" humanName="Owned By" humanType="Block" icon="CommodityFlowNetwork_files/icon_block_979213603.svg" name="FlowNetworkElement" refid="_18_5_1_412017e_1569950967170_559775_21717"/><ownedElement humanName="Owned Element"><instancespecification classType="InstanceSpecification" humanType="Instance Specification" icon="CommodityFlowNetwork_files/icon_instancespecification_13643661.svg" name=" : MD Customization for SysML::additional_stereotypes::ValueProperty" refid="_18_5_1_412017e_1513193951443_399738_38045"/><literalinteger classType="LiteralInteger" humanType="Literal Integer" icon="CommodityFlowNetwork_files/icon_literalinteger_21600042.svg" name="0" refid="_18_5_1_412017e_1570195097492_973608_23358" text="0"/><literalreal classType="LiteralReal" humanType="Literal Real" icon="CommodityFlowNetwork_files/icon_literalreal_231255438.svg" name="0.0" refid="_18_5_1_412017e_1513193951443_112504_38044" text="0.0"/><literalunlimitednatural classType="LiteralUnlimitedNatural" humanType="Literal Unlimited Natural" icon="CommodityFlowNetwork_files/icon_literalunlimitednatural_1323015338.svg" name="1" refid="_18_5_1_412017e_1513193951442_659854_38042" text="1"/></ownedElement><owner classType="Class" humanName="Owner" humanType="Block" icon="CommodityFlowNetwork_files/icon_block_979213603.svg" name="FlowNetworkElement" refid="_18_5_1_412017e_1569950967170_559775_21717"/><qualifiedName humanName="Qualified Name" mode="e">CommodityFlowNetwork::FlowNetworkElement::flowFixedCost</qualifiedName><redefinitionContext humanName="Redefinition Context"><block classType="Class" humanType="Block" icon="CommodityFlowNetwork_files/icon_block_979213603.svg" name="FlowNetworkElement" refid="_18_5_1_412017e_1569950967170_559775_21717"/></redefinitionContext><subsettedProperty humanName="Subsetted Property" mode="e"><valueproperty classType="Property" humanType="Value Property" icon="CommodityFlowNetwork_files/icon_valueproperty_961616212.svg" name="measure" refid="_18_4_1_412017e_1490186121808_887895_33128"/></subsettedProperty><TO_DO humanName="To Do" mode="s,e"/><type classType="DataType" humanName="Type" humanType="Value Type" icon="CommodityFlowNetwork_files/icon_valuetype_590395443.svg" mode="s,e" name="Real" refid="_11_5EAPbeta_be00301_1147431819399_50461_1671"/><TYPE_MODIFIER humanName="Type Modifier" mode="e"/><upper humanName="Upper">1</upper><upperValue classType="LiteralUnlimitedNatural" humanName="Upper Value" humanType="Literal Unlimited Natural" icon="CommodityFlowNetwork_files/icon_literalunlimitednatural_1323015338.svg" name="1" refid="_18_5_1_412017e_1513193951442_659854_38042" text="1"/><visibility humanName="Visibility" mode="e">public</visibility><appearsIn><diagram classType="Diagram" humanType="Diagram" icon="CommodityFlowNetwork_files/icon_SysML Block Definition Diagram_1250245968.svg" name="FlowNetwork_simple" refid="_18_5_1_412017e_1583499600145_43424_20112"/><diagram classType="Diagram" humanType="Diagram" icon="CommodityFlowNetwork_files/icon_SysML Block Definition Diagram_1250245968.svg" name="CommodityFlowNetworkOverview" refid="_18_5_1_412017e_1563536593786_365035_22477"/><diagram classType="Diagram" humanType="Diagram" icon="CommodityFlowNetwork_files/icon_SysML Block Definition Diagram_1250245968.svg" name="FlowNetwork" refid="_18_4_1_412017e_1480430006088_181173_22517"/></appearsIn></valueproperty></magicdraw>