<?xml version="1.0" encoding="UTF-8"?><magicdraw><literalunlimitednatural classType="LiteralUnlimitedNatural" humanType="Literal Unlimited Natural" icon="CommodityFlowNetwork_files/icon_literalunlimitednatural_1323015338.svg" id="_18_5_1_412017e_1513189205422_907838_36088"><documentation humanName="Documentation"/><name humanName="Name"/><owner classType="Property" humanName="Owner" humanType="Reference Property" icon="CommodityFlowNetwork_files/icon_referenceproperty_1806116155.svg" mode="e" name="parentNetwork" refid="_18_5_1_412017e_1513189146779_560277_36027"/><owningUpper classType="Property" humanName="Owning Upper" humanType="Reference Property" icon="CommodityFlowNetwork_files/icon_referenceproperty_1806116155.svg" name="parentNetwork" refid="_18_5_1_412017e_1513189146779_560277_36027"/><qualifiedName humanName="Qualified Name">CommodityFlowNetwork::Network::parentNetwork::</qualifiedName><text humanName="Text" mode="standard">1</text><TO_DO humanName="To Do"/><TYPE_MODIFIER humanName="Type Modifier"/><value humanName="Value" mode="s,e">1</value><visibility humanName="Visibility">public</visibility></literalunlimitednatural></magicdraw>