<?xml version="1.0" encoding="UTF-8"?><magicdraw><instancespecification classType="InstanceSpecification" humanType="Instance Specification" icon="CommodityFlowNetwork_files/icon_instancespecification_13643661.svg" id="_18_5_1_412017e_1552326004778_254310_60600"><classifier humanName="Classifier" mode="s,e"><stereotype classType="Stereotype" humanType="Stereotype" icon="CommodityFlowNetwork_files/icon_stereotype_1806116155.svg" name="ReferenceProperty" refid="_15_0_be00301_1199378032543_992832_3096"/></classifier><documentation humanName="Documentation"/><name humanName="Name" mode="s,e"/><owner classType="Property" humanName="Owner" humanType="Reference Property" icon="CommodityFlowNetwork_files/icon_referenceproperty_88293896.svg" mode="s,e" name="produces" refid="_18_5_1_412017e_1552326004774_512809_60599"/><qualifiedName humanName="Qualified Name" mode="e">CommodityFlowNetwork::FlowNetwork::produces::</qualifiedName><stereotypedElement classType="Property" humanName="Stereotyped Element" humanType="Reference Property" icon="CommodityFlowNetwork_files/icon_referenceproperty_88293896.svg" name="produces" refid="_18_5_1_412017e_1552326004774_512809_60599"/><TO_DO humanName="To Do" mode="s,e"/><visibility humanName="Visibility">public</visibility></instancespecification></magicdraw>