<?xml version="1.0" encoding="UTF-8"?><magicdraw><literalunlimitednatural classType="LiteralUnlimitedNatural" humanType="Literal Unlimited Natural" icon="CommodityFlowNetwork_files/icon_literalunlimitednatural_1323015338.svg" id="_18_5_1_412017e_1516804367398_519024_35131"><documentation humanName="Documentation"/><name humanName="Name"/><owner classType="Property" humanName="Owner" humanType="Flow Property" icon="CommodityFlowNetwork_files/icon_flowproperty_1354909344.svg" mode="e" name="outputs" refid="_18_5_1_412017e_1516804357021_942548_35124"/><owningUpper classType="Property" humanName="Owning Upper" humanType="Flow Property" icon="CommodityFlowNetwork_files/icon_flowproperty_1354909344.svg" name="outputs" refid="_18_5_1_412017e_1516804357021_942548_35124"/><qualifiedName humanName="Qualified Name">CommodityFlowNetwork::FlowNetwork::outputs::</qualifiedName><text humanName="Text" mode="standard">*</text><TO_DO humanName="To Do"/><TYPE_MODIFIER humanName="Type Modifier"/><value humanName="Value" mode="s,e">-1</value><visibility humanName="Visibility">public</visibility></literalunlimitednatural></magicdraw>