<?xml version="1.0" encoding="UTF-8"?><magicdraw><diagram classType="Diagram" diagramType="SysML Block Definition Diagram" height="833" humanType="Diagram" icon="CommodityFlowNetwork_files/icon_SysML Block Definition Diagram_1250245968.svg" id="_18_4_1_412017e_1480430006088_181173_22517" src="CommodityFlowNetwork_files/_18_4_1_412017e_1480430006088_181173_22517.svg" width="1053"><APPLIED_STEREOTYPES humanName="Applied Stereotype" mode="s,e"><stereotype classType="Stereotype" humanType="Stereotype" icon="CommodityFlowNetwork_files/icon_stereotype_918307166.svg" name="DiagramInfo" refid="_9_0_be00301_1108044380615_150487_0"/></APPLIED_STEREOTYPES><appliedStereotype humanName="Applied Stereotype" mode="s,e"><stereotype classType="Stereotype" humanType="Stereotype" icon="CommodityFlowNetwork_files/icon_stereotype_918307166.svg" name="DiagramInfo" refid="_9_0_be00301_1108044380615_150487_0"><property classType="Property" humanName="Author" humanType="Property" icon="CommodityFlowNetwork_files/icon_property_1022812452.svg" name="Author" refid="_be00301_1077726770128_871366_1"><String>tas5</String></property><property classType="Property" humanName="Base_ Diagram" humanType="Property" icon="CommodityFlowNetwork_files/icon_property_1022812452.svg" name="base_Diagram" refid="_10_0EAPbeta_be00301_1123081772498_901864_356"/><property classType="Property" humanName="Base_ Element" humanType="Property" icon="CommodityFlowNetwork_files/icon_property_1022812452.svg" name="base_Element" refid="_10_0EAPbeta_be00301_1123081772098_411862_275"/><property classType="Property" humanName="Creation Date" humanType="Property" icon="CommodityFlowNetwork_files/icon_property_1022812452.svg" name="Creation date" refid="_be00301_1073306188629_537791_2"><String>11/29/16 9:33 AM</String></property><property classType="Property" humanName="Last modified by" humanType="Property" icon="CommodityFlowNetwork_files/icon_property_1022812452.svg" name="Last modified by" refid="_16_8beta_8ca0285_1257244649124_794756_344"><String>tas5</String></property><property classType="Property" humanName="Modification Date" humanType="Property" icon="CommodityFlowNetwork_files/icon_property_1022812452.svg" name="Modification date" refid="_be00301_1073394345322_922552_1"><String>10/22/19 9:04 AM</String></property></stereotype></appliedStereotype><appliedStereotypeInstance classType="InstanceSpecification" humanName="Applied Stereotype Instance" humanType="Instance Specification" icon="CommodityFlowNetwork_files/icon_instancespecification_13643661.svg" name=" : UML Standard Profile::MagicDraw Profile::DiagramInfo" refid="_18_4_1_412017e_1480430006108_144004_22538"/><documentation humanName="Documentation"/><map><area isNotContentShape="false" name="Part Property node" refid="_18_5_1_412017e_1513189146779_978407_36026" shape="rect" type="0"><point x="216" y="133"/><point x="228" y="133"/><point x="228" y="144"/><point x="216" y="144"/></area><area isNotContentShape="false" name="Adjunct Property edge" refid="_18_5_1_412017e_1513190219530_869897_37060" shape="rect" type="0"><point x="913" y="64"/><point x="924" y="64"/><point x="924" y="75"/><point x="913" y="75"/></area><area isNotContentShape="false" name="Part Property flowEdge" refid="_18_5_1_412017e_1513191078480_901416_37791" shape="rect" type="0"><point x="806" y="740"/><point x="818" y="740"/><point x="818" y="751"/><point x="806" y="751"/></area><area isNotContentShape="false" name="Part Property flowNode" refid="_18_5_1_412017e_1513192538972_225456_37849" shape="rect" type="0"><point x="112" y="564"/><point x="124" y="564"/><point x="124" y="576"/><point x="112" y="576"/></area><area isNotContentShape="false" name="Reference Property parentNetwork" refid="_18_5_1_412017e_1513189146779_560277_36027" shape="rect" type="0"><point x="274" y="182"/><point x="285" y="182"/><point x="285" y="194"/><point x="274" y="194"/></area><area isNotContentShape="false" name="Property parentNetwork" refid="_18_5_1_412017e_1513190219530_486496_37061" shape="rect" type="0"><point x="488" y="64"/><point x="500" y="64"/><point x="500" y="75"/><point x="488" y="75"/></area><area isNotContentShape="false" name="Property parentFlowNetwork" refid="_18_5_1_412017e_1513191078481_355001_37792" shape="rect" type="0"><point x="591" y="525"/><point x="603" y="525"/><point x="603" y="537"/><point x="591" y="537"/></area><area isNotContentShape="false" name="Reference Property parentFlowNetwork" refid="_18_5_1_412017e_1513192538972_931633_37850" shape="rect" type="0"><point x="222" y="642"/><point x="234" y="642"/><point x="234" y="653"/><point x="222" y="653"/></area><area isNotContentShape="false" name="Reference Property endNetwork1" refid="_18_5_1_412017e_1513190186908_510822_36952" shape="rect" type="0"><point x="488" y="136"/><point x="500" y="136"/><point x="500" y="147"/><point x="488" y="147"/></area><area isNotContentShape="false" name="Reference Property sourceFlowNetwork" refid="_18_5_1_412017e_1513191054925_531915_37681" shape="rect" type="0"><point x="591" y="569"/><point x="603" y="569"/><point x="603" y="580"/><point x="591" y="580"/></area><area isNotContentShape="false" name="Reference Property endNetwork2" refid="_18_5_1_412017e_1513190186908_343394_36953" shape="rect" type="0"><point x="447" y="182"/><point x="458" y="182"/><point x="458" y="194"/><point x="447" y="194"/></area><area isNotContentShape="false" name="Reference Property targetFlowNetwork" refid="_18_5_1_412017e_1513191054926_725262_37682" shape="rect" type="0"><point x="460" y="642"/><point x="472" y="642"/><point x="472" y="653"/><point x="460" y="653"/></area><area isNotContentShape="false" name="Part Property node" refid="_18_5_1_412017e_1513189146779_978407_36026" shape="rect" type="0"><point x="194" y="122"/><point x="225" y="122"/><point x="225" y="136"/><point x="194" y="136"/></area><area isNotContentShape="false" name="Adjunct Property edge" refid="_18_5_1_412017e_1513190219530_869897_37060" shape="rect" type="0"><point x="887" y="50"/><point x="918" y="50"/><point x="918" y="65"/><point x="887" y="65"/></area><area isNotContentShape="false" name="Part Property flowEdge" refid="_18_5_1_412017e_1513191078480_901416_37791" shape="rect" type="0"><point x="755" y="733"/><point x="810" y="733"/><point x="810" y="748"/><point x="755" y="748"/></area><area isNotContentShape="false" name="Part Property flowNode" refid="_18_5_1_412017e_1513192538972_225456_37849" shape="rect" type="0"><point x="65" y="553"/><point x="121" y="553"/><point x="121" y="568"/><point x="65" y="568"/></area><area isNotContentShape="false" name="Reference Property endNetwork1" refid="_18_5_1_412017e_1513190186908_510822_36952" shape="rect" type="0"><point x="490" y="123"/><point x="570" y="123"/><point x="570" y="137"/><point x="490" y="137"/></area><area isNotContentShape="false" name="Reference Property endNetwork2" refid="_18_5_1_412017e_1513190186908_343394_36953" shape="rect" type="0"><point x="371" y="185"/><point x="450" y="185"/><point x="450" y="200"/><point x="371" y="200"/></area><area isNotContentShape="false" name="Reference Property parentNetwork" refid="_18_5_1_412017e_1513189146779_560277_36027" shape="rect" type="0"><point x="188" y="198"/><point x="277" y="198"/><point x="277" y="212"/><point x="188" y="212"/></area><area isNotContentShape="false" name="Property parentNetwork" refid="_18_5_1_412017e_1513190219530_486496_37061" shape="rect" type="0"><point x="504" y="53"/><point x="592" y="53"/><point x="592" y="67"/><point x="504" y="67"/></area><area isNotContentShape="false" name="Reference Property targetFlowNetwork" refid="_18_5_1_412017e_1513191054926_725262_37682" shape="rect" type="0"><point x="352" y="645"/><point x="464" y="645"/><point x="464" y="659"/><point x="352" y="659"/></area><area isNotContentShape="false" name="Property parentFlowNetwork" refid="_18_5_1_412017e_1513191078481_355001_37792" shape="rect" type="0"><point x="607" y="514"/><point x="721" y="514"/><point x="721" y="528"/><point x="607" y="528"/></area><area isNotContentShape="false" name="Reference Property parentFlowNetwork" refid="_18_5_1_412017e_1513192538972_931633_37850" shape="rect" type="0"><point x="111" y="657"/><point x="226" y="657"/><point x="226" y="672"/><point x="111" y="672"/></area><area isNotContentShape="false" name="Reference Property sourceFlowNetwork" refid="_18_5_1_412017e_1513191054925_531915_37681" shape="rect" type="0"><point x="594" y="557"/><point x="710" y="557"/><point x="710" y="572"/><point x="594" y="572"/></area><area isNotContentShape="false" name="Generalization" refid="_18_5_1_412017e_1569951695918_746575_21779" shape="poly" type="0"><point x="592" y="482"/><point x="592" y="482"/><point x="590" y="484"/><point x="590" y="484"/></area><area isNotContentShape="false" name="Generalization" refid="_18_5_1_412017e_1570110001101_474327_22967" shape="poly" type="0"><point x="793" y="222"/><point x="793" y="259"/><point x="791" y="261"/><point x="791" y="225"/></area><area isNotContentShape="false" name="Block FlowNetworkLink" refid="_18_5_1_412017e_1513191054925_696549_37680" shape="poly" type="0"><point x="618" y="691"/><point x="618" y="749"/><point x="616" y="751"/><point x="616" y="693"/></area><area isNotContentShape="false" name="Generalization" refid="_18_4_1_412017e_1480430095754_117180_22761" shape="poly" type="0"><point x="358" y="181"/><point x="358" y="259"/><point x="356" y="261"/><point x="356" y="183"/></area><area isNotContentShape="false" name="Association" refid="_18_5_1_412017e_1513189146778_490437_36025" shape="poly" type="0"><point x="228" y="137"/><point x="160" y="137"/><point x="160" y="225"/><point x="280" y="225"/><point x="280" y="181"/><point x="278" y="183"/><point x="278" y="227"/><point x="158" y="227"/><point x="158" y="139"/><point x="226" y="139"/></area><area isNotContentShape="false" name="Connector flowEdge" refid="_18_5_1_412017e_1513362143618_808921_41457" shape="poly" type="0"><point x="361" y="536"/><point x="416" y="536"/><point x="416" y="608"/><point x="294" y="608"/><point x="294" y="556"/><point x="291" y="558"/><point x="291" y="610"/><point x="414" y="610"/><point x="414" y="538"/><point x="358" y="538"/></area><area isNotContentShape="false" name="Association" refid="_18_5_1_412017e_1513192538972_915919_37848" shape="poly" type="0"><point x="124" y="569"/><point x="20" y="569"/><point x="20" y="713"/><point x="229" y="713"/><point x="229" y="641"/><point x="227" y="643"/><point x="227" y="715"/><point x="18" y="715"/><point x="18" y="571"/><point x="122" y="571"/></area><area isNotContentShape="false" name="Association" refid="_18_5_1_412017e_1513191078480_865032_37790" shape="poly" type="0"><point x="813" y="749"/><point x="813" y="529"/><point x="592" y="529"/><point x="590" y="531"/><point x="811" y="531"/><point x="811" y="751"/></area><area isNotContentShape="false" name="Generalization" refid="_18_5_1_412017e_1569951121409_567866_21766" shape="poly" type="0"><point x="914" y="482"/><point x="914" y="749"/><point x="912" y="751"/><point x="912" y="484"/></area><area isNotContentShape="false" name="Block NetworkLink" refid="_18_5_1_412017e_1513190186908_384793_36951" shape="poly" type="0"><point x="544" y="218"/><point x="544" y="179"/><point x="682" y="179"/><point x="682" y="104"/><point x="924" y="104"/><point x="922" y="106"/><point x="680" y="106"/><point x="680" y="181"/><point x="542" y="181"/><point x="542" y="220"/></area><area isNotContentShape="false" name="Association" refid="_18_5_1_412017e_1513190219530_677714_37059" shape="poly" type="0"><point x="924" y="68"/><point x="489" y="68"/><point x="487" y="70"/><point x="922" y="70"/></area><area isNotContentShape="false" name="Generalization" refid="_18_5_1_412017e_1513191068793_329266_37785" shape="poly" type="0"><point x="986" y="136"/><point x="986" y="749"/><point x="984" y="751"/><point x="984" y="138"/></area><area isNotContentShape="false" name="Block NetworkLink" refid="_18_5_1_412017e_1513190186908_384793_36951" shape="poly" type="0"><point x="489" y="140"/><point x="544" y="140"/><point x="544" y="221"/><point x="453" y="221"/><point x="453" y="181"/><point x="451" y="183"/><point x="451" y="224"/><point x="542" y="224"/><point x="542" y="142"/><point x="487" y="142"/></area><area isNotContentShape="false" name="Block FlowNetworkLink" refid="_18_5_1_412017e_1513191054925_696549_37680" shape="poly" type="0"><point x="592" y="573"/><point x="647" y="573"/><point x="647" y="691"/><point x="467" y="691"/><point x="467" y="641"/><point x="465" y="643"/><point x="465" y="693"/><point x="645" y="693"/><point x="645" y="575"/><point x="590" y="575"/></area><area isNotContentShape="false" name="Connector End" refid="_18_5_1_412017e_1513362143618_688045_41459" shape="rect" type="0"><point x="359" y="531"/><point x="371" y="531"/><point x="371" y="543"/><point x="359" y="543"/></area><area isNotContentShape="false" name="Connector End" refid="_18_5_1_412017e_1513362143618_724776_41458" shape="rect" type="0"><point x="287" y="557"/><point x="299" y="557"/><point x="299" y="569"/><point x="287" y="569"/></area><area isNotContentShape="false" name="Block NetworkElement" refid="_18_5_1_412017e_1570105871470_979385_22666" shape="rect" type="0"><point x="733" y="187"/><point x="852" y="187"/><point x="852" y="225"/><point x="733" y="225"/></area><area isNotContentShape="false" name="Block NetworkLink" refid="_18_5_1_412017e_1513190186908_384793_36951" shape="rect" type="0"><point x="923" y="50"/><point x="1054" y="50"/><point x="1054" y="138"/><point x="923" y="138"/></area><area isNotContentShape="false" name="Part Property flowNode" refid="_18_5_1_412017e_1513192538972_225456_37849" shape="rect" type="0"><point x="144" y="531"/><point x="361" y="531"/><point x="361" y="558"/><point x="144" y="558"/></area><area isNotContentShape="false" name="Block Network" refid="_18_4_1_412017e_1480428292021_38215_21493" shape="rect" type="0"><point x="227" y="43"/><point x="489" y="43"/><point x="489" y="183"/><point x="227" y="183"/></area><area isNotContentShape="false" name="Reference Property flowType" refid="_18_5_1_412017e_1513193951432_903472_38009" shape="rect" type="0"><point x="613" y="309"/><point x="973" y="309"/><point x="973" y="323"/><point x="613" y="323"/></area><area isNotContentShape="false" name="Value Property flowFixedCost" refid="_18_5_1_412017e_1513193951434_150749_38014" shape="rect" type="0"><point x="613" y="342"/><point x="973" y="342"/><point x="973" y="356"/><point x="613" y="356"/></area><area isNotContentShape="false" name="Value Property grossCapacity" refid="_18_5_1_412017e_1513193951434_287661_38013" shape="rect" type="0"><point x="613" y="355"/><point x="973" y="355"/><point x="973" y="370"/><point x="613" y="370"/></area><area isNotContentShape="false" name="Value Property flowUnitCost" refid="_18_5_1_412017e_1513193951435_227961_38015" shape="rect" type="0"><point x="613" y="369"/><point x="973" y="369"/><point x="973" y="383"/><point x="613" y="383"/></area><area isNotContentShape="false" name="Value Property flowCapacity" refid="_18_5_1_412017e_1513193951434_557777_38012" shape="rect" type="0"><point x="613" y="382"/><point x="973" y="382"/><point x="973" y="397"/><point x="613" y="397"/></area><area isNotContentShape="false" name="Value Property flowAmount" refid="_18_5_1_412017e_1513193951433_205060_38011" shape="rect" type="0"><point x="613" y="396"/><point x="973" y="396"/><point x="973" y="410"/><point x="613" y="410"/></area><area isNotContentShape="false" name="Block FlowNetworkElement" refid="_18_5_1_412017e_1569950967170_559775_21717" shape="rect" type="0"><point x="610" y="260"/><point x="976" y="260"/><point x="976" y="416"/><point x="610" y="416"/></area><area isNotContentShape="false" name="Flow Property inputs" refid="_18_5_1_412017e_1516804276976_159477_35115" shape="rect" type="0"><point x="126" y="309"/><point x="589" y="309"/><point x="589" y="323"/><point x="126" y="323"/></area><area isNotContentShape="false" name="Reference Property produces" refid="_18_5_1_412017e_1552326004774_512809_60599" shape="rect" type="0"><point x="126" y="355"/><point x="589" y="355"/><point x="589" y="370"/><point x="126" y="370"/></area><area isNotContentShape="false" name="Value Property inFlowRate" refid="_18_5_1_412017e_1555504034751_641856_23849" shape="rect" type="0"><point x="126" y="442"/><point x="589" y="442"/><point x="589" y="456"/><point x="126" y="456"/></area><area isNotContentShape="false" name="Flow Property outputs" refid="_18_5_1_412017e_1516804357021_942548_35124" shape="rect" type="0"><point x="126" y="322"/><point x="589" y="322"/><point x="589" y="337"/><point x="126" y="337"/></area><area isNotContentShape="false" name="Reference Property consumes" refid="_18_5_1_412017e_1552326045705_830137_60604" shape="rect" type="0"><point x="126" y="369"/><point x="589" y="369"/><point x="589" y="383"/><point x="126" y="383"/></area><area isNotContentShape="false" name="Value Property outFlowRate" refid="_18_5_1_412017e_1555504061447_710445_23855" shape="rect" type="0"><point x="126" y="455"/><point x="589" y="455"/><point x="589" y="470"/><point x="126" y="470"/></area><area isNotContentShape="false" name="Reference Property currentlyFlowingThrough" refid="_18_5_1_412017e_1555502817608_748608_23754" shape="rect" type="0"><point x="126" y="382"/><point x="589" y="382"/><point x="589" y="397"/><point x="126" y="397"/></area><area isNotContentShape="false" name="Value Property productionRate" refid="_18_5_1_412017e_1516803804302_71094_35023" shape="rect" type="0"><point x="126" y="469"/><point x="589" y="469"/><point x="589" y="483"/><point x="126" y="483"/></area><area isNotContentShape="false" name="Reference Property productionType" refid="_18_5_1_412017e_1569952454125_964807_21841" shape="rect" type="0"><point x="126" y="396"/><point x="589" y="396"/><point x="589" y="410"/><point x="126" y="410"/></area><area isNotContentShape="false" name="Value Property consumptionRate" refid="_18_5_1_412017e_1516803841216_75498_35029" shape="rect" type="0"><point x="126" y="482"/><point x="589" y="482"/><point x="589" y="496"/><point x="126" y="496"/></area><area isNotContentShape="false" name="Reference Property consumptionType" refid="_18_5_1_412017e_1569952554947_172805_21848" shape="rect" type="0"><point x="126" y="409"/><point x="589" y="409"/><point x="589" y="423"/><point x="126" y="423"/></area><area isNotContentShape="false" name="Block FlowNetwork" refid="_18_4_1_412017e_1480430023770_307416_22716" shape="rect" type="0"><point x="123" y="260"/><point x="592" y="260"/><point x="592" y="643"/><point x="123" y="643"/></area><area isNotContentShape="false" name="Participant Property linkSource" refid="_18_5_1_412017e_1513191055050_278755_37738" shape="rect" type="0"><point x="522" y="799"/><point x="1033" y="799"/><point x="1033" y="814"/><point x="522" y="814"/></area><area isNotContentShape="false" name="Participant Property linkTarget" refid="_18_5_1_412017e_1513191055056_382993_37742" shape="rect" type="0"><point x="522" y="813"/><point x="1033" y="813"/><point x="1033" y="827"/><point x="522" y="827"/></area><area isNotContentShape="false" name="Block FlowNetworkLink" refid="_18_5_1_412017e_1513191054925_696549_37680" shape="rect" type="0"><point x="519" y="750"/><point x="1036" y="750"/><point x="1036" y="833"/><point x="519" y="833"/></area></map><name humanName="Name" mode="s,e">FlowNetwork</name><namespace classType="Model" humanName="Namespace" humanType="Model" icon="CommodityFlowNetwork_files/icon_model_498361736.svg" name="CommodityFlowNetwork" refid="_18_4_1_412017e_1480428197145_536891_21458"/><ownedElement humanName="Owned Element"><instancespecification classType="InstanceSpecification" humanType="Instance Specification" icon="CommodityFlowNetwork_files/icon_instancespecification_13643661.svg" name=" : UML Standard Profile::MagicDraw Profile::DiagramInfo" refid="_18_4_1_412017e_1480430006108_144004_22538"/></ownedElement><owner classType="Model" humanName="Owner" humanType="Model" icon="CommodityFlowNetwork_files/icon_model_498361736.svg" mode="s,e" name="CommodityFlowNetwork" refid="_18_4_1_412017e_1480428197145_536891_21458"/><ownerOfDiagram classType="Model" humanName="Owner Of Diagram" humanType="Model" icon="CommodityFlowNetwork_files/icon_model_498361736.svg" name="CommodityFlowNetwork" refid="_18_4_1_412017e_1480428197145_536891_21458"/><qualifiedName humanName="Qualified Name" mode="e">CommodityFlowNetwork::FlowNetwork</qualifiedName><TO_DO humanName="To Do" mode="s,e"/><DIAGRAM_TYPE_DERIVED_PROPERTY humanName="Type">SysML Block Definition Diagram</DIAGRAM_TYPE_DERIVED_PROPERTY><visibility humanName="Visibility">public</visibility></diagram></magicdraw>