<?xml version="1.0" encoding="UTF-8"?><magicdraw><literalinteger classType="LiteralInteger" humanType="Literal Integer" icon="CommodityFlowNetwork_files/icon_literalinteger_21600042.svg" id="_18_5_1_412017e_1535990976906_733291_75792"><documentation humanName="Documentation"/><name humanName="Name"/><owner classType="Property" humanName="Owner" humanType="Property" icon="CommodityFlowNetwork_files/icon_property_1022812452.svg" mode="e" name="sequencingKindID" refid="_18_5_1_412017e_1535990925147_916814_75789"/><owningLower classType="Property" humanName="Owning Lower" humanType="Property" icon="CommodityFlowNetwork_files/icon_property_1022812452.svg" name="sequencingKindID" refid="_18_5_1_412017e_1535990925147_916814_75789"/><qualifiedName humanName="Qualified Name">CommodityFlowNetwork::SequencingLink::sequencingKindID::</qualifiedName><text humanName="Text" mode="standard">1</text><TO_DO humanName="To Do"/><TYPE_MODIFIER humanName="Type Modifier"/><value humanName="Value" mode="s,e">1</value><visibility humanName="Visibility">public</visibility></literalinteger></magicdraw>