<?xml version="1.0" encoding="UTF-8"?><magicdraw><literalunlimitednatural classType="LiteralUnlimitedNatural" humanType="Literal Unlimited Natural" icon="CommodityFlowNetwork_files/icon_literalunlimitednatural_1323015338.svg" id="_18_5_1_412017e_1535991488108_472444_75889"><documentation humanName="Documentation"/><name humanName="Name"/><owner classType="Property" humanName="Owner" humanType="Value Property" icon="CommodityFlowNetwork_files/icon_valueproperty_961616212.svg" mode="e" name="concurrentProcessingCapacity" refid="_18_5_1_412017e_1535991327055_899862_75849"/><owningUpper classType="Property" humanName="Owning Upper" humanType="Value Property" icon="CommodityFlowNetwork_files/icon_valueproperty_961616212.svg" name="concurrentProcessingCapacity" refid="_18_5_1_412017e_1535991327055_899862_75849"/><qualifiedName humanName="Qualified Name">CommodityFlowNetwork::ProcessNetwork::concurrentProcessingCapacity::</qualifiedName><text humanName="Text" mode="standard">1</text><TO_DO humanName="To Do"/><TYPE_MODIFIER humanName="Type Modifier"/><value humanName="Value" mode="s,e">1</value><visibility humanName="Visibility">public</visibility></literalunlimitednatural></magicdraw>