<?xml version="1.0" encoding="UTF-8"?><magicdraw><instancespecification classType="InstanceSpecification" humanType="Instance Specification" icon="CommodityFlowNetwork_files/icon_instancespecification_13643661.svg" id="_18_5_1_412017e_1550599573276_891944_31611"><classifier humanName="Classifier" mode="s,e"><stereotype classType="Stereotype" humanType="Stereotype" icon="CommodityFlowNetwork_files/icon_stereotype_961616212.svg" name="ValueProperty" refid="_12_0_be00301_1164123483951_695645_2041"/></classifier><documentation humanName="Documentation"/><name humanName="Name" mode="s,e"/><owner classType="Property" humanName="Owner" humanType="Value Property" icon="CommodityFlowNetwork_files/icon_valueproperty_282517457.svg" mode="s,e" name="typeID" refid="_18_5_1_412017e_1550599573275_888863_31610"/><qualifiedName humanName="Qualified Name" mode="e">CommodityFlowNetwork::IdentifiableElement::typeID::</qualifiedName><stereotypedElement classType="Property" humanName="Stereotyped Element" humanType="Value Property" icon="CommodityFlowNetwork_files/icon_valueproperty_282517457.svg" name="typeID" refid="_18_5_1_412017e_1550599573275_888863_31610"/><TO_DO humanName="To Do" mode="s,e"/><visibility humanName="Visibility">public</visibility></instancespecification></magicdraw>