<?xml version="1.0" encoding="UTF-8"?><magicdraw><diagram classType="Diagram" diagramType="SysML Internal Block Diagram" height="185" humanType="Diagram" icon="CommodityFlowNetwork_files/icon_SysML Internal Block Diagram_883516442.svg" id="_18_5_1_412017e_1513345705460_109956_40319" src="CommodityFlowNetwork_files/_18_5_1_412017e_1513345705460_109956_40319.svg" width="1047"><APPLIED_STEREOTYPES humanName="Applied Stereotype" mode="s,e"><stereotype classType="Stereotype" humanType="Stereotype" icon="CommodityFlowNetwork_files/icon_stereotype_918307166.svg" name="DiagramInfo" refid="_9_0_be00301_1108044380615_150487_0"/></APPLIED_STEREOTYPES><appliedStereotype humanName="Applied Stereotype" mode="s,e"><stereotype classType="Stereotype" humanType="Stereotype" icon="CommodityFlowNetwork_files/icon_stereotype_918307166.svg" name="DiagramInfo" refid="_9_0_be00301_1108044380615_150487_0"><property classType="Property" humanName="Author" humanType="Property" icon="CommodityFlowNetwork_files/icon_property_1022812452.svg" name="Author" refid="_be00301_1077726770128_871366_1"><String>tas5</String></property><property classType="Property" humanName="Base_ Diagram" humanType="Property" icon="CommodityFlowNetwork_files/icon_property_1022812452.svg" name="base_Diagram" refid="_10_0EAPbeta_be00301_1123081772498_901864_356"/><property classType="Property" humanName="Base_ Element" humanType="Property" icon="CommodityFlowNetwork_files/icon_property_1022812452.svg" name="base_Element" refid="_10_0EAPbeta_be00301_1123081772098_411862_275"/><property classType="Property" humanName="Creation Date" humanType="Property" icon="CommodityFlowNetwork_files/icon_property_1022812452.svg" name="Creation date" refid="_be00301_1073306188629_537791_2"><String>12/15/17 8:48 AM</String></property><property classType="Property" humanName="Last modified by" humanType="Property" icon="CommodityFlowNetwork_files/icon_property_1022812452.svg" name="Last modified by" refid="_16_8beta_8ca0285_1257244649124_794756_344"><String>tas5</String></property><property classType="Property" humanName="Modification Date" humanType="Property" icon="CommodityFlowNetwork_files/icon_property_1022812452.svg" name="Modification date" refid="_be00301_1073394345322_922552_1"><String>10/18/19 10:06 AM</String></property></stereotype></appliedStereotype><appliedStereotypeInstance classType="InstanceSpecification" humanName="Applied Stereotype Instance" humanType="Instance Specification" icon="CommodityFlowNetwork_files/icon_instancespecification_13643661.svg" name=" : UML Standard Profile::MagicDraw Profile::DiagramInfo" refid="_18_5_1_412017e_1513345705473_432632_40330"/><context classType="Activity" humanName="Context" humanType="Activity" icon="CommodityFlowNetwork_files/icon_activity_526101253.svg" mode="s,e" name="ProcessNetwork" refid="_18_4_1_412017e_1490794010074_822948_28228"/><documentation humanName="Documentation"/><map><area isNotContentShape="false" name="Connector sequencing" refid="_18_5_1_412017e_1513345739085_910258_40417" shape="poly" type="0"><point x="794" y="133"/><point x="324" y="133"/><point x="322" y="135"/><point x="792" y="135"/></area><area isNotContentShape="false" name="Connector End" refid="_18_5_1_412017e_1513345739086_801162_40419" shape="rect" type="0"><point x="783" y="129"/><point x="794" y="129"/><point x="794" y="140"/><point x="783" y="140"/></area><area isNotContentShape="false" name="Connector End" refid="_18_5_1_412017e_1513345739086_72476_40418" shape="rect" type="0"><point x="323" y="129"/><point x="335" y="129"/><point x="335" y="140"/><point x="323" y="140"/></area><area isNotContentShape="false" name="Reference Property precedingProcess" refid="_18_5_1_412017e_1513345208932_140576_39962" shape="rect" type="0"><point x="72" y="123"/><point x="324" y="123"/><point x="324" y="166"/><point x="72" y="166"/></area><area isNotContentShape="false" name="Reference Property succeedingProcess" refid="_18_5_1_412017e_1513345208933_313648_39963" shape="rect" type="0"><point x="793" y="123"/><point x="1054" y="123"/><point x="1054" y="166"/><point x="793" y="166"/></area></map><name humanName="Name" mode="s,e">ProcessNetwork</name><namespace classType="Activity" humanName="Namespace" humanType="Activity" icon="CommodityFlowNetwork_files/icon_activity_526101253.svg" name="ProcessNetwork" refid="_18_4_1_412017e_1490794010074_822948_28228"/><ownedElement humanName="Owned Element"><instancespecification classType="InstanceSpecification" humanType="Instance Specification" icon="CommodityFlowNetwork_files/icon_instancespecification_13643661.svg" name=" : UML Standard Profile::MagicDraw Profile::DiagramInfo" refid="_18_5_1_412017e_1513345705473_432632_40330"/></ownedElement><owner classType="Activity" humanName="Owner" humanType="Activity" icon="CommodityFlowNetwork_files/icon_activity_526101253.svg" mode="s,e" name="ProcessNetwork" refid="_18_4_1_412017e_1490794010074_822948_28228"/><ownerOfDiagram classType="Activity" humanName="Owner Of Diagram" humanType="Activity" icon="CommodityFlowNetwork_files/icon_activity_526101253.svg" name="ProcessNetwork" refid="_18_4_1_412017e_1490794010074_822948_28228"/><qualifiedName humanName="Qualified Name" mode="e">CommodityFlowNetwork::ProcessNetwork::ProcessNetwork</qualifiedName><TO_DO humanName="To Do" mode="s,e"/><DIAGRAM_TYPE_DERIVED_PROPERTY humanName="Type">SysML Internal Block Diagram</DIAGRAM_TYPE_DERIVED_PROPERTY><visibility humanName="Visibility">public</visibility></diagram></magicdraw>