<?xml version="1.0" encoding="UTF-8"?><magicdraw><literalunlimitednatural classType="LiteralUnlimitedNatural" humanType="Literal Unlimited Natural" icon="CommodityFlowNetwork_files/icon_literalunlimitednatural_1323015338.svg" id="_18_5_1_412017e_1513191054930_375614_37686"><documentation humanName="Documentation"/><name humanName="Name"/><owner classType="Property" humanName="Owner" humanType="Reference Property" icon="CommodityFlowNetwork_files/icon_referenceproperty_88293896.svg" mode="e" name="targetFlowNetwork" refid="_18_5_1_412017e_1513191054926_725262_37682"/><owningUpper classType="Property" humanName="Owning Upper" humanType="Reference Property" icon="CommodityFlowNetwork_files/icon_referenceproperty_88293896.svg" name="targetFlowNetwork" refid="_18_5_1_412017e_1513191054926_725262_37682"/><qualifiedName humanName="Qualified Name">CommodityFlowNetwork::FlowNetwork::targetFlowNetwork::</qualifiedName><text humanName="Text" mode="standard">*</text><TO_DO humanName="To Do"/><TYPE_MODIFIER humanName="Type Modifier"/><value humanName="Value" mode="s,e">-1</value><visibility humanName="Visibility">public</visibility></literalunlimitednatural></magicdraw>