<?xml version="1.0" encoding="UTF-8"?><magicdraw><diagram classType="Diagram" diagramType="SysML Internal Block Diagram" height="189" humanType="Diagram" icon="CommodityFlowNetwork_files/icon_SysML Internal Block Diagram_883516442.svg" id="_18_5_1_412017e_1513264180102_435102_39251" src="CommodityFlowNetwork_files/_18_5_1_412017e_1513264180102_435102_39251.svg" width="387"><APPLIED_STEREOTYPES humanName="Applied Stereotype" mode="s,e"><stereotype classType="Stereotype" humanType="Stereotype" icon="CommodityFlowNetwork_files/icon_stereotype_918307166.svg" name="DiagramInfo" refid="_9_0_be00301_1108044380615_150487_0"/></APPLIED_STEREOTYPES><appliedStereotype humanName="Applied Stereotype" mode="s,e"><stereotype classType="Stereotype" humanType="Stereotype" icon="CommodityFlowNetwork_files/icon_stereotype_918307166.svg" name="DiagramInfo" refid="_9_0_be00301_1108044380615_150487_0"><property classType="Property" humanName="Author" humanType="Property" icon="CommodityFlowNetwork_files/icon_property_1022812452.svg" name="Author" refid="_be00301_1077726770128_871366_1"><String>tas5</String></property><property classType="Property" humanName="Base_ Diagram" humanType="Property" icon="CommodityFlowNetwork_files/icon_property_1022812452.svg" name="base_Diagram" refid="_10_0EAPbeta_be00301_1123081772498_901864_356"/><property classType="Property" humanName="Base_ Element" humanType="Property" icon="CommodityFlowNetwork_files/icon_property_1022812452.svg" name="base_Element" refid="_10_0EAPbeta_be00301_1123081772098_411862_275"/><property classType="Property" humanName="Creation Date" humanType="Property" icon="CommodityFlowNetwork_files/icon_property_1022812452.svg" name="Creation date" refid="_be00301_1073306188629_537791_2"><String>12/14/17 10:09 AM</String></property><property classType="Property" humanName="Last modified by" humanType="Property" icon="CommodityFlowNetwork_files/icon_property_1022812452.svg" name="Last modified by" refid="_16_8beta_8ca0285_1257244649124_794756_344"><String>tas5</String></property><property classType="Property" humanName="Modification Date" humanType="Property" icon="CommodityFlowNetwork_files/icon_property_1022812452.svg" name="Modification date" refid="_be00301_1073394345322_922552_1"><String>9/21/18 2:29 PM</String></property></stereotype></appliedStereotype><appliedStereotypeInstance classType="InstanceSpecification" humanName="Applied Stereotype Instance" humanType="Instance Specification" icon="CommodityFlowNetwork_files/icon_instancespecification_13643661.svg" name=" : UML Standard Profile::MagicDraw Profile::DiagramInfo" refid="_18_5_1_412017e_1513264180114_517941_39262"/><context classType="Class" humanName="Context" humanType="Block" icon="CommodityFlowNetwork_files/icon_block_1669352891.svg" mode="s,e" name="Network" refid="_18_4_1_412017e_1480428292021_38215_21493"/><documentation humanName="Documentation"/><map><area isNotContentShape="false" name="Connector edge" refid="_18_5_1_412017e_1513264357871_360474_39528" shape="poly" type="0"><point x="250" y="98"/><point x="336" y="98"/><point x="336" y="168"/><point x="195" y="168"/><point x="195" y="113"/><point x="193" y="115"/><point x="193" y="170"/><point x="334" y="170"/><point x="334" y="100"/><point x="248" y="100"/></area><area isNotContentShape="false" name="Connector End" refid="_18_5_1_412017e_1513264357871_956971_39530" shape="rect" type="0"><point x="249" y="94"/><point x="261" y="94"/><point x="261" y="105"/><point x="249" y="105"/></area><area isNotContentShape="false" name="Connector End" refid="_18_5_1_412017e_1513264357871_252433_39529" shape="rect" type="0"><point x="188" y="114"/><point x="200" y="114"/><point x="200" y="126"/><point x="188" y="126"/></area><area isNotContentShape="false" name="Part Property node" refid="_18_5_1_412017e_1513189146779_978407_36026" shape="rect" type="0"><point x="94" y="72"/><point x="250" y="72"/><point x="250" y="115"/><point x="94" y="115"/></area></map><name humanName="Name" mode="s,e">Network</name><namespace classType="Class" humanName="Namespace" humanType="Block" icon="CommodityFlowNetwork_files/icon_block_1669352891.svg" name="Network" refid="_18_4_1_412017e_1480428292021_38215_21493"/><ownedElement humanName="Owned Element"><instancespecification classType="InstanceSpecification" humanType="Instance Specification" icon="CommodityFlowNetwork_files/icon_instancespecification_13643661.svg" name=" : UML Standard Profile::MagicDraw Profile::DiagramInfo" refid="_18_5_1_412017e_1513264180114_517941_39262"/></ownedElement><owner classType="Class" humanName="Owner" humanType="Block" icon="CommodityFlowNetwork_files/icon_block_1669352891.svg" mode="s,e" name="Network" refid="_18_4_1_412017e_1480428292021_38215_21493"/><ownerOfDiagram classType="Class" humanName="Owner Of Diagram" humanType="Block" icon="CommodityFlowNetwork_files/icon_block_1669352891.svg" name="Network" refid="_18_4_1_412017e_1480428292021_38215_21493"/><qualifiedName humanName="Qualified Name" mode="e">CommodityFlowNetwork::Network::Network</qualifiedName><TO_DO humanName="To Do" mode="s,e"/><DIAGRAM_TYPE_DERIVED_PROPERTY humanName="Type">SysML Internal Block Diagram</DIAGRAM_TYPE_DERIVED_PROPERTY><visibility humanName="Visibility">public</visibility></diagram></magicdraw>