<?xml version="1.0" encoding="UTF-8"?><magicdraw><association classType="Association" humanType="Association" icon="CommodityFlowNetwork_files/icon_association_1588888959.svg" id="_18_4_1_412017e_1480449704985_415591_25971"><documentation humanName="Documentation"/><endType humanName="End Type"><activity classType="Activity" humanType="Activity" icon="CommodityFlowNetwork_files/icon_activity_526101253.svg" name="ProcessNetwork" refid="_18_4_1_412017e_1490794010074_822948_28228"/></endType><isAbstract humanName="Is Abstract">false</isAbstract><isDerived humanName="Is Derived">false</isDerived><isFinalSpecialization humanName="Is Final Specialization">false</isFinalSpecialization><isLeaf humanName="Is Leaf">false</isLeaf><member humanName="Member"><referenceproperty classType="Property" humanType="Reference Property" icon="CommodityFlowNetwork_files/icon_referenceproperty_1806116155.svg" name="parentProcessNetwork" refid="_18_4_1_412017e_1480449704985_231240_25973"/><adjunctproperty classType="Property" humanType="Adjunct Property" icon="CommodityFlowNetwork_files/icon_adjunctproperty_1016905217.svg" name="processNode" refid="_18_4_1_412017e_1480449704985_547184_25972"/></member><memberEnd humanName="Member End"><referenceproperty classType="Property" humanType="Reference Property" icon="CommodityFlowNetwork_files/icon_referenceproperty_1806116155.svg" name="parentProcessNetwork" refid="_18_4_1_412017e_1480449704985_231240_25973"/><adjunctproperty classType="Property" humanType="Adjunct Property" icon="CommodityFlowNetwork_files/icon_adjunctproperty_1016905217.svg" name="processNode" refid="_18_4_1_412017e_1480449704985_547184_25972"/></memberEnd><name humanName="Name" mode="s,e"/><namespace classType="Model" humanName="Namespace" humanType="Model" icon="CommodityFlowNetwork_files/icon_model_498361736.svg" name="CommodityFlowNetwork" refid="_18_4_1_412017e_1480428197145_536891_21458"/><owner classType="Model" humanName="Owner" humanType="Model" icon="CommodityFlowNetwork_files/icon_model_498361736.svg" mode="s,e" name="CommodityFlowNetwork" refid="_18_4_1_412017e_1480428197145_536891_21458"/><owningPackage classType="Model" humanName="Owning Package" humanType="Model" icon="CommodityFlowNetwork_files/icon_model_498361736.svg" name="CommodityFlowNetwork" refid="_18_4_1_412017e_1480428197145_536891_21458"/><package classType="Model" humanName="Package" humanType="Model" icon="CommodityFlowNetwork_files/icon_model_498361736.svg" name="CommodityFlowNetwork" refid="_18_4_1_412017e_1480428197145_536891_21458"/><qualifiedName humanName="Qualified Name" mode="e">CommodityFlowNetwork::</qualifiedName><relatedElement humanName="Related Element"><activity classType="Activity" humanType="Activity" icon="CommodityFlowNetwork_files/icon_activity_526101253.svg" name="ProcessNetwork" refid="_18_4_1_412017e_1490794010074_822948_28228"/></relatedElement><TO_DO humanName="To Do"/><visibility humanName="Visibility" mode="s,e">public</visibility><appearsIn><diagram classType="Diagram" humanType="Diagram" icon="CommodityFlowNetwork_files/icon_SysML Block Definition Diagram_1250245968.svg" name="CommodityFlowNetworkOverview" refid="_18_5_1_412017e_1563536593786_365035_22477"/><diagram classType="Diagram" humanType="Diagram" icon="CommodityFlowNetwork_files/icon_SysML Block Definition Diagram_1250245968.svg" name="ProcessNetwork" refid="_18_4_1_412017e_1480448894962_294167_25475"/></appearsIn></association></magicdraw>