<?xml version="1.0" encoding="UTF-8"?><magicdraw><literalinteger classType="LiteralInteger" humanType="Literal Integer" icon="CommodityFlowNetwork_files/icon_literalinteger_21600042.svg" id="_18_5_1_412017e_1513189182850_902510_36075"><documentation humanName="Documentation"/><name humanName="Name"/><owner classType="Property" humanName="Owner" humanType="Part Property" icon="CommodityFlowNetwork_files/icon_partproperty_1194243560.svg" mode="e" name="node" refid="_18_5_1_412017e_1513189146779_978407_36026"/><owningLower classType="Property" humanName="Owning Lower" humanType="Part Property" icon="CommodityFlowNetwork_files/icon_partproperty_1194243560.svg" name="node" refid="_18_5_1_412017e_1513189146779_978407_36026"/><qualifiedName humanName="Qualified Name">CommodityFlowNetwork::Network::node::</qualifiedName><text humanName="Text" mode="standard">0</text><TO_DO humanName="To Do"/><TYPE_MODIFIER humanName="Type Modifier"/><value humanName="Value" mode="s,e">0</value><visibility humanName="Visibility">public</visibility></literalinteger></magicdraw>