<?xml version="1.0" encoding="UTF-8"?><diagramtype hasChild="true" name="Class Diagram" refid="classdiagram"><diagram classType="Diagram" humanType="Diagram" icon="DiscreteEventLogisticsSystems_files/icon_Class Diagram_327551952.jpg" name="admissionDecisionSupport" refid="_18_0_2_f95033a_1445544124784_511252_40348"/><diagram classType="Diagram" humanType="Diagram" icon="DiscreteEventLogisticsSystems_files/icon_Class Diagram_327551952.jpg" name="assignmentDecisionSupport" refid="_18_0_2_f95033a_1446914033951_767485_27538"/><diagram classType="Diagram" humanType="Diagram" icon="DiscreteEventLogisticsSystems_files/icon_Class Diagram_327551952.jpg" name="changeStateDecisionSupport" refid="_18_0_2_f95033a_1447615503544_689025_33250"/><diagram classType="Diagram" humanType="Diagram" icon="DiscreteEventLogisticsSystems_files/icon_Class Diagram_327551952.jpg" name="changeStateDecisionSupport_example" refid="_18_5_1_412017e_1540495618829_663815_69817"/><diagram classType="Diagram" humanType="Diagram" icon="DiscreteEventLogisticsSystems_files/icon_Class Diagram_327551952.jpg" name="DecisionSupportInterfaces" refid="_18_4_1_412017e_1481219780477_666375_77213"/><diagram classType="Diagram" humanType="Diagram" icon="DiscreteEventLogisticsSystems_files/icon_Class Diagram_327551952.jpg" name="DELS_Controller" refid="_18_0_2_f95033a_1447092766158_753774_29010"/><diagram classType="Diagram" humanType="Diagram" icon="DiscreteEventLogisticsSystems_files/icon_Class Diagram_327551952.jpg" name="dynamicProcessPlanningDecisionSupport" refid="_18_0_2_f95033a_1447613690632_620659_32959"/><diagram classType="Diagram" humanType="Diagram" icon="DiscreteEventLogisticsSystems_files/icon_Class Diagram_327551952.jpg" name="RoutingDecisionSupport" refid="_18_4_1_412017e_1495029866534_838311_32469"/><diagram classType="Diagram" humanType="Diagram" icon="DiscreteEventLogisticsSystems_files/icon_Class Diagram_327551952.jpg" name="SchedulingDecisionSupport" refid="_18_0_2_f95033a_1446915969957_525378_27859"/><diagram classType="Diagram" humanType="Diagram" icon="DiscreteEventLogisticsSystems_files/icon_Class Diagram_327551952.jpg" name="sequencingDecisionSupport" refid="_18_0_2_f95033a_1445608312175_213292_21689"/></diagramtype>