<?xml version="1.0" encoding="UTF-8"?><diagrams hasChild="true" name="Diagrams" refid="diagrams"><diagramtype hasChild="true" name="Activity Diagrams" refid="activitydiagram"/><diagramtype hasChild="true" name="Class Diagrams" refid="classdiagram"/><diagramtype hasChild="true" name="State Machine Diagrams" refid="statemachinediagram"/><diagramtype hasChild="true" name="SysML Activity Diagrams" refid="sysmlactivitydiagram"/><diagramtype hasChild="true" name="SysML Block Definition Diagrams" refid="sysmlblockdefinitiondiagram"/><diagramtype hasChild="true" name="SysML Internal Block Diagrams" refid="sysmlinternalblockdiagram"/><diagramtype hasChild="true" name="SysML Package Diagrams" refid="sysmlpackagediagram"/><diagramtype hasChild="true" name="SysML State Machine Diagrams" refid="sysmlstatemachinediagram"/></diagrams>