<?xml version="1.0" encoding="UTF-8"?><diagramtype hasChild="true" name="SysML Block Definition Diagram" refid="sysmlblockdefinitiondiagram"><diagram classType="Diagram" humanType="Diagram" icon="DiscreteEventLogisticsSystems_files/icon_SysML Block Definition Diagram_2096291030.jpg" name="AdmissionActuator" refid="_18_4_1_412017e_1495646496392_189494_33296"/><diagram classType="Diagram" humanType="Diagram" icon="DiscreteEventLogisticsSystems_files/icon_SysML Block Definition Diagram_2096291030.jpg" name="ChangeStateActuator" refid="_18_4_1_412017e_1481382967165_31022_78815"/><diagram classType="Diagram" humanType="Diagram" icon="DiscreteEventLogisticsSystems_files/icon_SysML Block Definition Diagram_2096291030.jpg" name="ControlProcessTaxonomy" refid="_18_4_1_412017e_1480960771359_391012_74930"/><diagram classType="Diagram" humanType="Diagram" icon="DiscreteEventLogisticsSystems_files/icon_SysML Block Definition Diagram_2096291030.jpg" name="DELS_Interface" refid="_18_4_1_412017e_1480523563259_232012_30968"/><diagram classType="Diagram" humanType="Diagram" icon="DiscreteEventLogisticsSystems_files/icon_SysML Block Definition Diagram_2096291030.jpg" name="DELS_isa_Resource" refid="_18_5_1_412017e_1540218986012_445166_65189"/><diagram classType="Diagram" humanType="Diagram" icon="DiscreteEventLogisticsSystems_files/icon_SysML Block Definition Diagram_2096291030.jpg" name="DELS_Ontology" refid="_17_0_4_2_937029c_1470406267102_377701_30637"/><diagram classType="Diagram" humanType="Diagram" icon="DiscreteEventLogisticsSystems_files/icon_SysML Block Definition Diagram_2096291030.jpg" name="DELS_Ontology _wNotes" refid="_18_5_1_412017e_1551975358252_608994_60007"/><diagram classType="Diagram" humanType="Diagram" icon="DiscreteEventLogisticsSystems_files/icon_SysML Block Definition Diagram_2096291030.jpg" name="DELS_Ontology_extended" refid="_18_5_1_412017e_1540296652000_628704_66263"/><diagram classType="Diagram" humanType="Diagram" icon="DiscreteEventLogisticsSystems_files/icon_SysML Block Definition Diagram_2096291030.jpg" name="DELS_Process" refid="_18_5_1_412017e_1580827298224_991107_23446"/><diagram classType="Diagram" humanType="Diagram" icon="DiscreteEventLogisticsSystems_files/icon_SysML Block Definition Diagram_2096291030.jpg" name="DELS_ProcessPlan" refid="_18_4_1_412017e_1480520308391_309527_29682"/><diagram classType="Diagram" humanType="Diagram" icon="DiscreteEventLogisticsSystems_files/icon_SysML Block Definition Diagram_2096291030.jpg" name="DELS_ProcessTaxonomy" refid="_17_0_4_2_937029c_1469212883634_378212_18727"/><diagram classType="Diagram" humanType="Diagram" icon="DiscreteEventLogisticsSystems_files/icon_SysML Block Definition Diagram_2096291030.jpg" name="DELS_ProductTaxonomy" refid="_17_0_4_2_937029c_1469191589493_573667_17789"/><diagram classType="Diagram" humanType="Diagram" icon="DiscreteEventLogisticsSystems_files/icon_SysML Block Definition Diagram_2096291030.jpg" name="DELS_Relationships" refid="_18_5_1_412017e_1513692157942_112728_46281"/><diagram classType="Diagram" humanType="Diagram" icon="DiscreteEventLogisticsSystems_files/icon_SysML Block Definition Diagram_2096291030.jpg" name="DELS_ResourceTaxonomy2" refid="_18_0_2_f95033a_1444421986839_365893_20497"/><diagram classType="Diagram" humanType="Diagram" icon="DiscreteEventLogisticsSystems_files/icon_SysML Block Definition Diagram_2096291030.jpg" name="DELS_ResourceTaxonomy_ActivePassive" refid="_18_5_1_412017e_1535811155353_553522_73404"/><diagram classType="Diagram" humanType="Diagram" icon="DiscreteEventLogisticsSystems_files/icon_SysML Block Definition Diagram_2096291030.jpg" name="DELS_ResourceTaxonomy_AtomicAggregate" refid="_18_5_1_412017e_1523629531794_968009_43931"/><diagram classType="Diagram" humanType="Diagram" icon="DiscreteEventLogisticsSystems_files/icon_SysML Block Definition Diagram_2096291030.jpg" name="DELS_ResourceTaxonomy_CapacitatedDiscreteState" refid="_18_4_1_412017e_1490797096713_843266_31630"/><diagram classType="Diagram" humanType="Diagram" icon="DiscreteEventLogisticsSystems_files/icon_SysML Block Definition Diagram_2096291030.jpg" name="DELS_ResourceTaxonomy_ISA95" refid="_18_5_1_412017e_1571753576470_458446_21533"/><diagram classType="Diagram" humanType="Diagram" icon="DiscreteEventLogisticsSystems_files/icon_SysML Block Definition Diagram_2096291030.jpg" name="DELS_Task" refid="_18_5_1_412017e_1571769542972_667344_22141"/><diagram classType="Diagram" humanType="Diagram" icon="DiscreteEventLogisticsSystems_files/icon_SysML Block Definition Diagram_2096291030.jpg" name="DynamicProcessPlanningActuator" refid="_18_4_1_412017e_1497884573174_85742_30800"/><diagram classType="Diagram" humanType="Diagram" icon="DiscreteEventLogisticsSystems_files/icon_SysML Block Definition Diagram_2096291030.jpg" name="Facility" refid="_18_5_1_412017e_1580483326935_184764_21700"/><diagram classType="Diagram" humanType="Diagram" icon="DiscreteEventLogisticsSystems_files/icon_SysML Block Definition Diagram_2096291030.jpg" name="Geometry" refid="_17_0_4_2_937029c_1471893022060_530983_27387"/><diagram classType="Diagram" humanType="Diagram" icon="DiscreteEventLogisticsSystems_files/icon_SysML Block Definition Diagram_2096291030.jpg" name="LayoutSemanticsToAbstractANetwork" refid="_17_0_4_2_937029c_1471893022401_953771_27466"/><diagram classType="Diagram" humanType="Diagram" icon="DiscreteEventLogisticsSystems_files/icon_SysML Block Definition Diagram_2096291030.jpg" name="ResourceAcquireSubtypeSteps" refid="_18_5_1_412017e_1561474732290_87441_20599"/><diagram classType="Diagram" humanType="Diagram" icon="DiscreteEventLogisticsSystems_files/icon_SysML Block Definition Diagram_2096291030.jpg" name="ResourceAssignmentActuator" refid="_18_4_1_412017e_1497557790909_99787_27964"/><diagram classType="Diagram" humanType="Diagram" icon="DiscreteEventLogisticsSystems_files/icon_SysML Block Definition Diagram_2096291030.jpg" name="RoutingActuator" refid="_18_4_1_412017e_1497894974899_875827_31191"/><diagram classType="Diagram" humanType="Diagram" icon="DiscreteEventLogisticsSystems_files/icon_SysML Block Definition Diagram_2096291030.jpg" name="SchedulerActuator" refid="_18_5_1_412017e_1585663244301_545830_19951"/><diagram classType="Diagram" humanType="Diagram" icon="DiscreteEventLogisticsSystems_files/icon_SysML Block Definition Diagram_2096291030.jpg" name="SchedulingProcessBDD" refid="_18_5_1_412017e_1585661793727_899289_19673"/><diagram classType="Diagram" humanType="Diagram" icon="DiscreteEventLogisticsSystems_files/icon_SysML Block Definition Diagram_2096291030.jpg" name="SequencingActuator" refid="_18_4_1_412017e_1497882637521_209392_30582"/></diagramtype>