<?xml version="1.0" encoding="UTF-8"?><magicdraw><instancespecification classType="InstanceSpecification" humanType="Instance Specification" icon="CommodityFlowNetwork_files/icon_instancespecification_13643661.svg" id="_18_5_1_412017e_1513191055021_321322_37737"><classifier humanName="Classifier" mode="s,e"><stereotype classType="Stereotype" humanType="Stereotype" icon="CommodityFlowNetwork_files/icon_stereotype_879942551.svg" name="ReferenceProperty" refid="_15_0_be00301_1199378032543_992832_3096"/></classifier><documentation humanName="Documentation"/><name humanName="Name" mode="s,e"/><owner classType="Property" humanName="Owner" humanType="Reference Property" icon="CommodityFlowNetwork_files/icon_referenceproperty_879942551.svg" mode="s,e" name="sourceFlowNetwork" refid="_18_5_1_412017e_1513191054925_531915_37681"/><qualifiedName humanName="Qualified Name" mode="e">CommodityFlowNetwork::FlowNetwork::sourceFlowNetwork::</qualifiedName><stereotypedElement classType="Property" humanName="Stereotyped Element" humanType="Reference Property" icon="CommodityFlowNetwork_files/icon_referenceproperty_879942551.svg" name="sourceFlowNetwork" refid="_18_5_1_412017e_1513191054925_531915_37681"/><TO_DO humanName="To Do" mode="s,e"/><visibility humanName="Visibility">public</visibility></instancespecification></magicdraw>