<?xml version="1.0" encoding="UTF-8"?><magicdraw><literalunlimitednatural classType="LiteralUnlimitedNatural" humanType="Literal Unlimited Natural" icon="CommodityFlowNetwork_files/icon_literalunlimitednatural_580911462.svg" id="_18_5_1_412017e_1571407511525_577074_24993"><documentation humanName="Documentation"/><name humanName="Name"/><owner classType="Property" humanName="Owner" humanType="Value Property" icon="CommodityFlowNetwork_files/icon_valueproperty_334998663.svg" mode="e" name="expectedServiceTime" refid="_18_5_1_412017e_1571407483304_517857_24990"/><owningUpper classType="Property" humanName="Owning Upper" humanType="Value Property" icon="CommodityFlowNetwork_files/icon_valueproperty_334998663.svg" name="expectedServiceTime" refid="_18_5_1_412017e_1571407483304_517857_24990"/><qualifiedName humanName="Qualified Name">CommodityFlowNetwork::ProcessNetwork::expectedServiceTime::</qualifiedName><text humanName="Text" mode="standard">*</text><TO_DO humanName="To Do"/><TYPE_MODIFIER humanName="Type Modifier"/><value humanName="Value" mode="s,e">-1</value><visibility humanName="Visibility">public</visibility></literalunlimitednatural></magicdraw>