<?xml version="1.0" encoding="UTF-8"?><magicdraw><literalinteger classType="LiteralInteger" humanType="Literal Integer" icon="CommodityFlowNetwork_files/icon_literalinteger_213415401.svg" id="_18_5_1_412017e_1570195109345_284404_23360"><documentation humanName="Documentation"/><name humanName="Name"/><owner classType="Property" humanName="Owner" humanType="Value Property" icon="CommodityFlowNetwork_files/icon_valueproperty_334998663.svg" mode="e" name="flowCapacity" refid="_18_5_1_412017e_1513193951434_557777_38012"/><owningLower classType="Property" humanName="Owning Lower" humanType="Value Property" icon="CommodityFlowNetwork_files/icon_valueproperty_334998663.svg" name="flowCapacity" refid="_18_5_1_412017e_1513193951434_557777_38012"/><qualifiedName humanName="Qualified Name">CommodityFlowNetwork::FlowNetworkElement::flowCapacity::</qualifiedName><text humanName="Text" mode="standard">0</text><TO_DO humanName="To Do"/><TYPE_MODIFIER humanName="Type Modifier"/><value humanName="Value" mode="s,e">0</value><visibility humanName="Visibility">public</visibility></literalinteger></magicdraw>