<?xml version="1.0" encoding="UTF-8"?><magicdraw><connectorend classType="ConnectorEnd" humanType="Connector End" icon="CommodityFlowNetwork_files/icon_connectorend_1136602645.svg" id="_18_5_1_412017e_1513362143618_688045_41459"><definingEnd classType="Property" humanName="Defining End" humanType="Reference Property" icon="CommodityFlowNetwork_files/icon_referenceproperty_1886598880.svg" mode="s,e" name="targetFlowNetwork" refid="_18_5_1_412017e_1513191054926_725262_37682"/><documentation humanName="Documentation"/><isOrdered humanName="Is Ordered">false</isOrdered><isUnique humanName="Is Unique">true</isUnique><lower humanName="Lower">1</lower><multiplicity humanName="Multiplicity" mode="s,e"/><multiplicity humanName="Multiplicity" mode="s,e"/><owner classType="Connector" humanName="Owner" humanType="Connector" icon="CommodityFlowNetwork_files/icon_connector_43368234.svg" isRelationship="true" mode="s,e" name="flowEdge" refid="_18_5_1_412017e_1513362143618_808921_41457"/><role classType="Property" humanName="Role" humanType="Part Property" icon="CommodityFlowNetwork_files/icon_partproperty_1926583019.svg" mode="s,e" name="flowNode" refid="_18_5_1_412017e_1513192538972_225456_37849"/><TO_DO humanName="To Do" mode="s,e"/><upper humanName="Upper">1</upper></connectorend></magicdraw>