<?xml version="1.0" encoding="UTF-8"?><magicdraw><enumerationliteral classType="EnumerationLiteral" humanType="Enumeration Literal" icon="CommodityFlowNetwork_files/icon_enumerationliteral_533766696.svg" id="_18_4_1_412017e_1480450245331_907239_26090"><classifier humanName="Classifier"><enumeration classType="Enumeration" humanType="Enumeration" icon="CommodityFlowNetwork_files/icon_enumeration_1832284192.svg" name="SequencingKind" refid="_18_4_1_412017e_1480450245321_780581_26089"/></classifier><documentation humanName="Documentation"/><enumeration classType="Enumeration" humanName="Enumeration" humanType="Enumeration" icon="CommodityFlowNetwork_files/icon_enumeration_1832284192.svg" name="SequencingKind" refid="_18_4_1_412017e_1480450245321_780581_26089"/><name humanName="Name" mode="s,e">SS (Start to Start)</name><namespace classType="Enumeration" humanName="Namespace" humanType="Enumeration" icon="CommodityFlowNetwork_files/icon_enumeration_1832284192.svg" name="SequencingKind" refid="_18_4_1_412017e_1480450245321_780581_26089"/><owner classType="Enumeration" humanName="Owner" humanType="Enumeration" icon="CommodityFlowNetwork_files/icon_enumeration_1832284192.svg" mode="s,e" name="SequencingKind" refid="_18_4_1_412017e_1480450245321_780581_26089"/><qualifiedName humanName="Qualified Name" mode="e">CommodityFlowNetwork::SequencingKind::SS (Start to Start)</qualifiedName><TO_DO humanName="To Do" mode="s,e"/><visibility humanName="Visibility">public</visibility><appearsIn><diagram classType="Diagram" humanType="Diagram" icon="CommodityFlowNetwork_files/icon_SysML Block Definition Diagram_1080813915.svg" name="CommodityFlowNetworkOverview" refid="_18_5_1_412017e_1563536593786_365035_22477"/><diagram classType="Diagram" humanType="Diagram" icon="CommodityFlowNetwork_files/icon_SysML Block Definition Diagram_1080813915.svg" name="ProcessNetwork" refid="_18_4_1_412017e_1480448894962_294167_25475"/></appearsIn></enumerationliteral></magicdraw>