<?xml version="1.0" encoding="UTF-8"?><magicdraw><enumeration classType="Enumeration" humanType="Enumeration" icon="CommodityFlowNetwork_files/icon_enumeration_541248718.svg" id="_18_4_1_412017e_1480450245321_780581_26089"><documentation humanName="Documentation"/><isAbstract humanName="Is Abstract" mode="e">false</isAbstract><isFinalSpecialization humanName="Is Final Specialization" mode="e">false</isFinalSpecialization><isLeaf humanName="Is Leaf" mode="e">false</isLeaf><member humanName="Member"><enumerationliteral classType="EnumerationLiteral" humanType="Enumeration Literal" icon="CommodityFlowNetwork_files/icon_enumerationliteral_474733491.svg" name="FF (Finish to Finish)" refid="_18_4_1_412017e_1480450245331_199042_26093"/><enumerationliteral classType="EnumerationLiteral" humanType="Enumeration Literal" icon="CommodityFlowNetwork_files/icon_enumerationliteral_474733491.svg" name="FS (Finish to Start)" refid="_18_4_1_412017e_1480450245331_145611_26092"/><enumerationliteral classType="EnumerationLiteral" humanType="Enumeration Literal" icon="CommodityFlowNetwork_files/icon_enumerationliteral_474733491.svg" name="SF (Start to Finish)" refid="_18_4_1_412017e_1480450245331_679752_26091"/><enumerationliteral classType="EnumerationLiteral" humanType="Enumeration Literal" icon="CommodityFlowNetwork_files/icon_enumerationliteral_474733491.svg" name="SS (Start to Start)" refid="_18_4_1_412017e_1480450245331_907239_26090"/></member><name humanName="Name" mode="s,e">SequencingKind</name><namespace classType="Model" humanName="Namespace" humanType="Model" icon="CommodityFlowNetwork_files/icon_model_1095186369.svg" name="CommodityFlowNetwork" refid="_18_4_1_412017e_1480428197145_536891_21458"/><ownedElement humanName="Owned Element"><enumerationliteral classType="EnumerationLiteral" humanType="Enumeration Literal" icon="CommodityFlowNetwork_files/icon_enumerationliteral_474733491.svg" name="FF (Finish to Finish)" refid="_18_4_1_412017e_1480450245331_199042_26093"/><enumerationliteral classType="EnumerationLiteral" humanType="Enumeration Literal" icon="CommodityFlowNetwork_files/icon_enumerationliteral_474733491.svg" name="FS (Finish to Start)" refid="_18_4_1_412017e_1480450245331_145611_26092"/><enumerationliteral classType="EnumerationLiteral" humanType="Enumeration Literal" icon="CommodityFlowNetwork_files/icon_enumerationliteral_474733491.svg" name="SF (Start to Finish)" refid="_18_4_1_412017e_1480450245331_679752_26091"/><enumerationliteral classType="EnumerationLiteral" humanType="Enumeration Literal" icon="CommodityFlowNetwork_files/icon_enumerationliteral_474733491.svg" name="SS (Start to Start)" refid="_18_4_1_412017e_1480450245331_907239_26090"/></ownedElement><ownedLiteral humanName="Owned Literal"><enumerationliteral classType="EnumerationLiteral" humanType="Enumeration Literal" icon="CommodityFlowNetwork_files/icon_enumerationliteral_474733491.svg" name="FF (Finish to Finish)" refid="_18_4_1_412017e_1480450245331_199042_26093"/><enumerationliteral classType="EnumerationLiteral" humanType="Enumeration Literal" icon="CommodityFlowNetwork_files/icon_enumerationliteral_474733491.svg" name="FS (Finish to Start)" refid="_18_4_1_412017e_1480450245331_145611_26092"/><enumerationliteral classType="EnumerationLiteral" humanType="Enumeration Literal" icon="CommodityFlowNetwork_files/icon_enumerationliteral_474733491.svg" name="SF (Start to Finish)" refid="_18_4_1_412017e_1480450245331_679752_26091"/><enumerationliteral classType="EnumerationLiteral" humanType="Enumeration Literal" icon="CommodityFlowNetwork_files/icon_enumerationliteral_474733491.svg" name="SS (Start to Start)" refid="_18_4_1_412017e_1480450245331_907239_26090"/></ownedLiteral><ownedMember humanName="Owned Member"><enumerationliteral classType="EnumerationLiteral" humanType="Enumeration Literal" icon="CommodityFlowNetwork_files/icon_enumerationliteral_474733491.svg" name="FF (Finish to Finish)" refid="_18_4_1_412017e_1480450245331_199042_26093"/><enumerationliteral classType="EnumerationLiteral" humanType="Enumeration Literal" icon="CommodityFlowNetwork_files/icon_enumerationliteral_474733491.svg" name="FS (Finish to Start)" refid="_18_4_1_412017e_1480450245331_145611_26092"/><enumerationliteral classType="EnumerationLiteral" humanType="Enumeration Literal" icon="CommodityFlowNetwork_files/icon_enumerationliteral_474733491.svg" name="SF (Start to Finish)" refid="_18_4_1_412017e_1480450245331_679752_26091"/><enumerationliteral classType="EnumerationLiteral" humanType="Enumeration Literal" icon="CommodityFlowNetwork_files/icon_enumerationliteral_474733491.svg" name="SS (Start to Start)" refid="_18_4_1_412017e_1480450245331_907239_26090"/></ownedMember><owner classType="Model" humanName="Owner" humanType="Model" icon="CommodityFlowNetwork_files/icon_model_1095186369.svg" mode="s,e" name="CommodityFlowNetwork" refid="_18_4_1_412017e_1480428197145_536891_21458"/><owningPackage classType="Model" humanName="Owning Package" humanType="Model" icon="CommodityFlowNetwork_files/icon_model_1095186369.svg" name="CommodityFlowNetwork" refid="_18_4_1_412017e_1480428197145_536891_21458"/><package classType="Model" humanName="Package" humanType="Model" icon="CommodityFlowNetwork_files/icon_model_1095186369.svg" name="CommodityFlowNetwork" refid="_18_4_1_412017e_1480428197145_536891_21458"/><qualifiedName humanName="Qualified Name" mode="e">CommodityFlowNetwork::SequencingKind</qualifiedName><TO_DO humanName="To Do" mode="s,e"/><visibility humanName="Visibility" mode="s,e">public</visibility><appearsIn><diagram classType="Diagram" humanType="Diagram" icon="CommodityFlowNetwork_files/icon_SysML Block Definition Diagram_2096291030.svg" name="CommodityFlowNetworkOverview" refid="_18_5_1_412017e_1563536593786_365035_22477"/><diagram classType="Diagram" humanType="Diagram" icon="CommodityFlowNetwork_files/icon_SysML Block Definition Diagram_2096291030.svg" name="ProcessNetwork" refid="_18_4_1_412017e_1480448894962_294167_25475"/></appearsIn></enumeration></magicdraw>