<?xml version="1.0" encoding="UTF-8"?><magicdraw><connectorend classType="ConnectorEnd" humanType="Connector End" icon="CommodityFlowNetwork_files/icon_connectorend_1136602645.svg" id="_18_5_1_412017e_1513345739086_801162_40419"><definingEnd classType="Property" humanName="Defining End" humanType="Reference Property" icon="CommodityFlowNetwork_files/icon_referenceproperty_857976599.svg" mode="s,e" name="succeedingProcess" refid="_18_5_1_412017e_1513345208933_313648_39963"/><documentation humanName="Documentation"/><isOrdered humanName="Is Ordered">false</isOrdered><isUnique humanName="Is Unique">true</isUnique><lower humanName="Lower">1</lower><multiplicity humanName="Multiplicity" mode="s,e"/><multiplicity humanName="Multiplicity" mode="s,e"/><owner classType="Connector" humanName="Owner" humanType="Connector" icon="CommodityFlowNetwork_files/icon_connector_43368234.svg" isRelationship="true" mode="s,e" name="sequencing" refid="_18_5_1_412017e_1513345739085_910258_40417"/><role classType="Property" humanName="Role" humanType="Reference Property" icon="CommodityFlowNetwork_files/icon_referenceproperty_857976599.svg" mode="s,e" name="succeedingProcess" refid="_18_5_1_412017e_1513345208933_313648_39963"/><TO_DO humanName="To Do" mode="s,e"/><upper humanName="Upper">1</upper></connectorend></magicdraw>