<?xml version="1.0" encoding="UTF-8"?><magicdraw><diagram classType="Diagram" diagramType="SysML Block Definition Diagram" height="689" humanType="Diagram" icon="CommodityFlowNetwork_files/icon_SysML Block Definition Diagram_1080813915.svg" id="_18_5_1_412017e_1513189125580_441486_35907" src="CommodityFlowNetwork_files/_18_5_1_412017e_1513189125580_441486_35907.svg" width="604"><APPLIED_STEREOTYPES humanName="Applied Stereotype" mode="s,e"><stereotype classType="Stereotype" humanType="Stereotype" icon="CommodityFlowNetwork_files/icon_stereotype_918307166.svg" name="complete" refid="_19_0_1_8ca0285_1532415865804_574455_4606"/><stereotype classType="Stereotype" humanType="Stereotype" icon="CommodityFlowNetwork_files/icon_stereotype_918307166.svg" name="DiagramInfo" refid="_9_0_be00301_1108044380615_150487_0"/></APPLIED_STEREOTYPES><appliedStereotype humanName="Applied Stereotype" mode="s,e"><stereotype classType="Stereotype" humanType="Stereotype" icon="CommodityFlowNetwork_files/icon_stereotype_918307166.svg" name="complete" refid="_19_0_1_8ca0285_1532415865804_574455_4606"><property classType="Property" humanName="Base_ Diagram" humanType="Property" icon="CommodityFlowNetwork_files/icon_property_1353393023.svg" name="base_Diagram" refid="_19_0_1_8ca0285_1532415878123_281673_4613"/></stereotype><stereotype classType="Stereotype" humanType="Stereotype" icon="CommodityFlowNetwork_files/icon_stereotype_918307166.svg" name="DiagramInfo" refid="_9_0_be00301_1108044380615_150487_0"><property classType="Property" humanName="Author" humanType="Property" icon="CommodityFlowNetwork_files/icon_property_1353393023.svg" name="Author" refid="_be00301_1077726770128_871366_1"><String>tas5</String></property><property classType="Property" humanName="Base_ Diagram" humanType="Property" icon="CommodityFlowNetwork_files/icon_property_1353393023.svg" name="base_Diagram" refid="_10_0EAPbeta_be00301_1123081772498_901864_356"/><property classType="Property" humanName="Base_ Element" humanType="Property" icon="CommodityFlowNetwork_files/icon_property_1353393023.svg" name="base_Element" refid="_10_0EAPbeta_be00301_1123081772098_411862_275"/><property classType="Property" humanName="Creation Date" humanType="Property" icon="CommodityFlowNetwork_files/icon_property_1353393023.svg" name="Creation date" refid="_be00301_1073306188629_537791_2"><String>12/13/17 1:18 PM</String></property><property classType="Property" humanName="Last modified by" humanType="Property" icon="CommodityFlowNetwork_files/icon_property_1353393023.svg" name="Last modified by" refid="_16_8beta_8ca0285_1257244649124_794756_344"><String>tas5</String></property><property classType="Property" humanName="Modification Date" humanType="Property" icon="CommodityFlowNetwork_files/icon_property_1353393023.svg" name="Modification date" refid="_be00301_1073394345322_922552_1"><String>6/16/20 1:17 PM</String></property></stereotype></appliedStereotype><appliedStereotypeInstance classType="InstanceSpecification" humanName="Applied Stereotype Instance" humanType="Instance Specification" icon="CommodityFlowNetwork_files/icon_instancespecification_13643661.svg" name=" : UML Standard Profile::MagicDraw Profile::DiagramInfo, UML Standard Profile::MagicDraw Profile::complete" refid="_18_5_1_412017e_1513189125659_917140_35918"/><documentation humanName="Documentation"/><map><area isNotContentShape="false" name="Part Property node" refid="_18_5_1_412017e_1513189146779_978407_36026" shape="rect" type="0"><point x="240" y="1520"/><point x="284" y="1520"/><point x="284" y="1564"/><point x="240" y="1564"/></area><area isNotContentShape="false" name="Adjunct Property edge" refid="_18_5_1_412017e_1513190219530_869897_37060" shape="rect" type="0"><point x="1956" y="1960"/><point x="2000" y="1960"/><point x="2000" y="2004"/><point x="1956" y="2004"/></area><area isNotContentShape="false" name="Reference Property parentNetwork" refid="_18_5_1_412017e_1513189146779_560277_36027" shape="rect" type="0"><point x="512" y="1764"/><point x="556" y="1764"/><point x="556" y="1808"/><point x="512" y="1808"/></area><area isNotContentShape="false" name="Property parentNetwork" refid="_18_5_1_412017e_1513190219530_486496_37061" shape="rect" type="0"><point x="1400" y="1172"/><point x="1444" y="1172"/><point x="1444" y="1216"/><point x="1400" y="1216"/></area><area isNotContentShape="false" name="Reference Property endNetwork1" refid="_18_5_1_412017e_1513190186908_510822_36952" shape="rect" type="0"><point x="1400" y="1536"/><point x="1444" y="1536"/><point x="1444" y="1580"/><point x="1400" y="1580"/></area><area isNotContentShape="false" name="Reference Property endNetwork2" refid="_18_5_1_412017e_1513190186908_343394_36953" shape="rect" type="0"><point x="1184" y="1764"/><point x="1228" y="1764"/><point x="1228" y="1808"/><point x="1184" y="1808"/></area><area isNotContentShape="false" name="Part Property node" refid="_18_5_1_412017e_1513189146779_978407_36026" shape="rect" type="0"><point x="152" y="1476"/><point x="272" y="1476"/><point x="272" y="1532"/><point x="152" y="1532"/></area><area isNotContentShape="false" name="Adjunct Property edge" refid="_18_5_1_412017e_1513190219530_869897_37060" shape="rect" type="0"><point x="1848" y="1936"/><point x="1968" y="1936"/><point x="1968" y="1992"/><point x="1848" y="1992"/></area><area isNotContentShape="false" name="Reference Property endNetwork1" refid="_18_5_1_412017e_1513190186908_510822_36952" shape="rect" type="0"><point x="1412" y="1492"/><point x="1720" y="1492"/><point x="1720" y="1548"/><point x="1412" y="1548"/></area><area isNotContentShape="false" name="Reference Property endNetwork2" refid="_18_5_1_412017e_1513190186908_343394_36953" shape="rect" type="0"><point x="888" y="1776"/><point x="1196" y="1776"/><point x="1196" y="1832"/><point x="888" y="1832"/></area><area isNotContentShape="false" name="Reference Property parentNetwork" refid="_18_5_1_412017e_1513189146779_560277_36027" shape="rect" type="0"><point x="180" y="1824"/><point x="524" y="1824"/><point x="524" y="1880"/><point x="180" y="1880"/></area><area isNotContentShape="false" name="Property parentNetwork" refid="_18_5_1_412017e_1513190219530_486496_37061" shape="rect" type="0"><point x="1460" y="1128"/><point x="1804" y="1128"/><point x="1804" y="1184"/><point x="1460" y="1184"/></area><area isNotContentShape="false" name="Generalization" refid="_18_5_1_412017e_1570105911189_624838_22669" shape="poly" type="0"><point x="844" y="696"/><point x="844" y="780"/><point x="836" y="788"/><point x="836" y="704"/></area><area isNotContentShape="false" name="Block NetworkLink" refid="_18_5_1_412017e_1513190186908_384793_36951" shape="poly" type="0"><point x="1628" y="1864"/><point x="1628" y="1996"/><point x="1620" y="2004"/><point x="1620" y="1872"/></area><area isNotContentShape="false" name="Association" refid="_18_5_1_412017e_1513189146778_490437_36025" shape="poly" type="0"><point x="284" y="1536"/><point x="116" y="1536"/><point x="116" y="1928"/><point x="536" y="1928"/><point x="536" y="1760"/><point x="528" y="1768"/><point x="528" y="1936"/><point x="108" y="1936"/><point x="108" y="1544"/><point x="276" y="1544"/></area><area isNotContentShape="false" name="Generalization" refid="_18_5_1_412017e_1570105891880_949315_22668" shape="poly" type="0"><point x="784" y="336"/><point x="1236" y="336"/><point x="1228" y="344"/><point x="776" y="344"/></area><area isNotContentShape="false" name="Connector edge" refid="_18_5_1_412017e_1513264357871_360474_39528" shape="poly" type="0"><point x="864" y="1384"/><point x="1196" y="1384"/><point x="1196" y="1620"/><point x="704" y="1620"/><point x="704" y="1408"/><point x="696" y="1416"/><point x="696" y="1628"/><point x="1188" y="1628"/><point x="1188" y="1392"/><point x="856" y="1392"/></area><area isNotContentShape="false" name="Association" refid="_18_5_1_412017e_1513190219530_677714_37059" shape="poly" type="0"><point x="1980" y="1996"/><point x="1980" y="1188"/><point x="1404" y="1188"/><point x="1396" y="1196"/><point x="1972" y="1196"/><point x="1972" y="2004"/></area><area isNotContentShape="false" name="Generalization" refid="_18_5_1_412017e_1570105994971_830808_22726" shape="poly" type="0"><point x="2160" y="696"/><point x="2160" y="1996"/><point x="2152" y="2004"/><point x="2152" y="704"/></area><area isNotContentShape="false" name="Block NetworkLink" refid="_18_5_1_412017e_1513190186908_384793_36951" shape="poly" type="0"><point x="1404" y="1552"/><point x="1628" y="1552"/><point x="1628" y="1872"/><point x="1208" y="1872"/><point x="1208" y="1760"/><point x="1200" y="1768"/><point x="1200" y="1880"/><point x="1620" y="1880"/><point x="1620" y="1560"/><point x="1396" y="1560"/></area><area isNotContentShape="false" name="Connector End" refid="_18_5_1_412017e_1513264357871_956971_39530" shape="rect" type="0"><point x="860" y="1368"/><point x="904" y="1368"/><point x="904" y="1412"/><point x="860" y="1412"/></area><area isNotContentShape="false" name="Connector End" refid="_18_5_1_412017e_1513264357871_252433_39529" shape="rect" type="0"><point x="680" y="1412"/><point x="724" y="1412"/><point x="724" y="1456"/><point x="680" y="1456"/></area><area isNotContentShape="false" name="Part Property node" refid="_18_5_1_412017e_1513189146779_978407_36026" shape="rect" type="0"><point x="364" y="1316"/><point x="864" y="1316"/><point x="864" y="1416"/><point x="364" y="1416"/></area><area isNotContentShape="false" name="Value Property instanceID" refid="_18_5_1_412017e_1550599541005_792237_31606" shape="rect" type="0"><point x="152" y="316"/><point x="772" y="316"/><point x="772" y="372"/><point x="152" y="372"/></area><area isNotContentShape="false" name="Value Property typeID" refid="_18_5_1_412017e_1550599573275_888863_31610" shape="rect" type="0"><point x="152" y="368"/><point x="772" y="368"/><point x="772" y="424"/><point x="152" y="424"/></area><area isNotContentShape="false" name="Value Property label" refid="_18_4_1_412017e_1480428452786_373509_22094" shape="rect" type="0"><point x="152" y="420"/><point x="772" y="420"/><point x="772" y="476"/><point x="152" y="476"/></area><area isNotContentShape="false" name="Value Property measure" refid="_18_4_1_412017e_1490186121808_887895_33128" shape="rect" type="0"><point x="152" y="472"/><point x="772" y="472"/><point x="772" y="528"/><point x="152" y="528"/></area><area isNotContentShape="false" name="Block IdentifiableElement" refid="_18_5_1_412017e_1550599419049_374663_31602" shape="rect" type="0"><point x="140" y="128"/><point x="784" y="128"/><point x="784" y="552"/><point x="140" y="552"/></area><area isNotContentShape="false" name="Value Property instanceID" refid="_18_5_1_412017e_1550599541005_792237_31606" shape="rect" type="0"><point x="1244" y="320"/><point x="1900" y="320"/><point x="1900" y="376"/><point x="1244" y="376"/></area><area isNotContentShape="false" name="Value Property typeID" refid="_18_5_1_412017e_1550599573275_888863_31610" shape="rect" type="0"><point x="1244" y="372"/><point x="1900" y="372"/><point x="1900" y="428"/><point x="1244" y="428"/></area><area isNotContentShape="false" name="Value Property label" refid="_18_4_1_412017e_1480428452786_373509_22094" shape="rect" type="0"><point x="1244" y="424"/><point x="1900" y="424"/><point x="1900" y="480"/><point x="1244" y="480"/></area><area isNotContentShape="false" name="Value Property measure" refid="_18_4_1_412017e_1490186121808_887895_33128" shape="rect" type="0"><point x="1244" y="476"/><point x="1900" y="476"/><point x="1900" y="532"/><point x="1244" y="532"/></area><area isNotContentShape="false" name="Block NetworkElement" refid="_18_5_1_412017e_1570105871470_979385_22666" shape="rect" type="0"><point x="1232" y="128"/><point x="1912" y="128"/><point x="1912" y="556"/><point x="1232" y="556"/></area><area isNotContentShape="false" name="Value Property instanceID" refid="_18_5_1_412017e_1550599541005_792237_31606" shape="rect" type="0"><point x="292" y="976"/><point x="1392" y="976"/><point x="1392" y="1032"/><point x="292" y="1032"/></area><area isNotContentShape="false" name="Value Property typeID" refid="_18_5_1_412017e_1550599573275_888863_31610" shape="rect" type="0"><point x="292" y="1028"/><point x="1392" y="1028"/><point x="1392" y="1084"/><point x="292" y="1084"/></area><area isNotContentShape="false" name="Value Property label" refid="_18_4_1_412017e_1480428452786_373509_22094" shape="rect" type="0"><point x="292" y="1080"/><point x="1392" y="1080"/><point x="1392" y="1136"/><point x="292" y="1136"/></area><area isNotContentShape="false" name="Value Property measure" refid="_18_4_1_412017e_1490186121808_887895_33128" shape="rect" type="0"><point x="292" y="1132"/><point x="1392" y="1132"/><point x="1392" y="1188"/><point x="292" y="1188"/></area><area isNotContentShape="false" name="Value Property cost" refid="_18_5_1_412017e_1533905277155_825979_70908" shape="rect" type="0"><point x="292" y="1184"/><point x="1392" y="1184"/><point x="1392" y="1240"/><point x="292" y="1240"/></area><area isNotContentShape="false" name="Block Network" refid="_18_4_1_412017e_1480428292021_38215_21493" shape="rect" type="0"><point x="280" y="784"/><point x="1404" y="784"/><point x="1404" y="1768"/><point x="280" y="1768"/></area><area isNotContentShape="false" name="Participant Property linkEnd1" refid="_18_5_1_412017e_1513190186994_240653_37009" shape="rect" type="0"><point x="1048" y="2192"/><point x="2308" y="2192"/><point x="2308" y="2248"/><point x="1048" y="2248"/></area><area isNotContentShape="false" name="Value Property instanceID" refid="_18_5_1_412017e_1550599541005_792237_31606" shape="rect" type="0"><point x="1048" y="2372"/><point x="2308" y="2372"/><point x="2308" y="2428"/><point x="1048" y="2428"/></area><area isNotContentShape="false" name="Participant Property linkEnd2" refid="_18_5_1_412017e_1513190186999_654848_37013" shape="rect" type="0"><point x="1048" y="2244"/><point x="2308" y="2244"/><point x="2308" y="2300"/><point x="1048" y="2300"/></area><area isNotContentShape="false" name="Value Property typeID" refid="_18_5_1_412017e_1550599573275_888863_31610" shape="rect" type="0"><point x="1048" y="2424"/><point x="2308" y="2424"/><point x="2308" y="2480"/><point x="1048" y="2480"/></area><area isNotContentShape="false" name="Value Property label" refid="_18_4_1_412017e_1480428452786_373509_22094" shape="rect" type="0"><point x="1048" y="2476"/><point x="2308" y="2476"/><point x="2308" y="2532"/><point x="1048" y="2532"/></area><area isNotContentShape="false" name="Value Property measure" refid="_18_4_1_412017e_1490186121808_887895_33128" shape="rect" type="0"><point x="1048" y="2528"/><point x="2308" y="2528"/><point x="2308" y="2584"/><point x="1048" y="2584"/></area><area isNotContentShape="false" name="Value Property weight" refid="_18_4_1_412017e_1480428506088_723337_22098" shape="rect" type="0"><point x="1048" y="2580"/><point x="2308" y="2580"/><point x="2308" y="2636"/><point x="1048" y="2636"/></area><area isNotContentShape="false" name="Block NetworkLink" refid="_18_5_1_412017e_1513190186908_384793_36951" shape="rect" type="0"><point x="1036" y="2000"/><point x="2320" y="2000"/><point x="2320" y="2660"/><point x="1036" y="2660"/></area></map><name humanName="Name" mode="s,e">BasicNetwork</name><namespace classType="Model" humanName="Namespace" humanType="Model" icon="CommodityFlowNetwork_files/icon_model_62531940.svg" name="CommodityFlowNetwork" refid="_18_4_1_412017e_1480428197145_536891_21458"/><ownedElement humanName="Owned Element"><instancespecification classType="InstanceSpecification" humanType="Instance Specification" icon="CommodityFlowNetwork_files/icon_instancespecification_13643661.svg" name=" : UML Standard Profile::MagicDraw Profile::DiagramInfo, UML Standard Profile::MagicDraw Profile::complete" refid="_18_5_1_412017e_1513189125659_917140_35918"/></ownedElement><owner classType="Model" humanName="Owner" humanType="Model" icon="CommodityFlowNetwork_files/icon_model_62531940.svg" mode="s,e" name="CommodityFlowNetwork" refid="_18_4_1_412017e_1480428197145_536891_21458"/><ownerOfDiagram classType="Model" humanName="Owner Of Diagram" humanType="Model" icon="CommodityFlowNetwork_files/icon_model_62531940.svg" name="CommodityFlowNetwork" refid="_18_4_1_412017e_1480428197145_536891_21458"/><qualifiedName humanName="Qualified Name" mode="e">CommodityFlowNetwork::BasicNetwork</qualifiedName><TO_DO humanName="To Do" mode="s,e"/><DIAGRAM_TYPE_DERIVED_PROPERTY humanName="Type">SysML Block Definition Diagram</DIAGRAM_TYPE_DERIVED_PROPERTY><visibility humanName="Visibility">public</visibility></diagram></magicdraw>