<?xml version="1.0" encoding="UTF-8"?><magicdraw><referenceproperty classType="Property" humanType="Reference Property" icon="CommodityFlowNetwork_files/icon_referenceproperty_1886598880.svg" id="_18_5_1_412017e_1555502817608_748608_23754"><aggregation humanName="Aggregation" mode="s,e">none</aggregation><APPLIED_STEREOTYPES humanName="Applied Stereotype" mode="s,e"><stereotype classType="Stereotype" humanType="Stereotype" icon="CommodityFlowNetwork_files/icon_stereotype_1886598880.svg" name="ReferenceProperty" refid="_15_0_be00301_1199378032543_992832_3096"/></APPLIED_STEREOTYPES><appliedStereotype humanName="Applied Stereotype" mode="s,e"><stereotype classType="Stereotype" humanType="Stereotype" icon="CommodityFlowNetwork_files/icon_stereotype_1886598880.svg" name="ReferenceProperty" refid="_15_0_be00301_1199378032543_992832_3096"><property classType="Property" humanName="Base_ Element" humanType="Property" icon="CommodityFlowNetwork_files/icon_property_1683334053.svg" name="base_Element" refid="_10_0EAPbeta_be00301_1123081772098_411862_275"/><property classType="Property" humanName="Base_ Property" humanType="Property" icon="CommodityFlowNetwork_files/icon_property_1683334053.svg" name="base_Property" refid="_11_5EAPbeta_be00301_1147424449672_715796_1055"/><property classType="Property" humanName="Base_ Property" humanType="Property" icon="CommodityFlowNetwork_files/icon_property_1683334053.svg" name="base_Property" refid="_15_0_be00301_1199378034525_138530_3099"/><property classType="Property" humanName="Base_ Property" humanType="Property" icon="CommodityFlowNetwork_files/icon_property_1683334053.svg" name="base_Property" refid="_15_0_be00301_1199377823726_427483_2897"/></stereotype></appliedStereotype><appliedStereotypeInstance classType="InstanceSpecification" humanName="Applied Stereotype Instance" humanType="Instance Specification" icon="CommodityFlowNetwork_files/icon_instancespecification_777113684.svg" name=" : MD Customization for SysML::additional_stereotypes::ReferenceProperty" refid="_18_5_1_412017e_1555502817611_526114_23755"/><association classType="Association" humanName="Association" humanType="Association" icon="CommodityFlowNetwork_files/icon_association_295714741.svg" isRelationship="true" name="Association[currentlyFlowingThrough:CommodityFlowNetwork::Commodity - flowingIn:CommodityFlowNetwork::FlowNetwork]" refid="_18_5_1_412017e_1563369926860_326110_21497"/><UMLClass classType="Class" humanName="Class" humanType="Block" icon="CommodityFlowNetwork_files/icon_block_1211948370.svg" name="FlowNetwork" refid="_18_4_1_412017e_1480430023770_307416_22716"/><classifier classType="Class" humanName="Classifier" humanType="Block" icon="CommodityFlowNetwork_files/icon_block_1211948370.svg" name="FlowNetwork" refid="_18_4_1_412017e_1480430023770_307416_22716"/><documentation humanName="Documentation"/><featuringClassifier classType="Class" humanName="Featuring Classifier" humanType="Block" icon="CommodityFlowNetwork_files/icon_block_1211948370.svg" name="FlowNetwork" refid="_18_4_1_412017e_1480430023770_307416_22716"/><isComposite humanName="Is Composite">false</isComposite><isDerived humanName="Is Derived" mode="s,e">false</isDerived><isDerivedUnion humanName="Is Derived Union" mode="e">false</isDerivedUnion><isID humanName="Is ID" mode="e">false</isID><isLeaf humanName="Is Leaf">false</isLeaf><isOrdered humanName="Is Ordered" mode="e">false</isOrdered><isReadOnly humanName="Is Read Only" mode="s,e">false</isReadOnly><isStatic humanName="Is Static" mode="s,e">false</isStatic><isUnique humanName="Is Unique" mode="e">true</isUnique><lower humanName="Lower">0</lower><lowerValue classType="LiteralInteger" humanName="Lower Value" humanType="Literal Integer" icon="CommodityFlowNetwork_files/icon_literalinteger_795693038.svg" name="0" refid="_18_5_1_412017e_1555502836808_782046_23757" text="0"/><multiplicity humanName="Multiplicity" mode="s,e">0..*</multiplicity><multiplicity humanName="Multiplicity" mode="s,e">0..*</multiplicity><name humanName="Name" mode="s,e">currentlyFlowingThrough</name><namespace classType="Class" humanName="Namespace" humanType="Block" icon="CommodityFlowNetwork_files/icon_block_1211948370.svg" name="FlowNetwork" refid="_18_4_1_412017e_1480430023770_307416_22716"/><navigable humanName="Navigable">true</navigable><opposite classType="Property" humanName="Opposite" humanType="Reference Property" icon="CommodityFlowNetwork_files/icon_referenceproperty_1886598880.svg" name="flowingIn" refid="_18_5_1_412017e_1563369926860_988225_21498"/><ownedBy classType="Class" humanName="Owned By" humanType="Block" icon="CommodityFlowNetwork_files/icon_block_1211948370.svg" name="FlowNetwork" refid="_18_4_1_412017e_1480430023770_307416_22716"/><ownedElement humanName="Owned Element"><instancespecification classType="InstanceSpecification" humanType="Instance Specification" icon="CommodityFlowNetwork_files/icon_instancespecification_777113684.svg" name=" : MD Customization for SysML::additional_stereotypes::ReferenceProperty" refid="_18_5_1_412017e_1555502817611_526114_23755"/><literalunlimitednatural classType="LiteralUnlimitedNatural" humanType="Literal Unlimited Natural" icon="CommodityFlowNetwork_files/icon_literalunlimitednatural_43931884.svg" name="*" refid="_18_5_1_412017e_1555502836809_30390_23758" text="*"/><literalinteger classType="LiteralInteger" humanType="Literal Integer" icon="CommodityFlowNetwork_files/icon_literalinteger_795693038.svg" name="0" refid="_18_5_1_412017e_1555502836808_782046_23757" text="0"/></ownedElement><owner classType="Class" humanName="Owner" humanType="Block" icon="CommodityFlowNetwork_files/icon_block_1211948370.svg" name="FlowNetwork" refid="_18_4_1_412017e_1480430023770_307416_22716"/><qualifiedName humanName="Qualified Name" mode="e">CommodityFlowNetwork::FlowNetwork::currentlyFlowingThrough</qualifiedName><redefinitionContext humanName="Redefinition Context"><block classType="Class" humanType="Block" icon="CommodityFlowNetwork_files/icon_block_1211948370.svg" name="FlowNetwork" refid="_18_4_1_412017e_1480430023770_307416_22716"/></redefinitionContext><TO_DO humanName="To Do" mode="s,e"/><type classType="Class" humanName="Type" humanType="Block" icon="CommodityFlowNetwork_files/icon_block_1211948370.svg" mode="s,e" name="Commodity" refid="_18_4_1_412017e_1480431603356_207384_23063"/><TYPE_MODIFIER humanName="Type Modifier" mode="e"/><upper humanName="Upper">-1</upper><upperValue classType="LiteralUnlimitedNatural" humanName="Upper Value" humanType="Literal Unlimited Natural" icon="CommodityFlowNetwork_files/icon_literalunlimitednatural_43931884.svg" name="*" refid="_18_5_1_412017e_1555502836809_30390_23758" text="*"/></referenceproperty></magicdraw>