<?xml version="1.0" encoding="UTF-8"?><magicdraw><literalunlimitednatural classType="LiteralUnlimitedNatural" humanType="Literal Unlimited Natural" icon="CommodityFlowNetwork_files/icon_literalunlimitednatural_43931884.svg" id="_18_5_1_412017e_1528288062363_688551_41980"><documentation humanName="Documentation"/><name humanName="Name"/><owner classType="Parameter" humanName="Owner" humanType="Parameter" icon="CommodityFlowNetwork_files/icon_parameter_1196200241.svg" mode="e" name="outputs" refid="_18_5_1_412017e_1528288050814_221578_41975"/><owningUpper classType="Parameter" humanName="Owning Upper" humanType="Parameter" icon="CommodityFlowNetwork_files/icon_parameter_1196200241.svg" name="outputs" refid="_18_5_1_412017e_1528288050814_221578_41975"/><qualifiedName humanName="Qualified Name">CommodityFlowNetwork::ProcessNetwork::outputs::</qualifiedName><text humanName="Text" mode="standard">*</text><TO_DO humanName="To Do"/><TYPE_MODIFIER humanName="Type Modifier"/><value humanName="Value" mode="s,e">-1</value><visibility humanName="Visibility">public</visibility></literalunlimitednatural></magicdraw>