<?xml version="1.0" encoding="UTF-8"?><magicdraw><literalinteger classType="LiteralInteger" humanType="Literal Integer" icon="CommodityFlowNetwork_files/icon_literalinteger_213415401.svg" id="_18_5_1_412017e_1513345208936_214414_39964"><documentation humanName="Documentation"/><name humanName="Name"/><owner classType="Property" humanName="Owner" humanType="Reference Property" icon="CommodityFlowNetwork_files/icon_referenceproperty_879942551.svg" mode="e" name="precedingProcess" refid="_18_5_1_412017e_1513345208932_140576_39962"/><owningLower classType="Property" humanName="Owning Lower" humanType="Reference Property" icon="CommodityFlowNetwork_files/icon_referenceproperty_879942551.svg" name="precedingProcess" refid="_18_5_1_412017e_1513345208932_140576_39962"/><qualifiedName humanName="Qualified Name">CommodityFlowNetwork::ProcessNetwork::precedingProcess::</qualifiedName><text humanName="Text" mode="standard">0</text><TO_DO humanName="To Do"/><TYPE_MODIFIER humanName="Type Modifier"/><value humanName="Value" mode="s,e">0</value><visibility humanName="Visibility">public</visibility></literalinteger></magicdraw>