<?xml version="1.0" encoding="UTF-8"?><magicdraw><literalunlimitednatural classType="LiteralUnlimitedNatural" humanType="Literal Unlimited Natural" icon="CommodityFlowNetwork_files/icon_literalunlimitednatural_43931884.svg" id="_18_5_1_412017e_1535988950519_815635_75772"><documentation humanName="Documentation"/><name humanName="Name"/><owner classType="Property" humanName="Owner" humanType="Participant Property" icon="CommodityFlowNetwork_files/icon_participantproperty_1170864115.svg" mode="e" name="successor" refid="_18_5_1_412017e_1513345209065_640101_40021"/><owningUpper classType="Property" humanName="Owning Upper" humanType="Participant Property" icon="CommodityFlowNetwork_files/icon_participantproperty_1170864115.svg" name="successor" refid="_18_5_1_412017e_1513345209065_640101_40021"/><qualifiedName humanName="Qualified Name">CommodityFlowNetwork::SequencingLink::successor::</qualifiedName><text humanName="Text" mode="standard">1</text><TO_DO humanName="To Do"/><TYPE_MODIFIER humanName="Type Modifier"/><value humanName="Value" mode="s,e">1</value><visibility humanName="Visibility">public</visibility></literalunlimitednatural></magicdraw>