<?xml version="1.0" encoding="UTF-8"?><magicdraw><instancespecification classType="InstanceSpecification" humanType="Instance Specification" icon="CommodityFlowNetwork_files/icon_instancespecification_777113684.svg" id="_18_4_1_412017e_1480448894984_811703_25496"><classifier humanName="Classifier" mode="s,e"><stereotype classType="Stereotype" humanType="Stereotype" icon="CommodityFlowNetwork_files/icon_stereotype_918606013.svg" name="DiagramInfo" refid="_9_0_be00301_1108044380615_150487_0"/></classifier><documentation humanName="Documentation"/><name humanName="Name" mode="s,e"/><ownedElement humanName="Owned Element"><slot classType="Slot" humanType="Slot" icon="CommodityFlowNetwork_files/icon_slot_2082309497.svg" refid="_18_5_1_412017e_1586193195240_32513_7326"/><slot classType="Slot" humanType="Slot" icon="CommodityFlowNetwork_files/icon_slot_2082309497.svg" refid="_18_5_1_412017e_1586193195240_809357_7328"/><slot classType="Slot" humanType="Slot" icon="CommodityFlowNetwork_files/icon_slot_2082309497.svg" refid="_18_5_1_412017e_1586193195240_754265_7330"/><slot classType="Slot" humanType="Slot" icon="CommodityFlowNetwork_files/icon_slot_2082309497.svg" refid="_18_5_1_412017e_1586193195240_516360_7332"/></ownedElement><owner classType="Diagram" humanName="Owner" humanType="Diagram" icon="CommodityFlowNetwork_files/icon_SysML Block Definition Diagram_2096291030.svg" mode="s,e" name="ProcessNetwork" refid="_18_4_1_412017e_1480448894962_294167_25475"/><qualifiedName humanName="Qualified Name" mode="e">CommodityFlowNetwork::ProcessNetwork::</qualifiedName><slot humanName="Slot"><slot classType="Slot" humanType="Slot" icon="CommodityFlowNetwork_files/icon_slot_2082309497.svg" refid="_18_5_1_412017e_1586193195240_32513_7326"/><slot classType="Slot" humanType="Slot" icon="CommodityFlowNetwork_files/icon_slot_2082309497.svg" refid="_18_5_1_412017e_1586193195240_809357_7328"/><slot classType="Slot" humanType="Slot" icon="CommodityFlowNetwork_files/icon_slot_2082309497.svg" refid="_18_5_1_412017e_1586193195240_754265_7330"/><slot classType="Slot" humanType="Slot" icon="CommodityFlowNetwork_files/icon_slot_2082309497.svg" refid="_18_5_1_412017e_1586193195240_516360_7332"/></slot><stereotypedElement classType="Diagram" humanName="Stereotyped Element" humanType="Diagram" icon="CommodityFlowNetwork_files/icon_SysML Block Definition Diagram_2096291030.svg" name="ProcessNetwork" refid="_18_4_1_412017e_1480448894962_294167_25475"/><TO_DO humanName="To Do" mode="s,e"/><visibility humanName="Visibility">public</visibility></instancespecification></magicdraw>