<?xml version="1.0" encoding="UTF-8"?><magicdraw><diagram classType="Diagram" diagramType="SysML Block Definition Diagram" height="635" humanType="Diagram" icon="CommodityFlowNetwork_files/icon_SysML Block Definition Diagram_2096291030.svg" id="_18_4_1_412017e_1480448894962_294167_25475" src="CommodityFlowNetwork_files/_18_4_1_412017e_1480448894962_294167_25475.svg" width="1175"><APPLIED_STEREOTYPES humanName="Applied Stereotype" mode="s,e"><stereotype classType="Stereotype" humanType="Stereotype" icon="CommodityFlowNetwork_files/icon_stereotype_918606013.svg" name="DiagramInfo" refid="_9_0_be00301_1108044380615_150487_0"/></APPLIED_STEREOTYPES><appliedStereotype humanName="Applied Stereotype" mode="s,e"><stereotype classType="Stereotype" humanType="Stereotype" icon="CommodityFlowNetwork_files/icon_stereotype_918606013.svg" name="DiagramInfo" refid="_9_0_be00301_1108044380615_150487_0"><property classType="Property" humanName="Author" humanType="Property" icon="CommodityFlowNetwork_files/icon_property_1683334053.svg" name="Author" refid="_be00301_1077726770128_871366_1"><String>tas5</String></property><property classType="Property" humanName="Base_ Diagram" humanType="Property" icon="CommodityFlowNetwork_files/icon_property_1683334053.svg" name="base_Diagram" refid="_10_0EAPbeta_be00301_1123081772498_901864_356"/><property classType="Property" humanName="Base_ Element" humanType="Property" icon="CommodityFlowNetwork_files/icon_property_1683334053.svg" name="base_Element" refid="_10_0EAPbeta_be00301_1123081772098_411862_275"/><property classType="Property" humanName="Creation Date" humanType="Property" icon="CommodityFlowNetwork_files/icon_property_1683334053.svg" name="Creation date" refid="_be00301_1073306188629_537791_2"><String>11/29/16 2:48 PM</String></property><property classType="Property" humanName="Last modified by" humanType="Property" icon="CommodityFlowNetwork_files/icon_property_1683334053.svg" name="Last modified by" refid="_16_8beta_8ca0285_1257244649124_794756_344"><String>tas5</String></property><property classType="Property" humanName="Modification Date" humanType="Property" icon="CommodityFlowNetwork_files/icon_property_1683334053.svg" name="Modification date" refid="_be00301_1073394345322_922552_1"><String>3/31/20 10:04 AM</String></property></stereotype></appliedStereotype><appliedStereotypeInstance classType="InstanceSpecification" humanName="Applied Stereotype Instance" humanType="Instance Specification" icon="CommodityFlowNetwork_files/icon_instancespecification_777113684.svg" name=" : UML Standard Profile::MagicDraw Profile::DiagramInfo" refid="_18_4_1_412017e_1480448894984_811703_25496"/><documentation humanName="Documentation"/><map><area isNotContentShape="false" name="Reference Property parentProcessNetwork" refid="_18_4_1_412017e_1480449704985_231240_25973" shape="rect" type="0"><point x="1852" y="668"/><point x="1896" y="668"/><point x="1896" y="712"/><point x="1852" y="712"/></area><area isNotContentShape="false" name="Adjunct Property processNode" refid="_18_4_1_412017e_1480449704985_547184_25972" shape="rect" type="0"><point x="1852" y="988"/><point x="1896" y="988"/><point x="1896" y="1032"/><point x="1852" y="1032"/></area><area isNotContentShape="false" name="Reference Property precedingProcess" refid="_18_5_1_412017e_1513345208932_140576_39962" shape="rect" type="0"><point x="1852" y="1928"/><point x="1896" y="1928"/><point x="1896" y="1972"/><point x="1852" y="1972"/></area><area isNotContentShape="false" name="Reference Property succeedingProcess" refid="_18_5_1_412017e_1513345208933_313648_39963" shape="rect" type="0"><point x="1688" y="2296"/><point x="1732" y="2296"/><point x="1732" y="2340"/><point x="1688" y="2340"/></area><area isNotContentShape="false" name="Adjunct Property sequencing" refid="_18_5_1_412017e_1513345350822_523426_40055" shape="rect" type="0"><point x="2824" y="1416"/><point x="2868" y="1416"/><point x="2868" y="1460"/><point x="2824" y="1460"/></area><area isNotContentShape="false" name="Property parentProcessNetwork" refid="_18_5_1_412017e_1513345350823_162691_40056" shape="rect" type="0"><point x="1852" y="1228"/><point x="1896" y="1228"/><point x="1896" y="1272"/><point x="1852" y="1272"/></area><area isNotContentShape="false" name="Adjunct Property sequencing" refid="_18_5_1_412017e_1513345350822_523426_40055" shape="rect" type="0"><point x="2572" y="1392"/><point x="2836" y="1392"/><point x="2836" y="1448"/><point x="2572" y="1448"/></area><area isNotContentShape="false" name="Adjunct Property processNode" refid="_18_4_1_412017e_1480449704985_547184_25972" shape="rect" type="0"><point x="1864" y="944"/><point x="2164" y="944"/><point x="2164" y="1000"/><point x="1864" y="1000"/></area><area isNotContentShape="false" name="Reference Property precedingProcess" refid="_18_5_1_412017e_1513345208932_140576_39962" shape="rect" type="0"><point x="1876" y="1876"/><point x="2284" y="1876"/><point x="2284" y="1932"/><point x="1876" y="1932"/></area><area isNotContentShape="false" name="Reference Property succeedingProcess" refid="_18_5_1_412017e_1513345208933_313648_39963" shape="rect" type="0"><point x="1264" y="2308"/><point x="1700" y="2308"/><point x="1700" y="2364"/><point x="1264" y="2364"/></area><area isNotContentShape="false" name="Reference Property parentProcessNetwork" refid="_18_4_1_412017e_1480449704985_231240_25973" shape="rect" type="0"><point x="1912" y="624"/><point x="2432" y="624"/><point x="2432" y="680"/><point x="1912" y="680"/></area><area isNotContentShape="false" name="Property parentProcessNetwork" refid="_18_5_1_412017e_1513345350823_162691_40056" shape="rect" type="0"><point x="1912" y="1184"/><point x="2432" y="1184"/><point x="2432" y="1240"/><point x="1912" y="1240"/></area><area isNotContentShape="false" name="Generalization" refid="_18_5_1_412017e_1515523149156_245226_37730" shape="poly" type="0"><point x="956" y="332"/><point x="956" y="528"/><point x="948" y="536"/><point x="948" y="340"/></area><area isNotContentShape="false" name="Block SequencingLink" refid="_18_5_1_412017e_1513345208932_58869_39961" shape="poly" type="0"><point x="2400" y="2328"/><point x="2400" y="1664"/><point x="2440" y="1664"/><point x="2432" y="1672"/><point x="2392" y="1672"/><point x="2392" y="2336"/></area><area isNotContentShape="false" name="Association" refid="_18_4_1_412017e_1480449704985_415591_25971" shape="poly" type="0"><point x="1856" y="1004"/><point x="2540" y="1004"/><point x="2540" y="684"/><point x="1856" y="684"/><point x="1848" y="692"/><point x="2532" y="692"/><point x="2532" y="1012"/><point x="1848" y="1012"/></area><area isNotContentShape="false" name="Block SequencingLink" refid="_18_5_1_412017e_1513345208932_58869_39961" shape="poly" type="0"><point x="1856" y="1944"/><point x="2400" y="1944"/><point x="2400" y="2432"/><point x="1712" y="2432"/><point x="1712" y="2292"/><point x="1704" y="2300"/><point x="1704" y="2440"/><point x="2392" y="2440"/><point x="2392" y="1952"/><point x="1848" y="1952"/></area><area isNotContentShape="false" name="Association" refid="_18_5_1_412017e_1513345350822_879504_40054" shape="poly" type="0"><point x="2848" y="1452"/><point x="2848" y="1244"/><point x="1856" y="1244"/><point x="1848" y="1252"/><point x="2840" y="1252"/><point x="2840" y="1460"/></area><area isNotContentShape="false" name="Block FlowNetwork" refid="_18_4_1_412017e_1480430023770_307416_22716" shape="rect" type="0"><point x="728" y="196"/><point x="1096" y="196"/><point x="1096" y="340"/><point x="728" y="340"/></area><area isNotContentShape="false" name="Enumeration Literal SS (Start to Start)" refid="_18_4_1_412017e_1480450245331_907239_26090" shape="rect" type="0"><point x="3232" y="2056"/><point x="3688" y="2056"/><point x="3688" y="2112"/><point x="3232" y="2112"/></area><area isNotContentShape="false" name="Enumeration Literal FF (Finish to Finish)" refid="_18_4_1_412017e_1480450245331_199042_26093" shape="rect" type="0"><point x="3232" y="2212"/><point x="3688" y="2212"/><point x="3688" y="2268"/><point x="3232" y="2268"/></area><area isNotContentShape="false" name="Enumeration Literal FS (Finish to Start)" refid="_18_4_1_412017e_1480450245331_145611_26092" shape="rect" type="0"><point x="3232" y="2160"/><point x="3688" y="2160"/><point x="3688" y="2216"/><point x="3232" y="2216"/></area><area isNotContentShape="false" name="Enumeration Literal SF (Start to Finish)" refid="_18_4_1_412017e_1480450245331_679752_26091" shape="rect" type="0"><point x="3232" y="2108"/><point x="3688" y="2108"/><point x="3688" y="2164"/><point x="3232" y="2164"/></area><area isNotContentShape="false" name="Enumeration SequencingKind" refid="_18_4_1_412017e_1480450245321_780581_26089" shape="rect" type="0"><point x="3220" y="1904"/><point x="3700" y="1904"/><point x="3700" y="2292"/><point x="3220" y="2292"/></area><area isNotContentShape="false" name="Part Property currentlyQueued" refid="_18_5_1_412017e_1555502958330_540495_23759" shape="rect" type="0"><point x="96" y="1208"/><point x="1844" y="1208"/><point x="1844" y="1264"/><point x="96" y="1264"/></area><area isNotContentShape="false" name="Value Property averageWaitingTime" refid="_18_5_1_412017e_1535991307110_247878_75841" shape="rect" type="0"><point x="96" y="1520"/><point x="1844" y="1520"/><point x="1844" y="1576"/><point x="96" y="1576"/></area><area isNotContentShape="false" name="Part Property currentlyProcessing" refid="_18_5_1_412017e_1555503070302_972482_23773" shape="rect" type="0"><point x="96" y="1156"/><point x="1844" y="1156"/><point x="1844" y="1212"/><point x="96" y="1212"/></area><area isNotContentShape="false" name="Value Property storageCapacity" refid="_18_5_1_412017e_1535991334448_279546_75853" shape="rect" type="0"><point x="96" y="1104"/><point x="1844" y="1104"/><point x="1844" y="1160"/><point x="96" y="1160"/></area><area isNotContentShape="false" name="Value Property utilization" refid="_18_5_1_412017e_1535991278696_822334_75829" shape="rect" type="0"><point x="96" y="1364"/><point x="1844" y="1364"/><point x="1844" y="1420"/><point x="96" y="1420"/></area><area isNotContentShape="false" name="Value Property throughput" refid="_18_5_1_412017e_1535991289352_802115_75833" shape="rect" type="0"><point x="96" y="1416"/><point x="1844" y="1416"/><point x="1844" y="1472"/><point x="96" y="1472"/></area><area isNotContentShape="false" name="Value Property averageServiceTime" refid="_18_5_1_412017e_1535991295505_14006_75837" shape="rect" type="0"><point x="96" y="1468"/><point x="1844" y="1468"/><point x="1844" y="1524"/><point x="96" y="1524"/></area><area isNotContentShape="false" name="Value Property averageQueueLength" refid="_18_5_1_412017e_1535991317037_887929_75845" shape="rect" type="0"><point x="96" y="1572"/><point x="1844" y="1572"/><point x="1844" y="1628"/><point x="96" y="1628"/></area><area isNotContentShape="false" name="Flow Property inputs" refid="_18_5_1_412017e_1516804276976_159477_35115" shape="rect" type="0"><point x="96" y="856"/><point x="1844" y="856"/><point x="1844" y="912"/><point x="96" y="912"/></area><area isNotContentShape="false" name="Value Property departureRate" refid="_18_5_1_412017e_1555504204243_519625_23868" shape="rect" type="0"><point x="96" y="1312"/><point x="1844" y="1312"/><point x="1844" y="1368"/><point x="96" y="1368"/></area><area isNotContentShape="false" name="Value Property arrivalRate" refid="_18_5_1_412017e_1555504196349_471525_23860" shape="rect" type="0"><point x="96" y="1260"/><point x="1844" y="1260"/><point x="1844" y="1316"/><point x="96" y="1316"/></area><area isNotContentShape="false" name="Value Property expectedServiceTime" refid="_18_5_1_412017e_1571407483304_517857_24990" shape="rect" type="0"><point x="96" y="1000"/><point x="1844" y="1000"/><point x="1844" y="1056"/><point x="96" y="1056"/></area><area isNotContentShape="false" name="Value Property concurrentProcessingCapacity" refid="_18_5_1_412017e_1535991327055_899862_75849" shape="rect" type="0"><point x="96" y="1052"/><point x="1844" y="1052"/><point x="1844" y="1108"/><point x="96" y="1108"/></area><area isNotContentShape="false" name="Value Property averageSystemTime" refid="_18_5_1_412017e_1551969778617_81505_59654" shape="rect" type="0"><point x="96" y="1624"/><point x="1844" y="1624"/><point x="1844" y="1680"/><point x="96" y="1680"/></area><area isNotContentShape="false" name="Flow Property outputs" refid="_18_5_1_412017e_1516804357021_942548_35124" shape="rect" type="0"><point x="96" y="908"/><point x="1844" y="908"/><point x="1844" y="964"/><point x="96" y="964"/></area><area isNotContentShape="false" name="Reference Property flowType" refid="_18_5_1_412017e_1513193951432_903472_38009" shape="rect" type="0"><point x="96" y="764"/><point x="1844" y="764"/><point x="1844" y="820"/><point x="96" y="820"/></area><area isNotContentShape="false" name="Activity ProcessNetwork" refid="_18_4_1_412017e_1490794010074_822948_28228" shape="rect" type="0"><point x="84" y="532"/><point x="1856" y="532"/><point x="1856" y="2300"/><point x="84" y="2300"/></area><area isNotContentShape="false" name="Property sequencingKindID" refid="_18_5_1_412017e_1535990925147_916814_75789" shape="rect" type="0"><point x="2448" y="1752"/><point x="4592" y="1752"/><point x="4592" y="1808"/><point x="2448" y="1808"/></area><area isNotContentShape="false" name="Participant Property successor" refid="_18_5_1_412017e_1513345209065_640101_40021" shape="rect" type="0"><point x="2448" y="1700"/><point x="4592" y="1700"/><point x="4592" y="1756"/><point x="2448" y="1756"/></area><area isNotContentShape="false" name="Participant Property predecessor" refid="_18_5_1_412017e_1513345209058_707014_40017" shape="rect" type="0"><point x="2448" y="1648"/><point x="4592" y="1648"/><point x="4592" y="1704"/><point x="2448" y="1704"/></area><area isNotContentShape="false" name="Block SequencingLink" refid="_18_5_1_412017e_1513345208932_58869_39961" shape="rect" type="0"><point x="2436" y="1456"/><point x="4604" y="1456"/><point x="4604" y="1832"/><point x="2436" y="1832"/></area></map><name humanName="Name" mode="s,e">ProcessNetwork</name><namespace classType="Model" humanName="Namespace" humanType="Model" icon="CommodityFlowNetwork_files/icon_model_1095186369.svg" name="CommodityFlowNetwork" refid="_18_4_1_412017e_1480428197145_536891_21458"/><ownedElement humanName="Owned Element"><instancespecification classType="InstanceSpecification" humanType="Instance Specification" icon="CommodityFlowNetwork_files/icon_instancespecification_777113684.svg" name=" : UML Standard Profile::MagicDraw Profile::DiagramInfo" refid="_18_4_1_412017e_1480448894984_811703_25496"/></ownedElement><owner classType="Model" humanName="Owner" humanType="Model" icon="CommodityFlowNetwork_files/icon_model_1095186369.svg" mode="s,e" name="CommodityFlowNetwork" refid="_18_4_1_412017e_1480428197145_536891_21458"/><ownerOfDiagram classType="Model" humanName="Owner Of Diagram" humanType="Model" icon="CommodityFlowNetwork_files/icon_model_1095186369.svg" name="CommodityFlowNetwork" refid="_18_4_1_412017e_1480428197145_536891_21458"/><qualifiedName humanName="Qualified Name" mode="e">CommodityFlowNetwork::ProcessNetwork</qualifiedName><TO_DO humanName="To Do" mode="s,e"/><DIAGRAM_TYPE_DERIVED_PROPERTY humanName="Type">SysML Block Definition Diagram</DIAGRAM_TYPE_DERIVED_PROPERTY><visibility humanName="Visibility">public</visibility></diagram></magicdraw>