<?xml version="1.0" encoding="UTF-8"?><magicdraw><literalinteger classType="LiteralInteger" humanType="Literal Integer" icon="CommodityFlowNetwork_files/icon_literalinteger_213415401.svg" id="_18_5_1_412017e_1528289494877_230576_42159"><documentation humanName="Documentation"/><name humanName="Name"/><owner classType="Parameter" humanName="Owner" humanType="Parameter" icon="CommodityFlowNetwork_files/icon_parameter_1919576980.svg" mode="e" name="inputs" refid="_18_5_1_412017e_1526663814487_924785_39254"/><owningLower classType="Parameter" humanName="Owning Lower" humanType="Parameter" icon="CommodityFlowNetwork_files/icon_parameter_1919576980.svg" name="inputs" refid="_18_5_1_412017e_1526663814487_924785_39254"/><qualifiedName humanName="Qualified Name">CommodityFlowNetwork::ProcessNetwork::inputs::</qualifiedName><text humanName="Text" mode="standard">1</text><TO_DO humanName="To Do"/><TYPE_MODIFIER humanName="Type Modifier"/><value humanName="Value" mode="s,e">1</value><visibility humanName="Visibility">public</visibility></literalinteger></magicdraw>