<?xml version="1.0" encoding="UTF-8"?><magicdraw><instancespecification classType="InstanceSpecification" humanType="Instance Specification" icon="CommodityFlowNetwork_files/icon_instancespecification_13643661.svg" id="_18_5_1_412017e_1552399189114_845919_62580"><classifier humanName="Classifier" mode="s,e"><stereotype classType="Stereotype" humanType="Stereotype" icon="CommodityFlowNetwork_files/icon_stereotype_918307166.svg" name="complete" refid="_19_0_1_8ca0285_1532415865804_574455_4606"/><stereotype classType="Stereotype" humanType="Stereotype" icon="CommodityFlowNetwork_files/icon_stereotype_918307166.svg" name="DiagramInfo" refid="_9_0_be00301_1108044380615_150487_0"/></classifier><documentation humanName="Documentation"/><name humanName="Name" mode="s,e"/><ownedElement humanName="Owned Element"><slot classType="Slot" humanType="Slot" icon="CommodityFlowNetwork_files/icon_slot_1477912881.svg" refid="_19_0_3_412017e_1592328169248_562962_13352"/><slot classType="Slot" humanType="Slot" icon="CommodityFlowNetwork_files/icon_slot_1477912881.svg" refid="_19_0_3_412017e_1592328169248_460897_13354"/><slot classType="Slot" humanType="Slot" icon="CommodityFlowNetwork_files/icon_slot_1477912881.svg" refid="_19_0_3_412017e_1592328169248_950033_13356"/><slot classType="Slot" humanType="Slot" icon="CommodityFlowNetwork_files/icon_slot_1477912881.svg" refid="_19_0_3_412017e_1592328169248_444153_13358"/></ownedElement><owner classType="Diagram" humanName="Owner" humanType="Diagram" icon="CommodityFlowNetwork_files/icon_SysML Block Definition Diagram_1080813915.svg" mode="s,e" name="Commodity" refid="_18_5_1_412017e_1552399189104_531799_62569"/><qualifiedName humanName="Qualified Name" mode="e">CommodityFlowNetwork::Commodity::</qualifiedName><slot humanName="Slot"><slot classType="Slot" humanType="Slot" icon="CommodityFlowNetwork_files/icon_slot_1477912881.svg" refid="_19_0_3_412017e_1592328169248_562962_13352"/><slot classType="Slot" humanType="Slot" icon="CommodityFlowNetwork_files/icon_slot_1477912881.svg" refid="_19_0_3_412017e_1592328169248_460897_13354"/><slot classType="Slot" humanType="Slot" icon="CommodityFlowNetwork_files/icon_slot_1477912881.svg" refid="_19_0_3_412017e_1592328169248_950033_13356"/><slot classType="Slot" humanType="Slot" icon="CommodityFlowNetwork_files/icon_slot_1477912881.svg" refid="_19_0_3_412017e_1592328169248_444153_13358"/></slot><stereotypedElement classType="Diagram" humanName="Stereotyped Element" humanType="Diagram" icon="CommodityFlowNetwork_files/icon_SysML Block Definition Diagram_1080813915.svg" name="Commodity" refid="_18_5_1_412017e_1552399189104_531799_62569"/><TO_DO humanName="To Do" mode="s,e"/><visibility humanName="Visibility">public</visibility></instancespecification></magicdraw>