<?xml version="1.0" encoding="UTF-8"?><magicdraw><generalization classType="Generalization" humanType="Generalization" icon="CommodityFlowNetwork_files/icon_generalization_1702478809.svg" id="_18_5_1_412017e_1570104585441_604150_22535"><documentation humanName="Documentation"/><general classType="Class" humanName="General" humanType="Block" icon="CommodityFlowNetwork_files/icon_block_517352490.svg" mode="s,e" name="ReflectiveObject" refid="_18_5_1_412017e_1570104543410_767325_22533"/><isSubstitutable humanName="Is Substitutable">true</isSubstitutable><owner classType="Class" humanName="Owner" humanType="Block" icon="CommodityFlowNetwork_files/icon_block_517352490.svg" mode="s,e" name="CommodityType" refid="_18_5_1_412017e_1569952121489_428624_21797"/><relatedElement humanName="Related Element"><block classType="Class" humanType="Block" icon="CommodityFlowNetwork_files/icon_block_517352490.svg" name="CommodityType" refid="_18_5_1_412017e_1569952121489_428624_21797"/><block classType="Class" humanType="Block" icon="CommodityFlowNetwork_files/icon_block_517352490.svg" name="ReflectiveObject" refid="_18_5_1_412017e_1570104543410_767325_22533"/></relatedElement><source humanName="Source"><block classType="Class" humanType="Block" icon="CommodityFlowNetwork_files/icon_block_517352490.svg" name="CommodityType" refid="_18_5_1_412017e_1569952121489_428624_21797"/></source><specific classType="Class" humanName="Specific" humanType="Block" icon="CommodityFlowNetwork_files/icon_block_517352490.svg" mode="s,e" name="CommodityType" refid="_18_5_1_412017e_1569952121489_428624_21797"/><target humanName="Target"><block classType="Class" humanType="Block" icon="CommodityFlowNetwork_files/icon_block_517352490.svg" name="ReflectiveObject" refid="_18_5_1_412017e_1570104543410_767325_22533"/></target><TO_DO humanName="To Do" mode="s,e"/><appearsIn><diagram classType="Diagram" humanType="Diagram" icon="CommodityFlowNetwork_files/icon_SysML Block Definition Diagram_1080813915.svg" name="Commodity" refid="_18_5_1_412017e_1552399189104_531799_62569"/></appearsIn></generalization></magicdraw>