<?xml version="1.0" encoding="UTF-8"?><magicdraw><model classType="Model" humanType="Model" icon="CommodityFlowNetwork_files/icon_model_1095186369.svg" id="_18_4_1_412017e_1480428197145_536891_21458"><APPLIED_STEREOTYPES humanName="Applied Stereotype" mode="s,e"><stereotype classType="Stereotype" humanType="Stereotype" icon="CommodityFlowNetwork_files/icon_stereotype_918606013.svg" name="ModelLibrary" refid="magicdraw_1046861421236_39100_29"/></APPLIED_STEREOTYPES><appliedStereotype humanName="Applied Stereotype" mode="s,e"><stereotype classType="Stereotype" humanType="Stereotype" icon="CommodityFlowNetwork_files/icon_stereotype_918606013.svg" name="ModelLibrary" refid="magicdraw_1046861421236_39100_29"><property classType="Property" humanName="Base_ Package" humanType="Property" icon="CommodityFlowNetwork_files/icon_property_1683334053.svg" name="base_Package" refid="_10_0EAPbeta_be00301_1123081772478_490431_350"/></stereotype></appliedStereotype><appliedStereotypeInstance classType="InstanceSpecification" humanName="Applied Stereotype Instance" humanType="Instance Specification" icon="CommodityFlowNetwork_files/icon_instancespecification_777113684.svg" name=" : UML Standard Profile::StandardProfile::ModelLibrary" refid="_18_4_1_412017e_1480428956353_952529_22248"/><documentation humanName="Documentation"/><importedMember humanName="Imported Member"><valuetype classType="DataType" humanType="Value Type" icon="CommodityFlowNetwork_files/icon_valuetype_1735731273.svg" name="Boolean" refid="_16_5_1_12c903cb_1245415335546_39033_4086"/><valuetype classType="DataType" humanType="Value Type" icon="CommodityFlowNetwork_files/icon_valuetype_1735731273.svg" name="Complex" refid="_11_5EAPbeta_be00301_1147431846238_895928_1691"/><package classType="Package" humanType="Package" icon="CommodityFlowNetwork_files/icon_package_1331654213.svg" name="Deprecated" refid="_17_0_4_2_ff3038a_1384458369684_442353_5047"/><valuetype classType="DataType" humanType="Value Type" icon="CommodityFlowNetwork_files/icon_valuetype_1735731273.svg" name="Integer" refid="_16_5_1_12c903cb_1245415335546_8641_4088"/><valuetype classType="DataType" humanType="Value Type" icon="CommodityFlowNetwork_files/icon_valuetype_1735731273.svg" name="Number" refid="_16_5_1_12c903cb_1245415335546_535327_4089"/><valuetype classType="DataType" humanType="Value Type" icon="CommodityFlowNetwork_files/icon_valuetype_1735731273.svg" name="Real" refid="_11_5EAPbeta_be00301_1147431819399_50461_1671"/><valuetype classType="DataType" humanType="Value Type" icon="CommodityFlowNetwork_files/icon_valuetype_1735731273.svg" name="String" refid="_16_5_1_12c903cb_1245415335546_479030_4092"/></importedMember><member humanName="Member"><association classType="Association" humanType="Association" icon="CommodityFlowNetwork_files/icon_association_295714741.svg" isRelationship="true" name="Association[consumes:CommodityFlowNetwork::Commodity - consumedBy:CommodityFlowNetwork::FlowNetwork]" refid="_18_5_1_412017e_1563369652447_361629_21436"/><association classType="Association" humanType="Association" icon="CommodityFlowNetwork_files/icon_association_295714741.svg" isRelationship="true" name="Association[currentlyFlowingThrough:CommodityFlowNetwork::Commodity - flowingIn:CommodityFlowNetwork::FlowNetwork]" refid="_18_5_1_412017e_1563369926860_326110_21497"/><association classType="Association" humanType="Association" icon="CommodityFlowNetwork_files/icon_association_1877769341.svg" isRelationship="true" name="Association[inputs:CommodityFlowNetwork::Commodity &lt;- CommodityFlowNetwork::FlowNetwork]" refid="_18_5_1_412017e_1552399219709_520238_62697"/><association classType="Association" humanType="Association" icon="CommodityFlowNetwork_files/icon_association_1877769341.svg" isRelationship="true" name="Association[outputs:CommodityFlowNetwork::Commodity &lt;- CommodityFlowNetwork::FlowNetwork]" refid="_18_5_1_412017e_1552399222874_296484_62723"/><association classType="Association" humanType="Association" icon="CommodityFlowNetwork_files/icon_association_2135934617.svg" isRelationship="true" name="Association[parentCommodity:CommodityFlowNetwork::Commodity -&gt; component:CommodityFlowNetwork::Commodity]" refid="_18_4_1_412017e_1480431753998_649371_23126"/><association classType="Association" humanType="Association" icon="CommodityFlowNetwork_files/icon_association_1938847993.svg" isRelationship="true" name="Association[parentFlowNetwork:CommodityFlowNetwork::FlowNetwork - flowEdge:CommodityFlowNetwork::FlowNetworkLink]" refid="_18_5_1_412017e_1513191078480_865032_37790"/><association classType="Association" humanType="Association" icon="CommodityFlowNetwork_files/icon_association_1938847993.svg" isRelationship="true" name="Association[parentFlowNetwork:CommodityFlowNetwork::FlowNetwork - flowNode:CommodityFlowNetwork::FlowNetwork]" refid="_18_5_1_412017e_1513192538972_915919_37848"/><association classType="Association" humanType="Association" icon="CommodityFlowNetwork_files/icon_association_1938847993.svg" isRelationship="true" name="Association[parentNetwork:CommodityFlowNetwork::Network - edge:CommodityFlowNetwork::NetworkLink]" refid="_18_5_1_412017e_1513190219530_677714_37059"/><association classType="Association" humanType="Association" icon="CommodityFlowNetwork_files/icon_association_1938847993.svg" isRelationship="true" name="Association[parentNetwork:CommodityFlowNetwork::Network - node:CommodityFlowNetwork::Network]" refid="_18_5_1_412017e_1513189146778_490437_36025"/><association classType="Association" humanType="Association" icon="CommodityFlowNetwork_files/icon_association_1938847993.svg" isRelationship="true" name="Association[parentProcessNetwork:CommodityFlowNetwork::ProcessNetwork - processNode:CommodityFlowNetwork::ProcessNetwork]" refid="_18_4_1_412017e_1480449704985_415591_25971"/><association classType="Association" humanType="Association" icon="CommodityFlowNetwork_files/icon_association_1938847993.svg" isRelationship="true" name="Association[parentProcessNetwork:CommodityFlowNetwork::ProcessNetwork - sequencing:CommodityFlowNetwork::SequencingLink]" refid="_18_5_1_412017e_1513345350822_879504_40054"/><association classType="Association" humanType="Association" icon="CommodityFlowNetwork_files/icon_association_295714741.svg" isRelationship="true" name="Association[produces:CommodityFlowNetwork::Commodity - producedBy:CommodityFlowNetwork::FlowNetwork]" refid="_18_5_1_412017e_1563369637758_991226_21413"/><association classType="Association" humanType="Association" icon="CommodityFlowNetwork_files/icon_association_1877769341.svg" isRelationship="true" name="Association[type:CommodityFlowNetwork::Commodity::CommodityType &lt;- instance:CommodityFlowNetwork::Commodity]" refid="_18_5_1_412017e_1570125371795_794582_23092"/><diagram classType="Diagram" humanType="Diagram" icon="CommodityFlowNetwork_files/icon_SysML Block Definition Diagram_2096291030.svg" name="BasicNetwork" refid="_18_5_1_412017e_1513189125580_441486_35907"/><valuetype classType="DataType" humanType="Value Type" icon="CommodityFlowNetwork_files/icon_valuetype_1735731273.svg" name="Boolean" refid="_16_5_1_12c903cb_1245415335546_39033_4086"/><block classType="Class" humanType="Block" icon="CommodityFlowNetwork_files/icon_block_1211948370.svg" name="Commodity" refid="_18_4_1_412017e_1480431603356_207384_23063"/><diagram classType="Diagram" humanType="Diagram" icon="CommodityFlowNetwork_files/icon_SysML Block Definition Diagram_2096291030.svg" name="Commodity" refid="_18_5_1_412017e_1552399189104_531799_62569"/><itemflow classType="InformationFlow" humanType="ItemFlow" icon="CommodityFlowNetwork_files/icon_itemflow_82517097.svg" isRelationship="true" name="commodityFlow" refid="_18_5_1_412017e_1535121508932_359928_71724"/><diagram classType="Diagram" humanType="Diagram" icon="CommodityFlowNetwork_files/icon_SysML Block Definition Diagram_2096291030.svg" name="CommodityFlowNetworkOverview" refid="_18_5_1_412017e_1563536593786_365035_22477"/><valuetype classType="DataType" humanType="Value Type" icon="CommodityFlowNetwork_files/icon_valuetype_1735731273.svg" name="Complex" refid="_11_5EAPbeta_be00301_1147431846238_895928_1691"/><package classType="Package" humanType="Package" icon="CommodityFlowNetwork_files/icon_package_1331654213.svg" name="Deprecated" refid="_17_0_4_2_ff3038a_1384458369684_442353_5047"/><block classType="Class" humanType="Block" icon="CommodityFlowNetwork_files/icon_block_1211948370.svg" name="FlowNetwork" refid="_18_4_1_412017e_1480430023770_307416_22716"/><diagram classType="Diagram" humanType="Diagram" icon="CommodityFlowNetwork_files/icon_SysML Block Definition Diagram_2096291030.svg" name="FlowNetwork" refid="_18_4_1_412017e_1480430006088_181173_22517"/><diagram classType="Diagram" humanType="Diagram" icon="CommodityFlowNetwork_files/icon_SysML Block Definition Diagram_2096291030.svg" name="FlowNetwork_simple" refid="_18_5_1_412017e_1583499600145_43424_20112"/><diagram classType="Diagram" humanType="Diagram" icon="CommodityFlowNetwork_files/icon_SysML Block Definition Diagram_2096291030.svg" name="FlowNetwork_w/Notes" refid="_18_5_1_412017e_1521810279781_348461_35190"/><block classType="Class" humanType="Block" icon="CommodityFlowNetwork_files/icon_block_1211948370.svg" name="FlowNetworkElement" refid="_18_5_1_412017e_1569950967170_559775_21717"/><block classType="AssociationClass" humanType="Block" icon="CommodityFlowNetwork_files/icon_block_1211948370.svg" isRelationship="true" name="FlowNetworkLink" refid="_18_5_1_412017e_1513191054925_696549_37680"/><block classType="Class" humanType="Block" icon="CommodityFlowNetwork_files/icon_block_1211948370.svg" name="IdentifiableElement" refid="_18_5_1_412017e_1550599419049_374663_31602"/><valuetype classType="DataType" humanType="Value Type" icon="CommodityFlowNetwork_files/icon_valuetype_1735731273.svg" name="Integer" refid="_16_5_1_12c903cb_1245415335546_8641_4088"/><block classType="Class" humanType="Block" icon="CommodityFlowNetwork_files/icon_block_1211948370.svg" name="Network" refid="_18_4_1_412017e_1480428292021_38215_21493"/><block classType="Class" humanType="Block" icon="CommodityFlowNetwork_files/icon_block_1211948370.svg" name="NetworkElement" refid="_18_5_1_412017e_1570105871470_979385_22666"/><block classType="AssociationClass" humanType="Block" icon="CommodityFlowNetwork_files/icon_block_1211948370.svg" isRelationship="true" name="NetworkLink" refid="_18_5_1_412017e_1513190186908_384793_36951"/><valuetype classType="DataType" humanType="Value Type" icon="CommodityFlowNetwork_files/icon_valuetype_1735731273.svg" name="Number" refid="_16_5_1_12c903cb_1245415335546_535327_4089"/><activity classType="Activity" humanType="Activity" icon="CommodityFlowNetwork_files/icon_activity_1146164911.svg" name="ProcessNetwork" refid="_18_4_1_412017e_1490794010074_822948_28228"/><diagram classType="Diagram" humanType="Diagram" icon="CommodityFlowNetwork_files/icon_SysML Block Definition Diagram_2096291030.svg" name="ProcessNetwork" refid="_18_4_1_412017e_1480448894962_294167_25475"/><diagram classType="Diagram" humanType="Diagram" icon="CommodityFlowNetwork_files/icon_SysML Block Definition Diagram_2096291030.svg" name="ProcessNetwork_simple" refid="_18_5_1_412017e_1583765623101_48127_15113"/><valuetype classType="DataType" humanType="Value Type" icon="CommodityFlowNetwork_files/icon_valuetype_1735731273.svg" name="Real" refid="_11_5EAPbeta_be00301_1147431819399_50461_1671"/><block classType="Class" humanType="Block" icon="CommodityFlowNetwork_files/icon_block_1211948370.svg" name="ReflectiveObject" refid="_18_5_1_412017e_1570104543410_767325_22533"/><enumeration classType="Enumeration" humanType="Enumeration" icon="CommodityFlowNetwork_files/icon_enumeration_541248718.svg" name="SequencingKind" refid="_18_4_1_412017e_1480450245321_780581_26089"/><block classType="AssociationClass" humanType="Block" icon="CommodityFlowNetwork_files/icon_block_1211948370.svg" isRelationship="true" name="SequencingLink" refid="_18_5_1_412017e_1513345208932_58869_39961"/><valuetype classType="DataType" humanType="Value Type" icon="CommodityFlowNetwork_files/icon_valuetype_1735731273.svg" name="String" refid="_16_5_1_12c903cb_1245415335546_479030_4092"/></member><name humanName="Name" mode="s,e">CommodityFlowNetwork</name><namespace classType="Model" humanName="Namespace" humanType="Model" icon="CommodityFlowNetwork_files/icon_model_1714007305.svg" name="Data" refid="_18_4_1_412017e_1480515825528_895836_28813"/><nestingPackage classType="Model" humanName="Nesting Package" humanType="Model" icon="CommodityFlowNetwork_files/icon_model_1714007305.svg" name="Data" refid="_18_4_1_412017e_1480515825528_895836_28813"/><ownedDiagram humanName="Owned Diagram"><diagram classType="Diagram" humanType="Diagram" icon="CommodityFlowNetwork_files/icon_SysML Block Definition Diagram_2096291030.svg" name="BasicNetwork" refid="_18_5_1_412017e_1513189125580_441486_35907"/><diagram classType="Diagram" humanType="Diagram" icon="CommodityFlowNetwork_files/icon_SysML Block Definition Diagram_2096291030.svg" name="Commodity" refid="_18_5_1_412017e_1552399189104_531799_62569"/><diagram classType="Diagram" humanType="Diagram" icon="CommodityFlowNetwork_files/icon_SysML Block Definition Diagram_2096291030.svg" name="CommodityFlowNetworkOverview" refid="_18_5_1_412017e_1563536593786_365035_22477"/><diagram classType="Diagram" humanType="Diagram" icon="CommodityFlowNetwork_files/icon_SysML Block Definition Diagram_2096291030.svg" name="FlowNetwork" refid="_18_4_1_412017e_1480430006088_181173_22517"/><diagram classType="Diagram" humanType="Diagram" icon="CommodityFlowNetwork_files/icon_SysML Block Definition Diagram_2096291030.svg" name="FlowNetwork_simple" refid="_18_5_1_412017e_1583499600145_43424_20112"/><diagram classType="Diagram" humanType="Diagram" icon="CommodityFlowNetwork_files/icon_SysML Block Definition Diagram_2096291030.svg" name="FlowNetwork_w/Notes" refid="_18_5_1_412017e_1521810279781_348461_35190"/><diagram classType="Diagram" humanType="Diagram" icon="CommodityFlowNetwork_files/icon_SysML Block Definition Diagram_2096291030.svg" name="ProcessNetwork" refid="_18_4_1_412017e_1480448894962_294167_25475"/><diagram classType="Diagram" humanType="Diagram" icon="CommodityFlowNetwork_files/icon_SysML Block Definition Diagram_2096291030.svg" name="ProcessNetwork_simple" refid="_18_5_1_412017e_1583765623101_48127_15113"/></ownedDiagram><ownedElement humanName="Owned Element"><packageimport classType="PackageImport" humanType="Package Import" icon="CommodityFlowNetwork_files/icon_packageimport_1878454236.svg" isRelationship="true" refid="_18_5_1_412017e_1536329806564_766887_77338"/><instancespecification classType="InstanceSpecification" humanType="Instance Specification" icon="CommodityFlowNetwork_files/icon_instancespecification_777113684.svg" name=" : UML Standard Profile::StandardProfile::ModelLibrary" refid="_18_4_1_412017e_1480428956353_952529_22248"/><association classType="Association" humanType="Association" icon="CommodityFlowNetwork_files/icon_association_295714741.svg" isRelationship="true" name="Association[consumes:CommodityFlowNetwork::Commodity - consumedBy:CommodityFlowNetwork::FlowNetwork]" refid="_18_5_1_412017e_1563369652447_361629_21436"/><association classType="Association" humanType="Association" icon="CommodityFlowNetwork_files/icon_association_295714741.svg" isRelationship="true" name="Association[currentlyFlowingThrough:CommodityFlowNetwork::Commodity - flowingIn:CommodityFlowNetwork::FlowNetwork]" refid="_18_5_1_412017e_1563369926860_326110_21497"/><association classType="Association" humanType="Association" icon="CommodityFlowNetwork_files/icon_association_1877769341.svg" isRelationship="true" name="Association[inputs:CommodityFlowNetwork::Commodity &lt;- CommodityFlowNetwork::FlowNetwork]" refid="_18_5_1_412017e_1552399219709_520238_62697"/><association classType="Association" humanType="Association" icon="CommodityFlowNetwork_files/icon_association_1877769341.svg" isRelationship="true" name="Association[outputs:CommodityFlowNetwork::Commodity &lt;- CommodityFlowNetwork::FlowNetwork]" refid="_18_5_1_412017e_1552399222874_296484_62723"/><association classType="Association" humanType="Association" icon="CommodityFlowNetwork_files/icon_association_2135934617.svg" isRelationship="true" name="Association[parentCommodity:CommodityFlowNetwork::Commodity -&gt; component:CommodityFlowNetwork::Commodity]" refid="_18_4_1_412017e_1480431753998_649371_23126"/><association classType="Association" humanType="Association" icon="CommodityFlowNetwork_files/icon_association_1938847993.svg" isRelationship="true" name="Association[parentFlowNetwork:CommodityFlowNetwork::FlowNetwork - flowEdge:CommodityFlowNetwork::FlowNetworkLink]" refid="_18_5_1_412017e_1513191078480_865032_37790"/><association classType="Association" humanType="Association" icon="CommodityFlowNetwork_files/icon_association_1938847993.svg" isRelationship="true" name="Association[parentFlowNetwork:CommodityFlowNetwork::FlowNetwork - flowNode:CommodityFlowNetwork::FlowNetwork]" refid="_18_5_1_412017e_1513192538972_915919_37848"/><association classType="Association" humanType="Association" icon="CommodityFlowNetwork_files/icon_association_1938847993.svg" isRelationship="true" name="Association[parentNetwork:CommodityFlowNetwork::Network - edge:CommodityFlowNetwork::NetworkLink]" refid="_18_5_1_412017e_1513190219530_677714_37059"/><association classType="Association" humanType="Association" icon="CommodityFlowNetwork_files/icon_association_1938847993.svg" isRelationship="true" name="Association[parentNetwork:CommodityFlowNetwork::Network - node:CommodityFlowNetwork::Network]" refid="_18_5_1_412017e_1513189146778_490437_36025"/><association classType="Association" humanType="Association" icon="CommodityFlowNetwork_files/icon_association_1938847993.svg" isRelationship="true" name="Association[parentProcessNetwork:CommodityFlowNetwork::ProcessNetwork - processNode:CommodityFlowNetwork::ProcessNetwork]" refid="_18_4_1_412017e_1480449704985_415591_25971"/><association classType="Association" humanType="Association" icon="CommodityFlowNetwork_files/icon_association_1938847993.svg" isRelationship="true" name="Association[parentProcessNetwork:CommodityFlowNetwork::ProcessNetwork - sequencing:CommodityFlowNetwork::SequencingLink]" refid="_18_5_1_412017e_1513345350822_879504_40054"/><association classType="Association" humanType="Association" icon="CommodityFlowNetwork_files/icon_association_295714741.svg" isRelationship="true" name="Association[produces:CommodityFlowNetwork::Commodity - producedBy:CommodityFlowNetwork::FlowNetwork]" refid="_18_5_1_412017e_1563369637758_991226_21413"/><association classType="Association" humanType="Association" icon="CommodityFlowNetwork_files/icon_association_1877769341.svg" isRelationship="true" name="Association[type:CommodityFlowNetwork::Commodity::CommodityType &lt;- instance:CommodityFlowNetwork::Commodity]" refid="_18_5_1_412017e_1570125371795_794582_23092"/><diagram classType="Diagram" humanType="Diagram" icon="CommodityFlowNetwork_files/icon_SysML Block Definition Diagram_2096291030.svg" name="BasicNetwork" refid="_18_5_1_412017e_1513189125580_441486_35907"/><block classType="Class" humanType="Block" icon="CommodityFlowNetwork_files/icon_block_1211948370.svg" name="Commodity" refid="_18_4_1_412017e_1480431603356_207384_23063"/><diagram classType="Diagram" humanType="Diagram" icon="CommodityFlowNetwork_files/icon_SysML Block Definition Diagram_2096291030.svg" name="Commodity" refid="_18_5_1_412017e_1552399189104_531799_62569"/><itemflow classType="InformationFlow" humanType="ItemFlow" icon="CommodityFlowNetwork_files/icon_itemflow_82517097.svg" isRelationship="true" name="commodityFlow" refid="_18_5_1_412017e_1535121508932_359928_71724"/><diagram classType="Diagram" humanType="Diagram" icon="CommodityFlowNetwork_files/icon_SysML Block Definition Diagram_2096291030.svg" name="CommodityFlowNetworkOverview" refid="_18_5_1_412017e_1563536593786_365035_22477"/><block classType="Class" humanType="Block" icon="CommodityFlowNetwork_files/icon_block_1211948370.svg" name="FlowNetwork" refid="_18_4_1_412017e_1480430023770_307416_22716"/><diagram classType="Diagram" humanType="Diagram" icon="CommodityFlowNetwork_files/icon_SysML Block Definition Diagram_2096291030.svg" name="FlowNetwork" refid="_18_4_1_412017e_1480430006088_181173_22517"/><diagram classType="Diagram" humanType="Diagram" icon="CommodityFlowNetwork_files/icon_SysML Block Definition Diagram_2096291030.svg" name="FlowNetwork_simple" refid="_18_5_1_412017e_1583499600145_43424_20112"/><diagram classType="Diagram" humanType="Diagram" icon="CommodityFlowNetwork_files/icon_SysML Block Definition Diagram_2096291030.svg" name="FlowNetwork_w/Notes" refid="_18_5_1_412017e_1521810279781_348461_35190"/><block classType="Class" humanType="Block" icon="CommodityFlowNetwork_files/icon_block_1211948370.svg" name="FlowNetworkElement" refid="_18_5_1_412017e_1569950967170_559775_21717"/><block classType="AssociationClass" humanType="Block" icon="CommodityFlowNetwork_files/icon_block_1211948370.svg" isRelationship="true" name="FlowNetworkLink" refid="_18_5_1_412017e_1513191054925_696549_37680"/><block classType="Class" humanType="Block" icon="CommodityFlowNetwork_files/icon_block_1211948370.svg" name="IdentifiableElement" refid="_18_5_1_412017e_1550599419049_374663_31602"/><block classType="Class" humanType="Block" icon="CommodityFlowNetwork_files/icon_block_1211948370.svg" name="Network" refid="_18_4_1_412017e_1480428292021_38215_21493"/><block classType="Class" humanType="Block" icon="CommodityFlowNetwork_files/icon_block_1211948370.svg" name="NetworkElement" refid="_18_5_1_412017e_1570105871470_979385_22666"/><block classType="AssociationClass" humanType="Block" icon="CommodityFlowNetwork_files/icon_block_1211948370.svg" isRelationship="true" name="NetworkLink" refid="_18_5_1_412017e_1513190186908_384793_36951"/><activity classType="Activity" humanType="Activity" icon="CommodityFlowNetwork_files/icon_activity_1146164911.svg" name="ProcessNetwork" refid="_18_4_1_412017e_1490794010074_822948_28228"/><diagram classType="Diagram" humanType="Diagram" icon="CommodityFlowNetwork_files/icon_SysML Block Definition Diagram_2096291030.svg" name="ProcessNetwork" refid="_18_4_1_412017e_1480448894962_294167_25475"/><diagram classType="Diagram" humanType="Diagram" icon="CommodityFlowNetwork_files/icon_SysML Block Definition Diagram_2096291030.svg" name="ProcessNetwork_simple" refid="_18_5_1_412017e_1583765623101_48127_15113"/><block classType="Class" humanType="Block" icon="CommodityFlowNetwork_files/icon_block_1211948370.svg" name="ReflectiveObject" refid="_18_5_1_412017e_1570104543410_767325_22533"/><enumeration classType="Enumeration" humanType="Enumeration" icon="CommodityFlowNetwork_files/icon_enumeration_541248718.svg" name="SequencingKind" refid="_18_4_1_412017e_1480450245321_780581_26089"/><block classType="AssociationClass" humanType="Block" icon="CommodityFlowNetwork_files/icon_block_1211948370.svg" isRelationship="true" name="SequencingLink" refid="_18_5_1_412017e_1513345208932_58869_39961"/></ownedElement><ownedMember humanName="Owned Member"><association classType="Association" humanType="Association" icon="CommodityFlowNetwork_files/icon_association_295714741.svg" isRelationship="true" name="Association[consumes:CommodityFlowNetwork::Commodity - consumedBy:CommodityFlowNetwork::FlowNetwork]" refid="_18_5_1_412017e_1563369652447_361629_21436"/><association classType="Association" humanType="Association" icon="CommodityFlowNetwork_files/icon_association_295714741.svg" isRelationship="true" name="Association[currentlyFlowingThrough:CommodityFlowNetwork::Commodity - flowingIn:CommodityFlowNetwork::FlowNetwork]" refid="_18_5_1_412017e_1563369926860_326110_21497"/><association classType="Association" humanType="Association" icon="CommodityFlowNetwork_files/icon_association_1877769341.svg" isRelationship="true" name="Association[inputs:CommodityFlowNetwork::Commodity &lt;- CommodityFlowNetwork::FlowNetwork]" refid="_18_5_1_412017e_1552399219709_520238_62697"/><association classType="Association" humanType="Association" icon="CommodityFlowNetwork_files/icon_association_1877769341.svg" isRelationship="true" name="Association[outputs:CommodityFlowNetwork::Commodity &lt;- CommodityFlowNetwork::FlowNetwork]" refid="_18_5_1_412017e_1552399222874_296484_62723"/><association classType="Association" humanType="Association" icon="CommodityFlowNetwork_files/icon_association_2135934617.svg" isRelationship="true" name="Association[parentCommodity:CommodityFlowNetwork::Commodity -&gt; component:CommodityFlowNetwork::Commodity]" refid="_18_4_1_412017e_1480431753998_649371_23126"/><association classType="Association" humanType="Association" icon="CommodityFlowNetwork_files/icon_association_1938847993.svg" isRelationship="true" name="Association[parentFlowNetwork:CommodityFlowNetwork::FlowNetwork - flowEdge:CommodityFlowNetwork::FlowNetworkLink]" refid="_18_5_1_412017e_1513191078480_865032_37790"/><association classType="Association" humanType="Association" icon="CommodityFlowNetwork_files/icon_association_1938847993.svg" isRelationship="true" name="Association[parentFlowNetwork:CommodityFlowNetwork::FlowNetwork - flowNode:CommodityFlowNetwork::FlowNetwork]" refid="_18_5_1_412017e_1513192538972_915919_37848"/><association classType="Association" humanType="Association" icon="CommodityFlowNetwork_files/icon_association_1938847993.svg" isRelationship="true" name="Association[parentNetwork:CommodityFlowNetwork::Network - edge:CommodityFlowNetwork::NetworkLink]" refid="_18_5_1_412017e_1513190219530_677714_37059"/><association classType="Association" humanType="Association" icon="CommodityFlowNetwork_files/icon_association_1938847993.svg" isRelationship="true" name="Association[parentNetwork:CommodityFlowNetwork::Network - node:CommodityFlowNetwork::Network]" refid="_18_5_1_412017e_1513189146778_490437_36025"/><association classType="Association" humanType="Association" icon="CommodityFlowNetwork_files/icon_association_1938847993.svg" isRelationship="true" name="Association[parentProcessNetwork:CommodityFlowNetwork::ProcessNetwork - processNode:CommodityFlowNetwork::ProcessNetwork]" refid="_18_4_1_412017e_1480449704985_415591_25971"/><association classType="Association" humanType="Association" icon="CommodityFlowNetwork_files/icon_association_1938847993.svg" isRelationship="true" name="Association[parentProcessNetwork:CommodityFlowNetwork::ProcessNetwork - sequencing:CommodityFlowNetwork::SequencingLink]" refid="_18_5_1_412017e_1513345350822_879504_40054"/><association classType="Association" humanType="Association" icon="CommodityFlowNetwork_files/icon_association_295714741.svg" isRelationship="true" name="Association[produces:CommodityFlowNetwork::Commodity - producedBy:CommodityFlowNetwork::FlowNetwork]" refid="_18_5_1_412017e_1563369637758_991226_21413"/><association classType="Association" humanType="Association" icon="CommodityFlowNetwork_files/icon_association_1877769341.svg" isRelationship="true" name="Association[type:CommodityFlowNetwork::Commodity::CommodityType &lt;- instance:CommodityFlowNetwork::Commodity]" refid="_18_5_1_412017e_1570125371795_794582_23092"/><diagram classType="Diagram" humanType="Diagram" icon="CommodityFlowNetwork_files/icon_SysML Block Definition Diagram_2096291030.svg" name="BasicNetwork" refid="_18_5_1_412017e_1513189125580_441486_35907"/><block classType="Class" humanType="Block" icon="CommodityFlowNetwork_files/icon_block_1211948370.svg" name="Commodity" refid="_18_4_1_412017e_1480431603356_207384_23063"/><diagram classType="Diagram" humanType="Diagram" icon="CommodityFlowNetwork_files/icon_SysML Block Definition Diagram_2096291030.svg" name="Commodity" refid="_18_5_1_412017e_1552399189104_531799_62569"/><itemflow classType="InformationFlow" humanType="ItemFlow" icon="CommodityFlowNetwork_files/icon_itemflow_82517097.svg" isRelationship="true" name="commodityFlow" refid="_18_5_1_412017e_1535121508932_359928_71724"/><diagram classType="Diagram" humanType="Diagram" icon="CommodityFlowNetwork_files/icon_SysML Block Definition Diagram_2096291030.svg" name="CommodityFlowNetworkOverview" refid="_18_5_1_412017e_1563536593786_365035_22477"/><block classType="Class" humanType="Block" icon="CommodityFlowNetwork_files/icon_block_1211948370.svg" name="FlowNetwork" refid="_18_4_1_412017e_1480430023770_307416_22716"/><diagram classType="Diagram" humanType="Diagram" icon="CommodityFlowNetwork_files/icon_SysML Block Definition Diagram_2096291030.svg" name="FlowNetwork" refid="_18_4_1_412017e_1480430006088_181173_22517"/><diagram classType="Diagram" humanType="Diagram" icon="CommodityFlowNetwork_files/icon_SysML Block Definition Diagram_2096291030.svg" name="FlowNetwork_simple" refid="_18_5_1_412017e_1583499600145_43424_20112"/><diagram classType="Diagram" humanType="Diagram" icon="CommodityFlowNetwork_files/icon_SysML Block Definition Diagram_2096291030.svg" name="FlowNetwork_w/Notes" refid="_18_5_1_412017e_1521810279781_348461_35190"/><block classType="Class" humanType="Block" icon="CommodityFlowNetwork_files/icon_block_1211948370.svg" name="FlowNetworkElement" refid="_18_5_1_412017e_1569950967170_559775_21717"/><block classType="AssociationClass" humanType="Block" icon="CommodityFlowNetwork_files/icon_block_1211948370.svg" isRelationship="true" name="FlowNetworkLink" refid="_18_5_1_412017e_1513191054925_696549_37680"/><block classType="Class" humanType="Block" icon="CommodityFlowNetwork_files/icon_block_1211948370.svg" name="IdentifiableElement" refid="_18_5_1_412017e_1550599419049_374663_31602"/><block classType="Class" humanType="Block" icon="CommodityFlowNetwork_files/icon_block_1211948370.svg" name="Network" refid="_18_4_1_412017e_1480428292021_38215_21493"/><block classType="Class" humanType="Block" icon="CommodityFlowNetwork_files/icon_block_1211948370.svg" name="NetworkElement" refid="_18_5_1_412017e_1570105871470_979385_22666"/><block classType="AssociationClass" humanType="Block" icon="CommodityFlowNetwork_files/icon_block_1211948370.svg" isRelationship="true" name="NetworkLink" refid="_18_5_1_412017e_1513190186908_384793_36951"/><activity classType="Activity" humanType="Activity" icon="CommodityFlowNetwork_files/icon_activity_1146164911.svg" name="ProcessNetwork" refid="_18_4_1_412017e_1490794010074_822948_28228"/><diagram classType="Diagram" humanType="Diagram" icon="CommodityFlowNetwork_files/icon_SysML Block Definition Diagram_2096291030.svg" name="ProcessNetwork" refid="_18_4_1_412017e_1480448894962_294167_25475"/><diagram classType="Diagram" humanType="Diagram" icon="CommodityFlowNetwork_files/icon_SysML Block Definition Diagram_2096291030.svg" name="ProcessNetwork_simple" refid="_18_5_1_412017e_1583765623101_48127_15113"/><block classType="Class" humanType="Block" icon="CommodityFlowNetwork_files/icon_block_1211948370.svg" name="ReflectiveObject" refid="_18_5_1_412017e_1570104543410_767325_22533"/><enumeration classType="Enumeration" humanType="Enumeration" icon="CommodityFlowNetwork_files/icon_enumeration_541248718.svg" name="SequencingKind" refid="_18_4_1_412017e_1480450245321_780581_26089"/><block classType="AssociationClass" humanType="Block" icon="CommodityFlowNetwork_files/icon_block_1211948370.svg" isRelationship="true" name="SequencingLink" refid="_18_5_1_412017e_1513345208932_58869_39961"/></ownedMember><ownedType humanName="Owned Type"><association classType="Association" humanType="Association" icon="CommodityFlowNetwork_files/icon_association_295714741.svg" isRelationship="true" name="Association[consumes:CommodityFlowNetwork::Commodity - consumedBy:CommodityFlowNetwork::FlowNetwork]" refid="_18_5_1_412017e_1563369652447_361629_21436"/><association classType="Association" humanType="Association" icon="CommodityFlowNetwork_files/icon_association_295714741.svg" isRelationship="true" name="Association[currentlyFlowingThrough:CommodityFlowNetwork::Commodity - flowingIn:CommodityFlowNetwork::FlowNetwork]" refid="_18_5_1_412017e_1563369926860_326110_21497"/><association classType="Association" humanType="Association" icon="CommodityFlowNetwork_files/icon_association_1877769341.svg" isRelationship="true" name="Association[inputs:CommodityFlowNetwork::Commodity &lt;- CommodityFlowNetwork::FlowNetwork]" refid="_18_5_1_412017e_1552399219709_520238_62697"/><association classType="Association" humanType="Association" icon="CommodityFlowNetwork_files/icon_association_1877769341.svg" isRelationship="true" name="Association[outputs:CommodityFlowNetwork::Commodity &lt;- CommodityFlowNetwork::FlowNetwork]" refid="_18_5_1_412017e_1552399222874_296484_62723"/><association classType="Association" humanType="Association" icon="CommodityFlowNetwork_files/icon_association_2135934617.svg" isRelationship="true" name="Association[parentCommodity:CommodityFlowNetwork::Commodity -&gt; component:CommodityFlowNetwork::Commodity]" refid="_18_4_1_412017e_1480431753998_649371_23126"/><association classType="Association" humanType="Association" icon="CommodityFlowNetwork_files/icon_association_1938847993.svg" isRelationship="true" name="Association[parentFlowNetwork:CommodityFlowNetwork::FlowNetwork - flowEdge:CommodityFlowNetwork::FlowNetworkLink]" refid="_18_5_1_412017e_1513191078480_865032_37790"/><association classType="Association" humanType="Association" icon="CommodityFlowNetwork_files/icon_association_1938847993.svg" isRelationship="true" name="Association[parentFlowNetwork:CommodityFlowNetwork::FlowNetwork - flowNode:CommodityFlowNetwork::FlowNetwork]" refid="_18_5_1_412017e_1513192538972_915919_37848"/><association classType="Association" humanType="Association" icon="CommodityFlowNetwork_files/icon_association_1938847993.svg" isRelationship="true" name="Association[parentNetwork:CommodityFlowNetwork::Network - edge:CommodityFlowNetwork::NetworkLink]" refid="_18_5_1_412017e_1513190219530_677714_37059"/><association classType="Association" humanType="Association" icon="CommodityFlowNetwork_files/icon_association_1938847993.svg" isRelationship="true" name="Association[parentNetwork:CommodityFlowNetwork::Network - node:CommodityFlowNetwork::Network]" refid="_18_5_1_412017e_1513189146778_490437_36025"/><association classType="Association" humanType="Association" icon="CommodityFlowNetwork_files/icon_association_1938847993.svg" isRelationship="true" name="Association[parentProcessNetwork:CommodityFlowNetwork::ProcessNetwork - processNode:CommodityFlowNetwork::ProcessNetwork]" refid="_18_4_1_412017e_1480449704985_415591_25971"/><association classType="Association" humanType="Association" icon="CommodityFlowNetwork_files/icon_association_1938847993.svg" isRelationship="true" name="Association[parentProcessNetwork:CommodityFlowNetwork::ProcessNetwork - sequencing:CommodityFlowNetwork::SequencingLink]" refid="_18_5_1_412017e_1513345350822_879504_40054"/><association classType="Association" humanType="Association" icon="CommodityFlowNetwork_files/icon_association_295714741.svg" isRelationship="true" name="Association[produces:CommodityFlowNetwork::Commodity - producedBy:CommodityFlowNetwork::FlowNetwork]" refid="_18_5_1_412017e_1563369637758_991226_21413"/><association classType="Association" humanType="Association" icon="CommodityFlowNetwork_files/icon_association_1877769341.svg" isRelationship="true" name="Association[type:CommodityFlowNetwork::Commodity::CommodityType &lt;- instance:CommodityFlowNetwork::Commodity]" refid="_18_5_1_412017e_1570125371795_794582_23092"/><block classType="Class" humanType="Block" icon="CommodityFlowNetwork_files/icon_block_1211948370.svg" name="Commodity" refid="_18_4_1_412017e_1480431603356_207384_23063"/><block classType="Class" humanType="Block" icon="CommodityFlowNetwork_files/icon_block_1211948370.svg" name="FlowNetwork" refid="_18_4_1_412017e_1480430023770_307416_22716"/><block classType="Class" humanType="Block" icon="CommodityFlowNetwork_files/icon_block_1211948370.svg" name="FlowNetworkElement" refid="_18_5_1_412017e_1569950967170_559775_21717"/><block classType="AssociationClass" humanType="Block" icon="CommodityFlowNetwork_files/icon_block_1211948370.svg" isRelationship="true" name="FlowNetworkLink" refid="_18_5_1_412017e_1513191054925_696549_37680"/><block classType="Class" humanType="Block" icon="CommodityFlowNetwork_files/icon_block_1211948370.svg" name="IdentifiableElement" refid="_18_5_1_412017e_1550599419049_374663_31602"/><block classType="Class" humanType="Block" icon="CommodityFlowNetwork_files/icon_block_1211948370.svg" name="Network" refid="_18_4_1_412017e_1480428292021_38215_21493"/><block classType="Class" humanType="Block" icon="CommodityFlowNetwork_files/icon_block_1211948370.svg" name="NetworkElement" refid="_18_5_1_412017e_1570105871470_979385_22666"/><block classType="AssociationClass" humanType="Block" icon="CommodityFlowNetwork_files/icon_block_1211948370.svg" isRelationship="true" name="NetworkLink" refid="_18_5_1_412017e_1513190186908_384793_36951"/><activity classType="Activity" humanType="Activity" icon="CommodityFlowNetwork_files/icon_activity_1146164911.svg" name="ProcessNetwork" refid="_18_4_1_412017e_1490794010074_822948_28228"/><block classType="Class" humanType="Block" icon="CommodityFlowNetwork_files/icon_block_1211948370.svg" name="ReflectiveObject" refid="_18_5_1_412017e_1570104543410_767325_22533"/><enumeration classType="Enumeration" humanType="Enumeration" icon="CommodityFlowNetwork_files/icon_enumeration_541248718.svg" name="SequencingKind" refid="_18_4_1_412017e_1480450245321_780581_26089"/><block classType="AssociationClass" humanType="Block" icon="CommodityFlowNetwork_files/icon_block_1211948370.svg" isRelationship="true" name="SequencingLink" refid="_18_5_1_412017e_1513345208932_58869_39961"/></ownedType><owner classType="Model" humanName="Owner" humanType="Model" icon="CommodityFlowNetwork_files/icon_model_1714007305.svg" mode="s,e" name="Data" refid="_18_4_1_412017e_1480515825528_895836_28813"/><owningPackage classType="Model" humanName="Owning Package" humanType="Model" icon="CommodityFlowNetwork_files/icon_model_1714007305.svg" name="Data" refid="_18_4_1_412017e_1480515825528_895836_28813"/><packageImport humanName="Package Import"><packageimport classType="PackageImport" humanType="Package Import" icon="CommodityFlowNetwork_files/icon_packageimport_1878454236.svg" isRelationship="true" refid="_18_5_1_412017e_1536329806564_766887_77338"/></packageImport><packagedElement humanName="Packaged Element"><association classType="Association" humanType="Association" icon="CommodityFlowNetwork_files/icon_association_295714741.svg" isRelationship="true" name="Association[consumes:CommodityFlowNetwork::Commodity - consumedBy:CommodityFlowNetwork::FlowNetwork]" refid="_18_5_1_412017e_1563369652447_361629_21436"/><association classType="Association" humanType="Association" icon="CommodityFlowNetwork_files/icon_association_295714741.svg" isRelationship="true" name="Association[currentlyFlowingThrough:CommodityFlowNetwork::Commodity - flowingIn:CommodityFlowNetwork::FlowNetwork]" refid="_18_5_1_412017e_1563369926860_326110_21497"/><association classType="Association" humanType="Association" icon="CommodityFlowNetwork_files/icon_association_1877769341.svg" isRelationship="true" name="Association[inputs:CommodityFlowNetwork::Commodity &lt;- CommodityFlowNetwork::FlowNetwork]" refid="_18_5_1_412017e_1552399219709_520238_62697"/><association classType="Association" humanType="Association" icon="CommodityFlowNetwork_files/icon_association_1877769341.svg" isRelationship="true" name="Association[outputs:CommodityFlowNetwork::Commodity &lt;- CommodityFlowNetwork::FlowNetwork]" refid="_18_5_1_412017e_1552399222874_296484_62723"/><association classType="Association" humanType="Association" icon="CommodityFlowNetwork_files/icon_association_2135934617.svg" isRelationship="true" name="Association[parentCommodity:CommodityFlowNetwork::Commodity -&gt; component:CommodityFlowNetwork::Commodity]" refid="_18_4_1_412017e_1480431753998_649371_23126"/><association classType="Association" humanType="Association" icon="CommodityFlowNetwork_files/icon_association_1938847993.svg" isRelationship="true" name="Association[parentFlowNetwork:CommodityFlowNetwork::FlowNetwork - flowEdge:CommodityFlowNetwork::FlowNetworkLink]" refid="_18_5_1_412017e_1513191078480_865032_37790"/><association classType="Association" humanType="Association" icon="CommodityFlowNetwork_files/icon_association_1938847993.svg" isRelationship="true" name="Association[parentFlowNetwork:CommodityFlowNetwork::FlowNetwork - flowNode:CommodityFlowNetwork::FlowNetwork]" refid="_18_5_1_412017e_1513192538972_915919_37848"/><association classType="Association" humanType="Association" icon="CommodityFlowNetwork_files/icon_association_1938847993.svg" isRelationship="true" name="Association[parentNetwork:CommodityFlowNetwork::Network - edge:CommodityFlowNetwork::NetworkLink]" refid="_18_5_1_412017e_1513190219530_677714_37059"/><association classType="Association" humanType="Association" icon="CommodityFlowNetwork_files/icon_association_1938847993.svg" isRelationship="true" name="Association[parentNetwork:CommodityFlowNetwork::Network - node:CommodityFlowNetwork::Network]" refid="_18_5_1_412017e_1513189146778_490437_36025"/><association classType="Association" humanType="Association" icon="CommodityFlowNetwork_files/icon_association_1938847993.svg" isRelationship="true" name="Association[parentProcessNetwork:CommodityFlowNetwork::ProcessNetwork - processNode:CommodityFlowNetwork::ProcessNetwork]" refid="_18_4_1_412017e_1480449704985_415591_25971"/><association classType="Association" humanType="Association" icon="CommodityFlowNetwork_files/icon_association_1938847993.svg" isRelationship="true" name="Association[parentProcessNetwork:CommodityFlowNetwork::ProcessNetwork - sequencing:CommodityFlowNetwork::SequencingLink]" refid="_18_5_1_412017e_1513345350822_879504_40054"/><association classType="Association" humanType="Association" icon="CommodityFlowNetwork_files/icon_association_295714741.svg" isRelationship="true" name="Association[produces:CommodityFlowNetwork::Commodity - producedBy:CommodityFlowNetwork::FlowNetwork]" refid="_18_5_1_412017e_1563369637758_991226_21413"/><association classType="Association" humanType="Association" icon="CommodityFlowNetwork_files/icon_association_1877769341.svg" isRelationship="true" name="Association[type:CommodityFlowNetwork::Commodity::CommodityType &lt;- instance:CommodityFlowNetwork::Commodity]" refid="_18_5_1_412017e_1570125371795_794582_23092"/><block classType="Class" humanType="Block" icon="CommodityFlowNetwork_files/icon_block_1211948370.svg" name="Commodity" refid="_18_4_1_412017e_1480431603356_207384_23063"/><itemflow classType="InformationFlow" humanType="ItemFlow" icon="CommodityFlowNetwork_files/icon_itemflow_82517097.svg" isRelationship="true" name="commodityFlow" refid="_18_5_1_412017e_1535121508932_359928_71724"/><block classType="Class" humanType="Block" icon="CommodityFlowNetwork_files/icon_block_1211948370.svg" name="FlowNetwork" refid="_18_4_1_412017e_1480430023770_307416_22716"/><block classType="Class" humanType="Block" icon="CommodityFlowNetwork_files/icon_block_1211948370.svg" name="FlowNetworkElement" refid="_18_5_1_412017e_1569950967170_559775_21717"/><block classType="AssociationClass" humanType="Block" icon="CommodityFlowNetwork_files/icon_block_1211948370.svg" isRelationship="true" name="FlowNetworkLink" refid="_18_5_1_412017e_1513191054925_696549_37680"/><block classType="Class" humanType="Block" icon="CommodityFlowNetwork_files/icon_block_1211948370.svg" name="IdentifiableElement" refid="_18_5_1_412017e_1550599419049_374663_31602"/><block classType="Class" humanType="Block" icon="CommodityFlowNetwork_files/icon_block_1211948370.svg" name="Network" refid="_18_4_1_412017e_1480428292021_38215_21493"/><block classType="Class" humanType="Block" icon="CommodityFlowNetwork_files/icon_block_1211948370.svg" name="NetworkElement" refid="_18_5_1_412017e_1570105871470_979385_22666"/><block classType="AssociationClass" humanType="Block" icon="CommodityFlowNetwork_files/icon_block_1211948370.svg" isRelationship="true" name="NetworkLink" refid="_18_5_1_412017e_1513190186908_384793_36951"/><activity classType="Activity" humanType="Activity" icon="CommodityFlowNetwork_files/icon_activity_1146164911.svg" name="ProcessNetwork" refid="_18_4_1_412017e_1490794010074_822948_28228"/><block classType="Class" humanType="Block" icon="CommodityFlowNetwork_files/icon_block_1211948370.svg" name="ReflectiveObject" refid="_18_5_1_412017e_1570104543410_767325_22533"/><enumeration classType="Enumeration" humanType="Enumeration" icon="CommodityFlowNetwork_files/icon_enumeration_541248718.svg" name="SequencingKind" refid="_18_4_1_412017e_1480450245321_780581_26089"/><block classType="AssociationClass" humanType="Block" icon="CommodityFlowNetwork_files/icon_block_1211948370.svg" isRelationship="true" name="SequencingLink" refid="_18_5_1_412017e_1513345208932_58869_39961"/></packagedElement><qualifiedName humanName="Qualified Name" mode="e">CommodityFlowNetwork</qualifiedName><TO_DO humanName="To Do" mode="s,e"/><URI humanName="URI" mode="e"/><viewpoint humanName="Viewpoint"/><visibility humanName="Visibility">public</visibility></model></magicdraw>