<?xml version="1.0" encoding="UTF-8"?><magicdraw><diagram classType="Diagram" diagramType="SysML Block Definition Diagram" height="491" humanType="Diagram" icon="CommodityFlowNetwork_files/icon_SysML Block Definition Diagram_1080813915.svg" id="_18_5_1_412017e_1552399189104_531799_62569" src="CommodityFlowNetwork_files/_18_5_1_412017e_1552399189104_531799_62569.svg" width="963"><APPLIED_STEREOTYPES humanName="Applied Stereotype" mode="s,e"><stereotype classType="Stereotype" humanType="Stereotype" icon="CommodityFlowNetwork_files/icon_stereotype_918307166.svg" name="complete" refid="_19_0_1_8ca0285_1532415865804_574455_4606"/><stereotype classType="Stereotype" humanType="Stereotype" icon="CommodityFlowNetwork_files/icon_stereotype_918307166.svg" name="DiagramInfo" refid="_9_0_be00301_1108044380615_150487_0"/></APPLIED_STEREOTYPES><appliedStereotype humanName="Applied Stereotype" mode="s,e"><stereotype classType="Stereotype" humanType="Stereotype" icon="CommodityFlowNetwork_files/icon_stereotype_918307166.svg" name="complete" refid="_19_0_1_8ca0285_1532415865804_574455_4606"><property classType="Property" humanName="Base_ Diagram" humanType="Property" icon="CommodityFlowNetwork_files/icon_property_1353393023.svg" name="base_Diagram" refid="_19_0_1_8ca0285_1532415878123_281673_4613"/></stereotype><stereotype classType="Stereotype" humanType="Stereotype" icon="CommodityFlowNetwork_files/icon_stereotype_918307166.svg" name="DiagramInfo" refid="_9_0_be00301_1108044380615_150487_0"><property classType="Property" humanName="Author" humanType="Property" icon="CommodityFlowNetwork_files/icon_property_1353393023.svg" name="Author" refid="_be00301_1077726770128_871366_1"><String>tas5</String></property><property classType="Property" humanName="Base_ Diagram" humanType="Property" icon="CommodityFlowNetwork_files/icon_property_1353393023.svg" name="base_Diagram" refid="_10_0EAPbeta_be00301_1123081772498_901864_356"/><property classType="Property" humanName="Base_ Element" humanType="Property" icon="CommodityFlowNetwork_files/icon_property_1353393023.svg" name="base_Element" refid="_10_0EAPbeta_be00301_1123081772098_411862_275"/><property classType="Property" humanName="Creation Date" humanType="Property" icon="CommodityFlowNetwork_files/icon_property_1353393023.svg" name="Creation date" refid="_be00301_1073306188629_537791_2"><String>3/12/19 9:59 AM</String></property><property classType="Property" humanName="Last modified by" humanType="Property" icon="CommodityFlowNetwork_files/icon_property_1353393023.svg" name="Last modified by" refid="_16_8beta_8ca0285_1257244649124_794756_344"><String>tas5</String></property><property classType="Property" humanName="Modification Date" humanType="Property" icon="CommodityFlowNetwork_files/icon_property_1353393023.svg" name="Modification date" refid="_be00301_1073394345322_922552_1"><String>6/16/20 1:18 PM</String></property></stereotype></appliedStereotype><appliedStereotypeInstance classType="InstanceSpecification" humanName="Applied Stereotype Instance" humanType="Instance Specification" icon="CommodityFlowNetwork_files/icon_instancespecification_13643661.svg" name=" : UML Standard Profile::MagicDraw Profile::DiagramInfo, UML Standard Profile::MagicDraw Profile::complete" refid="_18_5_1_412017e_1552399189114_845919_62580"/><documentation humanName="Documentation"/><map><area isNotContentShape="false" name="Property" refid="_18_5_1_412017e_1552399219710_721864_62698" shape="rect" type="0"><point x="1160" y="876"/><point x="1204" y="876"/><point x="1204" y="920"/><point x="1160" y="920"/></area><area isNotContentShape="false" name="Property" refid="_18_5_1_412017e_1552399222874_40777_62724" shape="rect" type="0"><point x="1160" y="1592"/><point x="1204" y="1592"/><point x="1204" y="1636"/><point x="1160" y="1636"/></area><area isNotContentShape="false" name="Reference Property producedBy" refid="_18_5_1_412017e_1563369637763_628770_21414" shape="rect" type="0"><point x="1160" y="1352"/><point x="1204" y="1352"/><point x="1204" y="1396"/><point x="1160" y="1396"/></area><area isNotContentShape="false" name="Reference Property consumedBy" refid="_18_5_1_412017e_1563369652447_38498_21437" shape="rect" type="0"><point x="1160" y="1060"/><point x="1204" y="1060"/><point x="1204" y="1104"/><point x="1160" y="1104"/></area><area isNotContentShape="false" name="Property instance" refid="_18_5_1_412017e_1570125371795_405496_23093" shape="rect" type="0"><point x="2828" y="1004"/><point x="2872" y="1004"/><point x="2872" y="1048"/><point x="2828" y="1048"/></area><area isNotContentShape="false" name="Part Property component" refid="_18_4_1_412017e_1480431753998_457015_23127" shape="rect" type="0"><point x="2828" y="1424"/><point x="2872" y="1424"/><point x="2872" y="1468"/><point x="2828" y="1468"/></area><area isNotContentShape="false" name="Flow Property inputs" refid="_18_5_1_412017e_1516804276976_159477_35115" shape="rect" type="0"><point x="1752" y="876"/><point x="1796" y="876"/><point x="1796" y="920"/><point x="1752" y="920"/></area><area isNotContentShape="false" name="Flow Property outputs" refid="_18_5_1_412017e_1516804357021_942548_35124" shape="rect" type="0"><point x="1752" y="1592"/><point x="1796" y="1592"/><point x="1796" y="1636"/><point x="1752" y="1636"/></area><area isNotContentShape="false" name="Reference Property produces" refid="_18_5_1_412017e_1552326004774_512809_60599" shape="rect" type="0"><point x="1752" y="1352"/><point x="1796" y="1352"/><point x="1796" y="1396"/><point x="1752" y="1396"/></area><area isNotContentShape="false" name="Reference Property consumes" refid="_18_5_1_412017e_1552326045705_830137_60604" shape="rect" type="0"><point x="1752" y="1060"/><point x="1796" y="1060"/><point x="1796" y="1104"/><point x="1752" y="1104"/></area><area isNotContentShape="false" name="Reference Property type" refid="_18_5_1_412017e_1569952203087_429196_21805" shape="rect" type="0"><point x="3152" y="1004"/><point x="3196" y="1004"/><point x="3196" y="1048"/><point x="3152" y="1048"/></area><area isNotContentShape="false" name="Property parentCommodity" refid="_18_4_1_412017e_1480431753998_31069_23128" shape="rect" type="0"><point x="2600" y="1708"/><point x="2644" y="1708"/><point x="2644" y="1752"/><point x="2600" y="1752"/></area><area isNotContentShape="false" name="Reference Property type" refid="_18_5_1_412017e_1569952203087_429196_21805" shape="rect" type="0"><point x="3076" y="960"/><point x="3184" y="960"/><point x="3184" y="1016"/><point x="3076" y="1016"/></area><area isNotContentShape="false" name="Flow Property inputs" refid="_18_5_1_412017e_1516804276976_159477_35115" shape="rect" type="0"><point x="1640" y="832"/><point x="1784" y="832"/><point x="1784" y="888"/><point x="1640" y="888"/></area><area isNotContentShape="false" name="Flow Property outputs" refid="_18_5_1_412017e_1516804357021_942548_35124" shape="rect" type="0"><point x="1608" y="1548"/><point x="1784" y="1548"/><point x="1784" y="1604"/><point x="1608" y="1604"/></area><area isNotContentShape="false" name="Property instance" refid="_18_5_1_412017e_1570125371795_405496_23093" shape="rect" type="0"><point x="2840" y="960"/><point x="3036" y="960"/><point x="3036" y="1016"/><point x="2840" y="1016"/></area><area isNotContentShape="false" name="Reference Property produces" refid="_18_5_1_412017e_1552326004774_512809_60599" shape="rect" type="0"><point x="1568" y="1308"/><point x="1784" y="1308"/><point x="1784" y="1364"/><point x="1568" y="1364"/></area><area isNotContentShape="false" name="Reference Property consumes" refid="_18_5_1_412017e_1552326045705_830137_60604" shape="rect" type="0"><point x="1548" y="1016"/><point x="1784" y="1016"/><point x="1784" y="1072"/><point x="1548" y="1072"/></area><area isNotContentShape="false" name="Part Property component" refid="_18_4_1_412017e_1480431753998_457015_23127" shape="rect" type="0"><point x="2840" y="1380"/><point x="3100" y="1380"/><point x="3100" y="1436"/><point x="2840" y="1436"/></area><area isNotContentShape="false" name="Reference Property producedBy" refid="_18_5_1_412017e_1563369637763_628770_21414" shape="rect" type="0"><point x="1172" y="1308"/><point x="1452" y="1308"/><point x="1452" y="1364"/><point x="1172" y="1364"/></area><area isNotContentShape="false" name="Reference Property consumedBy" refid="_18_5_1_412017e_1563369652447_38498_21437" shape="rect" type="0"><point x="1172" y="1016"/><point x="1472" y="1016"/><point x="1472" y="1072"/><point x="1172" y="1072"/></area><area isNotContentShape="false" name="Property parentCommodity" refid="_18_4_1_412017e_1480431753998_31069_23128" shape="rect" type="0"><point x="2192" y="1768"/><point x="2612" y="1768"/><point x="2612" y="1824"/><point x="2192" y="1824"/></area><area isNotContentShape="false" name="Generalization" refid="_18_5_1_412017e_1550600005241_760753_31949" shape="poly" type="0"><point x="2260" y="616"/><point x="2260" y="780"/><point x="2252" y="788"/><point x="2252" y="624"/></area><area isNotContentShape="false" name="Association" refid="_18_5_1_412017e_1570125371795_794582_23092" shape="poly" type="0"><point x="2832" y="1020"/><point x="3196" y="1020"/><point x="3188" y="1028"/><point x="2824" y="1028"/></area><area isNotContentShape="false" name="Generalization" refid="_18_5_1_412017e_1570104585441_604150_22535" shape="poly" type="0"><point x="3436" y="528"/><point x="3436" y="948"/><point x="3428" y="956"/><point x="3428" y="536"/></area><area isNotContentShape="false" name="Association" refid="_18_4_1_412017e_1480431753998_649371_23126" shape="poly" type="0"><point x="2832" y="1440"/><point x="3028" y="1440"/><point x="3028" y="1860"/><point x="2624" y="1860"/><point x="2624" y="1704"/><point x="2616" y="1712"/><point x="2616" y="1868"/><point x="3020" y="1868"/><point x="3020" y="1448"/><point x="2824" y="1448"/></area><area isNotContentShape="false" name="Generalization" refid="_18_5_1_412017e_1570016417667_508987_22157" shape="poly" type="0"><point x="2604" y="444"/><point x="3168" y="444"/><point x="3160" y="452"/><point x="2596" y="452"/></area><area isNotContentShape="false" name="Association" refid="_18_5_1_412017e_1552399219709_520238_62697" shape="poly" type="0"><point x="1164" y="892"/><point x="1796" y="892"/><point x="1788" y="900"/><point x="1156" y="900"/></area><area isNotContentShape="false" name="Association" refid="_18_5_1_412017e_1552399222874_296484_62723" shape="poly" type="0"><point x="1164" y="1608"/><point x="1796" y="1608"/><point x="1788" y="1616"/><point x="1156" y="1616"/></area><area isNotContentShape="false" name="Association" refid="_18_5_1_412017e_1563369637758_991226_21413" shape="poly" type="0"><point x="1164" y="1368"/><point x="1796" y="1368"/><point x="1788" y="1376"/><point x="1156" y="1376"/></area><area isNotContentShape="false" name="Association" refid="_18_5_1_412017e_1563369652447_361629_21436" shape="poly" type="0"><point x="1164" y="1076"/><point x="1796" y="1076"/><point x="1788" y="1084"/><point x="1156" y="1084"/></area><area isNotContentShape="false" name="Block ReflectiveObject" refid="_18_5_1_412017e_1570104543410_767325_22533" shape="rect" type="0"><point x="3164" y="392"/><point x="3640" y="392"/><point x="3640" y="536"/><point x="3164" y="536"/></area><area isNotContentShape="false" name="Block CommodityType" refid="_18_5_1_412017e_1569952121489_428624_21797" shape="rect" type="0"><point x="3192" y="952"/><point x="3756" y="952"/><point x="3756" y="1208"/><point x="3192" y="1208"/></area><area isNotContentShape="false" name="Value Property instanceID" refid="_18_5_1_412017e_1550599541005_792237_31606" shape="rect" type="0"><point x="1972" y="388"/><point x="2592" y="388"/><point x="2592" y="444"/><point x="1972" y="444"/></area><area isNotContentShape="false" name="Value Property typeID" refid="_18_5_1_412017e_1550599573275_888863_31610" shape="rect" type="0"><point x="1972" y="440"/><point x="2592" y="440"/><point x="2592" y="496"/><point x="1972" y="496"/></area><area isNotContentShape="false" name="Value Property label" refid="_18_4_1_412017e_1480428452786_373509_22094" shape="rect" type="0"><point x="1972" y="492"/><point x="2592" y="492"/><point x="2592" y="548"/><point x="1972" y="548"/></area><area isNotContentShape="false" name="Value Property measure" refid="_18_4_1_412017e_1490186121808_887895_33128" shape="rect" type="0"><point x="1972" y="544"/><point x="2592" y="544"/><point x="2592" y="600"/><point x="1972" y="600"/></area><area isNotContentShape="false" name="Block IdentifiableElement" refid="_18_5_1_412017e_1550599419049_374663_31602" shape="rect" type="0"><point x="1960" y="196"/><point x="2604" y="196"/><point x="2604" y="624"/><point x="1960" y="624"/></area><area isNotContentShape="false" name="Reference Property flowingIn" refid="_18_5_1_412017e_1563369926860_988225_21498" shape="rect" type="0"><point x="1804" y="976"/><point x="2820" y="976"/><point x="2820" y="1032"/><point x="1804" y="1032"/></area><area isNotContentShape="false" name="Value Property instanceID" refid="_18_5_1_412017e_1550599541005_792237_31606" shape="rect" type="0"><point x="1804" y="1104"/><point x="2820" y="1104"/><point x="2820" y="1160"/><point x="1804" y="1160"/></area><area isNotContentShape="false" name="Value Property label" refid="_18_4_1_412017e_1480428452786_373509_22094" shape="rect" type="0"><point x="1804" y="1156"/><point x="2820" y="1156"/><point x="2820" y="1212"/><point x="1804" y="1212"/></area><area isNotContentShape="false" name="Value Property measure" refid="_18_4_1_412017e_1490186121808_887895_33128" shape="rect" type="0"><point x="1804" y="1208"/><point x="2820" y="1208"/><point x="2820" y="1264"/><point x="1804" y="1264"/></area><area isNotContentShape="false" name="Value Property typeID" refid="_18_5_1_412017e_1570556303289_36837_24013" shape="rect" type="0"><point x="1804" y="1260"/><point x="2820" y="1260"/><point x="2820" y="1316"/><point x="1804" y="1316"/></area><area isNotContentShape="false" name="Value Property state" refid="_18_4_1_412017e_1480431646482_860258_23087" shape="rect" type="0"><point x="1804" y="1312"/><point x="2820" y="1312"/><point x="2820" y="1368"/><point x="1804" y="1368"/></area><area isNotContentShape="false" name="Reference Property currentlyFlowingThrough" refid="_18_5_1_412017e_1555502817608_748608_23754" shape="rect" type="0"><point x="124" y="976"/><point x="1152" y="976"/><point x="1152" y="1032"/><point x="124" y="1032"/></area><area isNotContentShape="false" name="Reference Property productionType" refid="_18_5_1_412017e_1569952454125_964807_21841" shape="rect" type="0"><point x="124" y="1028"/><point x="1152" y="1028"/><point x="1152" y="1084"/><point x="124" y="1084"/></area><area isNotContentShape="false" name="Reference Property consumptionType" refid="_18_5_1_412017e_1569952554947_172805_21848" shape="rect" type="0"><point x="124" y="1080"/><point x="1152" y="1080"/><point x="1152" y="1136"/><point x="124" y="1136"/></area><area isNotContentShape="false" name="Block Commodity" refid="_18_4_1_412017e_1480431603356_207384_23063" shape="rect" type="0"><point x="1792" y="784"/><point x="2832" y="784"/><point x="2832" y="1712"/><point x="1792" y="1712"/></area><area isNotContentShape="false" name="Block FlowNetwork" refid="_18_4_1_412017e_1480430023770_307416_22716" shape="rect" type="0"><point x="112" y="784"/><point x="1164" y="784"/><point x="1164" y="1712"/><point x="112" y="1712"/></area></map><name humanName="Name" mode="s,e">Commodity</name><namespace classType="Model" humanName="Namespace" humanType="Model" icon="CommodityFlowNetwork_files/icon_model_62531940.svg" name="CommodityFlowNetwork" refid="_18_4_1_412017e_1480428197145_536891_21458"/><ownedElement humanName="Owned Element"><instancespecification classType="InstanceSpecification" humanType="Instance Specification" icon="CommodityFlowNetwork_files/icon_instancespecification_13643661.svg" name=" : UML Standard Profile::MagicDraw Profile::DiagramInfo, UML Standard Profile::MagicDraw Profile::complete" refid="_18_5_1_412017e_1552399189114_845919_62580"/></ownedElement><owner classType="Model" humanName="Owner" humanType="Model" icon="CommodityFlowNetwork_files/icon_model_62531940.svg" mode="s,e" name="CommodityFlowNetwork" refid="_18_4_1_412017e_1480428197145_536891_21458"/><ownerOfDiagram classType="Model" humanName="Owner Of Diagram" humanType="Model" icon="CommodityFlowNetwork_files/icon_model_62531940.svg" name="CommodityFlowNetwork" refid="_18_4_1_412017e_1480428197145_536891_21458"/><qualifiedName humanName="Qualified Name" mode="e">CommodityFlowNetwork::Commodity</qualifiedName><TO_DO humanName="To Do" mode="s,e"/><DIAGRAM_TYPE_DERIVED_PROPERTY humanName="Type">SysML Block Definition Diagram</DIAGRAM_TYPE_DERIVED_PROPERTY><visibility humanName="Visibility">public</visibility></diagram></magicdraw>