<?xml version="1.0" encoding="UTF-8"?><magicdraw><instancespecification classType="InstanceSpecification" humanType="Instance Specification" icon="CommodityFlowNetwork_files/icon_instancespecification_777113684.svg" id="_18_5_1_412017e_1513298909293_461487_39641"><classifier humanName="Classifier" mode="s,e"><stereotype classType="Stereotype" humanType="Stereotype" icon="CommodityFlowNetwork_files/icon_stereotype_1143585954.svg" name="AdjunctProperty" refid="_17_0_5beta_17530432_1382595829800_90522_13318"/></classifier><documentation humanName="Documentation"/><name humanName="Name" mode="s,e"/><ownedElement humanName="Owned Element"><slot classType="Slot" humanType="Slot" icon="CommodityFlowNetwork_files/icon_slot_2082309497.svg" refid="_18_5_1_412017e_1586193195240_439891_7358"/></ownedElement><owner classType="Property" humanName="Owner" humanType="Adjunct Property" icon="CommodityFlowNetwork_files/icon_adjunctproperty_1143585954.svg" mode="s,e" name="edge" refid="_18_5_1_412017e_1513190219530_869897_37060"/><qualifiedName humanName="Qualified Name" mode="e">CommodityFlowNetwork::Network::edge::</qualifiedName><slot humanName="Slot"><slot classType="Slot" humanType="Slot" icon="CommodityFlowNetwork_files/icon_slot_2082309497.svg" refid="_18_5_1_412017e_1586193195240_439891_7358"/></slot><stereotypedElement classType="Property" humanName="Stereotyped Element" humanType="Adjunct Property" icon="CommodityFlowNetwork_files/icon_adjunctproperty_1143585954.svg" name="edge" refid="_18_5_1_412017e_1513190219530_869897_37060"/><TO_DO humanName="To Do" mode="s,e"/><visibility humanName="Visibility">public</visibility></instancespecification></magicdraw>