<?xml version="1.0" encoding="UTF-8"?><magicdraw><literalunlimitednatural classType="LiteralUnlimitedNatural" humanType="Literal Unlimited Natural" icon="CommodityFlowNetwork_files/icon_literalunlimitednatural_43931884.svg" id="_18_4_1_412017e_1480431792062_286578_23242"><documentation humanName="Documentation"/><name humanName="Name"/><owner classType="Property" humanName="Owner" humanType="Part Property" icon="CommodityFlowNetwork_files/icon_partproperty_1926583019.svg" mode="e" name="component" refid="_18_4_1_412017e_1480431753998_457015_23127"/><owningUpper classType="Property" humanName="Owning Upper" humanType="Part Property" icon="CommodityFlowNetwork_files/icon_partproperty_1926583019.svg" name="component" refid="_18_4_1_412017e_1480431753998_457015_23127"/><qualifiedName humanName="Qualified Name">CommodityFlowNetwork::Commodity::component::</qualifiedName><text humanName="Text" mode="standard">*</text><TO_DO humanName="To Do"/><TYPE_MODIFIER humanName="Type Modifier"/><value humanName="Value" mode="s,e">-1</value><visibility humanName="Visibility">public</visibility></literalunlimitednatural></magicdraw>