<?xml version="1.0" encoding="UTF-8"?><magicdraw><referenceproperty classType="Property" humanType="Reference Property" icon="CommodityFlowNetwork_files/icon_referenceproperty_879942551.svg" id="_18_4_1_412017e_1480449704985_231240_25973"><aggregation humanName="Aggregation" mode="s,e">none</aggregation><APPLIED_STEREOTYPES humanName="Applied Stereotype" mode="s,e"><stereotype classType="Stereotype" humanType="Stereotype" icon="CommodityFlowNetwork_files/icon_stereotype_879942551.svg" name="ReferenceProperty" refid="_15_0_be00301_1199378032543_992832_3096"/></APPLIED_STEREOTYPES><appliedStereotype humanName="Applied Stereotype" mode="s,e"><stereotype classType="Stereotype" humanType="Stereotype" icon="CommodityFlowNetwork_files/icon_stereotype_879942551.svg" name="ReferenceProperty" refid="_15_0_be00301_1199378032543_992832_3096"><property classType="Property" humanName="Base_ Element" humanType="Property" icon="CommodityFlowNetwork_files/icon_property_1353393023.svg" name="base_Element" refid="_10_0EAPbeta_be00301_1123081772098_411862_275"/><property classType="Property" humanName="Base_ Property" humanType="Property" icon="CommodityFlowNetwork_files/icon_property_1353393023.svg" name="base_Property" refid="_15_0_be00301_1199377823726_427483_2897"/><property classType="Property" humanName="Base_ Property" humanType="Property" icon="CommodityFlowNetwork_files/icon_property_1353393023.svg" name="base_Property" refid="_11_5EAPbeta_be00301_1147424449672_715796_1055"/><property classType="Property" humanName="Base_ Property" humanType="Property" icon="CommodityFlowNetwork_files/icon_property_1353393023.svg" name="base_Property" refid="_15_0_be00301_1199378034525_138530_3099"/></stereotype></appliedStereotype><appliedStereotypeInstance classType="InstanceSpecification" humanName="Applied Stereotype Instance" humanType="Instance Specification" icon="CommodityFlowNetwork_files/icon_instancespecification_13643661.svg" name=" : MD Customization for SysML::additional_stereotypes::ReferenceProperty" refid="_18_5_1_412017e_1571854918523_635272_24737"/><association classType="Association" humanName="Association" humanType="Association" icon="CommodityFlowNetwork_files/icon_association_1091860900.svg" isRelationship="true" name="Association[parentProcessNetwork:CommodityFlowNetwork::ProcessNetwork - processNode:CommodityFlowNetwork::ProcessNetwork]" refid="_18_4_1_412017e_1480449704985_415591_25971"/><UMLClass classType="Activity" humanName="Class" humanType="Activity" icon="CommodityFlowNetwork_files/icon_activity_1996581403.svg" name="ProcessNetwork" refid="_18_4_1_412017e_1490794010074_822948_28228"/><classifier classType="Activity" humanName="Classifier" humanType="Activity" icon="CommodityFlowNetwork_files/icon_activity_1996581403.svg" name="ProcessNetwork" refid="_18_4_1_412017e_1490794010074_822948_28228"/><documentation humanName="Documentation"/><effectiveIRI humanName="Effective IRI"/><featuringClassifier classType="Activity" humanName="Featuring Classifier" humanType="Activity" icon="CommodityFlowNetwork_files/icon_activity_1996581403.svg" name="ProcessNetwork" refid="_18_4_1_412017e_1490794010074_822948_28228"/><isComposite humanName="Is Composite">false</isComposite><isDerived humanName="Is Derived" mode="s,e">false</isDerived><isDerivedUnion humanName="Is Derived Union" mode="e">false</isDerivedUnion><isID humanName="Is ID" mode="e">false</isID><isLeaf humanName="Is Leaf">false</isLeaf><isOrdered humanName="Is Ordered" mode="e">false</isOrdered><isReadOnly humanName="Is Read Only" mode="s,e">false</isReadOnly><isStatic humanName="Is Static" mode="s,e">false</isStatic><isUnique humanName="Is Unique" mode="e">true</isUnique><lower humanName="Lower">0</lower><lowerValue classType="LiteralInteger" humanName="Lower Value" humanType="Literal Integer" icon="CommodityFlowNetwork_files/icon_literalinteger_213415401.svg" name="0" refid="_18_4_1_412017e_1480449724640_563474_25992" text="0"/><multiplicity humanName="Multiplicity" mode="s,e">0..1</multiplicity><multiplicity humanName="Multiplicity" mode="s,e">0..1</multiplicity><name humanName="Name" mode="s,e">parentProcessNetwork</name><namespace classType="Activity" humanName="Namespace" humanType="Activity" icon="CommodityFlowNetwork_files/icon_activity_1996581403.svg" name="ProcessNetwork" refid="_18_4_1_412017e_1490794010074_822948_28228"/><navigable humanName="Navigable">true</navigable><opposite classType="Property" humanName="Opposite" humanType="Adjunct Property" icon="CommodityFlowNetwork_files/icon_adjunctproperty_692255053.svg" name="processNode" refid="_18_4_1_412017e_1480449704985_547184_25972"/><ownedBy classType="Activity" humanName="Owned By" humanType="Activity" icon="CommodityFlowNetwork_files/icon_activity_1996581403.svg" name="ProcessNetwork" refid="_18_4_1_412017e_1490794010074_822948_28228"/><ownedElement humanName="Owned Element"><instancespecification classType="InstanceSpecification" humanType="Instance Specification" icon="CommodityFlowNetwork_files/icon_instancespecification_13643661.svg" name=" : MD Customization for SysML::additional_stereotypes::ReferenceProperty" refid="_18_5_1_412017e_1571854918523_635272_24737"/><literalinteger classType="LiteralInteger" humanType="Literal Integer" icon="CommodityFlowNetwork_files/icon_literalinteger_213415401.svg" name="0" refid="_18_4_1_412017e_1480449724640_563474_25992" text="0"/><literalunlimitednatural classType="LiteralUnlimitedNatural" humanType="Literal Unlimited Natural" icon="CommodityFlowNetwork_files/icon_literalunlimitednatural_580911462.svg" name="1" refid="_18_4_1_412017e_1480449724640_405600_25993" text="1"/></ownedElement><owner classType="Activity" humanName="Owner" humanType="Activity" icon="CommodityFlowNetwork_files/icon_activity_1996581403.svg" name="ProcessNetwork" refid="_18_4_1_412017e_1490794010074_822948_28228"/><qualifiedName humanName="Qualified Name" mode="e">CommodityFlowNetwork::ProcessNetwork::parentProcessNetwork</qualifiedName><redefinedElement humanName="Redefined Element"><referenceproperty classType="Property" humanType="Reference Property" icon="CommodityFlowNetwork_files/icon_referenceproperty_879942551.svg" name="parentNetwork" refid="_18_5_1_412017e_1513189146779_560277_36027"/></redefinedElement><redefinedProperty humanName="Redefined Property" mode="e"><referenceproperty classType="Property" humanType="Reference Property" icon="CommodityFlowNetwork_files/icon_referenceproperty_879942551.svg" name="parentNetwork" refid="_18_5_1_412017e_1513189146779_560277_36027"/></redefinedProperty><redefinitionContext humanName="Redefinition Context"><activity classType="Activity" humanType="Activity" icon="CommodityFlowNetwork_files/icon_activity_1996581403.svg" name="ProcessNetwork" refid="_18_4_1_412017e_1490794010074_822948_28228"/></redefinitionContext><TO_DO humanName="To Do" mode="s,e"/><type classType="Activity" humanName="Type" humanType="Activity" icon="CommodityFlowNetwork_files/icon_activity_1996581403.svg" mode="s,e" name="ProcessNetwork" refid="_18_4_1_412017e_1490794010074_822948_28228"/><TYPE_MODIFIER humanName="Type Modifier" mode="e"/><upper humanName="Upper">1</upper><upperValue classType="LiteralUnlimitedNatural" humanName="Upper Value" humanType="Literal Unlimited Natural" icon="CommodityFlowNetwork_files/icon_literalunlimitednatural_580911462.svg" name="1" refid="_18_4_1_412017e_1480449724640_405600_25993" text="1"/><visibility humanName="Visibility" mode="e">public</visibility><appearsIn><diagram classType="Diagram" humanType="Diagram" icon="CommodityFlowNetwork_files/icon_SysML Block Definition Diagram_1080813915.svg" name="CommodityFlowNetworkOverview" refid="_18_5_1_412017e_1563536593786_365035_22477"/><diagram classType="Diagram" humanType="Diagram" icon="CommodityFlowNetwork_files/icon_SysML Block Definition Diagram_1080813915.svg" name="ProcessNetwork" refid="_18_4_1_412017e_1480448894962_294167_25475"/></appearsIn></referenceproperty></magicdraw>