<?xml version="1.0" encoding="UTF-8"?><magicdraw><property classType="Property" humanType="Property" icon="CommodityFlowNetwork_files/icon_property_1353393023.svg" id="_18_5_1_412017e_1570125371795_405496_23093"><aggregation humanName="Aggregation" mode="s,e">none</aggregation><association classType="Association" humanName="Association" humanType="Association" icon="CommodityFlowNetwork_files/icon_association_866202742.svg" isRelationship="true" name="Association[type:CommodityFlowNetwork::Commodity::CommodityType &lt;- instance:CommodityFlowNetwork::Commodity]" refid="_18_5_1_412017e_1570125371795_794582_23092"/><documentation humanName="Documentation"/><effectiveIRI humanName="Effective IRI"/><featuringClassifier classType="Association" humanName="Featuring Classifier" humanType="Association" icon="CommodityFlowNetwork_files/icon_association_866202742.svg" isRelationship="true" name="Association[type:CommodityFlowNetwork::Commodity::CommodityType &lt;- instance:CommodityFlowNetwork::Commodity]" refid="_18_5_1_412017e_1570125371795_794582_23092"/><isComposite humanName="Is Composite">false</isComposite><isDerived humanName="Is Derived" mode="s,e">false</isDerived><isDerivedUnion humanName="Is Derived Union" mode="e">false</isDerivedUnion><isID humanName="Is ID" mode="e">false</isID><isLeaf humanName="Is Leaf">false</isLeaf><isOrdered humanName="Is Ordered" mode="e">false</isOrdered><isReadOnly humanName="Is Read Only" mode="s,e">false</isReadOnly><isStatic humanName="Is Static" mode="s,e">false</isStatic><isUnique humanName="Is Unique" mode="e">true</isUnique><lower humanName="Lower">0</lower><lowerValue classType="LiteralInteger" humanName="Lower Value" humanType="Literal Integer" icon="CommodityFlowNetwork_files/icon_literalinteger_213415401.svg" name="0" refid="_18_5_1_412017e_1570125396883_736772_23124" text="0"/><multiplicity humanName="Multiplicity" mode="s,e">0..*</multiplicity><multiplicity humanName="Multiplicity" mode="s,e">0..*</multiplicity><name humanName="Name" mode="s,e">instance</name><namespace classType="Association" humanName="Namespace" humanType="Association" icon="CommodityFlowNetwork_files/icon_association_866202742.svg" isRelationship="true" name="Association[type:CommodityFlowNetwork::Commodity::CommodityType &lt;- instance:CommodityFlowNetwork::Commodity]" refid="_18_5_1_412017e_1570125371795_794582_23092"/><navigable humanName="Navigable">false</navigable><opposite classType="Property" humanName="Opposite" humanType="Reference Property" icon="CommodityFlowNetwork_files/icon_referenceproperty_879942551.svg" name="type" refid="_18_5_1_412017e_1569952203087_429196_21805"/><ownedBy classType="Association" humanName="Owned By" humanType="Association" icon="CommodityFlowNetwork_files/icon_association_866202742.svg" isRelationship="true" name="Association[type:CommodityFlowNetwork::Commodity::CommodityType &lt;- instance:CommodityFlowNetwork::Commodity]" refid="_18_5_1_412017e_1570125371795_794582_23092"/><ownedElement humanName="Owned Element"><literalunlimitednatural classType="LiteralUnlimitedNatural" humanType="Literal Unlimited Natural" icon="CommodityFlowNetwork_files/icon_literalunlimitednatural_580911462.svg" name="*" refid="_18_5_1_412017e_1570125396884_234603_23125" text="*"/><literalinteger classType="LiteralInteger" humanType="Literal Integer" icon="CommodityFlowNetwork_files/icon_literalinteger_213415401.svg" name="0" refid="_18_5_1_412017e_1570125396883_736772_23124" text="0"/></ownedElement><owner classType="Association" humanName="Owner" humanType="Association" icon="CommodityFlowNetwork_files/icon_association_866202742.svg" isRelationship="true" name="Association[type:CommodityFlowNetwork::Commodity::CommodityType &lt;- instance:CommodityFlowNetwork::Commodity]" refid="_18_5_1_412017e_1570125371795_794582_23092"/><owningAssociation classType="Association" humanName="Owning Association" humanType="Association" icon="CommodityFlowNetwork_files/icon_association_866202742.svg" isRelationship="true" name="Association[type:CommodityFlowNetwork::Commodity::CommodityType &lt;- instance:CommodityFlowNetwork::Commodity]" refid="_18_5_1_412017e_1570125371795_794582_23092"/><qualifiedName humanName="Qualified Name" mode="e">CommodityFlowNetwork::::instance</qualifiedName><redefinitionContext humanName="Redefinition Context"><association classType="Association" humanType="Association" icon="CommodityFlowNetwork_files/icon_association_866202742.svg" isRelationship="true" name="Association[type:CommodityFlowNetwork::Commodity::CommodityType &lt;- instance:CommodityFlowNetwork::Commodity]" refid="_18_5_1_412017e_1570125371795_794582_23092"/></redefinitionContext><TO_DO humanName="To Do" mode="s,e"/><type classType="Class" humanName="Type" humanType="Block" icon="CommodityFlowNetwork_files/icon_block_517352490.svg" mode="s,e" name="Commodity" refid="_18_4_1_412017e_1480431603356_207384_23063"/><TYPE_MODIFIER humanName="Type Modifier" mode="e"/><upper humanName="Upper">-1</upper><upperValue classType="LiteralUnlimitedNatural" humanName="Upper Value" humanType="Literal Unlimited Natural" icon="CommodityFlowNetwork_files/icon_literalunlimitednatural_580911462.svg" name="*" refid="_18_5_1_412017e_1570125396884_234603_23125" text="*"/><visibility humanName="Visibility" mode="e">private</visibility><appearsIn><diagram classType="Diagram" humanType="Diagram" icon="CommodityFlowNetwork_files/icon_SysML Block Definition Diagram_1080813915.svg" name="Commodity" refid="_18_5_1_412017e_1552399189104_531799_62569"/></appearsIn></property></magicdraw>