<?xml version="1.0" encoding="UTF-8"?><magicdraw><literalinteger classType="LiteralInteger" humanType="Literal Integer" icon="CommodityFlowNetwork_files/icon_literalinteger_213415401.svg" id="_18_5_1_412017e_1571745812536_242516_21882"><documentation humanName="Documentation"/><name humanName="Name"/><owner classType="Property" humanName="Owner" humanType="Property" icon="CommodityFlowNetwork_files/icon_property_1353393023.svg" mode="e" name="parentNetwork" refid="_18_5_1_412017e_1513190219530_486496_37061"/><owningLower classType="Property" humanName="Owning Lower" humanType="Property" icon="CommodityFlowNetwork_files/icon_property_1353393023.svg" name="parentNetwork" refid="_18_5_1_412017e_1513190219530_486496_37061"/><qualifiedName humanName="Qualified Name">CommodityFlowNetwork::NetworkLink::parentNetwork::</qualifiedName><text humanName="Text" mode="standard">1</text><TO_DO humanName="To Do"/><TYPE_MODIFIER humanName="Type Modifier"/><value humanName="Value" mode="s,e">1</value><visibility humanName="Visibility">public</visibility></literalinteger></magicdraw>