<?xml version="1.0" encoding="UTF-8"?><magicdraw><instancespecification classType="InstanceSpecification" humanType="Instance Specification" icon="CommodityFlowNetwork_files/icon_instancespecification_13643661.svg" id="_18_5_1_412017e_1513193951442_733971_38041"><classifier humanName="Classifier" mode="s,e"><stereotype classType="Stereotype" humanType="Stereotype" icon="CommodityFlowNetwork_files/icon_stereotype_334998663.svg" name="ValueProperty" refid="_12_0_be00301_1164123483951_695645_2041"/></classifier><documentation humanName="Documentation"/><name humanName="Name" mode="s,e"/><owner classType="Property" humanName="Owner" humanType="Value Property" icon="CommodityFlowNetwork_files/icon_valueproperty_334998663.svg" mode="s,e" name="grossCapacity" refid="_18_5_1_412017e_1513193951434_287661_38013"/><qualifiedName humanName="Qualified Name" mode="e">CommodityFlowNetwork::FlowNetworkElement::grossCapacity::</qualifiedName><stereotypedElement classType="Property" humanName="Stereotyped Element" humanType="Value Property" icon="CommodityFlowNetwork_files/icon_valueproperty_334998663.svg" name="grossCapacity" refid="_18_5_1_412017e_1513193951434_287661_38013"/><TO_DO humanName="To Do" mode="s,e"/><visibility humanName="Visibility">public</visibility></instancespecification></magicdraw>