<?xml version="1.0" encoding="UTF-8"?><magicdraw><literalinteger classType="LiteralInteger" humanType="Literal Integer" icon="CommodityFlowNetwork_files/icon_literalinteger_795693038.svg" id="_18_5_1_412017e_1513190243722_956912_37110"><documentation humanName="Documentation"/><name humanName="Name"/><owner classType="Property" humanName="Owner" humanType="Adjunct Property" icon="CommodityFlowNetwork_files/icon_adjunctproperty_1143585954.svg" mode="e" name="edge" refid="_18_5_1_412017e_1513190219530_869897_37060"/><owningLower classType="Property" humanName="Owning Lower" humanType="Adjunct Property" icon="CommodityFlowNetwork_files/icon_adjunctproperty_1143585954.svg" name="edge" refid="_18_5_1_412017e_1513190219530_869897_37060"/><qualifiedName humanName="Qualified Name">CommodityFlowNetwork::Network::edge::</qualifiedName><text humanName="Text" mode="standard">0</text><TO_DO humanName="To Do"/><TYPE_MODIFIER humanName="Type Modifier"/><value humanName="Value" mode="s,e">0</value><visibility humanName="Visibility">public</visibility></literalinteger></magicdraw>