<?xml version="1.0" encoding="UTF-8"?><magicdraw><adjunctproperty classType="Property" humanType="Adjunct Property" icon="CommodityFlowNetwork_files/icon_adjunctproperty_1143585954.svg" id="_18_5_1_412017e_1513190219530_869897_37060"><aggregation humanName="Aggregation" mode="s,e">composite</aggregation><APPLIED_STEREOTYPES humanName="Applied Stereotype" mode="s,e"><stereotype classType="Stereotype" humanType="Stereotype" icon="CommodityFlowNetwork_files/icon_stereotype_1143585954.svg" name="AdjunctProperty" refid="_17_0_5beta_17530432_1382595829800_90522_13318"/></APPLIED_STEREOTYPES><appliedStereotype humanName="Applied Stereotype" mode="s,e"><stereotype classType="Stereotype" humanType="Stereotype" icon="CommodityFlowNetwork_files/icon_stereotype_1143585954.svg" name="AdjunctProperty" refid="_17_0_5beta_17530432_1382595829800_90522_13318"><property classType="Property" humanName="Base_ Property" humanType="Property" icon="CommodityFlowNetwork_files/icon_property_1683334053.svg" name="base_Property" refid="_17_0_5beta_17530432_1382596093725_929937_13349"/><property classType="Property" humanName="Principal" humanType="Property" icon="CommodityFlowNetwork_files/icon_property_1683334053.svg" name="principal" refid="_17_0_5beta_17530432_1382596491310_305696_13440"><connector classType="Connector" humanType="Connector" icon="CommodityFlowNetwork_files/icon_connector_43368234.svg" isRelationship="true" name="edge" refid="_18_5_1_412017e_1513264357871_360474_39528"/></property></stereotype></appliedStereotype><appliedStereotypeInstance classType="InstanceSpecification" humanName="Applied Stereotype Instance" humanType="Instance Specification" icon="CommodityFlowNetwork_files/icon_instancespecification_777113684.svg" name=" : SysML::Blocks::AdjunctProperty" refid="_18_5_1_412017e_1513298909293_461487_39641"/><association classType="Association" humanName="Association" humanType="Association" icon="CommodityFlowNetwork_files/icon_association_1938847993.svg" isRelationship="true" name="Association[parentNetwork:CommodityFlowNetwork::Network - edge:CommodityFlowNetwork::NetworkLink]" refid="_18_5_1_412017e_1513190219530_677714_37059"/><UMLClass classType="Class" humanName="Class" humanType="Block" icon="CommodityFlowNetwork_files/icon_block_1211948370.svg" name="Network" refid="_18_4_1_412017e_1480428292021_38215_21493"/><classifier classType="Class" humanName="Classifier" humanType="Block" icon="CommodityFlowNetwork_files/icon_block_1211948370.svg" name="Network" refid="_18_4_1_412017e_1480428292021_38215_21493"/><documentation humanName="Documentation"/><featuringClassifier classType="Class" humanName="Featuring Classifier" humanType="Block" icon="CommodityFlowNetwork_files/icon_block_1211948370.svg" name="Network" refid="_18_4_1_412017e_1480428292021_38215_21493"/><isComposite humanName="Is Composite">true</isComposite><isDerived humanName="Is Derived" mode="s,e">false</isDerived><isDerivedUnion humanName="Is Derived Union" mode="e">false</isDerivedUnion><isID humanName="Is ID" mode="e">false</isID><isLeaf humanName="Is Leaf">false</isLeaf><isOrdered humanName="Is Ordered" mode="e">false</isOrdered><isReadOnly humanName="Is Read Only" mode="s,e">false</isReadOnly><isStatic humanName="Is Static" mode="s,e">false</isStatic><isUnique humanName="Is Unique" mode="e">true</isUnique><lower humanName="Lower">0</lower><lowerValue classType="LiteralInteger" humanName="Lower Value" humanType="Literal Integer" icon="CommodityFlowNetwork_files/icon_literalinteger_795693038.svg" name="0" refid="_18_5_1_412017e_1513190243722_956912_37110" text="0"/><multiplicity humanName="Multiplicity" mode="s,e">0..*</multiplicity><multiplicity humanName="Multiplicity" mode="s,e">0..*</multiplicity><name humanName="Name" mode="s,e">edge</name><namespace classType="Class" humanName="Namespace" humanType="Block" icon="CommodityFlowNetwork_files/icon_block_1211948370.svg" name="Network" refid="_18_4_1_412017e_1480428292021_38215_21493"/><navigable humanName="Navigable">true</navigable><opposite classType="Property" humanName="Opposite" humanType="Property" icon="CommodityFlowNetwork_files/icon_property_1683334053.svg" name="parentNetwork" refid="_18_5_1_412017e_1513190219530_486496_37061"/><ownedBy classType="Class" humanName="Owned By" humanType="Block" icon="CommodityFlowNetwork_files/icon_block_1211948370.svg" name="Network" refid="_18_4_1_412017e_1480428292021_38215_21493"/><ownedElement humanName="Owned Element"><instancespecification classType="InstanceSpecification" humanType="Instance Specification" icon="CommodityFlowNetwork_files/icon_instancespecification_777113684.svg" name=" : SysML::Blocks::AdjunctProperty" refid="_18_5_1_412017e_1513298909293_461487_39641"/><literalunlimitednatural classType="LiteralUnlimitedNatural" humanType="Literal Unlimited Natural" icon="CommodityFlowNetwork_files/icon_literalunlimitednatural_43931884.svg" name="*" refid="_18_5_1_412017e_1513190243722_185256_37111" text="*"/><literalinteger classType="LiteralInteger" humanType="Literal Integer" icon="CommodityFlowNetwork_files/icon_literalinteger_795693038.svg" name="0" refid="_18_5_1_412017e_1513190243722_956912_37110" text="0"/></ownedElement><owner classType="Class" humanName="Owner" humanType="Block" icon="CommodityFlowNetwork_files/icon_block_1211948370.svg" name="Network" refid="_18_4_1_412017e_1480428292021_38215_21493"/><qualifiedName humanName="Qualified Name" mode="e">CommodityFlowNetwork::Network::edge</qualifiedName><redefinitionContext humanName="Redefinition Context"><block classType="Class" humanType="Block" icon="CommodityFlowNetwork_files/icon_block_1211948370.svg" name="Network" refid="_18_4_1_412017e_1480428292021_38215_21493"/></redefinitionContext><TO_DO humanName="To Do" mode="s,e"/><type classType="AssociationClass" humanName="Type" humanType="Block" icon="CommodityFlowNetwork_files/icon_block_1211948370.svg" isRelationship="true" mode="s,e" name="NetworkLink" refid="_18_5_1_412017e_1513190186908_384793_36951"/><TYPE_MODIFIER humanName="Type Modifier" mode="e"/><upper humanName="Upper">-1</upper><upperValue classType="LiteralUnlimitedNatural" humanName="Upper Value" humanType="Literal Unlimited Natural" icon="CommodityFlowNetwork_files/icon_literalunlimitednatural_43931884.svg" name="*" refid="_18_5_1_412017e_1513190243722_185256_37111" text="*"/><visibility humanName="Visibility" mode="e">public</visibility></adjunctproperty></magicdraw>