<?xml version="1.0" encoding="UTF-8"?><magicdraw><activityparameternode classType="ActivityParameterNode" humanType="Activity Parameter Node" icon="CommodityFlowNetwork_files/icon_activityparameternode_419280591.svg" id="_18_5_1_412017e_1526663814535_107097_39255"><activity classType="Activity" humanName="Activity" humanType="Activity" icon="CommodityFlowNetwork_files/icon_activity_1996581403.svg" name="ProcessNetwork" refid="_18_4_1_412017e_1490794010074_822948_28228"/><documentation humanName="Documentation"/><isControlType humanName="Is Control Type" mode="e">false</isControlType><isLeaf humanName="Is Leaf">false</isLeaf><name humanName="Name" mode="s,e">inputItems</name><ordering humanName="Ordering" mode="e">FIFO</ordering><owner classType="Activity" humanName="Owner" humanType="Activity" icon="CommodityFlowNetwork_files/icon_activity_1996581403.svg" mode="s,e" name="ProcessNetwork" refid="_18_4_1_412017e_1490794010074_822948_28228"/><parameter classType="Parameter" humanName="Parameter" humanType="Parameter" icon="CommodityFlowNetwork_files/icon_parameter_1919576980.svg" mode="s,e" name="inputs" refid="_18_5_1_412017e_1526663814487_924785_39254"/><qualifiedName humanName="Qualified Name" mode="e">CommodityFlowNetwork::ProcessNetwork::inputItems</qualifiedName><TO_DO humanName="To Do" mode="s,e"/><type classType="Class" humanName="Type" humanType="Block" icon="CommodityFlowNetwork_files/icon_block_517352490.svg" mode="s,e" name="Commodity" refid="_18_4_1_412017e_1480431603356_207384_23063"/><TYPE_MODIFIER humanName="Type Modifier"/><visibility humanName="Visibility">public</visibility></activityparameternode></magicdraw>