<?xml version="1.0" encoding="UTF-8"?><magicdraw><literalunlimitednatural classType="LiteralUnlimitedNatural" humanType="Literal Unlimited Natural" icon="CommodityFlowNetwork_files/icon_literalunlimitednatural_580911462.svg" id="_18_5_1_412017e_1571747199761_102230_21957"><documentation humanName="Documentation"/><name humanName="Name"/><owner classType="Property" humanName="Owner" humanType="Property" icon="CommodityFlowNetwork_files/icon_property_1353393023.svg" mode="e" name="parentFlowNetwork" refid="_18_5_1_412017e_1513191078481_355001_37792"/><owningUpper classType="Property" humanName="Owning Upper" humanType="Property" icon="CommodityFlowNetwork_files/icon_property_1353393023.svg" name="parentFlowNetwork" refid="_18_5_1_412017e_1513191078481_355001_37792"/><qualifiedName humanName="Qualified Name">CommodityFlowNetwork::FlowNetworkLink::parentFlowNetwork::</qualifiedName><text humanName="Text" mode="standard">1</text><TO_DO humanName="To Do"/><TYPE_MODIFIER humanName="Type Modifier"/><value humanName="Value" mode="s,e">1</value><visibility humanName="Visibility">public</visibility></literalunlimitednatural></magicdraw>