<?xml version="1.0" encoding="UTF-8"?><magicdraw><property classType="Property" humanType="Property" icon="CommodityFlowNetwork_files/icon_property_1353393023.svg" id="_18_5_1_412017e_1552399222874_40777_62724"><aggregation humanName="Aggregation" mode="s,e">none</aggregation><association classType="Association" humanName="Association" humanType="Association" icon="CommodityFlowNetwork_files/icon_association_866202742.svg" isRelationship="true" name="Association[outputs:CommodityFlowNetwork::Commodity &lt;- CommodityFlowNetwork::FlowNetwork]" refid="_18_5_1_412017e_1552399222874_296484_62723"/><documentation humanName="Documentation"/><effectiveIRI humanName="Effective IRI"/><featuringClassifier classType="Association" humanName="Featuring Classifier" humanType="Association" icon="CommodityFlowNetwork_files/icon_association_866202742.svg" isRelationship="true" name="Association[outputs:CommodityFlowNetwork::Commodity &lt;- CommodityFlowNetwork::FlowNetwork]" refid="_18_5_1_412017e_1552399222874_296484_62723"/><isComposite humanName="Is Composite">false</isComposite><isDerived humanName="Is Derived" mode="s,e">false</isDerived><isDerivedUnion humanName="Is Derived Union" mode="e">false</isDerivedUnion><isID humanName="Is ID" mode="e">false</isID><isLeaf humanName="Is Leaf">false</isLeaf><isOrdered humanName="Is Ordered" mode="e">false</isOrdered><isReadOnly humanName="Is Read Only" mode="s,e">false</isReadOnly><isStatic humanName="Is Static" mode="s,e">false</isStatic><isUnique humanName="Is Unique" mode="e">true</isUnique><lower humanName="Lower">1</lower><multiplicity humanName="Multiplicity" mode="s,e"/><multiplicity humanName="Multiplicity" mode="s,e"/><name humanName="Name" mode="s,e"/><namespace classType="Association" humanName="Namespace" humanType="Association" icon="CommodityFlowNetwork_files/icon_association_866202742.svg" isRelationship="true" name="Association[outputs:CommodityFlowNetwork::Commodity &lt;- CommodityFlowNetwork::FlowNetwork]" refid="_18_5_1_412017e_1552399222874_296484_62723"/><navigable humanName="Navigable">false</navigable><opposite classType="Property" humanName="Opposite" humanType="Flow Property" icon="CommodityFlowNetwork_files/icon_flowproperty_482334932.svg" name="outputs" refid="_18_5_1_412017e_1516804357021_942548_35124"/><ownedBy classType="Association" humanName="Owned By" humanType="Association" icon="CommodityFlowNetwork_files/icon_association_866202742.svg" isRelationship="true" name="Association[outputs:CommodityFlowNetwork::Commodity &lt;- CommodityFlowNetwork::FlowNetwork]" refid="_18_5_1_412017e_1552399222874_296484_62723"/><owner classType="Association" humanName="Owner" humanType="Association" icon="CommodityFlowNetwork_files/icon_association_866202742.svg" isRelationship="true" name="Association[outputs:CommodityFlowNetwork::Commodity &lt;- CommodityFlowNetwork::FlowNetwork]" refid="_18_5_1_412017e_1552399222874_296484_62723"/><owningAssociation classType="Association" humanName="Owning Association" humanType="Association" icon="CommodityFlowNetwork_files/icon_association_866202742.svg" isRelationship="true" name="Association[outputs:CommodityFlowNetwork::Commodity &lt;- CommodityFlowNetwork::FlowNetwork]" refid="_18_5_1_412017e_1552399222874_296484_62723"/><qualifiedName humanName="Qualified Name" mode="e">CommodityFlowNetwork::::</qualifiedName><redefinitionContext humanName="Redefinition Context"><association classType="Association" humanType="Association" icon="CommodityFlowNetwork_files/icon_association_866202742.svg" isRelationship="true" name="Association[outputs:CommodityFlowNetwork::Commodity &lt;- CommodityFlowNetwork::FlowNetwork]" refid="_18_5_1_412017e_1552399222874_296484_62723"/></redefinitionContext><TO_DO humanName="To Do" mode="s,e"/><type classType="Class" humanName="Type" humanType="Block" icon="CommodityFlowNetwork_files/icon_block_517352490.svg" mode="s,e" name="FlowNetwork" refid="_18_4_1_412017e_1480430023770_307416_22716"/><TYPE_MODIFIER humanName="Type Modifier" mode="e"/><upper humanName="Upper">1</upper><visibility humanName="Visibility" mode="e">private</visibility><appearsIn><diagram classType="Diagram" humanType="Diagram" icon="CommodityFlowNetwork_files/icon_SysML Block Definition Diagram_1080813915.svg" name="Commodity" refid="_18_5_1_412017e_1552399189104_531799_62569"/></appearsIn></property></magicdraw>