<?xml version="1.0" encoding="UTF-8"?><magicdraw><diagram classType="Diagram" diagramType="SysML Block Definition Diagram" height="301" humanType="Diagram" icon="CommodityFlowNetwork_files/icon_SysML Block Definition Diagram_1080813915.svg" id="_18_5_1_412017e_1583765623101_48127_15113" src="CommodityFlowNetwork_files/_18_5_1_412017e_1583765623101_48127_15113.svg" width="615"><APPLIED_STEREOTYPES humanName="Applied Stereotype" mode="s,e"><stereotype classType="Stereotype" humanType="Stereotype" icon="CommodityFlowNetwork_files/icon_stereotype_918307166.svg" name="complete" refid="_19_0_1_8ca0285_1532415865804_574455_4606"/><stereotype classType="Stereotype" humanType="Stereotype" icon="CommodityFlowNetwork_files/icon_stereotype_918307166.svg" name="DiagramInfo" refid="_9_0_be00301_1108044380615_150487_0"/></APPLIED_STEREOTYPES><appliedStereotype humanName="Applied Stereotype" mode="s,e"><stereotype classType="Stereotype" humanType="Stereotype" icon="CommodityFlowNetwork_files/icon_stereotype_918307166.svg" name="complete" refid="_19_0_1_8ca0285_1532415865804_574455_4606"><property classType="Property" humanName="Base_ Diagram" humanType="Property" icon="CommodityFlowNetwork_files/icon_property_1353393023.svg" name="base_Diagram" refid="_19_0_1_8ca0285_1532415878123_281673_4613"/></stereotype><stereotype classType="Stereotype" humanType="Stereotype" icon="CommodityFlowNetwork_files/icon_stereotype_918307166.svg" name="DiagramInfo" refid="_9_0_be00301_1108044380615_150487_0"><property classType="Property" humanName="Author" humanType="Property" icon="CommodityFlowNetwork_files/icon_property_1353393023.svg" name="Author" refid="_be00301_1077726770128_871366_1"><String>tas5</String></property><property classType="Property" humanName="Base_ Diagram" humanType="Property" icon="CommodityFlowNetwork_files/icon_property_1353393023.svg" name="base_Diagram" refid="_10_0EAPbeta_be00301_1123081772498_901864_356"/><property classType="Property" humanName="Base_ Element" humanType="Property" icon="CommodityFlowNetwork_files/icon_property_1353393023.svg" name="base_Element" refid="_10_0EAPbeta_be00301_1123081772098_411862_275"/><property classType="Property" humanName="Creation Date" humanType="Property" icon="CommodityFlowNetwork_files/icon_property_1353393023.svg" name="Creation date" refid="_be00301_1073306188629_537791_2"><String>3/9/20 10:53 AM</String></property><property classType="Property" humanName="Last modified by" humanType="Property" icon="CommodityFlowNetwork_files/icon_property_1353393023.svg" name="Last modified by" refid="_16_8beta_8ca0285_1257244649124_794756_344"><String>tas5</String></property><property classType="Property" humanName="Modification Date" humanType="Property" icon="CommodityFlowNetwork_files/icon_property_1353393023.svg" name="Modification date" refid="_be00301_1073394345322_922552_1"><String>6/16/20 1:18 PM</String></property></stereotype></appliedStereotype><appliedStereotypeInstance classType="InstanceSpecification" humanName="Applied Stereotype Instance" humanType="Instance Specification" icon="CommodityFlowNetwork_files/icon_instancespecification_13643661.svg" name=" : UML Standard Profile::MagicDraw Profile::DiagramInfo, UML Standard Profile::MagicDraw Profile::complete" refid="_18_5_1_412017e_1583765623145_818939_15125"/><documentation humanName="Documentation"/><map><area isNotContentShape="false" name="Adjunct Property processNode" refid="_18_4_1_412017e_1480449704985_547184_25972" shape="rect" type="0"><point x="208" y="404"/><point x="1268" y="404"/><point x="1268" y="460"/><point x="208" y="460"/></area><area isNotContentShape="false" name="Adjunct Property sequencing" refid="_18_5_1_412017e_1513345350822_523426_40055" shape="rect" type="0"><point x="208" y="456"/><point x="1268" y="456"/><point x="1268" y="512"/><point x="208" y="512"/></area><area isNotContentShape="false" name="Value Property expectedServiceTime" refid="_18_5_1_412017e_1571407483304_517857_24990" shape="rect" type="0"><point x="208" y="508"/><point x="1268" y="508"/><point x="1268" y="564"/><point x="208" y="564"/></area><area isNotContentShape="false" name="Value Property concurrentProcessingCapacity" refid="_18_5_1_412017e_1535991327055_899862_75849" shape="rect" type="0"><point x="208" y="560"/><point x="1268" y="560"/><point x="1268" y="616"/><point x="208" y="616"/></area><area isNotContentShape="false" name="Value Property storageCapacity" refid="_18_5_1_412017e_1535991334448_279546_75853" shape="rect" type="0"><point x="208" y="612"/><point x="1268" y="612"/><point x="1268" y="668"/><point x="208" y="668"/></area><area isNotContentShape="false" name="Value Property arrivalRate" refid="_18_5_1_412017e_1555504196349_471525_23860" shape="rect" type="0"><point x="208" y="664"/><point x="1268" y="664"/><point x="1268" y="720"/><point x="208" y="720"/></area><area isNotContentShape="false" name="Value Property departureRate" refid="_18_5_1_412017e_1555504204243_519625_23868" shape="rect" type="0"><point x="208" y="716"/><point x="1268" y="716"/><point x="1268" y="772"/><point x="208" y="772"/></area><area isNotContentShape="false" name="Value Property utilization" refid="_18_5_1_412017e_1535991278696_822334_75829" shape="rect" type="0"><point x="208" y="768"/><point x="1268" y="768"/><point x="1268" y="824"/><point x="208" y="824"/></area><area isNotContentShape="false" name="Value Property throughput" refid="_18_5_1_412017e_1535991289352_802115_75833" shape="rect" type="0"><point x="208" y="820"/><point x="1268" y="820"/><point x="1268" y="876"/><point x="208" y="876"/></area><area isNotContentShape="false" name="Value Property averageServiceTime" refid="_18_5_1_412017e_1535991295505_14006_75837" shape="rect" type="0"><point x="208" y="872"/><point x="1268" y="872"/><point x="1268" y="928"/><point x="208" y="928"/></area><area isNotContentShape="false" name="Value Property averageWaitingTime" refid="_18_5_1_412017e_1535991307110_247878_75841" shape="rect" type="0"><point x="208" y="924"/><point x="1268" y="924"/><point x="1268" y="980"/><point x="208" y="980"/></area><area isNotContentShape="false" name="Value Property averageQueueLength" refid="_18_5_1_412017e_1535991317037_887929_75845" shape="rect" type="0"><point x="208" y="976"/><point x="1268" y="976"/><point x="1268" y="1032"/><point x="208" y="1032"/></area><area isNotContentShape="false" name="Value Property averageSystemTime" refid="_18_5_1_412017e_1551969778617_81505_59654" shape="rect" type="0"><point x="208" y="1028"/><point x="1268" y="1028"/><point x="1268" y="1084"/><point x="208" y="1084"/></area><area isNotContentShape="false" name="Activity ProcessNetwork" refid="_18_4_1_412017e_1490794010074_822948_28228" shape="rect" type="0"><point x="196" y="252"/><point x="1280" y="252"/><point x="1280" y="1108"/><point x="196" y="1108"/></area></map><name humanName="Name" mode="s,e">ProcessNetwork_simple</name><namespace classType="Model" humanName="Namespace" humanType="Model" icon="CommodityFlowNetwork_files/icon_model_62531940.svg" name="CommodityFlowNetwork" refid="_18_4_1_412017e_1480428197145_536891_21458"/><ownedElement humanName="Owned Element"><instancespecification classType="InstanceSpecification" humanType="Instance Specification" icon="CommodityFlowNetwork_files/icon_instancespecification_13643661.svg" name=" : UML Standard Profile::MagicDraw Profile::DiagramInfo, UML Standard Profile::MagicDraw Profile::complete" refid="_18_5_1_412017e_1583765623145_818939_15125"/></ownedElement><owner classType="Model" humanName="Owner" humanType="Model" icon="CommodityFlowNetwork_files/icon_model_62531940.svg" mode="s,e" name="CommodityFlowNetwork" refid="_18_4_1_412017e_1480428197145_536891_21458"/><ownerOfDiagram classType="Model" humanName="Owner Of Diagram" humanType="Model" icon="CommodityFlowNetwork_files/icon_model_62531940.svg" name="CommodityFlowNetwork" refid="_18_4_1_412017e_1480428197145_536891_21458"/><qualifiedName humanName="Qualified Name" mode="e">CommodityFlowNetwork::ProcessNetwork_simple</qualifiedName><TO_DO humanName="To Do" mode="s,e"/><DIAGRAM_TYPE_DERIVED_PROPERTY humanName="Type">SysML Block Definition Diagram</DIAGRAM_TYPE_DERIVED_PROPERTY><visibility humanName="Visibility">public</visibility></diagram></magicdraw>