<?xml version="1.0" encoding="UTF-8"?><magicdraw><literalinteger classType="LiteralInteger" humanType="Literal Integer" icon="CommodityFlowNetwork_files/icon_literalinteger_795693038.svg" id="_18_5_1_412017e_1516804313210_975966_35122"><documentation humanName="Documentation"/><name humanName="Name"/><owner classType="Property" humanName="Owner" humanType="Flow Property" icon="CommodityFlowNetwork_files/icon_flowproperty_619798801.svg" mode="e" name="inputs" refid="_18_5_1_412017e_1516804276976_159477_35115"/><owningLower classType="Property" humanName="Owning Lower" humanType="Flow Property" icon="CommodityFlowNetwork_files/icon_flowproperty_619798801.svg" name="inputs" refid="_18_5_1_412017e_1516804276976_159477_35115"/><qualifiedName humanName="Qualified Name">CommodityFlowNetwork::FlowNetwork::inputs::</qualifiedName><text humanName="Text" mode="standard">0</text><TO_DO humanName="To Do"/><TYPE_MODIFIER humanName="Type Modifier"/><value humanName="Value" mode="s,e">0</value><visibility humanName="Visibility">public</visibility></literalinteger></magicdraw>