<?xml version="1.0" encoding="UTF-8"?><magicdraw><adjunctproperty classType="Property" humanType="Adjunct Property" icon="CommodityFlowNetwork_files/icon_adjunctproperty_1143585954.svg" id="_18_5_1_412017e_1513345350822_523426_40055"><aggregation humanName="Aggregation" mode="s,e">composite</aggregation><APPLIED_STEREOTYPES humanName="Applied Stereotype" mode="s,e"><stereotype classType="Stereotype" humanType="Stereotype" icon="CommodityFlowNetwork_files/icon_stereotype_1143585954.svg" name="AdjunctProperty" refid="_17_0_5beta_17530432_1382595829800_90522_13318"/></APPLIED_STEREOTYPES><appliedStereotype humanName="Applied Stereotype" mode="s,e"><stereotype classType="Stereotype" humanType="Stereotype" icon="CommodityFlowNetwork_files/icon_stereotype_1143585954.svg" name="AdjunctProperty" refid="_17_0_5beta_17530432_1382595829800_90522_13318"><property classType="Property" humanName="Base_ Property" humanType="Property" icon="CommodityFlowNetwork_files/icon_property_1683334053.svg" name="base_Property" refid="_17_0_5beta_17530432_1382596093725_929937_13349"/><property classType="Property" humanName="Principal" humanType="Property" icon="CommodityFlowNetwork_files/icon_property_1683334053.svg" name="principal" refid="_17_0_5beta_17530432_1382596491310_305696_13440"><connector classType="Connector" humanType="Connector" icon="CommodityFlowNetwork_files/icon_connector_43368234.svg" isRelationship="true" name="sequencing" refid="_18_5_1_412017e_1513345739085_910258_40417"/></property></stereotype></appliedStereotype><appliedStereotypeInstance classType="InstanceSpecification" humanName="Applied Stereotype Instance" humanType="Instance Specification" icon="CommodityFlowNetwork_files/icon_instancespecification_777113684.svg" name=" : SysML::Blocks::AdjunctProperty" refid="_18_5_1_412017e_1513345358419_613472_40071"/><association classType="Association" humanName="Association" humanType="Association" icon="CommodityFlowNetwork_files/icon_association_1938847993.svg" isRelationship="true" name="Association[parentProcessNetwork:CommodityFlowNetwork::ProcessNetwork - sequencing:CommodityFlowNetwork::SequencingLink]" refid="_18_5_1_412017e_1513345350822_879504_40054"/><UMLClass classType="Activity" humanName="Class" humanType="Activity" icon="CommodityFlowNetwork_files/icon_activity_1146164911.svg" name="ProcessNetwork" refid="_18_4_1_412017e_1490794010074_822948_28228"/><classifier classType="Activity" humanName="Classifier" humanType="Activity" icon="CommodityFlowNetwork_files/icon_activity_1146164911.svg" name="ProcessNetwork" refid="_18_4_1_412017e_1490794010074_822948_28228"/><documentation humanName="Documentation"/><featuringClassifier classType="Activity" humanName="Featuring Classifier" humanType="Activity" icon="CommodityFlowNetwork_files/icon_activity_1146164911.svg" name="ProcessNetwork" refid="_18_4_1_412017e_1490794010074_822948_28228"/><isComposite humanName="Is Composite">true</isComposite><isDerived humanName="Is Derived" mode="s,e">false</isDerived><isDerivedUnion humanName="Is Derived Union" mode="e">false</isDerivedUnion><isID humanName="Is ID" mode="e">false</isID><isLeaf humanName="Is Leaf">false</isLeaf><isOrdered humanName="Is Ordered" mode="e">false</isOrdered><isReadOnly humanName="Is Read Only" mode="s,e">false</isReadOnly><isStatic humanName="Is Static" mode="s,e">false</isStatic><isUnique humanName="Is Unique" mode="e">true</isUnique><lower humanName="Lower">1</lower><lowerValue classType="LiteralInteger" humanName="Lower Value" humanType="Literal Integer" icon="CommodityFlowNetwork_files/icon_literalinteger_795693038.svg" name="1" refid="_18_5_1_412017e_1513345375326_782510_40089" text="1"/><multiplicity humanName="Multiplicity" mode="s,e">1..*</multiplicity><multiplicity humanName="Multiplicity" mode="s,e">1..*</multiplicity><name humanName="Name" mode="s,e">sequencing</name><namespace classType="Activity" humanName="Namespace" humanType="Activity" icon="CommodityFlowNetwork_files/icon_activity_1146164911.svg" name="ProcessNetwork" refid="_18_4_1_412017e_1490794010074_822948_28228"/><navigable humanName="Navigable">true</navigable><opposite classType="Property" humanName="Opposite" humanType="Property" icon="CommodityFlowNetwork_files/icon_property_1683334053.svg" name="parentProcessNetwork" refid="_18_5_1_412017e_1513345350823_162691_40056"/><ownedBy classType="Activity" humanName="Owned By" humanType="Activity" icon="CommodityFlowNetwork_files/icon_activity_1146164911.svg" name="ProcessNetwork" refid="_18_4_1_412017e_1490794010074_822948_28228"/><ownedElement humanName="Owned Element"><instancespecification classType="InstanceSpecification" humanType="Instance Specification" icon="CommodityFlowNetwork_files/icon_instancespecification_777113684.svg" name=" : SysML::Blocks::AdjunctProperty" refid="_18_5_1_412017e_1513345358419_613472_40071"/><literalunlimitednatural classType="LiteralUnlimitedNatural" humanType="Literal Unlimited Natural" icon="CommodityFlowNetwork_files/icon_literalunlimitednatural_43931884.svg" name="*" refid="_18_5_1_412017e_1513345375326_62012_40090" text="*"/><literalinteger classType="LiteralInteger" humanType="Literal Integer" icon="CommodityFlowNetwork_files/icon_literalinteger_795693038.svg" name="1" refid="_18_5_1_412017e_1513345375326_782510_40089" text="1"/></ownedElement><owner classType="Activity" humanName="Owner" humanType="Activity" icon="CommodityFlowNetwork_files/icon_activity_1146164911.svg" name="ProcessNetwork" refid="_18_4_1_412017e_1490794010074_822948_28228"/><qualifiedName humanName="Qualified Name" mode="e">CommodityFlowNetwork::ProcessNetwork::sequencing</qualifiedName><redefinitionContext humanName="Redefinition Context"><activity classType="Activity" humanType="Activity" icon="CommodityFlowNetwork_files/icon_activity_1146164911.svg" name="ProcessNetwork" refid="_18_4_1_412017e_1490794010074_822948_28228"/></redefinitionContext><subsettedProperty humanName="Subsetted Property" mode="e"><adjunctproperty classType="Property" humanType="Adjunct Property" icon="CommodityFlowNetwork_files/icon_adjunctproperty_1143585954.svg" name="edge" refid="_18_5_1_412017e_1513190219530_869897_37060"/></subsettedProperty><TO_DO humanName="To Do" mode="s,e"/><type classType="AssociationClass" humanName="Type" humanType="Block" icon="CommodityFlowNetwork_files/icon_block_1211948370.svg" isRelationship="true" mode="s,e" name="SequencingLink" refid="_18_5_1_412017e_1513345208932_58869_39961"/><TYPE_MODIFIER humanName="Type Modifier" mode="e"/><upper humanName="Upper">-1</upper><upperValue classType="LiteralUnlimitedNatural" humanName="Upper Value" humanType="Literal Unlimited Natural" icon="CommodityFlowNetwork_files/icon_literalunlimitednatural_43931884.svg" name="*" refid="_18_5_1_412017e_1513345375326_62012_40090" text="*"/><visibility humanName="Visibility" mode="e">public</visibility></adjunctproperty></magicdraw>