<?xml version="1.0" encoding="UTF-8"?><magicdraw><association classType="Association" humanType="Association" icon="CommodityFlowNetwork_files/icon_association_1091860900.svg" id="_18_5_1_412017e_1513345350822_879504_40054"><documentation humanName="Documentation"/><endType humanName="End Type"><activity classType="Activity" humanType="Activity" icon="CommodityFlowNetwork_files/icon_activity_1996581403.svg" name="ProcessNetwork" refid="_18_4_1_412017e_1490794010074_822948_28228"/><block classType="AssociationClass" humanType="Block" icon="CommodityFlowNetwork_files/icon_block_517352490.svg" isRelationship="true" name="SequencingLink" refid="_18_5_1_412017e_1513345208932_58869_39961"/></endType><isAbstract humanName="Is Abstract">false</isAbstract><isDerived humanName="Is Derived">false</isDerived><isFinalSpecialization humanName="Is Final Specialization">false</isFinalSpecialization><isLeaf humanName="Is Leaf">false</isLeaf><member humanName="Member"><property classType="Property" humanType="Property" icon="CommodityFlowNetwork_files/icon_property_1353393023.svg" name="parentProcessNetwork" refid="_18_5_1_412017e_1513345350823_162691_40056"/><adjunctproperty classType="Property" humanType="Adjunct Property" icon="CommodityFlowNetwork_files/icon_adjunctproperty_692255053.svg" name="sequencing" refid="_18_5_1_412017e_1513345350822_523426_40055"/></member><memberEnd humanName="Member End"><property classType="Property" humanType="Property" icon="CommodityFlowNetwork_files/icon_property_1353393023.svg" name="parentProcessNetwork" refid="_18_5_1_412017e_1513345350823_162691_40056"/><adjunctproperty classType="Property" humanType="Adjunct Property" icon="CommodityFlowNetwork_files/icon_adjunctproperty_692255053.svg" name="sequencing" refid="_18_5_1_412017e_1513345350822_523426_40055"/></memberEnd><name humanName="Name" mode="s,e"/><namespace classType="Model" humanName="Namespace" humanType="Model" icon="CommodityFlowNetwork_files/icon_model_62531940.svg" name="CommodityFlowNetwork" refid="_18_4_1_412017e_1480428197145_536891_21458"/><owner classType="Model" humanName="Owner" humanType="Model" icon="CommodityFlowNetwork_files/icon_model_62531940.svg" mode="s,e" name="CommodityFlowNetwork" refid="_18_4_1_412017e_1480428197145_536891_21458"/><owningPackage classType="Model" humanName="Owning Package" humanType="Model" icon="CommodityFlowNetwork_files/icon_model_62531940.svg" name="CommodityFlowNetwork" refid="_18_4_1_412017e_1480428197145_536891_21458"/><package classType="Model" humanName="Package" humanType="Model" icon="CommodityFlowNetwork_files/icon_model_62531940.svg" name="CommodityFlowNetwork" refid="_18_4_1_412017e_1480428197145_536891_21458"/><qualifiedName humanName="Qualified Name" mode="e">CommodityFlowNetwork::</qualifiedName><relatedElement humanName="Related Element"><activity classType="Activity" humanType="Activity" icon="CommodityFlowNetwork_files/icon_activity_1996581403.svg" name="ProcessNetwork" refid="_18_4_1_412017e_1490794010074_822948_28228"/><block classType="AssociationClass" humanType="Block" icon="CommodityFlowNetwork_files/icon_block_517352490.svg" isRelationship="true" name="SequencingLink" refid="_18_5_1_412017e_1513345208932_58869_39961"/></relatedElement><TO_DO humanName="To Do"/><visibility humanName="Visibility" mode="s,e">public</visibility><appearsIn><diagram classType="Diagram" humanType="Diagram" icon="CommodityFlowNetwork_files/icon_SysML Block Definition Diagram_1080813915.svg" name="CommodityFlowNetworkOverview" refid="_18_5_1_412017e_1563536593786_365035_22477"/><diagram classType="Diagram" humanType="Diagram" icon="CommodityFlowNetwork_files/icon_SysML Block Definition Diagram_1080813915.svg" name="ProcessNetwork" refid="_18_4_1_412017e_1480448894962_294167_25475"/></appearsIn></association></magicdraw>