<?xml version="1.0" encoding="UTF-8"?><magicdraw><partproperty classType="Property" humanType="Part Property" icon="CommodityFlowNetwork_files/icon_partproperty_1666480939.svg" id="_18_5_1_412017e_1555503070302_972482_23773"><aggregation humanName="Aggregation" mode="s,e">none</aggregation><APPLIED_STEREOTYPES humanName="Applied Stereotype" mode="s,e"><stereotype classType="Stereotype" humanType="Stereotype" icon="CommodityFlowNetwork_files/icon_stereotype_1666480939.svg" name="PartProperty" refid="_15_0_be00301_1199377756297_348405_2678"/></APPLIED_STEREOTYPES><appliedStereotype humanName="Applied Stereotype" mode="s,e"><stereotype classType="Stereotype" humanType="Stereotype" icon="CommodityFlowNetwork_files/icon_stereotype_1666480939.svg" name="PartProperty" refid="_15_0_be00301_1199377756297_348405_2678"><property classType="Property" humanName="Base_ Element" humanType="Property" icon="CommodityFlowNetwork_files/icon_property_1683334053.svg" name="base_Element" refid="_10_0EAPbeta_be00301_1123081772098_411862_275"/><property classType="Property" humanName="Base_ Property" humanType="Property" icon="CommodityFlowNetwork_files/icon_property_1683334053.svg" name="base_Property" refid="_11_5EAPbeta_be00301_1147424449672_715796_1055"/><property classType="Property" humanName="Base_ Property" humanType="Property" icon="CommodityFlowNetwork_files/icon_property_1683334053.svg" name="base_Property" refid="_15_0_be00301_1199377759595_851315_2681"/></stereotype></appliedStereotype><appliedStereotypeInstance classType="InstanceSpecification" humanName="Applied Stereotype Instance" humanType="Instance Specification" icon="CommodityFlowNetwork_files/icon_instancespecification_777113684.svg" name=" : MD Customization for SysML::additional_stereotypes::PartProperty" refid="_18_5_1_412017e_1555503070303_696778_23776"/><UMLClass classType="Activity" humanName="Class" humanType="Activity" icon="CommodityFlowNetwork_files/icon_activity_1146164911.svg" name="ProcessNetwork" refid="_18_4_1_412017e_1490794010074_822948_28228"/><classifier classType="Activity" humanName="Classifier" humanType="Activity" icon="CommodityFlowNetwork_files/icon_activity_1146164911.svg" name="ProcessNetwork" refid="_18_4_1_412017e_1490794010074_822948_28228"/><documentation humanName="Documentation"/><featuringClassifier classType="Activity" humanName="Featuring Classifier" humanType="Activity" icon="CommodityFlowNetwork_files/icon_activity_1146164911.svg" name="ProcessNetwork" refid="_18_4_1_412017e_1490794010074_822948_28228"/><isComposite humanName="Is Composite">false</isComposite><isDerived humanName="Is Derived" mode="s,e">false</isDerived><isDerivedUnion humanName="Is Derived Union" mode="e">false</isDerivedUnion><isID humanName="Is ID" mode="e">false</isID><isLeaf humanName="Is Leaf">false</isLeaf><isOrdered humanName="Is Ordered" mode="e">false</isOrdered><isReadOnly humanName="Is Read Only" mode="s,e">false</isReadOnly><isStatic humanName="Is Static" mode="s,e">false</isStatic><isUnique humanName="Is Unique" mode="e">true</isUnique><lower humanName="Lower">0</lower><lowerValue classType="LiteralInteger" humanName="Lower Value" humanType="Literal Integer" icon="CommodityFlowNetwork_files/icon_literalinteger_795693038.svg" name="0" refid="_18_5_1_412017e_1555503070303_83755_23775" text="0"/><multiplicity humanName="Multiplicity" mode="s,e">0..*</multiplicity><multiplicity humanName="Multiplicity" mode="s,e">0..*</multiplicity><name humanName="Name" mode="s,e">currentlyProcessing</name><namespace classType="Activity" humanName="Namespace" humanType="Activity" icon="CommodityFlowNetwork_files/icon_activity_1146164911.svg" name="ProcessNetwork" refid="_18_4_1_412017e_1490794010074_822948_28228"/><navigable humanName="Navigable">true</navigable><ownedBy classType="Activity" humanName="Owned By" humanType="Activity" icon="CommodityFlowNetwork_files/icon_activity_1146164911.svg" name="ProcessNetwork" refid="_18_4_1_412017e_1490794010074_822948_28228"/><ownedElement humanName="Owned Element"><instancespecification classType="InstanceSpecification" humanType="Instance Specification" icon="CommodityFlowNetwork_files/icon_instancespecification_777113684.svg" name=" : MD Customization for SysML::additional_stereotypes::PartProperty" refid="_18_5_1_412017e_1555503070303_696778_23776"/><literalunlimitednatural classType="LiteralUnlimitedNatural" humanType="Literal Unlimited Natural" icon="CommodityFlowNetwork_files/icon_literalunlimitednatural_43931884.svg" name="*" refid="_18_5_1_412017e_1555503070303_271172_23774" text="*"/><literalinteger classType="LiteralInteger" humanType="Literal Integer" icon="CommodityFlowNetwork_files/icon_literalinteger_795693038.svg" name="0" refid="_18_5_1_412017e_1555503070303_83755_23775" text="0"/></ownedElement><owner classType="Activity" humanName="Owner" humanType="Activity" icon="CommodityFlowNetwork_files/icon_activity_1146164911.svg" name="ProcessNetwork" refid="_18_4_1_412017e_1490794010074_822948_28228"/><qualifiedName humanName="Qualified Name" mode="e">CommodityFlowNetwork::ProcessNetwork::currentlyProcessing</qualifiedName><redefinitionContext humanName="Redefinition Context"><activity classType="Activity" humanType="Activity" icon="CommodityFlowNetwork_files/icon_activity_1146164911.svg" name="ProcessNetwork" refid="_18_4_1_412017e_1490794010074_822948_28228"/></redefinitionContext><subsettedProperty humanName="Subsetted Property" mode="e"><referenceproperty classType="Property" humanType="Reference Property" icon="CommodityFlowNetwork_files/icon_referenceproperty_857976599.svg" name="currentlyFlowingThrough" refid="_18_5_1_412017e_1555502817608_748608_23754"/></subsettedProperty><TO_DO humanName="To Do" mode="s,e"/><type classType="Class" humanName="Type" humanType="Block" icon="CommodityFlowNetwork_files/icon_block_1211948370.svg" mode="s,e" name="Commodity" refid="_18_4_1_412017e_1480431603356_207384_23063"/><TYPE_MODIFIER humanName="Type Modifier" mode="e"/><upper humanName="Upper">-1</upper><upperValue classType="LiteralUnlimitedNatural" humanName="Upper Value" humanType="Literal Unlimited Natural" icon="CommodityFlowNetwork_files/icon_literalunlimitednatural_43931884.svg" name="*" refid="_18_5_1_412017e_1555503070303_271172_23774" text="*"/><visibility humanName="Visibility" mode="e">public</visibility></partproperty></magicdraw>