<?xml version="1.0" encoding="UTF-8"?><magicdraw><literalunlimitednatural classType="LiteralUnlimitedNatural" humanType="Literal Unlimited Natural" icon="CommodityFlowNetwork_files/icon_literalunlimitednatural_43931884.svg" id="_18_5_1_412017e_1513193951442_975466_38039"><documentation humanName="Documentation"/><name humanName="Name"/><owner classType="Property" humanName="Owner" humanType="Value Property" icon="CommodityFlowNetwork_files/icon_valueproperty_866173813.svg" mode="e" name="grossCapacity" refid="_18_5_1_412017e_1513193951434_287661_38013"/><owningUpper classType="Property" humanName="Owning Upper" humanType="Value Property" icon="CommodityFlowNetwork_files/icon_valueproperty_866173813.svg" name="grossCapacity" refid="_18_5_1_412017e_1513193951434_287661_38013"/><qualifiedName humanName="Qualified Name">CommodityFlowNetwork::FlowNetworkElement::grossCapacity::</qualifiedName><text humanName="Text" mode="standard">1</text><TO_DO humanName="To Do"/><TYPE_MODIFIER humanName="Type Modifier"/><value humanName="Value" mode="s,e">1</value><visibility humanName="Visibility">public</visibility></literalunlimitednatural></magicdraw>