<?xml version="1.0" encoding="UTF-8"?><magicdraw><diagram classType="Diagram" diagramType="SysML Internal Block Diagram" height="221" humanType="Diagram" icon="CommodityFlowNetwork_files/icon_SysML Internal Block Diagram_1195506736.svg" id="_18_5_1_412017e_1513362123385_20245_41390" src="CommodityFlowNetwork_files/_18_5_1_412017e_1513362123385_20245_41390.svg" width="456"><APPLIED_STEREOTYPES humanName="Applied Stereotype" mode="s,e"><stereotype classType="Stereotype" humanType="Stereotype" icon="CommodityFlowNetwork_files/icon_stereotype_918307166.svg" name="DiagramInfo" refid="_9_0_be00301_1108044380615_150487_0"/></APPLIED_STEREOTYPES><appliedStereotype humanName="Applied Stereotype" mode="s,e"><stereotype classType="Stereotype" humanType="Stereotype" icon="CommodityFlowNetwork_files/icon_stereotype_918307166.svg" name="DiagramInfo" refid="_9_0_be00301_1108044380615_150487_0"><property classType="Property" humanName="Author" humanType="Property" icon="CommodityFlowNetwork_files/icon_property_1353393023.svg" name="Author" refid="_be00301_1077726770128_871366_1"><String>tas5</String></property><property classType="Property" humanName="Base_ Diagram" humanType="Property" icon="CommodityFlowNetwork_files/icon_property_1353393023.svg" name="base_Diagram" refid="_10_0EAPbeta_be00301_1123081772498_901864_356"/><property classType="Property" humanName="Base_ Element" humanType="Property" icon="CommodityFlowNetwork_files/icon_property_1353393023.svg" name="base_Element" refid="_10_0EAPbeta_be00301_1123081772098_411862_275"/><property classType="Property" humanName="Creation Date" humanType="Property" icon="CommodityFlowNetwork_files/icon_property_1353393023.svg" name="Creation date" refid="_be00301_1073306188629_537791_2"><String>12/15/17 1:22 PM</String></property><property classType="Property" humanName="Last modified by" humanType="Property" icon="CommodityFlowNetwork_files/icon_property_1353393023.svg" name="Last modified by" refid="_16_8beta_8ca0285_1257244649124_794756_344"><String>tas5</String></property><property classType="Property" humanName="Modification Date" humanType="Property" icon="CommodityFlowNetwork_files/icon_property_1353393023.svg" name="Modification date" refid="_be00301_1073394345322_922552_1"><String>6/16/20 1:17 PM</String></property></stereotype></appliedStereotype><appliedStereotypeInstance classType="InstanceSpecification" humanName="Applied Stereotype Instance" humanType="Instance Specification" icon="CommodityFlowNetwork_files/icon_instancespecification_13643661.svg" name=" : UML Standard Profile::MagicDraw Profile::DiagramInfo" refid="_18_5_1_412017e_1513362123395_666193_41401"/><context classType="Class" humanName="Context" humanType="Block" icon="CommodityFlowNetwork_files/icon_block_517352490.svg" mode="s,e" name="FlowNetwork" refid="_18_4_1_412017e_1480430023770_307416_22716"/><documentation humanName="Documentation"/><map><area isNotContentShape="false" name="Connector flowEdge" refid="_18_5_1_412017e_1513362143618_808921_41457" shape="poly" type="0"><point x="1204" y="392"/><point x="1488" y="392"/><point x="1488" y="780"/><point x="968" y="780"/><point x="968" y="468"/><point x="960" y="476"/><point x="960" y="788"/><point x="1480" y="788"/><point x="1480" y="400"/><point x="1196" y="400"/></area><area isNotContentShape="false" name="Connector End" refid="_18_5_1_412017e_1513362143618_688045_41459" shape="rect" type="0"><point x="1200" y="376"/><point x="1244" y="376"/><point x="1244" y="420"/><point x="1200" y="420"/></area><area isNotContentShape="false" name="Connector End" refid="_18_5_1_412017e_1513362143618_724776_41458" shape="rect" type="0"><point x="944" y="472"/><point x="988" y="472"/><point x="988" y="516"/><point x="944" y="516"/></area><area isNotContentShape="false" name="Part Property flowNode" refid="_18_5_1_412017e_1513192538972_225456_37849" shape="rect" type="0"><point x="364" y="308"/><point x="1204" y="308"/><point x="1204" y="476"/><point x="364" y="476"/></area></map><name humanName="Name" mode="s,e">FlowNetwork</name><namespace classType="Class" humanName="Namespace" humanType="Block" icon="CommodityFlowNetwork_files/icon_block_517352490.svg" name="FlowNetwork" refid="_18_4_1_412017e_1480430023770_307416_22716"/><ownedElement humanName="Owned Element"><instancespecification classType="InstanceSpecification" humanType="Instance Specification" icon="CommodityFlowNetwork_files/icon_instancespecification_13643661.svg" name=" : UML Standard Profile::MagicDraw Profile::DiagramInfo" refid="_18_5_1_412017e_1513362123395_666193_41401"/></ownedElement><owner classType="Class" humanName="Owner" humanType="Block" icon="CommodityFlowNetwork_files/icon_block_517352490.svg" mode="s,e" name="FlowNetwork" refid="_18_4_1_412017e_1480430023770_307416_22716"/><ownerOfDiagram classType="Class" humanName="Owner Of Diagram" humanType="Block" icon="CommodityFlowNetwork_files/icon_block_517352490.svg" name="FlowNetwork" refid="_18_4_1_412017e_1480430023770_307416_22716"/><qualifiedName humanName="Qualified Name" mode="e">CommodityFlowNetwork::FlowNetwork::FlowNetwork</qualifiedName><TO_DO humanName="To Do" mode="s,e"/><DIAGRAM_TYPE_DERIVED_PROPERTY humanName="Type">SysML Internal Block Diagram</DIAGRAM_TYPE_DERIVED_PROPERTY><visibility humanName="Visibility">public</visibility></diagram></magicdraw>