<?xml version="1.0" encoding="UTF-8"?><magicdraw><participantproperty classType="Property" humanType="Participant Property" icon="CommodityFlowNetwork_files/icon_participantproperty_1617153476.svg" id="_18_5_1_412017e_1513190186994_240653_37009"><aggregation humanName="Aggregation" mode="s,e">none</aggregation><APPLIED_STEREOTYPES humanName="Applied Stereotype" mode="s,e"><stereotype classType="Stereotype" humanType="Stereotype" icon="CommodityFlowNetwork_files/icon_stereotype_1617153476.svg" name="ParticipantProperty" refid="_15_0_be00301_1204738438075_92104_1078"/></APPLIED_STEREOTYPES><appliedStereotype humanName="Applied Stereotype" mode="s,e"><stereotype classType="Stereotype" humanType="Stereotype" icon="CommodityFlowNetwork_files/icon_stereotype_1617153476.svg" name="ParticipantProperty" refid="_15_0_be00301_1204738438075_92104_1078"><property classType="Property" humanName="Base_ Property" humanType="Property" icon="CommodityFlowNetwork_files/icon_property_1353393023.svg" name="base_Property" refid="_15_0_be00301_1204738457049_408749_1081"/><property classType="Property" humanName="End" humanType="Property" icon="CommodityFlowNetwork_files/icon_property_1353393023.svg" name="end" refid="_15_0_be00301_1204738481567_357511_1156"><referenceproperty classType="Property" humanType="Reference Property" icon="CommodityFlowNetwork_files/icon_referenceproperty_879942551.svg" name="endNetwork1" refid="_18_5_1_412017e_1513190186908_510822_36952"/></property></stereotype></appliedStereotype><appliedStereotypeInstance classType="InstanceSpecification" humanName="Applied Stereotype Instance" humanType="Instance Specification" icon="CommodityFlowNetwork_files/icon_instancespecification_13643661.svg" name=" : SysML::Blocks::ParticipantProperty" refid="_18_5_1_412017e_1513190186994_656336_37010"/><UMLClass classType="AssociationClass" humanName="Class" humanType="Block" icon="CommodityFlowNetwork_files/icon_block_517352490.svg" isRelationship="true" name="NetworkLink" refid="_18_5_1_412017e_1513190186908_384793_36951"/><classifier classType="AssociationClass" humanName="Classifier" humanType="Block" icon="CommodityFlowNetwork_files/icon_block_517352490.svg" isRelationship="true" name="NetworkLink" refid="_18_5_1_412017e_1513190186908_384793_36951"/><documentation humanName="Documentation"/><effectiveIRI humanName="Effective IRI"/><featuringClassifier classType="AssociationClass" humanName="Featuring Classifier" humanType="Block" icon="CommodityFlowNetwork_files/icon_block_517352490.svg" isRelationship="true" name="NetworkLink" refid="_18_5_1_412017e_1513190186908_384793_36951"/><isComposite humanName="Is Composite">false</isComposite><isDerived humanName="Is Derived" mode="s,e">false</isDerived><isDerivedUnion humanName="Is Derived Union" mode="e">false</isDerivedUnion><isID humanName="Is ID" mode="e">false</isID><isLeaf humanName="Is Leaf">false</isLeaf><isOrdered humanName="Is Ordered" mode="e">false</isOrdered><isReadOnly humanName="Is Read Only" mode="s,e">false</isReadOnly><isStatic humanName="Is Static" mode="s,e">false</isStatic><isUnique humanName="Is Unique" mode="e">true</isUnique><lower humanName="Lower">1</lower><multiplicity humanName="Multiplicity" mode="s,e"/><multiplicity humanName="Multiplicity" mode="s,e"/><name humanName="Name" mode="s,e">linkEnd1</name><namespace classType="AssociationClass" humanName="Namespace" humanType="Block" icon="CommodityFlowNetwork_files/icon_block_517352490.svg" isRelationship="true" name="NetworkLink" refid="_18_5_1_412017e_1513190186908_384793_36951"/><navigable humanName="Navigable">true</navigable><ownedBy classType="AssociationClass" humanName="Owned By" humanType="Block" icon="CommodityFlowNetwork_files/icon_block_517352490.svg" isRelationship="true" name="NetworkLink" refid="_18_5_1_412017e_1513190186908_384793_36951"/><ownedElement humanName="Owned Element"><instancespecification classType="InstanceSpecification" humanType="Instance Specification" icon="CommodityFlowNetwork_files/icon_instancespecification_13643661.svg" name=" : SysML::Blocks::ParticipantProperty" refid="_18_5_1_412017e_1513190186994_656336_37010"/></ownedElement><owner classType="AssociationClass" humanName="Owner" humanType="Block" icon="CommodityFlowNetwork_files/icon_block_517352490.svg" isRelationship="true" name="NetworkLink" refid="_18_5_1_412017e_1513190186908_384793_36951"/><qualifiedName humanName="Qualified Name" mode="e">CommodityFlowNetwork::NetworkLink::linkEnd1</qualifiedName><redefinitionContext humanName="Redefinition Context"><block classType="AssociationClass" humanType="Block" icon="CommodityFlowNetwork_files/icon_block_517352490.svg" isRelationship="true" name="NetworkLink" refid="_18_5_1_412017e_1513190186908_384793_36951"/></redefinitionContext><TO_DO humanName="To Do" mode="s,e"/><type classType="Class" humanName="Type" humanType="Block" icon="CommodityFlowNetwork_files/icon_block_517352490.svg" mode="s,e" name="Network" refid="_18_4_1_412017e_1480428292021_38215_21493"/><TYPE_MODIFIER humanName="Type Modifier" mode="e"/><upper humanName="Upper">1</upper><appearsIn><diagram classType="Diagram" humanType="Diagram" icon="CommodityFlowNetwork_files/icon_SysML Block Definition Diagram_1080813915.svg" name="CommodityFlowNetworkOverview" refid="_18_5_1_412017e_1563536593786_365035_22477"/><diagram classType="Diagram" humanType="Diagram" icon="CommodityFlowNetwork_files/icon_SysML Block Definition Diagram_1080813915.svg" name="BasicNetwork" refid="_18_5_1_412017e_1513189125580_441486_35907"/><diagram classType="Diagram" humanType="Diagram" icon="CommodityFlowNetwork_files/icon_SysML Block Definition Diagram_1080813915.svg" name="FlowNetwork_w/Notes" refid="_18_5_1_412017e_1521810279781_348461_35190"/></appearsIn></participantproperty></magicdraw>