<?xml version="1.0" encoding="UTF-8"?><magicdraw><literalinteger classType="LiteralInteger" humanType="Literal Integer" icon="CommodityFlowNetwork_files/icon_literalinteger_213415401.svg" id="_18_5_1_412017e_1552417829355_694553_63456"><documentation humanName="Documentation"/><name humanName="Name"/><owner classType="Property" humanName="Owner" humanType="Property" icon="CommodityFlowNetwork_files/icon_property_1353393023.svg" mode="e" name="parentProcessNetwork" refid="_18_5_1_412017e_1513345350823_162691_40056"/><owningLower classType="Property" humanName="Owning Lower" humanType="Property" icon="CommodityFlowNetwork_files/icon_property_1353393023.svg" name="parentProcessNetwork" refid="_18_5_1_412017e_1513345350823_162691_40056"/><qualifiedName humanName="Qualified Name">CommodityFlowNetwork::SequencingLink::parentProcessNetwork::</qualifiedName><text humanName="Text" mode="standard">1</text><TO_DO humanName="To Do"/><TYPE_MODIFIER humanName="Type Modifier"/><value humanName="Value" mode="s,e">1</value><visibility humanName="Visibility">public</visibility></literalinteger></magicdraw>