<?xml version="1.0" encoding="UTF-8"?><magicdraw><literalinteger classType="LiteralInteger" humanType="Literal Integer" icon="CommodityFlowNetwork_files/icon_literalinteger_213415401.svg" id="_18_5_1_412017e_1528288062362_559734_41979"><documentation humanName="Documentation"/><name humanName="Name"/><owner classType="Parameter" humanName="Owner" humanType="Parameter" icon="CommodityFlowNetwork_files/icon_parameter_1919576980.svg" mode="e" name="outputs" refid="_18_5_1_412017e_1528288050814_221578_41975"/><owningLower classType="Parameter" humanName="Owning Lower" humanType="Parameter" icon="CommodityFlowNetwork_files/icon_parameter_1919576980.svg" name="outputs" refid="_18_5_1_412017e_1528288050814_221578_41975"/><qualifiedName humanName="Qualified Name">CommodityFlowNetwork::ProcessNetwork::outputs::</qualifiedName><text humanName="Text" mode="standard">0</text><TO_DO humanName="To Do"/><TYPE_MODIFIER humanName="Type Modifier"/><value humanName="Value" mode="s,e">0</value><visibility humanName="Visibility">public</visibility></literalinteger></magicdraw>