<?xml version="1.0" encoding="UTF-8"?><magicdraw><block classType="Class" humanType="Block" icon="CommodityFlowNetwork_files/icon_block_517352490.svg" id="_18_5_1_412017e_1570104543410_767325_22533"><allGeneralClassifiers humanName="All General Classifiers"><block classType="Class" humanType="Block" icon="CommodityFlowNetwork_files/icon_block_517352490.svg" name="IdentifiableElement" refid="_18_5_1_412017e_1550599419049_374663_31602"/></allGeneralClassifiers><allSpecificClassifiers humanName="All Specific Classifiers"><block classType="Class" humanType="Block" icon="CommodityFlowNetwork_files/icon_block_517352490.svg" name="CommodityType" refid="_18_5_1_412017e_1569952121489_428624_21797"/></allSpecificClassifiers><APPLIED_STEREOTYPES humanName="Applied Stereotype" mode="e"><stereotype classType="Stereotype" humanType="Stereotype" icon="CommodityFlowNetwork_files/icon_stereotype_517352490.svg" name="Block" refid="_11_5EAPbeta_be00301_1147424179914_458922_958"/></APPLIED_STEREOTYPES><appliedStereotype humanName="Applied Stereotype" mode="e"><stereotype classType="Stereotype" humanType="Stereotype" icon="CommodityFlowNetwork_files/icon_stereotype_517352490.svg" name="Block" refid="_11_5EAPbeta_be00301_1147424179914_458922_958"><property classType="Property" humanName="Base_ Class" humanType="Property" icon="CommodityFlowNetwork_files/icon_property_1353393023.svg" name="base_Class" refid="_11_5EAPbeta_be00301_1147424181797_326831_961"/><property classType="Property" humanName="Is Encapsulated" humanType="Property" icon="CommodityFlowNetwork_files/icon_property_1353393023.svg" name="isEncapsulated" refid="_11_5EAPbeta_be00301_1147424201876_860708_1049"/></stereotype></appliedStereotype><appliedStereotypeInstance classType="InstanceSpecification" humanName="Applied Stereotype Instance" humanType="Instance Specification" icon="CommodityFlowNetwork_files/icon_instancespecification_13643661.svg" name=" : SysML::Blocks::Block" refid="_18_5_1_412017e_1570104543412_829294_22534"/><derivedExplanation humanName="Derived Explanation"/><documentation humanName="Documentation" mode="standard">For example: http://www.java2s.com/Code/Java/Reflection/ObjectReflectioncreatenewinstance.htm

import java.awt.Rectangle;

public class SampleNoArg {

   public static void main(String[] args) {
      Rectangle r = (Rectangle) createObject("java.awt.Rectangle");
      System.out.println(r.toString());
   }

   static Object createObject(String className) {
      Object object = null;
      try {
          Class classDefinition = Class.forName(className);
          object = classDefinition.newInstance();
      } catch (InstantiationException e) {
          System.out.println(e);
      } catch (IllegalAccessException e) {
          System.out.println(e);
      } catch (ClassNotFoundException e) {
          System.out.println(e);
      }
      return object;
   }
}</documentation><effectiveIRI humanName="Effective IRI"/><general humanName="General"><block classType="Class" humanType="Block" icon="CommodityFlowNetwork_files/icon_block_517352490.svg" name="IdentifiableElement" refid="_18_5_1_412017e_1550599419049_374663_31602"/></general><generalization humanName="Generalization"><generalization classType="Generalization" humanType="Generalization" icon="CommodityFlowNetwork_files/icon_generalization_1702478809.svg" isRelationship="true" refid="_18_5_1_412017e_1570016417667_508987_22157"/></generalization><inheritedMember humanName="Inherited Member"><valueproperty classType="Property" humanType="Value Property" icon="CommodityFlowNetwork_files/icon_valueproperty_334998663.svg" name="instanceID" refid="_18_5_1_412017e_1550599541005_792237_31606"/><valueproperty classType="Property" humanType="Value Property" icon="CommodityFlowNetwork_files/icon_valueproperty_334998663.svg" name="label" refid="_18_4_1_412017e_1480428452786_373509_22094"/><valueproperty classType="Property" humanType="Value Property" icon="CommodityFlowNetwork_files/icon_valueproperty_334998663.svg" name="measure" refid="_18_4_1_412017e_1490186121808_887895_33128"/><valueproperty classType="Property" humanType="Value Property" icon="CommodityFlowNetwork_files/icon_valueproperty_334998663.svg" name="typeID" refid="_18_5_1_412017e_1550599573275_888863_31610"/></inheritedMember><isAbstract humanName="Is Abstract">true</isAbstract><isActive humanName="Is Active" mode="e">false</isActive><isFinalSpecialization humanName="Is Final Specialization">false</isFinalSpecialization><isLeaf humanName="Is Leaf">false</isLeaf><member humanName="Member"><valueproperty classType="Property" humanType="Value Property" icon="CommodityFlowNetwork_files/icon_valueproperty_334998663.svg" name="instanceID" refid="_18_5_1_412017e_1550599541005_792237_31606"/><valueproperty classType="Property" humanType="Value Property" icon="CommodityFlowNetwork_files/icon_valueproperty_334998663.svg" name="label" refid="_18_4_1_412017e_1480428452786_373509_22094"/><valueproperty classType="Property" humanType="Value Property" icon="CommodityFlowNetwork_files/icon_valueproperty_334998663.svg" name="measure" refid="_18_4_1_412017e_1490186121808_887895_33128"/><valueproperty classType="Property" humanType="Value Property" icon="CommodityFlowNetwork_files/icon_valueproperty_334998663.svg" name="typeID" refid="_18_5_1_412017e_1550599573275_888863_31610"/></member><name humanName="Name" mode="s,e">ReflectiveObject</name><namespace classType="Model" humanName="Namespace" humanType="Model" icon="CommodityFlowNetwork_files/icon_model_62531940.svg" name="CommodityFlowNetwork" refid="_18_4_1_412017e_1480428197145_536891_21458"/><ownedComment humanName="Owned Comment"><comment classType="Comment" humanType="Comment" icon="CommodityFlowNetwork_files/icon_comment_911849686.svg" refid="_18_5_1_412017e_1570105214558_937957_22582"/></ownedComment><ownedElement humanName="Owned Element"><generalization classType="Generalization" humanType="Generalization" icon="CommodityFlowNetwork_files/icon_generalization_1702478809.svg" isRelationship="true" refid="_18_5_1_412017e_1570016417667_508987_22157"/><comment classType="Comment" humanType="Comment" icon="CommodityFlowNetwork_files/icon_comment_911849686.svg" refid="_18_5_1_412017e_1570105214558_937957_22582"/><instancespecification classType="InstanceSpecification" humanType="Instance Specification" icon="CommodityFlowNetwork_files/icon_instancespecification_13643661.svg" name=" : SysML::Blocks::Block" refid="_18_5_1_412017e_1570104543412_829294_22534"/></ownedElement><owner classType="Model" humanName="Owner" humanType="Model" icon="CommodityFlowNetwork_files/icon_model_62531940.svg" mode="s,e" name="CommodityFlowNetwork" refid="_18_4_1_412017e_1480428197145_536891_21458"/><owningPackage classType="Model" humanName="Owning Package" humanType="Model" icon="CommodityFlowNetwork_files/icon_model_62531940.svg" name="CommodityFlowNetwork" refid="_18_4_1_412017e_1480428197145_536891_21458"/><package classType="Model" humanName="Package" humanType="Model" icon="CommodityFlowNetwork_files/icon_model_62531940.svg" name="CommodityFlowNetwork" refid="_18_4_1_412017e_1480428197145_536891_21458"/><qualifiedName humanName="Qualified Name" mode="e">CommodityFlowNetwork::ReflectiveObject</qualifiedName><specificClassifier humanName="Specific Classifier"><block classType="Class" humanType="Block" icon="CommodityFlowNetwork_files/icon_block_517352490.svg" name="CommodityType" refid="_18_5_1_412017e_1569952121489_428624_21797"/></specificClassifier><superClass humanName="Super Class"><block classType="Class" humanType="Block" icon="CommodityFlowNetwork_files/icon_block_517352490.svg" name="IdentifiableElement" refid="_18_5_1_412017e_1550599419049_374663_31602"/></superClass><TO_DO humanName="To Do"/><visibility humanName="Visibility">public</visibility><appearsIn><diagram classType="Diagram" humanType="Diagram" icon="CommodityFlowNetwork_files/icon_SysML Block Definition Diagram_1080813915.svg" name="Commodity" refid="_18_5_1_412017e_1552399189104_531799_62569"/></appearsIn></block></magicdraw>