<?xml version="1.0" encoding="UTF-8"?><magicdraw><instancespecification classType="InstanceSpecification" humanType="Instance Specification" icon="CommodityFlowNetwork_files/icon_instancespecification_777113684.svg" id="_18_5_1_412017e_1552399189114_845919_62580"><classifier humanName="Classifier" mode="s,e"><stereotype classType="Stereotype" humanType="Stereotype" icon="CommodityFlowNetwork_files/icon_stereotype_918606013.svg" name="DiagramInfo" refid="_9_0_be00301_1108044380615_150487_0"/></classifier><documentation humanName="Documentation"/><name humanName="Name" mode="s,e"/><ownedElement humanName="Owned Element"><slot classType="Slot" humanType="Slot" icon="CommodityFlowNetwork_files/icon_slot_2082309497.svg" refid="_18_5_1_412017e_1586193195240_277972_7370"/><slot classType="Slot" humanType="Slot" icon="CommodityFlowNetwork_files/icon_slot_2082309497.svg" refid="_18_5_1_412017e_1586193195240_498338_7372"/><slot classType="Slot" humanType="Slot" icon="CommodityFlowNetwork_files/icon_slot_2082309497.svg" refid="_18_5_1_412017e_1586193195240_272573_7374"/><slot classType="Slot" humanType="Slot" icon="CommodityFlowNetwork_files/icon_slot_2082309497.svg" refid="_18_5_1_412017e_1586193195240_23927_7376"/></ownedElement><owner classType="Diagram" humanName="Owner" humanType="Diagram" icon="CommodityFlowNetwork_files/icon_SysML Block Definition Diagram_2096291030.svg" mode="s,e" name="Commodity" refid="_18_5_1_412017e_1552399189104_531799_62569"/><qualifiedName humanName="Qualified Name" mode="e">CommodityFlowNetwork::Commodity::</qualifiedName><slot humanName="Slot"><slot classType="Slot" humanType="Slot" icon="CommodityFlowNetwork_files/icon_slot_2082309497.svg" refid="_18_5_1_412017e_1586193195240_277972_7370"/><slot classType="Slot" humanType="Slot" icon="CommodityFlowNetwork_files/icon_slot_2082309497.svg" refid="_18_5_1_412017e_1586193195240_498338_7372"/><slot classType="Slot" humanType="Slot" icon="CommodityFlowNetwork_files/icon_slot_2082309497.svg" refid="_18_5_1_412017e_1586193195240_272573_7374"/><slot classType="Slot" humanType="Slot" icon="CommodityFlowNetwork_files/icon_slot_2082309497.svg" refid="_18_5_1_412017e_1586193195240_23927_7376"/></slot><stereotypedElement classType="Diagram" humanName="Stereotyped Element" humanType="Diagram" icon="CommodityFlowNetwork_files/icon_SysML Block Definition Diagram_2096291030.svg" name="Commodity" refid="_18_5_1_412017e_1552399189104_531799_62569"/><TO_DO humanName="To Do" mode="s,e"/><visibility humanName="Visibility">public</visibility></instancespecification></magicdraw>