<?xml version="1.0" encoding="UTF-8"?><magicdraw><participantproperty classType="Property" humanType="Participant Property" icon="CommodityFlowNetwork_files/icon_participantproperty_1617153476.svg" id="_18_5_1_412017e_1513345209058_707014_40017"><aggregation humanName="Aggregation" mode="s,e">none</aggregation><APPLIED_STEREOTYPES humanName="Applied Stereotype" mode="s,e"><stereotype classType="Stereotype" humanType="Stereotype" icon="CommodityFlowNetwork_files/icon_stereotype_1617153476.svg" name="ParticipantProperty" refid="_15_0_be00301_1204738438075_92104_1078"/></APPLIED_STEREOTYPES><appliedStereotype humanName="Applied Stereotype" mode="s,e"><stereotype classType="Stereotype" humanType="Stereotype" icon="CommodityFlowNetwork_files/icon_stereotype_1617153476.svg" name="ParticipantProperty" refid="_15_0_be00301_1204738438075_92104_1078"><property classType="Property" humanName="Base_ Property" humanType="Property" icon="CommodityFlowNetwork_files/icon_property_1353393023.svg" name="base_Property" refid="_15_0_be00301_1204738457049_408749_1081"/><property classType="Property" humanName="End" humanType="Property" icon="CommodityFlowNetwork_files/icon_property_1353393023.svg" name="end" refid="_15_0_be00301_1204738481567_357511_1156"><referenceproperty classType="Property" humanType="Reference Property" icon="CommodityFlowNetwork_files/icon_referenceproperty_879942551.svg" name="precedingProcess" refid="_18_5_1_412017e_1513345208932_140576_39962"/></property></stereotype></appliedStereotype><appliedStereotypeInstance classType="InstanceSpecification" humanName="Applied Stereotype Instance" humanType="Instance Specification" icon="CommodityFlowNetwork_files/icon_instancespecification_13643661.svg" name=" : SysML::Blocks::ParticipantProperty" refid="_18_5_1_412017e_1513345209058_341827_40018"/><UMLClass classType="AssociationClass" humanName="Class" humanType="Block" icon="CommodityFlowNetwork_files/icon_block_517352490.svg" isRelationship="true" name="SequencingLink" refid="_18_5_1_412017e_1513345208932_58869_39961"/><classifier classType="AssociationClass" humanName="Classifier" humanType="Block" icon="CommodityFlowNetwork_files/icon_block_517352490.svg" isRelationship="true" name="SequencingLink" refid="_18_5_1_412017e_1513345208932_58869_39961"/><documentation humanName="Documentation"/><effectiveIRI humanName="Effective IRI"/><featuringClassifier classType="AssociationClass" humanName="Featuring Classifier" humanType="Block" icon="CommodityFlowNetwork_files/icon_block_517352490.svg" isRelationship="true" name="SequencingLink" refid="_18_5_1_412017e_1513345208932_58869_39961"/><isComposite humanName="Is Composite">false</isComposite><isDerived humanName="Is Derived" mode="s,e">false</isDerived><isDerivedUnion humanName="Is Derived Union" mode="e">false</isDerivedUnion><isID humanName="Is ID" mode="e">false</isID><isLeaf humanName="Is Leaf">false</isLeaf><isOrdered humanName="Is Ordered" mode="e">false</isOrdered><isReadOnly humanName="Is Read Only" mode="s,e">false</isReadOnly><isStatic humanName="Is Static" mode="s,e">false</isStatic><isUnique humanName="Is Unique" mode="e">true</isUnique><lower humanName="Lower">1</lower><lowerValue classType="LiteralInteger" humanName="Lower Value" humanType="Literal Integer" icon="CommodityFlowNetwork_files/icon_literalinteger_213415401.svg" name="1" refid="_18_5_1_412017e_1535988944782_193243_75769" text="1"/><multiplicity humanName="Multiplicity" mode="s,e">1</multiplicity><multiplicity humanName="Multiplicity" mode="s,e">1</multiplicity><name humanName="Name" mode="s,e">predecessor</name><namespace classType="AssociationClass" humanName="Namespace" humanType="Block" icon="CommodityFlowNetwork_files/icon_block_517352490.svg" isRelationship="true" name="SequencingLink" refid="_18_5_1_412017e_1513345208932_58869_39961"/><navigable humanName="Navigable">true</navigable><ownedBy classType="AssociationClass" humanName="Owned By" humanType="Block" icon="CommodityFlowNetwork_files/icon_block_517352490.svg" isRelationship="true" name="SequencingLink" refid="_18_5_1_412017e_1513345208932_58869_39961"/><ownedElement humanName="Owned Element"><instancespecification classType="InstanceSpecification" humanType="Instance Specification" icon="CommodityFlowNetwork_files/icon_instancespecification_13643661.svg" name=" : SysML::Blocks::ParticipantProperty" refid="_18_5_1_412017e_1513345209058_341827_40018"/><literalinteger classType="LiteralInteger" humanType="Literal Integer" icon="CommodityFlowNetwork_files/icon_literalinteger_213415401.svg" name="1" refid="_18_5_1_412017e_1535988944782_193243_75769" text="1"/><literalunlimitednatural classType="LiteralUnlimitedNatural" humanType="Literal Unlimited Natural" icon="CommodityFlowNetwork_files/icon_literalunlimitednatural_580911462.svg" name="1" refid="_18_5_1_412017e_1535988944783_872975_75770" text="1"/></ownedElement><owner classType="AssociationClass" humanName="Owner" humanType="Block" icon="CommodityFlowNetwork_files/icon_block_517352490.svg" isRelationship="true" name="SequencingLink" refid="_18_5_1_412017e_1513345208932_58869_39961"/><qualifiedName humanName="Qualified Name" mode="e">CommodityFlowNetwork::SequencingLink::predecessor</qualifiedName><redefinedElement humanName="Redefined Element"><participantproperty classType="Property" humanType="Participant Property" icon="CommodityFlowNetwork_files/icon_participantproperty_1617153476.svg" name="linkEnd1" refid="_18_5_1_412017e_1513190186994_240653_37009"/></redefinedElement><redefinedProperty humanName="Redefined Property" mode="e"><participantproperty classType="Property" humanType="Participant Property" icon="CommodityFlowNetwork_files/icon_participantproperty_1617153476.svg" name="linkEnd1" refid="_18_5_1_412017e_1513190186994_240653_37009"/></redefinedProperty><redefinitionContext humanName="Redefinition Context"><block classType="AssociationClass" humanType="Block" icon="CommodityFlowNetwork_files/icon_block_517352490.svg" isRelationship="true" name="SequencingLink" refid="_18_5_1_412017e_1513345208932_58869_39961"/></redefinitionContext><TO_DO humanName="To Do" mode="s,e"/><type classType="Activity" humanName="Type" humanType="Activity" icon="CommodityFlowNetwork_files/icon_activity_1996581403.svg" mode="s,e" name="ProcessNetwork" refid="_18_4_1_412017e_1490794010074_822948_28228"/><TYPE_MODIFIER humanName="Type Modifier" mode="e"/><upper humanName="Upper">1</upper><upperValue classType="LiteralUnlimitedNatural" humanName="Upper Value" humanType="Literal Unlimited Natural" icon="CommodityFlowNetwork_files/icon_literalunlimitednatural_580911462.svg" name="1" refid="_18_5_1_412017e_1535988944783_872975_75770" text="1"/><appearsIn><diagram classType="Diagram" humanType="Diagram" icon="CommodityFlowNetwork_files/icon_SysML Block Definition Diagram_1080813915.svg" name="CommodityFlowNetworkOverview" refid="_18_5_1_412017e_1563536593786_365035_22477"/><diagram classType="Diagram" humanType="Diagram" icon="CommodityFlowNetwork_files/icon_SysML Block Definition Diagram_1080813915.svg" name="ProcessNetwork" refid="_18_4_1_412017e_1480448894962_294167_25475"/></appearsIn></participantproperty></magicdraw>