<?xml version="1.0" encoding="UTF-8"?><magicdraw><instancespecification classType="InstanceSpecification" humanType="Instance Specification" icon="CommodityFlowNetwork_files/icon_instancespecification_13643661.svg" id="_18_5_1_412017e_1516804357024_215886_35125"><classifier humanName="Classifier" mode="s,e"><stereotype classType="Stereotype" humanType="Stereotype" icon="CommodityFlowNetwork_files/icon_stereotype_482334932.svg" name="FlowProperty" refid="_11_5EAPbeta_be00301_1147436061009_177713_1911"/></classifier><documentation humanName="Documentation"/><name humanName="Name" mode="s,e"/><ownedElement humanName="Owned Element"><slot classType="Slot" humanType="Slot" icon="CommodityFlowNetwork_files/icon_slot_1477912881.svg" refid="_19_0_3_412017e_1592328169252_708059_13426"/></ownedElement><owner classType="Property" humanName="Owner" humanType="Flow Property" icon="CommodityFlowNetwork_files/icon_flowproperty_482334932.svg" mode="s,e" name="outputs" refid="_18_5_1_412017e_1516804357021_942548_35124"/><qualifiedName humanName="Qualified Name" mode="e">CommodityFlowNetwork::FlowNetwork::outputs::</qualifiedName><slot humanName="Slot"><slot classType="Slot" humanType="Slot" icon="CommodityFlowNetwork_files/icon_slot_1477912881.svg" refid="_19_0_3_412017e_1592328169252_708059_13426"/></slot><stereotypedElement classType="Property" humanName="Stereotyped Element" humanType="Flow Property" icon="CommodityFlowNetwork_files/icon_flowproperty_482334932.svg" name="outputs" refid="_18_5_1_412017e_1516804357021_942548_35124"/><TO_DO humanName="To Do" mode="s,e"/><visibility humanName="Visibility">public</visibility></instancespecification></magicdraw>