<?xml version="1.0" encoding="UTF-8"?><magicdraw><association classType="Association" humanType="Association" icon="CommodityFlowNetwork_files/icon_association_866202742.svg" id="_18_5_1_412017e_1552399219709_520238_62697"><documentation humanName="Documentation"/><endType humanName="End Type"><block classType="Class" humanType="Block" icon="CommodityFlowNetwork_files/icon_block_517352490.svg" name="Commodity" refid="_18_4_1_412017e_1480431603356_207384_23063"/><block classType="Class" humanType="Block" icon="CommodityFlowNetwork_files/icon_block_517352490.svg" name="FlowNetwork" refid="_18_4_1_412017e_1480430023770_307416_22716"/></endType><feature humanName="Feature"><property classType="Property" humanType="Property" icon="CommodityFlowNetwork_files/icon_property_1353393023.svg" name=" : FlowNetwork" refid="_18_5_1_412017e_1552399219710_721864_62698"/></feature><isAbstract humanName="Is Abstract">false</isAbstract><isDerived humanName="Is Derived">false</isDerived><isFinalSpecialization humanName="Is Final Specialization">false</isFinalSpecialization><isLeaf humanName="Is Leaf">false</isLeaf><member humanName="Member"><property classType="Property" humanType="Property" icon="CommodityFlowNetwork_files/icon_property_1353393023.svg" name=" : FlowNetwork" refid="_18_5_1_412017e_1552399219710_721864_62698"/><flowproperty classType="Property" humanType="Flow Property" icon="CommodityFlowNetwork_files/icon_flowproperty_482334932.svg" name="inputs" refid="_18_5_1_412017e_1516804276976_159477_35115"/></member><memberEnd humanName="Member End"><property classType="Property" humanType="Property" icon="CommodityFlowNetwork_files/icon_property_1353393023.svg" name=" : FlowNetwork" refid="_18_5_1_412017e_1552399219710_721864_62698"/><flowproperty classType="Property" humanType="Flow Property" icon="CommodityFlowNetwork_files/icon_flowproperty_482334932.svg" name="inputs" refid="_18_5_1_412017e_1516804276976_159477_35115"/></memberEnd><name humanName="Name" mode="s,e"/><namespace classType="Model" humanName="Namespace" humanType="Model" icon="CommodityFlowNetwork_files/icon_model_62531940.svg" name="CommodityFlowNetwork" refid="_18_4_1_412017e_1480428197145_536891_21458"/><ownedElement humanName="Owned Element"><property classType="Property" humanType="Property" icon="CommodityFlowNetwork_files/icon_property_1353393023.svg" name=" : FlowNetwork" refid="_18_5_1_412017e_1552399219710_721864_62698"/></ownedElement><ownedEnd humanName="Owned End"><property classType="Property" humanType="Property" icon="CommodityFlowNetwork_files/icon_property_1353393023.svg" name=" : FlowNetwork" refid="_18_5_1_412017e_1552399219710_721864_62698"/></ownedEnd><ownedMember humanName="Owned Member"><property classType="Property" humanType="Property" icon="CommodityFlowNetwork_files/icon_property_1353393023.svg" name=" : FlowNetwork" refid="_18_5_1_412017e_1552399219710_721864_62698"/></ownedMember><owner classType="Model" humanName="Owner" humanType="Model" icon="CommodityFlowNetwork_files/icon_model_62531940.svg" mode="s,e" name="CommodityFlowNetwork" refid="_18_4_1_412017e_1480428197145_536891_21458"/><owningPackage classType="Model" humanName="Owning Package" humanType="Model" icon="CommodityFlowNetwork_files/icon_model_62531940.svg" name="CommodityFlowNetwork" refid="_18_4_1_412017e_1480428197145_536891_21458"/><package classType="Model" humanName="Package" humanType="Model" icon="CommodityFlowNetwork_files/icon_model_62531940.svg" name="CommodityFlowNetwork" refid="_18_4_1_412017e_1480428197145_536891_21458"/><qualifiedName humanName="Qualified Name" mode="e">CommodityFlowNetwork::</qualifiedName><relatedElement humanName="Related Element"><block classType="Class" humanType="Block" icon="CommodityFlowNetwork_files/icon_block_517352490.svg" name="Commodity" refid="_18_4_1_412017e_1480431603356_207384_23063"/><block classType="Class" humanType="Block" icon="CommodityFlowNetwork_files/icon_block_517352490.svg" name="FlowNetwork" refid="_18_4_1_412017e_1480430023770_307416_22716"/></relatedElement><TO_DO humanName="To Do"/><visibility humanName="Visibility" mode="s,e">public</visibility><appearsIn><diagram classType="Diagram" humanType="Diagram" icon="CommodityFlowNetwork_files/icon_SysML Block Definition Diagram_1080813915.svg" name="Commodity" refid="_18_5_1_412017e_1552399189104_531799_62569"/></appearsIn></association></magicdraw>