<?xml version="1.0" encoding="UTF-8"?><magicdraw><enumerationliteral classType="EnumerationLiteral" humanType="Enumeration Literal" icon="CommodityFlowNetwork_files/icon_enumerationliteral_474733491.svg" id="_18_4_1_412017e_1480450245331_679752_26091"><classifier humanName="Classifier"><enumeration classType="Enumeration" humanType="Enumeration" icon="CommodityFlowNetwork_files/icon_enumeration_541248718.svg" name="SequencingKind" refid="_18_4_1_412017e_1480450245321_780581_26089"/></classifier><documentation humanName="Documentation"/><enumeration classType="Enumeration" humanName="Enumeration" humanType="Enumeration" icon="CommodityFlowNetwork_files/icon_enumeration_541248718.svg" name="SequencingKind" refid="_18_4_1_412017e_1480450245321_780581_26089"/><name humanName="Name" mode="s,e">SF (Start to Finish)</name><namespace classType="Enumeration" humanName="Namespace" humanType="Enumeration" icon="CommodityFlowNetwork_files/icon_enumeration_541248718.svg" name="SequencingKind" refid="_18_4_1_412017e_1480450245321_780581_26089"/><owner classType="Enumeration" humanName="Owner" humanType="Enumeration" icon="CommodityFlowNetwork_files/icon_enumeration_541248718.svg" mode="s,e" name="SequencingKind" refid="_18_4_1_412017e_1480450245321_780581_26089"/><qualifiedName humanName="Qualified Name" mode="e">CommodityFlowNetwork::SequencingKind::SF (Start to Finish)</qualifiedName><TO_DO humanName="To Do" mode="s,e"/><visibility humanName="Visibility">public</visibility></enumerationliteral></magicdraw>