<?xml version="1.0" encoding="UTF-8"?><magicdraw><partproperty classType="Property" humanType="Part Property" icon="CommodityFlowNetwork_files/icon_partproperty_1666480939.svg" id="_18_5_1_412017e_1513189146779_978407_36026"><aggregation humanName="Aggregation" mode="s,e">composite</aggregation><APPLIED_STEREOTYPES humanName="Applied Stereotype" mode="s,e"><stereotype classType="Stereotype" humanType="Stereotype" icon="CommodityFlowNetwork_files/icon_stereotype_1666480939.svg" name="PartProperty" refid="_15_0_be00301_1199377756297_348405_2678"/></APPLIED_STEREOTYPES><appliedStereotype humanName="Applied Stereotype" mode="s,e"><stereotype classType="Stereotype" humanType="Stereotype" icon="CommodityFlowNetwork_files/icon_stereotype_1666480939.svg" name="PartProperty" refid="_15_0_be00301_1199377756297_348405_2678"><property classType="Property" humanName="Base_ Element" humanType="Property" icon="CommodityFlowNetwork_files/icon_property_1683334053.svg" name="base_Element" refid="_10_0EAPbeta_be00301_1123081772098_411862_275"/><property classType="Property" humanName="Base_ Property" humanType="Property" icon="CommodityFlowNetwork_files/icon_property_1683334053.svg" name="base_Property" refid="_11_5EAPbeta_be00301_1147424449672_715796_1055"/><property classType="Property" humanName="Base_ Property" humanType="Property" icon="CommodityFlowNetwork_files/icon_property_1683334053.svg" name="base_Property" refid="_15_0_be00301_1199377759595_851315_2681"/></stereotype></appliedStereotype><appliedStereotypeInstance classType="InstanceSpecification" humanName="Applied Stereotype Instance" humanType="Instance Specification" icon="CommodityFlowNetwork_files/icon_instancespecification_777113684.svg" name=" : MD Customization for SysML::additional_stereotypes::PartProperty" refid="_18_5_1_412017e_1536337796123_725229_77886"/><association classType="Association" humanName="Association" humanType="Association" icon="CommodityFlowNetwork_files/icon_association_1938847993.svg" isRelationship="true" name="Association[parentNetwork:CommodityFlowNetwork::Network - node:CommodityFlowNetwork::Network]" refid="_18_5_1_412017e_1513189146778_490437_36025"/><UMLClass classType="Class" humanName="Class" humanType="Block" icon="CommodityFlowNetwork_files/icon_block_1211948370.svg" name="Network" refid="_18_4_1_412017e_1480428292021_38215_21493"/><classifier classType="Class" humanName="Classifier" humanType="Block" icon="CommodityFlowNetwork_files/icon_block_1211948370.svg" name="Network" refid="_18_4_1_412017e_1480428292021_38215_21493"/><documentation humanName="Documentation"/><end humanName="End"><connectorend classType="ConnectorEnd" humanType="Connector End" icon="CommodityFlowNetwork_files/icon_connectorend_1136602645.svg" refid="_18_5_1_412017e_1513264357871_252433_39529"/><connectorend classType="ConnectorEnd" humanType="Connector End" icon="CommodityFlowNetwork_files/icon_connectorend_1136602645.svg" refid="_18_5_1_412017e_1513264357871_956971_39530"/></end><featuringClassifier classType="Class" humanName="Featuring Classifier" humanType="Block" icon="CommodityFlowNetwork_files/icon_block_1211948370.svg" name="Network" refid="_18_4_1_412017e_1480428292021_38215_21493"/><isComposite humanName="Is Composite">true</isComposite><isDerived humanName="Is Derived" mode="s,e">false</isDerived><isDerivedUnion humanName="Is Derived Union" mode="e">false</isDerivedUnion><isID humanName="Is ID" mode="e">false</isID><isLeaf humanName="Is Leaf">false</isLeaf><isOrdered humanName="Is Ordered" mode="e">false</isOrdered><isReadOnly humanName="Is Read Only" mode="s,e">false</isReadOnly><isStatic humanName="Is Static" mode="s,e">false</isStatic><isUnique humanName="Is Unique" mode="e">true</isUnique><lower humanName="Lower">0</lower><lowerValue classType="LiteralInteger" humanName="Lower Value" humanType="Literal Integer" icon="CommodityFlowNetwork_files/icon_literalinteger_795693038.svg" name="0" refid="_18_5_1_412017e_1513189182850_902510_36075" text="0"/><multiplicity humanName="Multiplicity" mode="s,e">0..*</multiplicity><multiplicity humanName="Multiplicity" mode="s,e">0..*</multiplicity><name humanName="Name" mode="s,e">node</name><namespace classType="Class" humanName="Namespace" humanType="Block" icon="CommodityFlowNetwork_files/icon_block_1211948370.svg" name="Network" refid="_18_4_1_412017e_1480428292021_38215_21493"/><navigable humanName="Navigable">true</navigable><opposite classType="Property" humanName="Opposite" humanType="Reference Property" icon="CommodityFlowNetwork_files/icon_referenceproperty_857976599.svg" name="parentNetwork" refid="_18_5_1_412017e_1513189146779_560277_36027"/><ownedBy classType="Class" humanName="Owned By" humanType="Block" icon="CommodityFlowNetwork_files/icon_block_1211948370.svg" name="Network" refid="_18_4_1_412017e_1480428292021_38215_21493"/><ownedElement humanName="Owned Element"><instancespecification classType="InstanceSpecification" humanType="Instance Specification" icon="CommodityFlowNetwork_files/icon_instancespecification_777113684.svg" name=" : MD Customization for SysML::additional_stereotypes::PartProperty" refid="_18_5_1_412017e_1536337796123_725229_77886"/><literalunlimitednatural classType="LiteralUnlimitedNatural" humanType="Literal Unlimited Natural" icon="CommodityFlowNetwork_files/icon_literalunlimitednatural_43931884.svg" name="*" refid="_18_5_1_412017e_1513189182851_40393_36076" text="*"/><literalinteger classType="LiteralInteger" humanType="Literal Integer" icon="CommodityFlowNetwork_files/icon_literalinteger_795693038.svg" name="0" refid="_18_5_1_412017e_1513189182850_902510_36075" text="0"/></ownedElement><owner classType="Class" humanName="Owner" humanType="Block" icon="CommodityFlowNetwork_files/icon_block_1211948370.svg" name="Network" refid="_18_4_1_412017e_1480428292021_38215_21493"/><qualifiedName humanName="Qualified Name" mode="e">CommodityFlowNetwork::Network::node</qualifiedName><redefinitionContext humanName="Redefinition Context"><block classType="Class" humanType="Block" icon="CommodityFlowNetwork_files/icon_block_1211948370.svg" name="Network" refid="_18_4_1_412017e_1480428292021_38215_21493"/></redefinitionContext><TO_DO humanName="To Do" mode="s,e"/><type classType="Class" humanName="Type" humanType="Block" icon="CommodityFlowNetwork_files/icon_block_1211948370.svg" mode="s,e" name="Network" refid="_18_4_1_412017e_1480428292021_38215_21493"/><TYPE_MODIFIER humanName="Type Modifier" mode="e"/><upper humanName="Upper">-1</upper><upperValue classType="LiteralUnlimitedNatural" humanName="Upper Value" humanType="Literal Unlimited Natural" icon="CommodityFlowNetwork_files/icon_literalunlimitednatural_43931884.svg" name="*" refid="_18_5_1_412017e_1513189182851_40393_36076" text="*"/><visibility humanName="Visibility" mode="e">public</visibility><appearsIn><diagram classType="Diagram" humanType="Diagram" icon="CommodityFlowNetwork_files/icon_SysML Internal Block Diagram_708950728.svg" name="Network" refid="_18_5_1_412017e_1513264180102_435102_39251"/><diagram classType="Diagram" humanType="Diagram" icon="CommodityFlowNetwork_files/icon_SysML Block Definition Diagram_2096291030.svg" name="BasicNetwork" refid="_18_5_1_412017e_1513189125580_441486_35907"/></appearsIn></partproperty></magicdraw>