<?xml version="1.0" encoding="UTF-8"?><magicdraw><literalinteger classType="LiteralInteger" humanType="Literal Integer" icon="CommodityFlowNetwork_files/icon_literalinteger_213415401.svg" id="_18_5_1_412017e_1516804367398_405162_35130"><documentation humanName="Documentation"/><name humanName="Name"/><owner classType="Property" humanName="Owner" humanType="Flow Property" icon="CommodityFlowNetwork_files/icon_flowproperty_482334932.svg" mode="e" name="outputs" refid="_18_5_1_412017e_1516804357021_942548_35124"/><owningLower classType="Property" humanName="Owning Lower" humanType="Flow Property" icon="CommodityFlowNetwork_files/icon_flowproperty_482334932.svg" name="outputs" refid="_18_5_1_412017e_1516804357021_942548_35124"/><qualifiedName humanName="Qualified Name">CommodityFlowNetwork::FlowNetwork::outputs::</qualifiedName><text humanName="Text" mode="standard">0</text><TO_DO humanName="To Do"/><TYPE_MODIFIER humanName="Type Modifier"/><value humanName="Value" mode="s,e">0</value><visibility humanName="Visibility">public</visibility></literalinteger></magicdraw>