<?xml version="1.0" encoding="UTF-8"?><magicdraw><partproperty classType="Property" humanType="Part Property" icon="CommodityFlowNetwork_files/icon_partproperty_1290691395.svg" id="_18_5_1_412017e_1513192538972_225456_37849"><aggregation humanName="Aggregation" mode="s,e">composite</aggregation><APPLIED_STEREOTYPES humanName="Applied Stereotype" mode="s,e"><stereotype classType="Stereotype" humanType="Stereotype" icon="CommodityFlowNetwork_files/icon_stereotype_1290691395.svg" name="PartProperty" refid="_15_0_be00301_1199377756297_348405_2678"/></APPLIED_STEREOTYPES><appliedStereotype humanName="Applied Stereotype" mode="s,e"><stereotype classType="Stereotype" humanType="Stereotype" icon="CommodityFlowNetwork_files/icon_stereotype_1290691395.svg" name="PartProperty" refid="_15_0_be00301_1199377756297_348405_2678"><property classType="Property" humanName="Base_ Element" humanType="Property" icon="CommodityFlowNetwork_files/icon_property_1353393023.svg" name="base_Element" refid="_10_0EAPbeta_be00301_1123081772098_411862_275"/><property classType="Property" humanName="Base_ Property" humanType="Property" icon="CommodityFlowNetwork_files/icon_property_1353393023.svg" name="base_Property" refid="_11_5EAPbeta_be00301_1147424449672_715796_1055"/><property classType="Property" humanName="Base_ Property" humanType="Property" icon="CommodityFlowNetwork_files/icon_property_1353393023.svg" name="base_Property" refid="_15_0_be00301_1199377759595_851315_2681"/></stereotype></appliedStereotype><appliedStereotypeInstance classType="InstanceSpecification" humanName="Applied Stereotype Instance" humanType="Instance Specification" icon="CommodityFlowNetwork_files/icon_instancespecification_13643661.svg" name=" : MD Customization for SysML::additional_stereotypes::PartProperty" refid="_18_5_1_412017e_1536338023318_828335_77921"/><association classType="Association" humanName="Association" humanType="Association" icon="CommodityFlowNetwork_files/icon_association_1091860900.svg" isRelationship="true" name="Association[parentFlowNetwork:CommodityFlowNetwork::FlowNetwork - flowNode:CommodityFlowNetwork::FlowNetwork]" refid="_18_5_1_412017e_1513192538972_915919_37848"/><UMLClass classType="Class" humanName="Class" humanType="Block" icon="CommodityFlowNetwork_files/icon_block_517352490.svg" name="FlowNetwork" refid="_18_4_1_412017e_1480430023770_307416_22716"/><classifier classType="Class" humanName="Classifier" humanType="Block" icon="CommodityFlowNetwork_files/icon_block_517352490.svg" name="FlowNetwork" refid="_18_4_1_412017e_1480430023770_307416_22716"/><documentation humanName="Documentation"/><effectiveIRI humanName="Effective IRI"/><end humanName="End"><connectorend classType="ConnectorEnd" humanType="Connector End" icon="CommodityFlowNetwork_files/icon_connectorend_864205596.svg" refid="_18_5_1_412017e_1513362143618_724776_41458"/><connectorend classType="ConnectorEnd" humanType="Connector End" icon="CommodityFlowNetwork_files/icon_connectorend_864205596.svg" refid="_18_5_1_412017e_1513362143618_688045_41459"/></end><featuringClassifier classType="Class" humanName="Featuring Classifier" humanType="Block" icon="CommodityFlowNetwork_files/icon_block_517352490.svg" name="FlowNetwork" refid="_18_4_1_412017e_1480430023770_307416_22716"/><isComposite humanName="Is Composite">true</isComposite><isDerived humanName="Is Derived" mode="s,e">false</isDerived><isDerivedUnion humanName="Is Derived Union" mode="e">false</isDerivedUnion><isID humanName="Is ID" mode="e">false</isID><isLeaf humanName="Is Leaf">false</isLeaf><isOrdered humanName="Is Ordered" mode="e">false</isOrdered><isReadOnly humanName="Is Read Only" mode="s,e">false</isReadOnly><isStatic humanName="Is Static" mode="s,e">false</isStatic><isUnique humanName="Is Unique" mode="e">true</isUnique><lower humanName="Lower">0</lower><lowerValue classType="LiteralInteger" humanName="Lower Value" humanType="Literal Integer" icon="CommodityFlowNetwork_files/icon_literalinteger_213415401.svg" name="0" refid="_18_5_1_412017e_1513192605671_426717_37882" text="0"/><multiplicity humanName="Multiplicity" mode="s,e">0..*</multiplicity><multiplicity humanName="Multiplicity" mode="s,e">0..*</multiplicity><name humanName="Name" mode="s,e">flowNode</name><namespace classType="Class" humanName="Namespace" humanType="Block" icon="CommodityFlowNetwork_files/icon_block_517352490.svg" name="FlowNetwork" refid="_18_4_1_412017e_1480430023770_307416_22716"/><navigable humanName="Navigable">true</navigable><opposite classType="Property" humanName="Opposite" humanType="Reference Property" icon="CommodityFlowNetwork_files/icon_referenceproperty_879942551.svg" name="parentFlowNetwork" refid="_18_5_1_412017e_1513192538972_931633_37850"/><ownedBy classType="Class" humanName="Owned By" humanType="Block" icon="CommodityFlowNetwork_files/icon_block_517352490.svg" name="FlowNetwork" refid="_18_4_1_412017e_1480430023770_307416_22716"/><ownedElement humanName="Owned Element"><instancespecification classType="InstanceSpecification" humanType="Instance Specification" icon="CommodityFlowNetwork_files/icon_instancespecification_13643661.svg" name=" : MD Customization for SysML::additional_stereotypes::PartProperty" refid="_18_5_1_412017e_1536338023318_828335_77921"/><literalunlimitednatural classType="LiteralUnlimitedNatural" humanType="Literal Unlimited Natural" icon="CommodityFlowNetwork_files/icon_literalunlimitednatural_580911462.svg" name="*" refid="_18_5_1_412017e_1513192605672_933959_37883" text="*"/><literalinteger classType="LiteralInteger" humanType="Literal Integer" icon="CommodityFlowNetwork_files/icon_literalinteger_213415401.svg" name="0" refid="_18_5_1_412017e_1513192605671_426717_37882" text="0"/></ownedElement><owner classType="Class" humanName="Owner" humanType="Block" icon="CommodityFlowNetwork_files/icon_block_517352490.svg" name="FlowNetwork" refid="_18_4_1_412017e_1480430023770_307416_22716"/><qualifiedName humanName="Qualified Name" mode="e">CommodityFlowNetwork::FlowNetwork::flowNode</qualifiedName><redefinitionContext humanName="Redefinition Context"><block classType="Class" humanType="Block" icon="CommodityFlowNetwork_files/icon_block_517352490.svg" name="FlowNetwork" refid="_18_4_1_412017e_1480430023770_307416_22716"/></redefinitionContext><subsettedProperty humanName="Subsetted Property" mode="e"><partproperty classType="Property" humanType="Part Property" icon="CommodityFlowNetwork_files/icon_partproperty_1290691395.svg" name="node" refid="_18_5_1_412017e_1513189146779_978407_36026"/></subsettedProperty><TO_DO humanName="To Do" mode="s,e"/><type classType="Class" humanName="Type" humanType="Block" icon="CommodityFlowNetwork_files/icon_block_517352490.svg" mode="s,e" name="FlowNetwork" refid="_18_4_1_412017e_1480430023770_307416_22716"/><TYPE_MODIFIER humanName="Type Modifier" mode="e"/><upper humanName="Upper">-1</upper><upperValue classType="LiteralUnlimitedNatural" humanName="Upper Value" humanType="Literal Unlimited Natural" icon="CommodityFlowNetwork_files/icon_literalunlimitednatural_580911462.svg" name="*" refid="_18_5_1_412017e_1513192605672_933959_37883" text="*"/><visibility humanName="Visibility" mode="e">public</visibility><appearsIn><diagram classType="Diagram" humanType="Diagram" icon="CommodityFlowNetwork_files/icon_SysML Block Definition Diagram_1080813915.svg" name="CommodityFlowNetworkOverview" refid="_18_5_1_412017e_1563536593786_365035_22477"/><diagram classType="Diagram" humanType="Diagram" icon="CommodityFlowNetwork_files/icon_SysML Block Definition Diagram_1080813915.svg" name="FlowNetwork" refid="_18_4_1_412017e_1480430006088_181173_22517"/><diagram classType="Diagram" humanType="Diagram" icon="CommodityFlowNetwork_files/icon_SysML Internal Block Diagram_1195506736.svg" name="FlowNetwork" refid="_18_5_1_412017e_1513362123385_20245_41390"/><diagram classType="Diagram" humanType="Diagram" icon="CommodityFlowNetwork_files/icon_SysML Block Definition Diagram_1080813915.svg" name="FlowNetwork_simple" refid="_18_5_1_412017e_1583499600145_43424_20112"/><diagram classType="Diagram" humanType="Diagram" icon="CommodityFlowNetwork_files/icon_SysML Block Definition Diagram_1080813915.svg" name="FlowNetwork_w/Notes" refid="_18_5_1_412017e_1521810279781_348461_35190"/></appearsIn></partproperty></magicdraw>