<?xml version="1.0" encoding="UTF-8"?><magicdraw><literalunlimitednatural classType="LiteralUnlimitedNatural" humanType="Literal Unlimited Natural" icon="CommodityFlowNetwork_files/icon_literalunlimitednatural_580911462.svg" id="_18_5_1_412017e_1555503070303_271172_23774"><documentation humanName="Documentation"/><name humanName="Name"/><owner classType="Property" humanName="Owner" humanType="Part Property" icon="CommodityFlowNetwork_files/icon_partproperty_1290691395.svg" mode="e" name="currentlyProcessing" refid="_18_5_1_412017e_1555503070302_972482_23773"/><owningUpper classType="Property" humanName="Owning Upper" humanType="Part Property" icon="CommodityFlowNetwork_files/icon_partproperty_1290691395.svg" name="currentlyProcessing" refid="_18_5_1_412017e_1555503070302_972482_23773"/><qualifiedName humanName="Qualified Name">CommodityFlowNetwork::ProcessNetwork::currentlyProcessing::</qualifiedName><text humanName="Text" mode="standard">*</text><TO_DO humanName="To Do"/><TYPE_MODIFIER humanName="Type Modifier"/><value humanName="Value" mode="s,e">-1</value><visibility humanName="Visibility">public</visibility></literalunlimitednatural></magicdraw>