<?xml version="1.0" encoding="UTF-8"?><magicdraw><connector classType="Connector" humanType="Connector" icon="CommodityFlowNetwork_files/icon_connector_43368234.svg" id="_18_5_1_412017e_1513362143618_808921_41457"><documentation humanName="Documentation"/><end humanName="End"><connectorend classType="ConnectorEnd" humanType="Connector End" icon="CommodityFlowNetwork_files/icon_connectorend_1136602645.svg" refid="_18_5_1_412017e_1513362143618_724776_41458"/><connectorend classType="ConnectorEnd" humanType="Connector End" icon="CommodityFlowNetwork_files/icon_connectorend_1136602645.svg" refid="_18_5_1_412017e_1513362143618_688045_41459"/></end><featuringClassifier classType="Class" humanName="Featuring Classifier" humanType="Block" icon="CommodityFlowNetwork_files/icon_block_1211948370.svg" name="FlowNetwork" refid="_18_4_1_412017e_1480430023770_307416_22716"/><isLeaf humanName="Is Leaf" mode="e">false</isLeaf><isStatic humanName="Is Static" mode="e">false</isStatic><kind humanName="Kind" mode="s,e">assembly</kind><name humanName="Name" mode="s,e">flowEdge</name><namespace classType="Class" humanName="Namespace" humanType="Block" icon="CommodityFlowNetwork_files/icon_block_1211948370.svg" name="FlowNetwork" refid="_18_4_1_412017e_1480430023770_307416_22716"/><ownedElement humanName="Owned Element"><connectorend classType="ConnectorEnd" humanType="Connector End" icon="CommodityFlowNetwork_files/icon_connectorend_1136602645.svg" refid="_18_5_1_412017e_1513362143618_724776_41458"/><connectorend classType="ConnectorEnd" humanType="Connector End" icon="CommodityFlowNetwork_files/icon_connectorend_1136602645.svg" refid="_18_5_1_412017e_1513362143618_688045_41459"/></ownedElement><owner classType="Class" humanName="Owner" humanType="Block" icon="CommodityFlowNetwork_files/icon_block_1211948370.svg" mode="s,e" name="FlowNetwork" refid="_18_4_1_412017e_1480430023770_307416_22716"/><qualifiedName humanName="Qualified Name" mode="e">CommodityFlowNetwork::FlowNetwork::flowEdge</qualifiedName><redefinitionContext humanName="Redefinition Context"><block classType="Class" humanType="Block" icon="CommodityFlowNetwork_files/icon_block_1211948370.svg" name="FlowNetwork" refid="_18_4_1_412017e_1480430023770_307416_22716"/></redefinitionContext><TO_DO humanName="To Do" mode="s,e"/><type classType="AssociationClass" humanName="Type" humanType="Block" icon="CommodityFlowNetwork_files/icon_block_1211948370.svg" isRelationship="true" mode="s,e" name="FlowNetworkLink" refid="_18_5_1_412017e_1513191054925_696549_37680"/><visibility humanName="Visibility">public</visibility><appearsIn><diagram classType="Diagram" humanType="Diagram" icon="CommodityFlowNetwork_files/icon_SysML Block Definition Diagram_2096291030.svg" name="CommodityFlowNetworkOverview" refid="_18_5_1_412017e_1563536593786_365035_22477"/><diagram classType="Diagram" humanType="Diagram" icon="CommodityFlowNetwork_files/icon_SysML Block Definition Diagram_2096291030.svg" name="FlowNetwork" refid="_18_4_1_412017e_1480430006088_181173_22517"/><diagram classType="Diagram" humanType="Diagram" icon="CommodityFlowNetwork_files/icon_SysML Internal Block Diagram_708950728.svg" name="FlowNetwork" refid="_18_5_1_412017e_1513362123385_20245_41390"/></appearsIn></connector></magicdraw>