<?xml version="1.0" encoding="UTF-8"?><magicdraw><activityparameternode classType="ActivityParameterNode" humanType="Activity Parameter Node" icon="CommodityFlowNetwork_files/icon_activityparameternode_1681434622.svg" id="_18_5_1_412017e_1528288050845_374591_41976"><activity classType="Activity" humanName="Activity" humanType="Activity" icon="CommodityFlowNetwork_files/icon_activity_1146164911.svg" name="ProcessNetwork" refid="_18_4_1_412017e_1490794010074_822948_28228"/><documentation humanName="Documentation"/><isControlType humanName="Is Control Type" mode="e">false</isControlType><isLeaf humanName="Is Leaf">false</isLeaf><name humanName="Name" mode="s,e">outputItems</name><ordering humanName="Ordering" mode="e">FIFO</ordering><owner classType="Activity" humanName="Owner" humanType="Activity" icon="CommodityFlowNetwork_files/icon_activity_1146164911.svg" mode="s,e" name="ProcessNetwork" refid="_18_4_1_412017e_1490794010074_822948_28228"/><parameter classType="Parameter" humanName="Parameter" humanType="Parameter" icon="CommodityFlowNetwork_files/icon_parameter_1196200241.svg" mode="s,e" name="outputs" refid="_18_5_1_412017e_1528288050814_221578_41975"/><qualifiedName humanName="Qualified Name" mode="e">CommodityFlowNetwork::ProcessNetwork::outputItems</qualifiedName><TO_DO humanName="To Do" mode="s,e"/><type classType="Class" humanName="Type" humanType="Block" icon="CommodityFlowNetwork_files/icon_block_1211948370.svg" mode="s,e" name="Commodity" refid="_18_4_1_412017e_1480431603356_207384_23063"/><TYPE_MODIFIER humanName="Type Modifier"/><visibility humanName="Visibility">public</visibility></activityparameternode></magicdraw>