<?xml version="1.0" encoding="UTF-8"?><magicdraw><diagram classType="Diagram" diagramType="SysML Block Definition Diagram" height="1396" humanType="Diagram" icon="CommodityFlowNetwork_files/icon_SysML Block Definition Diagram_1080813915.svg" id="_18_5_1_412017e_1563536593786_365035_22477" src="CommodityFlowNetwork_files/_18_5_1_412017e_1563536593786_365035_22477.svg" width="1068"><APPLIED_STEREOTYPES humanName="Applied Stereotype" mode="s,e"><stereotype classType="Stereotype" humanType="Stereotype" icon="CommodityFlowNetwork_files/icon_stereotype_918307166.svg" name="complete" refid="_19_0_1_8ca0285_1532415865804_574455_4606"/><stereotype classType="Stereotype" humanType="Stereotype" icon="CommodityFlowNetwork_files/icon_stereotype_918307166.svg" name="DiagramInfo" refid="_9_0_be00301_1108044380615_150487_0"/></APPLIED_STEREOTYPES><appliedStereotype humanName="Applied Stereotype" mode="s,e"><stereotype classType="Stereotype" humanType="Stereotype" icon="CommodityFlowNetwork_files/icon_stereotype_918307166.svg" name="complete" refid="_19_0_1_8ca0285_1532415865804_574455_4606"><property classType="Property" humanName="Base_ Diagram" humanType="Property" icon="CommodityFlowNetwork_files/icon_property_1353393023.svg" name="base_Diagram" refid="_19_0_1_8ca0285_1532415878123_281673_4613"/></stereotype><stereotype classType="Stereotype" humanType="Stereotype" icon="CommodityFlowNetwork_files/icon_stereotype_918307166.svg" name="DiagramInfo" refid="_9_0_be00301_1108044380615_150487_0"><property classType="Property" humanName="Author" humanType="Property" icon="CommodityFlowNetwork_files/icon_property_1353393023.svg" name="Author" refid="_be00301_1077726770128_871366_1"><String>tas5</String></property><property classType="Property" humanName="Base_ Diagram" humanType="Property" icon="CommodityFlowNetwork_files/icon_property_1353393023.svg" name="base_Diagram" refid="_10_0EAPbeta_be00301_1123081772498_901864_356"/><property classType="Property" humanName="Base_ Element" humanType="Property" icon="CommodityFlowNetwork_files/icon_property_1353393023.svg" name="base_Element" refid="_10_0EAPbeta_be00301_1123081772098_411862_275"/><property classType="Property" humanName="Creation Date" humanType="Property" icon="CommodityFlowNetwork_files/icon_property_1353393023.svg" name="Creation date" refid="_be00301_1073306188629_537791_2"><String>7/19/19 7:43 AM</String></property><property classType="Property" humanName="Last modified by" humanType="Property" icon="CommodityFlowNetwork_files/icon_property_1353393023.svg" name="Last modified by" refid="_16_8beta_8ca0285_1257244649124_794756_344"><String>tas5</String></property><property classType="Property" humanName="Modification Date" humanType="Property" icon="CommodityFlowNetwork_files/icon_property_1353393023.svg" name="Modification date" refid="_be00301_1073394345322_922552_1"><String>6/16/20 1:18 PM</String></property></stereotype></appliedStereotype><appliedStereotypeInstance classType="InstanceSpecification" humanName="Applied Stereotype Instance" humanType="Instance Specification" icon="CommodityFlowNetwork_files/icon_instancespecification_13643661.svg" name=" : UML Standard Profile::MagicDraw Profile::DiagramInfo, UML Standard Profile::MagicDraw Profile::complete" refid="_18_5_1_412017e_1563536593834_478622_22488"/><documentation humanName="Documentation"/><map><area isNotContentShape="false" name="Adjunct Property processNode" refid="_18_4_1_412017e_1480449704985_547184_25972" shape="rect" type="0"><point x="1988" y="4348"/><point x="2032" y="4348"/><point x="2032" y="4392"/><point x="1988" y="4392"/></area><area isNotContentShape="false" name="Adjunct Property sequencing" refid="_18_5_1_412017e_1513345350822_523426_40055" shape="rect" type="0"><point x="2800" y="4804"/><point x="2844" y="4804"/><point x="2844" y="4848"/><point x="2800" y="4848"/></area><area isNotContentShape="false" name="Part Property node" refid="_18_5_1_412017e_1513189146779_978407_36026" shape="rect" type="0"><point x="568" y="1048"/><point x="612" y="1048"/><point x="612" y="1092"/><point x="568" y="1092"/></area><area isNotContentShape="false" name="Adjunct Property edge" refid="_18_5_1_412017e_1513190219530_869897_37060" shape="rect" type="0"><point x="2844" y="836"/><point x="2888" y="836"/><point x="2888" y="880"/><point x="2844" y="880"/></area><area isNotContentShape="false" name="Part Property flowEdge" refid="_18_5_1_412017e_1513191078480_901416_37791" shape="rect" type="0"><point x="3356" y="3320"/><point x="3400" y="3320"/><point x="3400" y="3364"/><point x="3356" y="3364"/></area><area isNotContentShape="false" name="Part Property flowNode" refid="_18_5_1_412017e_1513192538972_225456_37849" shape="rect" type="0"><point x="240" y="3004"/><point x="284" y="3004"/><point x="284" y="3048"/><point x="240" y="3048"/></area><area isNotContentShape="false" name="Reference Property parentProcessNetwork" refid="_18_4_1_412017e_1480449704985_231240_25973" shape="rect" type="0"><point x="1988" y="4056"/><point x="2032" y="4056"/><point x="2032" y="4100"/><point x="1988" y="4100"/></area><area isNotContentShape="false" name="Property parentProcessNetwork" refid="_18_5_1_412017e_1513345350823_162691_40056" shape="rect" type="0"><point x="1988" y="4588"/><point x="2032" y="4588"/><point x="2032" y="4632"/><point x="1988" y="4632"/></area><area isNotContentShape="false" name="Reference Property parentNetwork" refid="_18_5_1_412017e_1513189146779_560277_36027" shape="rect" type="0"><point x="792" y="1240"/><point x="836" y="1240"/><point x="836" y="1284"/><point x="792" y="1284"/></area><area isNotContentShape="false" name="Property parentNetwork" refid="_18_5_1_412017e_1513190219530_486496_37061" shape="rect" type="0"><point x="1624" y="836"/><point x="1668" y="836"/><point x="1668" y="880"/><point x="1624" y="880"/></area><area isNotContentShape="false" name="Property parentFlowNetwork" refid="_18_5_1_412017e_1513191078481_355001_37792" shape="rect" type="0"><point x="1948" y="2852"/><point x="1992" y="2852"/><point x="1992" y="2896"/><point x="1948" y="2896"/></area><area isNotContentShape="false" name="Reference Property parentFlowNetwork" refid="_18_5_1_412017e_1513192538972_931633_37850" shape="rect" type="0"><point x="596" y="3304"/><point x="640" y="3304"/><point x="640" y="3348"/><point x="596" y="3348"/></area><area isNotContentShape="false" name="Reference Property precedingProcess" refid="_18_5_1_412017e_1513345208932_140576_39962" shape="rect" type="0"><point x="1988" y="5160"/><point x="2032" y="5160"/><point x="2032" y="5204"/><point x="1988" y="5204"/></area><area isNotContentShape="false" name="Reference Property endNetwork1" refid="_18_5_1_412017e_1513190186908_510822_36952" shape="rect" type="0"><point x="1624" y="1060"/><point x="1668" y="1060"/><point x="1668" y="1104"/><point x="1624" y="1104"/></area><area isNotContentShape="false" name="Reference Property sourceFlowNetwork" refid="_18_5_1_412017e_1513191054925_531915_37681" shape="rect" type="0"><point x="1948" y="3020"/><point x="1992" y="3020"/><point x="1992" y="3064"/><point x="1948" y="3064"/></area><area isNotContentShape="false" name="Reference Property succeedingProcess" refid="_18_5_1_412017e_1513345208933_313648_39963" shape="rect" type="0"><point x="1828" y="5264"/><point x="1872" y="5264"/><point x="1872" y="5308"/><point x="1828" y="5308"/></area><area isNotContentShape="false" name="Reference Property endNetwork2" refid="_18_5_1_412017e_1513190186908_343394_36953" shape="rect" type="0"><point x="1464" y="1240"/><point x="1508" y="1240"/><point x="1508" y="1284"/><point x="1464" y="1284"/></area><area isNotContentShape="false" name="Reference Property targetFlowNetwork" refid="_18_5_1_412017e_1513191054926_725262_37682" shape="rect" type="0"><point x="1660" y="3304"/><point x="1704" y="3304"/><point x="1704" y="3348"/><point x="1660" y="3348"/></area><area isNotContentShape="false" name="Part Property node" refid="_18_5_1_412017e_1513189146779_978407_36026" shape="rect" type="0"><point x="480" y="1004"/><point x="600" y="1004"/><point x="600" y="1060"/><point x="480" y="1060"/></area><area isNotContentShape="false" name="Adjunct Property edge" refid="_18_5_1_412017e_1513190219530_869897_37060" shape="rect" type="0"><point x="2756" y="792"/><point x="2876" y="792"/><point x="2876" y="848"/><point x="2756" y="848"/></area><area isNotContentShape="false" name="Part Property flowEdge" refid="_18_5_1_412017e_1513191078480_901416_37791" shape="rect" type="0"><point x="3156" y="3296"/><point x="3368" y="3296"/><point x="3368" y="3352"/><point x="3156" y="3352"/></area><area isNotContentShape="false" name="Part Property flowNode" refid="_18_5_1_412017e_1513192538972_225456_37849" shape="rect" type="0"><point x="56" y="2960"/><point x="272" y="2960"/><point x="272" y="3016"/><point x="56" y="3016"/></area><area isNotContentShape="false" name="Adjunct Property sequencing" refid="_18_5_1_412017e_1513345350822_523426_40055" shape="rect" type="0"><point x="2548" y="4780"/><point x="2812" y="4780"/><point x="2812" y="4836"/><point x="2548" y="4836"/></area><area isNotContentShape="false" name="Adjunct Property processNode" refid="_18_4_1_412017e_1480449704985_547184_25972" shape="rect" type="0"><point x="2000" y="4304"/><point x="2300" y="4304"/><point x="2300" y="4360"/><point x="2000" y="4360"/></area><area isNotContentShape="false" name="Reference Property endNetwork1" refid="_18_5_1_412017e_1513190186908_510822_36952" shape="rect" type="0"><point x="1632" y="1008"/><point x="1940" y="1008"/><point x="1940" y="1064"/><point x="1632" y="1064"/></area><area isNotContentShape="false" name="Reference Property endNetwork2" refid="_18_5_1_412017e_1513190186908_343394_36953" shape="rect" type="0"><point x="1168" y="1252"/><point x="1476" y="1252"/><point x="1476" y="1308"/><point x="1168" y="1308"/></area><area isNotContentShape="false" name="Reference Property parentNetwork" refid="_18_5_1_412017e_1513189146779_560277_36027" shape="rect" type="0"><point x="460" y="1300"/><point x="804" y="1300"/><point x="804" y="1356"/><point x="460" y="1356"/></area><area isNotContentShape="false" name="Property parentNetwork" refid="_18_5_1_412017e_1513190219530_486496_37061" shape="rect" type="0"><point x="1684" y="792"/><point x="2028" y="792"/><point x="2028" y="848"/><point x="1684" y="848"/></area><area isNotContentShape="false" name="Reference Property precedingProcess" refid="_18_5_1_412017e_1513345208932_140576_39962" shape="rect" type="0"><point x="2000" y="5116"/><point x="2408" y="5116"/><point x="2408" y="5172"/><point x="2000" y="5172"/></area><area isNotContentShape="false" name="Reference Property targetFlowNetwork" refid="_18_5_1_412017e_1513191054926_725262_37682" shape="rect" type="0"><point x="1240" y="3316"/><point x="1672" y="3316"/><point x="1672" y="3372"/><point x="1240" y="3372"/></area><area isNotContentShape="false" name="Reference Property succeedingProcess" refid="_18_5_1_412017e_1513345208933_313648_39963" shape="rect" type="0"><point x="1404" y="5276"/><point x="1840" y="5276"/><point x="1840" y="5332"/><point x="1404" y="5332"/></area><area isNotContentShape="false" name="Property parentFlowNetwork" refid="_18_5_1_412017e_1513191078481_355001_37792" shape="rect" type="0"><point x="2008" y="2808"/><point x="2452" y="2808"/><point x="2452" y="2864"/><point x="2008" y="2864"/></area><area isNotContentShape="false" name="Reference Property parentFlowNetwork" refid="_18_5_1_412017e_1513192538972_931633_37850" shape="rect" type="0"><point x="164" y="3364"/><point x="608" y="3364"/><point x="608" y="3420"/><point x="164" y="3420"/></area><area isNotContentShape="false" name="Reference Property sourceFlowNetwork" refid="_18_5_1_412017e_1513191054925_531915_37681" shape="rect" type="0"><point x="1960" y="2976"/><point x="2408" y="2976"/><point x="2408" y="3032"/><point x="1960" y="3032"/></area><area isNotContentShape="false" name="Reference Property parentProcessNetwork" refid="_18_4_1_412017e_1480449704985_231240_25973" shape="rect" type="0"><point x="2048" y="4012"/><point x="2568" y="4012"/><point x="2568" y="4068"/><point x="2048" y="4068"/></area><area isNotContentShape="false" name="Property parentProcessNetwork" refid="_18_5_1_412017e_1513345350823_162691_40056" shape="rect" type="0"><point x="2048" y="4544"/><point x="2568" y="4544"/><point x="2568" y="4600"/><point x="2048" y="4600"/></area><area isNotContentShape="false" name="Generalization" refid="_18_5_1_412017e_1569951695918_746575_21779" shape="poly" type="0"><point x="1952" y="2712"/><point x="1952" y="2712"/><point x="1944" y="2720"/><point x="1944" y="2720"/></area><area isNotContentShape="false" name="Block SequencingLink" refid="_18_5_1_412017e_1513345208932_58869_39961" shape="poly" type="0"><point x="2244" y="5400"/><point x="2272" y="5400"/><point x="2272" y="5316"/><point x="2512" y="5316"/><point x="2512" y="5212"/><point x="2504" y="5220"/><point x="2504" y="5324"/><point x="2264" y="5324"/><point x="2264" y="5408"/><point x="2236" y="5408"/></area><area isNotContentShape="false" name="Block FlowNetworkLink" refid="_18_5_1_412017e_1513191054925_696549_37680" shape="poly" type="0"><point x="2160" y="3496"/><point x="2608" y="3496"/><point x="2600" y="3504"/><point x="2152" y="3504"/></area><area isNotContentShape="false" name="Association" refid="_18_5_1_412017e_1513189146778_490437_36025" shape="poly" type="0"><point x="612" y="1064"/><point x="348" y="1064"/><point x="348" y="1404"/><point x="816" y="1404"/><point x="816" y="1236"/><point x="808" y="1244"/><point x="808" y="1412"/><point x="340" y="1412"/><point x="340" y="1072"/><point x="604" y="1072"/></area><area isNotContentShape="false" name="Connector flowEdge" refid="_18_5_1_412017e_1513362143618_808921_41457" shape="poly" type="0"><point x="1204" y="2892"/><point x="1420" y="2892"/><point x="1420" y="3172"/><point x="944" y="3172"/><point x="944" y="2972"/><point x="936" y="2980"/><point x="936" y="3180"/><point x="1412" y="3180"/><point x="1412" y="2900"/><point x="1196" y="2900"/></area><area isNotContentShape="false" name="Association" refid="_18_5_1_412017e_1513192538972_915919_37848" shape="poly" type="0"><point x="284" y="3020"/><point x="88" y="3020"/><point x="88" y="3484"/><point x="620" y="3484"/><point x="620" y="3300"/><point x="612" y="3308"/><point x="612" y="3492"/><point x="80" y="3492"/><point x="80" y="3028"/><point x="276" y="3028"/></area><area isNotContentShape="false" name="Generalization" refid="_18_4_1_412017e_1480430095754_117180_22761" shape="poly" type="0"><point x="1120" y="1236"/><point x="1120" y="1816"/><point x="1112" y="1824"/><point x="1112" y="1244"/></area><area isNotContentShape="false" name="Generalization" refid="_18_5_1_412017e_1569951121409_567866_21766" shape="poly" type="0"><point x="3568" y="2712"/><point x="3568" y="3356"/><point x="3560" y="3364"/><point x="3560" y="2720"/></area><area isNotContentShape="false" name="Association" refid="_18_4_1_412017e_1480449704985_415591_25971" shape="poly" type="0"><point x="1992" y="4364"/><point x="2680" y="4364"/><point x="2680" y="4072"/><point x="1992" y="4072"/><point x="1984" y="4080"/><point x="2672" y="4080"/><point x="2672" y="4372"/><point x="1984" y="4372"/></area><area isNotContentShape="false" name="Generalization" refid="_18_5_1_412017e_1515523149156_245226_37730" shape="poly" type="0"><point x="1108" y="3300"/><point x="1108" y="4028"/><point x="1100" y="4036"/><point x="1100" y="3308"/></area><area isNotContentShape="false" name="Generalization" refid="_18_5_1_412017e_1570105994971_830808_22726" shape="poly" type="0"><point x="2752" y="376"/><point x="3520" y="376"/><point x="3520" y="780"/><point x="3512" y="788"/><point x="3512" y="384"/><point x="2744" y="384"/></area><area isNotContentShape="false" name="Association" refid="_18_5_1_412017e_1513345350822_879504_40054" shape="poly" type="0"><point x="2824" y="4840"/><point x="2824" y="4604"/><point x="1992" y="4604"/><point x="1984" y="4612"/><point x="2816" y="4612"/><point x="2816" y="4848"/></area><area isNotContentShape="false" name="Generalization" refid="_18_5_1_412017e_1570105911189_624838_22669" shape="poly" type="0"><point x="2076" y="404"/><point x="1112" y="404"/><point x="1112" y="696"/><point x="1104" y="704"/><point x="1104" y="412"/><point x="2068" y="412"/></area><area isNotContentShape="false" name="Generalization" refid="_18_5_1_412017e_1570110001101_474327_22967" shape="poly" type="0"><point x="2372" y="588"/><point x="2372" y="1816"/><point x="2364" y="1824"/><point x="2364" y="596"/></area><area isNotContentShape="false" name="Association" refid="_18_5_1_412017e_1513190219530_677714_37059" shape="poly" type="0"><point x="2888" y="852"/><point x="1628" y="852"/><point x="1620" y="860"/><point x="2880" y="860"/></area><area isNotContentShape="false" name="Association" refid="_18_5_1_412017e_1513191078480_865032_37790" shape="poly" type="0"><point x="3380" y="3356"/><point x="3380" y="2868"/><point x="1952" y="2868"/><point x="1944" y="2876"/><point x="3372" y="2876"/><point x="3372" y="3364"/></area><area isNotContentShape="false" name="Block NetworkLink" refid="_18_5_1_412017e_1513190186908_384793_36951" shape="poly" type="0"><point x="1840" y="1380"/><point x="1840" y="1228"/><point x="2372" y="1228"/><point x="2372" y="1244"/><point x="3352" y="1244"/><point x="3352" y="1116"/><point x="3344" y="1124"/><point x="3344" y="1252"/><point x="2364" y="1252"/><point x="2364" y="1236"/><point x="1832" y="1236"/><point x="1832" y="1388"/></area><area isNotContentShape="false" name="Generalization" refid="_18_5_1_412017e_1513191068793_329266_37785" shape="poly" type="0"><point x="3828" y="1116"/><point x="3828" y="3356"/><point x="3820" y="3364"/><point x="3820" y="1124"/></area><area isNotContentShape="false" name="Generalization" refid="_18_5_1_412017e_1555593025609_211093_20787" shape="poly" type="0"><point x="4016" y="1116"/><point x="4016" y="4840"/><point x="4008" y="4848"/><point x="4008" y="1124"/></area><area isNotContentShape="false" name="Block NetworkLink" refid="_18_5_1_412017e_1513190186908_384793_36951" shape="poly" type="0"><point x="1628" y="1076"/><point x="1840" y="1076"/><point x="1840" y="1392"/><point x="1488" y="1392"/><point x="1488" y="1236"/><point x="1480" y="1244"/><point x="1480" y="1400"/><point x="1832" y="1400"/><point x="1832" y="1084"/><point x="1620" y="1084"/></area><area isNotContentShape="false" name="Block SequencingLink" refid="_18_5_1_412017e_1513345208932_58869_39961" shape="poly" type="0"><point x="1992" y="5176"/><point x="2272" y="5176"/><point x="2272" y="5400"/><point x="1852" y="5400"/><point x="1852" y="5260"/><point x="1844" y="5268"/><point x="1844" y="5408"/><point x="2264" y="5408"/><point x="2264" y="5184"/><point x="1984" y="5184"/></area><area isNotContentShape="false" name="Block FlowNetworkLink" refid="_18_5_1_412017e_1513191054925_696549_37680" shape="poly" type="0"><point x="1952" y="3036"/><point x="2160" y="3036"/><point x="2160" y="3496"/><point x="1684" y="3496"/><point x="1684" y="3300"/><point x="1676" y="3308"/><point x="1676" y="3504"/><point x="2152" y="3504"/><point x="2152" y="3044"/><point x="1944" y="3044"/></area><area isNotContentShape="false" name="Connector End" refid="_18_5_1_412017e_1513362143618_688045_41459" shape="rect" type="0"><point x="1200" y="2876"/><point x="1244" y="2876"/><point x="1244" y="2920"/><point x="1200" y="2920"/></area><area isNotContentShape="false" name="Connector End" refid="_18_5_1_412017e_1513362143618_724776_41458" shape="rect" type="0"><point x="920" y="2976"/><point x="964" y="2976"/><point x="964" y="3020"/><point x="920" y="3020"/></area><area isNotContentShape="false" name="Enumeration Literal SS (Start to Start)" refid="_18_4_1_412017e_1480450245331_907239_26090" shape="rect" type="0"><point x="3280" y="4548"/><point x="3736" y="4548"/><point x="3736" y="4604"/><point x="3280" y="4604"/></area><area isNotContentShape="false" name="Enumeration Literal SF (Start to Finish)" refid="_18_4_1_412017e_1480450245331_679752_26091" shape="rect" type="0"><point x="3280" y="4600"/><point x="3736" y="4600"/><point x="3736" y="4656"/><point x="3280" y="4656"/></area><area isNotContentShape="false" name="Enumeration Literal FS (Finish to Start)" refid="_18_4_1_412017e_1480450245331_145611_26092" shape="rect" type="0"><point x="3280" y="4652"/><point x="3736" y="4652"/><point x="3736" y="4708"/><point x="3280" y="4708"/></area><area isNotContentShape="false" name="Enumeration Literal FF (Finish to Finish)" refid="_18_4_1_412017e_1480450245331_199042_26093" shape="rect" type="0"><point x="3280" y="4704"/><point x="3736" y="4704"/><point x="3736" y="4760"/><point x="3280" y="4760"/></area><area isNotContentShape="false" name="Enumeration SequencingKind" refid="_18_4_1_412017e_1480450245321_780581_26089" shape="rect" type="0"><point x="3268" y="4396"/><point x="3748" y="4396"/><point x="3748" y="4784"/><point x="3268" y="4784"/></area><area isNotContentShape="false" name="Value Property instanceID" refid="_18_5_1_412017e_1550599541005_792237_31606" shape="rect" type="0"><point x="2084" y="360"/><point x="2740" y="360"/><point x="2740" y="416"/><point x="2084" y="416"/></area><area isNotContentShape="false" name="Value Property typeID" refid="_18_5_1_412017e_1550599573275_888863_31610" shape="rect" type="0"><point x="2084" y="412"/><point x="2740" y="412"/><point x="2740" y="468"/><point x="2084" y="468"/></area><area isNotContentShape="false" name="Value Property label" refid="_18_4_1_412017e_1480428452786_373509_22094" shape="rect" type="0"><point x="2084" y="464"/><point x="2740" y="464"/><point x="2740" y="520"/><point x="2084" y="520"/></area><area isNotContentShape="false" name="Value Property measure" refid="_18_4_1_412017e_1490186121808_887895_33128" shape="rect" type="0"><point x="2084" y="516"/><point x="2740" y="516"/><point x="2740" y="572"/><point x="2084" y="572"/></area><area isNotContentShape="false" name="Block NetworkElement" refid="_18_5_1_412017e_1570105871470_979385_22666" shape="rect" type="0"><point x="2072" y="168"/><point x="2752" y="168"/><point x="2752" y="596"/><point x="2072" y="596"/></area><area isNotContentShape="false" name="Part Property flowNode" refid="_18_5_1_412017e_1513192538972_225456_37849" shape="rect" type="0"><point x="364" y="2876"/><point x="1204" y="2876"/><point x="1204" y="2980"/><point x="364" y="2980"/></area><area isNotContentShape="false" name="Value Property cost" refid="_18_5_1_412017e_1533905277155_825979_70908" shape="rect" type="0"><point x="620" y="892"/><point x="1616" y="892"/><point x="1616" y="948"/><point x="620" y="948"/></area><area isNotContentShape="false" name="Block Network" refid="_18_4_1_412017e_1480428292021_38215_21493" shape="rect" type="0"><point x="608" y="700"/><point x="1628" y="700"/><point x="1628" y="1244"/><point x="608" y="1244"/></area><area isNotContentShape="false" name="Participant Property linkEnd1" refid="_18_5_1_412017e_1513190186994_240653_37009" shape="rect" type="0"><point x="2896" y="976"/><point x="4156" y="976"/><point x="4156" y="1032"/><point x="2896" y="1032"/></area><area isNotContentShape="false" name="Participant Property linkEnd2" refid="_18_5_1_412017e_1513190186999_654848_37013" shape="rect" type="0"><point x="2896" y="1028"/><point x="4156" y="1028"/><point x="4156" y="1084"/><point x="2896" y="1084"/></area><area isNotContentShape="false" name="Block NetworkLink" refid="_18_5_1_412017e_1513190186908_384793_36951" shape="rect" type="0"><point x="2884" y="784"/><point x="4168" y="784"/><point x="4168" y="1124"/><point x="2884" y="1124"/></area><area isNotContentShape="false" name="Reference Property flowType" refid="_18_5_1_412017e_1513193951432_903472_38009" shape="rect" type="0"><point x="2252" y="2012"/><point x="3652" y="2012"/><point x="3652" y="2068"/><point x="2252" y="2068"/></area><area isNotContentShape="false" name="Value Property flowFixedCost" refid="_18_5_1_412017e_1513193951434_150749_38014" shape="rect" type="0"><point x="2252" y="2140"/><point x="3652" y="2140"/><point x="3652" y="2196"/><point x="2252" y="2196"/></area><area isNotContentShape="false" name="Value Property grossCapacity" refid="_18_5_1_412017e_1513193951434_287661_38013" shape="rect" type="0"><point x="2252" y="2192"/><point x="3652" y="2192"/><point x="3652" y="2248"/><point x="2252" y="2248"/></area><area isNotContentShape="false" name="Value Property flowUnitCost" refid="_18_5_1_412017e_1513193951435_227961_38015" shape="rect" type="0"><point x="2252" y="2244"/><point x="3652" y="2244"/><point x="3652" y="2300"/><point x="2252" y="2300"/></area><area isNotContentShape="false" name="Value Property flowCapacity" refid="_18_5_1_412017e_1513193951434_557777_38012" shape="rect" type="0"><point x="2252" y="2296"/><point x="3652" y="2296"/><point x="3652" y="2352"/><point x="2252" y="2352"/></area><area isNotContentShape="false" name="Value Property flowAmount" refid="_18_5_1_412017e_1513193951433_205060_38011" shape="rect" type="0"><point x="2252" y="2348"/><point x="3652" y="2348"/><point x="3652" y="2404"/><point x="2252" y="2404"/></area><area isNotContentShape="false" name="Block FlowNetworkElement" refid="_18_5_1_412017e_1569950967170_559775_21717" shape="rect" type="0"><point x="2240" y="1820"/><point x="3664" y="1820"/><point x="3664" y="2428"/><point x="2240" y="2428"/></area><area isNotContentShape="false" name="Participant Property linkSource" refid="_18_5_1_412017e_1513191055050_278755_37738" shape="rect" type="0"><point x="2616" y="3552"/><point x="4164" y="3552"/><point x="4164" y="3608"/><point x="2616" y="3608"/></area><area isNotContentShape="false" name="Participant Property linkTarget" refid="_18_5_1_412017e_1513191055056_382993_37742" shape="rect" type="0"><point x="2616" y="3604"/><point x="4164" y="3604"/><point x="4164" y="3660"/><point x="2616" y="3660"/></area><area isNotContentShape="false" name="Block FlowNetworkLink" refid="_18_5_1_412017e_1513191054925_696549_37680" shape="rect" type="0"><point x="2604" y="3360"/><point x="4176" y="3360"/><point x="4176" y="3684"/><point x="2604" y="3684"/></area><area isNotContentShape="false" name="Flow Property inputs" refid="_18_5_1_412017e_1516804276976_159477_35115" shape="rect" type="0"><point x="292" y="2012"/><point x="1940" y="2012"/><point x="1940" y="2068"/><point x="292" y="2068"/></area><area isNotContentShape="false" name="Reference Property produces" refid="_18_5_1_412017e_1552326004774_512809_60599" shape="rect" type="0"><point x="292" y="2192"/><point x="1940" y="2192"/><point x="1940" y="2248"/><point x="292" y="2248"/></area><area isNotContentShape="false" name="Value Property inFlowRate" refid="_18_5_1_412017e_1555504034751_641856_23849" shape="rect" type="0"><point x="292" y="2528"/><point x="1940" y="2528"/><point x="1940" y="2584"/><point x="292" y="2584"/></area><area isNotContentShape="false" name="Flow Property outputs" refid="_18_5_1_412017e_1516804357021_942548_35124" shape="rect" type="0"><point x="292" y="2064"/><point x="1940" y="2064"/><point x="1940" y="2120"/><point x="292" y="2120"/></area><area isNotContentShape="false" name="Reference Property consumes" refid="_18_5_1_412017e_1552326045705_830137_60604" shape="rect" type="0"><point x="292" y="2244"/><point x="1940" y="2244"/><point x="1940" y="2300"/><point x="292" y="2300"/></area><area isNotContentShape="false" name="Value Property outFlowRate" refid="_18_5_1_412017e_1555504061447_710445_23855" shape="rect" type="0"><point x="292" y="2580"/><point x="1940" y="2580"/><point x="1940" y="2636"/><point x="292" y="2636"/></area><area isNotContentShape="false" name="Reference Property currentlyFlowingThrough" refid="_18_5_1_412017e_1555502817608_748608_23754" shape="rect" type="0"><point x="292" y="2296"/><point x="1940" y="2296"/><point x="1940" y="2352"/><point x="292" y="2352"/></area><area isNotContentShape="false" name="Value Property productionRate" refid="_18_5_1_412017e_1516803804302_71094_35023" shape="rect" type="0"><point x="292" y="2632"/><point x="1940" y="2632"/><point x="1940" y="2688"/><point x="292" y="2688"/></area><area isNotContentShape="false" name="Reference Property productionType" refid="_18_5_1_412017e_1569952454125_964807_21841" shape="rect" type="0"><point x="292" y="2348"/><point x="1940" y="2348"/><point x="1940" y="2404"/><point x="292" y="2404"/></area><area isNotContentShape="false" name="Value Property consumptionRate" refid="_18_5_1_412017e_1516803841216_75498_35029" shape="rect" type="0"><point x="292" y="2684"/><point x="1940" y="2684"/><point x="1940" y="2740"/><point x="292" y="2740"/></area><area isNotContentShape="false" name="Reference Property consumptionType" refid="_18_5_1_412017e_1569952554947_172805_21848" shape="rect" type="0"><point x="292" y="2400"/><point x="1940" y="2400"/><point x="1940" y="2456"/><point x="292" y="2456"/></area><area isNotContentShape="false" name="Block FlowNetwork" refid="_18_4_1_412017e_1480430023770_307416_22716" shape="rect" type="0"><point x="280" y="1820"/><point x="1952" y="1820"/><point x="1952" y="3308"/><point x="280" y="3308"/></area><area isNotContentShape="false" name="Participant Property predecessor" refid="_18_5_1_412017e_1513345209058_707014_40017" shape="rect" type="0"><point x="2440" y="5036"/><point x="4148" y="5036"/><point x="4148" y="5092"/><point x="2440" y="5092"/></area><area isNotContentShape="false" name="Participant Property successor" refid="_18_5_1_412017e_1513345209065_640101_40021" shape="rect" type="0"><point x="2440" y="5088"/><point x="4148" y="5088"/><point x="4148" y="5144"/><point x="2440" y="5144"/></area><area isNotContentShape="false" name="Property sequencingKindID" refid="_18_5_1_412017e_1535990925147_916814_75789" shape="rect" type="0"><point x="2440" y="5140"/><point x="4148" y="5140"/><point x="4148" y="5196"/><point x="2440" y="5196"/></area><area isNotContentShape="false" name="Block SequencingLink" refid="_18_5_1_412017e_1513345208932_58869_39961" shape="rect" type="0"><point x="2428" y="4844"/><point x="4160" y="4844"/><point x="4160" y="5220"/><point x="2428" y="5220"/></area><area isNotContentShape="false" name="Reference Property flowType" refid="_18_5_1_412017e_1513193951432_903472_38009" shape="rect" type="0"><point x="236" y="4264"/><point x="1980" y="4264"/><point x="1980" y="4320"/><point x="236" y="4320"/></area><area isNotContentShape="false" name="Flow Property inputs" refid="_18_5_1_412017e_1516804276976_159477_35115" shape="rect" type="0"><point x="236" y="4356"/><point x="1980" y="4356"/><point x="1980" y="4412"/><point x="236" y="4412"/></area><area isNotContentShape="false" name="Flow Property outputs" refid="_18_5_1_412017e_1516804357021_942548_35124" shape="rect" type="0"><point x="236" y="4408"/><point x="1980" y="4408"/><point x="1980" y="4464"/><point x="236" y="4464"/></area><area isNotContentShape="false" name="Value Property expectedServiceTime" refid="_18_5_1_412017e_1571407483304_517857_24990" shape="rect" type="0"><point x="236" y="4500"/><point x="1980" y="4500"/><point x="1980" y="4556"/><point x="236" y="4556"/></area><area isNotContentShape="false" name="Value Property concurrentProcessingCapacity" refid="_18_5_1_412017e_1535991327055_899862_75849" shape="rect" type="0"><point x="236" y="4552"/><point x="1980" y="4552"/><point x="1980" y="4608"/><point x="236" y="4608"/></area><area isNotContentShape="false" name="Value Property storageCapacity" refid="_18_5_1_412017e_1535991334448_279546_75853" shape="rect" type="0"><point x="236" y="4604"/><point x="1980" y="4604"/><point x="1980" y="4660"/><point x="236" y="4660"/></area><area isNotContentShape="false" name="Part Property currentlyProcessing" refid="_18_5_1_412017e_1555503070302_972482_23773" shape="rect" type="0"><point x="236" y="4656"/><point x="1980" y="4656"/><point x="1980" y="4712"/><point x="236" y="4712"/></area><area isNotContentShape="false" name="Part Property currentlyQueued" refid="_18_5_1_412017e_1555502958330_540495_23759" shape="rect" type="0"><point x="236" y="4708"/><point x="1980" y="4708"/><point x="1980" y="4764"/><point x="236" y="4764"/></area><area isNotContentShape="false" name="Value Property arrivalRate" refid="_18_5_1_412017e_1555504196349_471525_23860" shape="rect" type="0"><point x="236" y="4760"/><point x="1980" y="4760"/><point x="1980" y="4816"/><point x="236" y="4816"/></area><area isNotContentShape="false" name="Value Property departureRate" refid="_18_5_1_412017e_1555504204243_519625_23868" shape="rect" type="0"><point x="236" y="4812"/><point x="1980" y="4812"/><point x="1980" y="4868"/><point x="236" y="4868"/></area><area isNotContentShape="false" name="Value Property utilization" refid="_18_5_1_412017e_1535991278696_822334_75829" shape="rect" type="0"><point x="236" y="4864"/><point x="1980" y="4864"/><point x="1980" y="4920"/><point x="236" y="4920"/></area><area isNotContentShape="false" name="Value Property throughput" refid="_18_5_1_412017e_1535991289352_802115_75833" shape="rect" type="0"><point x="236" y="4916"/><point x="1980" y="4916"/><point x="1980" y="4972"/><point x="236" y="4972"/></area><area isNotContentShape="false" name="Value Property averageServiceTime" refid="_18_5_1_412017e_1535991295505_14006_75837" shape="rect" type="0"><point x="236" y="4968"/><point x="1980" y="4968"/><point x="1980" y="5024"/><point x="236" y="5024"/></area><area isNotContentShape="false" name="Value Property averageWaitingTime" refid="_18_5_1_412017e_1535991307110_247878_75841" shape="rect" type="0"><point x="236" y="5020"/><point x="1980" y="5020"/><point x="1980" y="5076"/><point x="236" y="5076"/></area><area isNotContentShape="false" name="Value Property averageQueueLength" refid="_18_5_1_412017e_1535991317037_887929_75845" shape="rect" type="0"><point x="236" y="5072"/><point x="1980" y="5072"/><point x="1980" y="5128"/><point x="236" y="5128"/></area><area isNotContentShape="false" name="Value Property averageSystemTime" refid="_18_5_1_412017e_1551969778617_81505_59654" shape="rect" type="0"><point x="236" y="5124"/><point x="1980" y="5124"/><point x="1980" y="5180"/><point x="236" y="5180"/></area><area isNotContentShape="false" name="Activity ProcessNetwork" refid="_18_4_1_412017e_1490794010074_822948_28228" shape="rect" type="0"><point x="224" y="4032"/><point x="1992" y="4032"/><point x="1992" y="5268"/><point x="224" y="5268"/></area></map><name humanName="Name" mode="s,e">CommodityFlowNetworkOverview</name><namespace classType="Model" humanName="Namespace" humanType="Model" icon="CommodityFlowNetwork_files/icon_model_62531940.svg" name="CommodityFlowNetwork" refid="_18_4_1_412017e_1480428197145_536891_21458"/><ownedElement humanName="Owned Element"><instancespecification classType="InstanceSpecification" humanType="Instance Specification" icon="CommodityFlowNetwork_files/icon_instancespecification_13643661.svg" name=" : UML Standard Profile::MagicDraw Profile::DiagramInfo, UML Standard Profile::MagicDraw Profile::complete" refid="_18_5_1_412017e_1563536593834_478622_22488"/></ownedElement><owner classType="Model" humanName="Owner" humanType="Model" icon="CommodityFlowNetwork_files/icon_model_62531940.svg" mode="s,e" name="CommodityFlowNetwork" refid="_18_4_1_412017e_1480428197145_536891_21458"/><ownerOfDiagram classType="Model" humanName="Owner Of Diagram" humanType="Model" icon="CommodityFlowNetwork_files/icon_model_62531940.svg" name="CommodityFlowNetwork" refid="_18_4_1_412017e_1480428197145_536891_21458"/><qualifiedName humanName="Qualified Name" mode="e">CommodityFlowNetwork::CommodityFlowNetworkOverview</qualifiedName><TO_DO humanName="To Do" mode="s,e"/><DIAGRAM_TYPE_DERIVED_PROPERTY humanName="Type">SysML Block Definition Diagram</DIAGRAM_TYPE_DERIVED_PROPERTY><visibility humanName="Visibility">public</visibility></diagram></magicdraw>