<?xml version="1.0" encoding="UTF-8"?><magicdraw><literalunlimitednatural classType="LiteralUnlimitedNatural" humanType="Literal Unlimited Natural" icon="CommodityFlowNetwork_files/icon_literalunlimitednatural_43931884.svg" id="_18_5_1_412017e_1555504069696_221912_23859"><documentation humanName="Documentation"/><name humanName="Name"/><owner classType="Property" humanName="Owner" humanType="Value Property" icon="CommodityFlowNetwork_files/icon_valueproperty_866173813.svg" mode="e" name="outFlowRate" refid="_18_5_1_412017e_1555504061447_710445_23855"/><owningUpper classType="Property" humanName="Owning Upper" humanType="Value Property" icon="CommodityFlowNetwork_files/icon_valueproperty_866173813.svg" name="outFlowRate" refid="_18_5_1_412017e_1555504061447_710445_23855"/><qualifiedName humanName="Qualified Name">CommodityFlowNetwork::FlowNetwork::outFlowRate::</qualifiedName><text humanName="Text" mode="standard">*</text><TO_DO humanName="To Do"/><TYPE_MODIFIER humanName="Type Modifier"/><value humanName="Value" mode="s,e">-1</value><visibility humanName="Visibility">public</visibility></literalunlimitednatural></magicdraw>