<?xml version="1.0" encoding="UTF-8"?><magicdraw><literalunlimitednatural classType="LiteralUnlimitedNatural" humanType="Literal Unlimited Natural" icon="CommodityFlowNetwork_files/icon_literalunlimitednatural_580911462.svg" id="_18_5_1_412017e_1528288062393_873902_41982"><documentation humanName="Documentation"/><name humanName="Name"/><owner classType="OutputPin" humanName="Owner" humanType="Output Pin" icon="CommodityFlowNetwork_files/icon_outputpin_168870325.svg" mode="e" name="outputs" refid="_18_5_1_412017e_1528288058644_679292_41978"/><owningUpper classType="OutputPin" humanName="Owning Upper" humanType="Output Pin" icon="CommodityFlowNetwork_files/icon_outputpin_168870325.svg" name="outputs" refid="_18_5_1_412017e_1528288058644_679292_41978"/><qualifiedName humanName="Qualified Name">CommodityFlowNetwork::ProcessNetwork::processNode::outputs::</qualifiedName><text humanName="Text" mode="standard">*</text><TO_DO humanName="To Do"/><TYPE_MODIFIER humanName="Type Modifier"/><value humanName="Value" mode="s,e">-1</value><visibility humanName="Visibility">public</visibility></literalunlimitednatural></magicdraw>