<?xml version="1.0" encoding="UTF-8"?><magicdraw><association classType="Association" humanType="Association" icon="CommodityFlowNetwork_files/icon_association_2135934617.svg" id="_18_4_1_412017e_1480431753998_649371_23126"><documentation humanName="Documentation"/><endType humanName="End Type"><block classType="Class" humanType="Block" icon="CommodityFlowNetwork_files/icon_block_1211948370.svg" name="Commodity" refid="_18_4_1_412017e_1480431603356_207384_23063"/></endType><feature humanName="Feature"><property classType="Property" humanType="Property" icon="CommodityFlowNetwork_files/icon_property_1683334053.svg" name="parentCommodity" refid="_18_4_1_412017e_1480431753998_31069_23128"/></feature><isAbstract humanName="Is Abstract">false</isAbstract><isDerived humanName="Is Derived">false</isDerived><isFinalSpecialization humanName="Is Final Specialization">false</isFinalSpecialization><isLeaf humanName="Is Leaf">false</isLeaf><member humanName="Member"><partproperty classType="Property" humanType="Part Property" icon="CommodityFlowNetwork_files/icon_partproperty_1666480939.svg" name="component" refid="_18_4_1_412017e_1480431753998_457015_23127"/><property classType="Property" humanType="Property" icon="CommodityFlowNetwork_files/icon_property_1683334053.svg" name="parentCommodity" refid="_18_4_1_412017e_1480431753998_31069_23128"/></member><memberEnd humanName="Member End"><partproperty classType="Property" humanType="Part Property" icon="CommodityFlowNetwork_files/icon_partproperty_1666480939.svg" name="component" refid="_18_4_1_412017e_1480431753998_457015_23127"/><property classType="Property" humanType="Property" icon="CommodityFlowNetwork_files/icon_property_1683334053.svg" name="parentCommodity" refid="_18_4_1_412017e_1480431753998_31069_23128"/></memberEnd><name humanName="Name" mode="s,e"/><namespace classType="Model" humanName="Namespace" humanType="Model" icon="CommodityFlowNetwork_files/icon_model_1095186369.svg" name="CommodityFlowNetwork" refid="_18_4_1_412017e_1480428197145_536891_21458"/><ownedElement humanName="Owned Element"><property classType="Property" humanType="Property" icon="CommodityFlowNetwork_files/icon_property_1683334053.svg" name="parentCommodity" refid="_18_4_1_412017e_1480431753998_31069_23128"/></ownedElement><ownedEnd humanName="Owned End"><property classType="Property" humanType="Property" icon="CommodityFlowNetwork_files/icon_property_1683334053.svg" name="parentCommodity" refid="_18_4_1_412017e_1480431753998_31069_23128"/></ownedEnd><ownedMember humanName="Owned Member"><property classType="Property" humanType="Property" icon="CommodityFlowNetwork_files/icon_property_1683334053.svg" name="parentCommodity" refid="_18_4_1_412017e_1480431753998_31069_23128"/></ownedMember><owner classType="Model" humanName="Owner" humanType="Model" icon="CommodityFlowNetwork_files/icon_model_1095186369.svg" mode="s,e" name="CommodityFlowNetwork" refid="_18_4_1_412017e_1480428197145_536891_21458"/><owningPackage classType="Model" humanName="Owning Package" humanType="Model" icon="CommodityFlowNetwork_files/icon_model_1095186369.svg" name="CommodityFlowNetwork" refid="_18_4_1_412017e_1480428197145_536891_21458"/><package classType="Model" humanName="Package" humanType="Model" icon="CommodityFlowNetwork_files/icon_model_1095186369.svg" name="CommodityFlowNetwork" refid="_18_4_1_412017e_1480428197145_536891_21458"/><qualifiedName humanName="Qualified Name" mode="e">CommodityFlowNetwork::</qualifiedName><relatedElement humanName="Related Element"><block classType="Class" humanType="Block" icon="CommodityFlowNetwork_files/icon_block_1211948370.svg" name="Commodity" refid="_18_4_1_412017e_1480431603356_207384_23063"/></relatedElement><TO_DO humanName="To Do"/><visibility humanName="Visibility" mode="s,e">public</visibility><appearsIn><diagram classType="Diagram" humanType="Diagram" icon="CommodityFlowNetwork_files/icon_SysML Block Definition Diagram_2096291030.svg" name="Commodity" refid="_18_5_1_412017e_1552399189104_531799_62569"/></appearsIn></association></magicdraw>