<?xml version="1.0" encoding="UTF-8"?><magicdraw><literalinteger classType="LiteralInteger" humanType="Literal Integer" icon="CommodityFlowNetwork_files/icon_literalinteger_213415401.svg" id="_18_5_1_412017e_1571747199761_878217_21956"><documentation humanName="Documentation"/><name humanName="Name"/><owner classType="Property" humanName="Owner" humanType="Property" icon="CommodityFlowNetwork_files/icon_property_1353393023.svg" mode="e" name="parentFlowNetwork" refid="_18_5_1_412017e_1513191078481_355001_37792"/><owningLower classType="Property" humanName="Owning Lower" humanType="Property" icon="CommodityFlowNetwork_files/icon_property_1353393023.svg" name="parentFlowNetwork" refid="_18_5_1_412017e_1513191078481_355001_37792"/><qualifiedName humanName="Qualified Name">CommodityFlowNetwork::FlowNetworkLink::parentFlowNetwork::</qualifiedName><text humanName="Text" mode="standard">1</text><TO_DO humanName="To Do"/><TYPE_MODIFIER humanName="Type Modifier"/><value humanName="Value" mode="s,e">1</value><visibility humanName="Visibility">public</visibility></literalinteger></magicdraw>