<?xml version="1.0" encoding="UTF-8"?><magicdraw><instancespecification classType="InstanceSpecification" humanType="Instance Specification" icon="CommodityFlowNetwork_files/icon_instancespecification_777113684.svg" id="_18_5_1_412017e_1513345705473_432632_40330"><classifier humanName="Classifier" mode="s,e"><stereotype classType="Stereotype" humanType="Stereotype" icon="CommodityFlowNetwork_files/icon_stereotype_918606013.svg" name="DiagramInfo" refid="_9_0_be00301_1108044380615_150487_0"/></classifier><documentation humanName="Documentation"/><name humanName="Name" mode="s,e"/><ownedElement humanName="Owned Element"><slot classType="Slot" humanType="Slot" icon="CommodityFlowNetwork_files/icon_slot_2082309497.svg" refid="_18_5_1_412017e_1586193195240_152940_7388"/><slot classType="Slot" humanType="Slot" icon="CommodityFlowNetwork_files/icon_slot_2082309497.svg" refid="_18_5_1_412017e_1586193195240_994054_7390"/><slot classType="Slot" humanType="Slot" icon="CommodityFlowNetwork_files/icon_slot_2082309497.svg" refid="_18_5_1_412017e_1586193195240_357813_7392"/><slot classType="Slot" humanType="Slot" icon="CommodityFlowNetwork_files/icon_slot_2082309497.svg" refid="_18_5_1_412017e_1586193195240_795573_7394"/></ownedElement><owner classType="Diagram" humanName="Owner" humanType="Diagram" icon="CommodityFlowNetwork_files/icon_SysML Internal Block Diagram_708950728.svg" mode="s,e" name="ProcessNetwork" refid="_18_5_1_412017e_1513345705460_109956_40319"/><qualifiedName humanName="Qualified Name" mode="e">CommodityFlowNetwork::ProcessNetwork::ProcessNetwork::</qualifiedName><slot humanName="Slot"><slot classType="Slot" humanType="Slot" icon="CommodityFlowNetwork_files/icon_slot_2082309497.svg" refid="_18_5_1_412017e_1586193195240_152940_7388"/><slot classType="Slot" humanType="Slot" icon="CommodityFlowNetwork_files/icon_slot_2082309497.svg" refid="_18_5_1_412017e_1586193195240_994054_7390"/><slot classType="Slot" humanType="Slot" icon="CommodityFlowNetwork_files/icon_slot_2082309497.svg" refid="_18_5_1_412017e_1586193195240_357813_7392"/><slot classType="Slot" humanType="Slot" icon="CommodityFlowNetwork_files/icon_slot_2082309497.svg" refid="_18_5_1_412017e_1586193195240_795573_7394"/></slot><stereotypedElement classType="Diagram" humanName="Stereotyped Element" humanType="Diagram" icon="CommodityFlowNetwork_files/icon_SysML Internal Block Diagram_708950728.svg" name="ProcessNetwork" refid="_18_5_1_412017e_1513345705460_109956_40319"/><TO_DO humanName="To Do" mode="s,e"/><visibility humanName="Visibility">public</visibility></instancespecification></magicdraw>