<?xml version="1.0" encoding="UTF-8"?><magicdraw><literalunlimitednatural classType="LiteralUnlimitedNatural" humanType="Literal Unlimited Natural" icon="CommodityFlowNetwork_files/icon_literalunlimitednatural_43931884.svg" id="_18_5_1_412017e_1513192605672_933959_37883"><documentation humanName="Documentation"/><name humanName="Name"/><owner classType="Property" humanName="Owner" humanType="Part Property" icon="CommodityFlowNetwork_files/icon_partproperty_1926583019.svg" mode="e" name="flowNode" refid="_18_5_1_412017e_1513192538972_225456_37849"/><owningUpper classType="Property" humanName="Owning Upper" humanType="Part Property" icon="CommodityFlowNetwork_files/icon_partproperty_1926583019.svg" name="flowNode" refid="_18_5_1_412017e_1513192538972_225456_37849"/><qualifiedName humanName="Qualified Name">CommodityFlowNetwork::FlowNetwork::flowNode::</qualifiedName><text humanName="Text" mode="standard">*</text><TO_DO humanName="To Do"/><TYPE_MODIFIER humanName="Type Modifier"/><value humanName="Value" mode="s,e">-1</value><visibility humanName="Visibility">public</visibility></literalunlimitednatural></magicdraw>