<?xml version="1.0" encoding="UTF-8"?><magicdraw><literalunlimitednatural classType="LiteralUnlimitedNatural" humanType="Literal Unlimited Natural" icon="CommodityFlowNetwork_files/icon_literalunlimitednatural_580911462.svg" id="_18_5_1_412017e_1570202915004_142142_23634"><documentation humanName="Documentation"/><name humanName="Name"/><owner classType="Property" humanName="Owner" humanType="Reference Property" icon="CommodityFlowNetwork_files/icon_referenceproperty_879942551.svg" mode="e" name="productionType" refid="_18_5_1_412017e_1569952454125_964807_21841"/><owningUpper classType="Property" humanName="Owning Upper" humanType="Reference Property" icon="CommodityFlowNetwork_files/icon_referenceproperty_879942551.svg" name="productionType" refid="_18_5_1_412017e_1569952454125_964807_21841"/><qualifiedName humanName="Qualified Name">CommodityFlowNetwork::FlowNetwork::productionType::</qualifiedName><text humanName="Text" mode="standard">*</text><TO_DO humanName="To Do"/><TYPE_MODIFIER humanName="Type Modifier"/><value humanName="Value" mode="s,e">-1</value><visibility humanName="Visibility">public</visibility></literalunlimitednatural></magicdraw>