<?xml version="1.0" encoding="UTF-8"?><magicdraw><literalinteger classType="LiteralInteger" humanType="Literal Integer" icon="CommodityFlowNetwork_files/icon_literalinteger_213415401.svg" id="_18_5_1_412017e_1528288062392_870421_41981"><documentation humanName="Documentation"/><name humanName="Name"/><owner classType="OutputPin" humanName="Owner" humanType="Output Pin" icon="CommodityFlowNetwork_files/icon_outputpin_168870325.svg" mode="e" name="outputs" refid="_18_5_1_412017e_1528288058644_679292_41978"/><owningLower classType="OutputPin" humanName="Owning Lower" humanType="Output Pin" icon="CommodityFlowNetwork_files/icon_outputpin_168870325.svg" name="outputs" refid="_18_5_1_412017e_1528288058644_679292_41978"/><qualifiedName humanName="Qualified Name">CommodityFlowNetwork::ProcessNetwork::processNode::outputs::</qualifiedName><text humanName="Text" mode="standard">0</text><TO_DO humanName="To Do"/><TYPE_MODIFIER humanName="Type Modifier"/><value humanName="Value" mode="s,e">0</value><visibility humanName="Visibility">public</visibility></literalinteger></magicdraw>