<?xml version="1.0" encoding="UTF-8"?><magicdraw><literalinteger classType="LiteralInteger" humanType="Literal Integer" icon="CommodityFlowNetwork_files/icon_literalinteger_213415401.svg" id="_18_5_1_412017e_1513345375326_782510_40089"><documentation humanName="Documentation"/><name humanName="Name"/><owner classType="Property" humanName="Owner" humanType="Adjunct Property" icon="CommodityFlowNetwork_files/icon_adjunctproperty_692255053.svg" mode="e" name="sequencing" refid="_18_5_1_412017e_1513345350822_523426_40055"/><owningLower classType="Property" humanName="Owning Lower" humanType="Adjunct Property" icon="CommodityFlowNetwork_files/icon_adjunctproperty_692255053.svg" name="sequencing" refid="_18_5_1_412017e_1513345350822_523426_40055"/><qualifiedName humanName="Qualified Name">CommodityFlowNetwork::ProcessNetwork::sequencing::</qualifiedName><text humanName="Text" mode="standard">1</text><TO_DO humanName="To Do"/><TYPE_MODIFIER humanName="Type Modifier"/><value humanName="Value" mode="s,e">1</value><visibility humanName="Visibility">public</visibility></literalinteger></magicdraw>