<?xml version="1.0" encoding="UTF-8"?><magicdraw><property classType="Property" humanType="Property" icon="CommodityFlowNetwork_files/icon_property_1683334053.svg" id="_18_5_1_412017e_1552399219710_721864_62698"><aggregation humanName="Aggregation" mode="s,e">none</aggregation><association classType="Association" humanName="Association" humanType="Association" icon="CommodityFlowNetwork_files/icon_association_1877769341.svg" isRelationship="true" name="Association[inputs:CommodityFlowNetwork::Commodity &lt;- CommodityFlowNetwork::FlowNetwork]" refid="_18_5_1_412017e_1552399219709_520238_62697"/><documentation humanName="Documentation"/><featuringClassifier classType="Association" humanName="Featuring Classifier" humanType="Association" icon="CommodityFlowNetwork_files/icon_association_1877769341.svg" isRelationship="true" name="Association[inputs:CommodityFlowNetwork::Commodity &lt;- CommodityFlowNetwork::FlowNetwork]" refid="_18_5_1_412017e_1552399219709_520238_62697"/><isComposite humanName="Is Composite">false</isComposite><isDerived humanName="Is Derived" mode="s,e">false</isDerived><isDerivedUnion humanName="Is Derived Union" mode="e">false</isDerivedUnion><isID humanName="Is ID" mode="e">false</isID><isLeaf humanName="Is Leaf">false</isLeaf><isOrdered humanName="Is Ordered" mode="e">false</isOrdered><isReadOnly humanName="Is Read Only" mode="s,e">false</isReadOnly><isStatic humanName="Is Static" mode="s,e">false</isStatic><isUnique humanName="Is Unique" mode="e">true</isUnique><lower humanName="Lower">1</lower><multiplicity humanName="Multiplicity" mode="s,e"/><multiplicity humanName="Multiplicity" mode="s,e"/><name humanName="Name" mode="s,e"/><namespace classType="Association" humanName="Namespace" humanType="Association" icon="CommodityFlowNetwork_files/icon_association_1877769341.svg" isRelationship="true" name="Association[inputs:CommodityFlowNetwork::Commodity &lt;- CommodityFlowNetwork::FlowNetwork]" refid="_18_5_1_412017e_1552399219709_520238_62697"/><navigable humanName="Navigable">false</navigable><opposite classType="Property" humanName="Opposite" humanType="Flow Property" icon="CommodityFlowNetwork_files/icon_flowproperty_1322682016.svg" name="inputs" refid="_18_5_1_412017e_1516804276976_159477_35115"/><ownedBy classType="Association" humanName="Owned By" humanType="Association" icon="CommodityFlowNetwork_files/icon_association_1877769341.svg" isRelationship="true" name="Association[inputs:CommodityFlowNetwork::Commodity &lt;- CommodityFlowNetwork::FlowNetwork]" refid="_18_5_1_412017e_1552399219709_520238_62697"/><owner classType="Association" humanName="Owner" humanType="Association" icon="CommodityFlowNetwork_files/icon_association_1877769341.svg" isRelationship="true" name="Association[inputs:CommodityFlowNetwork::Commodity &lt;- CommodityFlowNetwork::FlowNetwork]" refid="_18_5_1_412017e_1552399219709_520238_62697"/><owningAssociation classType="Association" humanName="Owning Association" humanType="Association" icon="CommodityFlowNetwork_files/icon_association_1877769341.svg" isRelationship="true" name="Association[inputs:CommodityFlowNetwork::Commodity &lt;- CommodityFlowNetwork::FlowNetwork]" refid="_18_5_1_412017e_1552399219709_520238_62697"/><qualifiedName humanName="Qualified Name" mode="e">CommodityFlowNetwork::::</qualifiedName><redefinitionContext humanName="Redefinition Context"><association classType="Association" humanType="Association" icon="CommodityFlowNetwork_files/icon_association_1877769341.svg" isRelationship="true" name="Association[inputs:CommodityFlowNetwork::Commodity &lt;- CommodityFlowNetwork::FlowNetwork]" refid="_18_5_1_412017e_1552399219709_520238_62697"/></redefinitionContext><TO_DO humanName="To Do" mode="s,e"/><type classType="Class" humanName="Type" humanType="Block" icon="CommodityFlowNetwork_files/icon_block_1211948370.svg" mode="s,e" name="FlowNetwork" refid="_18_4_1_412017e_1480430023770_307416_22716"/><TYPE_MODIFIER humanName="Type Modifier" mode="e"/><upper humanName="Upper">1</upper><visibility humanName="Visibility" mode="e">private</visibility></property></magicdraw>