<?xml version="1.0" encoding="UTF-8"?><magicdraw><instancespecification classType="InstanceSpecification" humanType="Instance Specification" icon="CommodityFlowNetwork_files/icon_instancespecification_13643661.svg" id="_18_5_1_412017e_1563536593834_478622_22488"><classifier humanName="Classifier" mode="s,e"><stereotype classType="Stereotype" humanType="Stereotype" icon="CommodityFlowNetwork_files/icon_stereotype_918307166.svg" name="complete" refid="_19_0_1_8ca0285_1532415865804_574455_4606"/><stereotype classType="Stereotype" humanType="Stereotype" icon="CommodityFlowNetwork_files/icon_stereotype_918307166.svg" name="DiagramInfo" refid="_9_0_be00301_1108044380615_150487_0"/></classifier><documentation humanName="Documentation"/><name humanName="Name" mode="s,e"/><ownedElement humanName="Owned Element"><slot classType="Slot" humanType="Slot" icon="CommodityFlowNetwork_files/icon_slot_1477912881.svg" refid="_19_0_3_412017e_1592328169249_690297_13368"/><slot classType="Slot" humanType="Slot" icon="CommodityFlowNetwork_files/icon_slot_1477912881.svg" refid="_19_0_3_412017e_1592328169249_107675_13370"/><slot classType="Slot" humanType="Slot" icon="CommodityFlowNetwork_files/icon_slot_1477912881.svg" refid="_19_0_3_412017e_1592328169249_206722_13372"/><slot classType="Slot" humanType="Slot" icon="CommodityFlowNetwork_files/icon_slot_1477912881.svg" refid="_19_0_3_412017e_1592328169249_582128_13374"/></ownedElement><owner classType="Diagram" humanName="Owner" humanType="Diagram" icon="CommodityFlowNetwork_files/icon_SysML Block Definition Diagram_1080813915.svg" mode="s,e" name="CommodityFlowNetworkOverview" refid="_18_5_1_412017e_1563536593786_365035_22477"/><qualifiedName humanName="Qualified Name" mode="e">CommodityFlowNetwork::CommodityFlowNetworkOverview::</qualifiedName><slot humanName="Slot"><slot classType="Slot" humanType="Slot" icon="CommodityFlowNetwork_files/icon_slot_1477912881.svg" refid="_19_0_3_412017e_1592328169249_690297_13368"/><slot classType="Slot" humanType="Slot" icon="CommodityFlowNetwork_files/icon_slot_1477912881.svg" refid="_19_0_3_412017e_1592328169249_107675_13370"/><slot classType="Slot" humanType="Slot" icon="CommodityFlowNetwork_files/icon_slot_1477912881.svg" refid="_19_0_3_412017e_1592328169249_206722_13372"/><slot classType="Slot" humanType="Slot" icon="CommodityFlowNetwork_files/icon_slot_1477912881.svg" refid="_19_0_3_412017e_1592328169249_582128_13374"/></slot><stereotypedElement classType="Diagram" humanName="Stereotyped Element" humanType="Diagram" icon="CommodityFlowNetwork_files/icon_SysML Block Definition Diagram_1080813915.svg" name="CommodityFlowNetworkOverview" refid="_18_5_1_412017e_1563536593786_365035_22477"/><TO_DO humanName="To Do" mode="s,e"/><visibility humanName="Visibility">public</visibility></instancespecification></magicdraw>