<?xml version="1.0" encoding="UTF-8"?><magicdraw><literalunlimitednatural classType="LiteralUnlimitedNatural" humanType="Literal Unlimited Natural" icon="CommodityFlowNetwork_files/icon_literalunlimitednatural_43931884.svg" id="_18_4_1_412017e_1480431808301_801139_23252"><documentation humanName="Documentation"/><name humanName="Name"/><owner classType="Property" humanName="Owner" humanType="Property" icon="CommodityFlowNetwork_files/icon_property_1683334053.svg" mode="e" name="parentCommodity" refid="_18_4_1_412017e_1480431753998_31069_23128"/><owningUpper classType="Property" humanName="Owning Upper" humanType="Property" icon="CommodityFlowNetwork_files/icon_property_1683334053.svg" name="parentCommodity" refid="_18_4_1_412017e_1480431753998_31069_23128"/><qualifiedName humanName="Qualified Name">CommodityFlowNetwork::::parentCommodity::</qualifiedName><text humanName="Text" mode="standard">1</text><TO_DO humanName="To Do"/><TYPE_MODIFIER humanName="Type Modifier"/><value humanName="Value" mode="s,e">1</value><visibility humanName="Visibility">public</visibility></literalunlimitednatural></magicdraw>