<?xml version="1.0" encoding="UTF-8"?><magicdraw><literalunlimitednatural classType="LiteralUnlimitedNatural" humanType="Literal Unlimited Natural" icon="CommodityFlowNetwork_files/icon_literalunlimitednatural_43931884.svg" id="_18_5_1_412017e_1528289494837_897117_42158"><documentation humanName="Documentation"/><name humanName="Name"/><owner classType="InputPin" humanName="Owner" humanType="Input Pin" icon="CommodityFlowNetwork_files/icon_inputpin_1825662118.svg" mode="e" name="inputs" refid="_18_5_1_412017e_1528287007615_612697_41699"/><owningUpper classType="InputPin" humanName="Owning Upper" humanType="Input Pin" icon="CommodityFlowNetwork_files/icon_inputpin_1825662118.svg" name="inputs" refid="_18_5_1_412017e_1528287007615_612697_41699"/><qualifiedName humanName="Qualified Name">CommodityFlowNetwork::ProcessNetwork::processNode::inputs::</qualifiedName><text humanName="Text" mode="standard">*</text><TO_DO humanName="To Do"/><TYPE_MODIFIER humanName="Type Modifier"/><value humanName="Value" mode="s,e">-1</value><visibility humanName="Visibility">public</visibility></literalunlimitednatural></magicdraw>