<?xml version="1.0" encoding="UTF-8"?><magicdraw><property classType="Property" humanType="Property" icon="CommodityFlowNetwork_files/icon_property_1353393023.svg" id="_18_5_1_412017e_1513191078481_355001_37792"><aggregation humanName="Aggregation" mode="s,e">none</aggregation><association classType="Association" humanName="Association" humanType="Association" icon="CommodityFlowNetwork_files/icon_association_1091860900.svg" isRelationship="true" name="Association[parentFlowNetwork:CommodityFlowNetwork::FlowNetwork - flowEdge:CommodityFlowNetwork::FlowNetworkLink]" refid="_18_5_1_412017e_1513191078480_865032_37790"/><UMLClass classType="AssociationClass" humanName="Class" humanType="Block" icon="CommodityFlowNetwork_files/icon_block_517352490.svg" isRelationship="true" name="FlowNetworkLink" refid="_18_5_1_412017e_1513191054925_696549_37680"/><classifier classType="AssociationClass" humanName="Classifier" humanType="Block" icon="CommodityFlowNetwork_files/icon_block_517352490.svg" isRelationship="true" name="FlowNetworkLink" refid="_18_5_1_412017e_1513191054925_696549_37680"/><documentation humanName="Documentation"/><effectiveIRI humanName="Effective IRI"/><featuringClassifier classType="AssociationClass" humanName="Featuring Classifier" humanType="Block" icon="CommodityFlowNetwork_files/icon_block_517352490.svg" isRelationship="true" name="FlowNetworkLink" refid="_18_5_1_412017e_1513191054925_696549_37680"/><isComposite humanName="Is Composite">false</isComposite><isDerived humanName="Is Derived" mode="s,e">false</isDerived><isDerivedUnion humanName="Is Derived Union" mode="e">false</isDerivedUnion><isID humanName="Is ID" mode="e">false</isID><isLeaf humanName="Is Leaf">false</isLeaf><isOrdered humanName="Is Ordered" mode="e">false</isOrdered><isReadOnly humanName="Is Read Only" mode="s,e">false</isReadOnly><isStatic humanName="Is Static" mode="s,e">false</isStatic><isUnique humanName="Is Unique" mode="e">true</isUnique><lower humanName="Lower">1</lower><lowerValue classType="LiteralInteger" humanName="Lower Value" humanType="Literal Integer" icon="CommodityFlowNetwork_files/icon_literalinteger_213415401.svg" name="1" refid="_18_5_1_412017e_1571747199761_878217_21956" text="1"/><multiplicity humanName="Multiplicity" mode="s,e">1</multiplicity><multiplicity humanName="Multiplicity" mode="s,e">1</multiplicity><name humanName="Name" mode="s,e">parentFlowNetwork</name><namespace classType="AssociationClass" humanName="Namespace" humanType="Block" icon="CommodityFlowNetwork_files/icon_block_517352490.svg" isRelationship="true" name="FlowNetworkLink" refid="_18_5_1_412017e_1513191054925_696549_37680"/><navigable humanName="Navigable">true</navigable><opposite classType="Property" humanName="Opposite" humanType="Part Property" icon="CommodityFlowNetwork_files/icon_partproperty_1290691395.svg" name="flowEdge" refid="_18_5_1_412017e_1513191078480_901416_37791"/><ownedBy classType="AssociationClass" humanName="Owned By" humanType="Block" icon="CommodityFlowNetwork_files/icon_block_517352490.svg" isRelationship="true" name="FlowNetworkLink" refid="_18_5_1_412017e_1513191054925_696549_37680"/><ownedElement humanName="Owned Element"><literalinteger classType="LiteralInteger" humanType="Literal Integer" icon="CommodityFlowNetwork_files/icon_literalinteger_213415401.svg" name="1" refid="_18_5_1_412017e_1571747199761_878217_21956" text="1"/><literalunlimitednatural classType="LiteralUnlimitedNatural" humanType="Literal Unlimited Natural" icon="CommodityFlowNetwork_files/icon_literalunlimitednatural_580911462.svg" name="1" refid="_18_5_1_412017e_1571747199761_102230_21957" text="1"/></ownedElement><owner classType="AssociationClass" humanName="Owner" humanType="Block" icon="CommodityFlowNetwork_files/icon_block_517352490.svg" isRelationship="true" name="FlowNetworkLink" refid="_18_5_1_412017e_1513191054925_696549_37680"/><qualifiedName humanName="Qualified Name" mode="e">CommodityFlowNetwork::FlowNetworkLink::parentFlowNetwork</qualifiedName><redefinitionContext humanName="Redefinition Context"><block classType="AssociationClass" humanType="Block" icon="CommodityFlowNetwork_files/icon_block_517352490.svg" isRelationship="true" name="FlowNetworkLink" refid="_18_5_1_412017e_1513191054925_696549_37680"/></redefinitionContext><TO_DO humanName="To Do" mode="s,e"/><type classType="Class" humanName="Type" humanType="Block" icon="CommodityFlowNetwork_files/icon_block_517352490.svg" mode="s,e" name="FlowNetwork" refid="_18_4_1_412017e_1480430023770_307416_22716"/><TYPE_MODIFIER humanName="Type Modifier" mode="e"/><upper humanName="Upper">1</upper><upperValue classType="LiteralUnlimitedNatural" humanName="Upper Value" humanType="Literal Unlimited Natural" icon="CommodityFlowNetwork_files/icon_literalunlimitednatural_580911462.svg" name="1" refid="_18_5_1_412017e_1571747199761_102230_21957" text="1"/><visibility humanName="Visibility" mode="e">public</visibility><appearsIn><diagram classType="Diagram" humanType="Diagram" icon="CommodityFlowNetwork_files/icon_SysML Block Definition Diagram_1080813915.svg" name="CommodityFlowNetworkOverview" refid="_18_5_1_412017e_1563536593786_365035_22477"/><diagram classType="Diagram" humanType="Diagram" icon="CommodityFlowNetwork_files/icon_SysML Block Definition Diagram_1080813915.svg" name="FlowNetwork" refid="_18_4_1_412017e_1480430006088_181173_22517"/><diagram classType="Diagram" humanType="Diagram" icon="CommodityFlowNetwork_files/icon_SysML Block Definition Diagram_1080813915.svg" name="FlowNetwork_w/Notes" refid="_18_5_1_412017e_1521810279781_348461_35190"/></appearsIn></property></magicdraw>