<?xml version="1.0" encoding="UTF-8"?><magicdraw><instancespecification classType="InstanceSpecification" humanType="Instance Specification" icon="CommodityFlowNetwork_files/icon_instancespecification_13643661.svg" id="_18_5_1_412017e_1513692883784_713928_46721"><classifier humanName="Classifier" mode="s,e"><stereotype classType="Stereotype" humanType="Stereotype" icon="CommodityFlowNetwork_files/icon_stereotype_1290691395.svg" name="PartProperty" refid="_15_0_be00301_1199377756297_348405_2678"/></classifier><documentation humanName="Documentation"/><name humanName="Name" mode="s,e"/><owner classType="Property" humanName="Owner" humanType="Part Property" icon="CommodityFlowNetwork_files/icon_partproperty_1290691395.svg" mode="s,e" name="component" refid="_18_4_1_412017e_1480431753998_457015_23127"/><qualifiedName humanName="Qualified Name" mode="e">CommodityFlowNetwork::Commodity::component::</qualifiedName><stereotypedElement classType="Property" humanName="Stereotyped Element" humanType="Part Property" icon="CommodityFlowNetwork_files/icon_partproperty_1290691395.svg" name="component" refid="_18_4_1_412017e_1480431753998_457015_23127"/><TO_DO humanName="To Do" mode="s,e"/><visibility humanName="Visibility">public</visibility></instancespecification></magicdraw>