<?xml version="1.0" encoding="UTF-8"?><magicdraw><diagram classType="Diagram" diagramType="SysML Block Definition Diagram" height="365" humanType="Diagram" icon="CommodityFlowNetwork_files/icon_SysML Block Definition Diagram_1080813915.svg" id="_18_5_1_412017e_1583499600145_43424_20112" src="CommodityFlowNetwork_files/_18_5_1_412017e_1583499600145_43424_20112.svg" width="575"><APPLIED_STEREOTYPES humanName="Applied Stereotype" mode="s,e"><stereotype classType="Stereotype" humanType="Stereotype" icon="CommodityFlowNetwork_files/icon_stereotype_918307166.svg" name="complete" refid="_19_0_1_8ca0285_1532415865804_574455_4606"/><stereotype classType="Stereotype" humanType="Stereotype" icon="CommodityFlowNetwork_files/icon_stereotype_918307166.svg" name="DiagramInfo" refid="_9_0_be00301_1108044380615_150487_0"/></APPLIED_STEREOTYPES><appliedStereotype humanName="Applied Stereotype" mode="s,e"><stereotype classType="Stereotype" humanType="Stereotype" icon="CommodityFlowNetwork_files/icon_stereotype_918307166.svg" name="complete" refid="_19_0_1_8ca0285_1532415865804_574455_4606"><property classType="Property" humanName="Base_ Diagram" humanType="Property" icon="CommodityFlowNetwork_files/icon_property_1353393023.svg" name="base_Diagram" refid="_19_0_1_8ca0285_1532415878123_281673_4613"/></stereotype><stereotype classType="Stereotype" humanType="Stereotype" icon="CommodityFlowNetwork_files/icon_stereotype_918307166.svg" name="DiagramInfo" refid="_9_0_be00301_1108044380615_150487_0"><property classType="Property" humanName="Author" humanType="Property" icon="CommodityFlowNetwork_files/icon_property_1353393023.svg" name="Author" refid="_be00301_1077726770128_871366_1"><String>tas5</String></property><property classType="Property" humanName="Base_ Diagram" humanType="Property" icon="CommodityFlowNetwork_files/icon_property_1353393023.svg" name="base_Diagram" refid="_10_0EAPbeta_be00301_1123081772498_901864_356"/><property classType="Property" humanName="Base_ Element" humanType="Property" icon="CommodityFlowNetwork_files/icon_property_1353393023.svg" name="base_Element" refid="_10_0EAPbeta_be00301_1123081772098_411862_275"/><property classType="Property" humanName="Creation Date" humanType="Property" icon="CommodityFlowNetwork_files/icon_property_1353393023.svg" name="Creation date" refid="_be00301_1073306188629_537791_2"><String>3/6/20 8:00 AM</String></property><property classType="Property" humanName="Last modified by" humanType="Property" icon="CommodityFlowNetwork_files/icon_property_1353393023.svg" name="Last modified by" refid="_16_8beta_8ca0285_1257244649124_794756_344"><String>tas5</String></property><property classType="Property" humanName="Modification Date" humanType="Property" icon="CommodityFlowNetwork_files/icon_property_1353393023.svg" name="Modification date" refid="_be00301_1073394345322_922552_1"><String>6/16/20 1:18 PM</String></property></stereotype></appliedStereotype><appliedStereotypeInstance classType="InstanceSpecification" humanName="Applied Stereotype Instance" humanType="Instance Specification" icon="CommodityFlowNetwork_files/icon_instancespecification_13643661.svg" name=" : UML Standard Profile::MagicDraw Profile::DiagramInfo, UML Standard Profile::MagicDraw Profile::complete" refid="_18_5_1_412017e_1583499600246_550129_20134"/><documentation humanName="Documentation"/><map><area isNotContentShape="false" name="Value Property cost" refid="_18_5_1_412017e_1533905277155_825979_70908" shape="rect" type="0"><point x="180" y="920"/><point x="1160" y="920"/><point x="1160" y="976"/><point x="180" y="976"/></area><area isNotContentShape="false" name="Part Property flowEdge" refid="_18_5_1_412017e_1513191078480_901416_37791" shape="rect" type="0"><point x="180" y="248"/><point x="1160" y="248"/><point x="1160" y="304"/><point x="180" y="304"/></area><area isNotContentShape="false" name="Part Property flowNode" refid="_18_5_1_412017e_1513192538972_225456_37849" shape="rect" type="0"><point x="180" y="300"/><point x="1160" y="300"/><point x="1160" y="356"/><point x="180" y="356"/></area><area isNotContentShape="false" name="Reference Property flowType" refid="_18_5_1_412017e_1513193951432_903472_38009" shape="rect" type="0"><point x="180" y="428"/><point x="1160" y="428"/><point x="1160" y="484"/><point x="180" y="484"/></area><area isNotContentShape="false" name="Reference Property sourceFlowNetwork" refid="_18_5_1_412017e_1513191054925_531915_37681" shape="rect" type="0"><point x="180" y="480"/><point x="1160" y="480"/><point x="1160" y="536"/><point x="180" y="536"/></area><area isNotContentShape="false" name="Reference Property targetFlowNetwork" refid="_18_5_1_412017e_1513191054926_725262_37682" shape="rect" type="0"><point x="180" y="532"/><point x="1160" y="532"/><point x="1160" y="588"/><point x="180" y="588"/></area><area isNotContentShape="false" name="Value Property flowFixedCost" refid="_18_5_1_412017e_1513193951434_150749_38014" shape="rect" type="0"><point x="180" y="972"/><point x="1160" y="972"/><point x="1160" y="1028"/><point x="180" y="1028"/></area><area isNotContentShape="false" name="Reference Property parentFlowNetwork" refid="_18_5_1_412017e_1513192538972_931633_37850" shape="rect" type="0"><point x="180" y="584"/><point x="1160" y="584"/><point x="1160" y="640"/><point x="180" y="640"/></area><area isNotContentShape="false" name="Value Property grossCapacity" refid="_18_5_1_412017e_1513193951434_287661_38013" shape="rect" type="0"><point x="180" y="1024"/><point x="1160" y="1024"/><point x="1160" y="1080"/><point x="180" y="1080"/></area><area isNotContentShape="false" name="Reference Property produces" refid="_18_5_1_412017e_1552326004774_512809_60599" shape="rect" type="0"><point x="180" y="636"/><point x="1160" y="636"/><point x="1160" y="692"/><point x="180" y="692"/></area><area isNotContentShape="false" name="Value Property flowUnitCost" refid="_18_5_1_412017e_1513193951435_227961_38015" shape="rect" type="0"><point x="180" y="1076"/><point x="1160" y="1076"/><point x="1160" y="1132"/><point x="180" y="1132"/></area><area isNotContentShape="false" name="Reference Property consumes" refid="_18_5_1_412017e_1552326045705_830137_60604" shape="rect" type="0"><point x="180" y="688"/><point x="1160" y="688"/><point x="1160" y="744"/><point x="180" y="744"/></area><area isNotContentShape="false" name="Value Property flowCapacity" refid="_18_5_1_412017e_1513193951434_557777_38012" shape="rect" type="0"><point x="180" y="1128"/><point x="1160" y="1128"/><point x="1160" y="1184"/><point x="180" y="1184"/></area><area isNotContentShape="false" name="Value Property flowAmount" refid="_18_5_1_412017e_1513193951433_205060_38011" shape="rect" type="0"><point x="180" y="1180"/><point x="1160" y="1180"/><point x="1160" y="1236"/><point x="180" y="1236"/></area><area isNotContentShape="false" name="Reference Property productionType" refid="_18_5_1_412017e_1569952454125_964807_21841" shape="rect" type="0"><point x="180" y="740"/><point x="1160" y="740"/><point x="1160" y="796"/><point x="180" y="796"/></area><area isNotContentShape="false" name="Reference Property consumptionType" refid="_18_5_1_412017e_1569952554947_172805_21848" shape="rect" type="0"><point x="180" y="792"/><point x="1160" y="792"/><point x="1160" y="848"/><point x="180" y="848"/></area><area isNotContentShape="false" name="Value Property productionRate" refid="_18_5_1_412017e_1516803804302_71094_35023" shape="rect" type="0"><point x="180" y="1232"/><point x="1160" y="1232"/><point x="1160" y="1288"/><point x="180" y="1288"/></area><area isNotContentShape="false" name="Value Property consumptionRate" refid="_18_5_1_412017e_1516803841216_75498_35029" shape="rect" type="0"><point x="180" y="1284"/><point x="1160" y="1284"/><point x="1160" y="1340"/><point x="180" y="1340"/></area><area isNotContentShape="false" name="Block FlowNetwork" refid="_18_4_1_412017e_1480430023770_307416_22716" shape="rect" type="0"><point x="168" y="56"/><point x="1172" y="56"/><point x="1172" y="1364"/><point x="168" y="1364"/></area></map><name humanName="Name" mode="s,e">FlowNetwork_simple</name><namespace classType="Model" humanName="Namespace" humanType="Model" icon="CommodityFlowNetwork_files/icon_model_62531940.svg" name="CommodityFlowNetwork" refid="_18_4_1_412017e_1480428197145_536891_21458"/><ownedElement humanName="Owned Element"><instancespecification classType="InstanceSpecification" humanType="Instance Specification" icon="CommodityFlowNetwork_files/icon_instancespecification_13643661.svg" name=" : UML Standard Profile::MagicDraw Profile::DiagramInfo, UML Standard Profile::MagicDraw Profile::complete" refid="_18_5_1_412017e_1583499600246_550129_20134"/></ownedElement><owner classType="Model" humanName="Owner" humanType="Model" icon="CommodityFlowNetwork_files/icon_model_62531940.svg" mode="s,e" name="CommodityFlowNetwork" refid="_18_4_1_412017e_1480428197145_536891_21458"/><ownerOfDiagram classType="Model" humanName="Owner Of Diagram" humanType="Model" icon="CommodityFlowNetwork_files/icon_model_62531940.svg" name="CommodityFlowNetwork" refid="_18_4_1_412017e_1480428197145_536891_21458"/><qualifiedName humanName="Qualified Name" mode="e">CommodityFlowNetwork::FlowNetwork_simple</qualifiedName><TO_DO humanName="To Do" mode="s,e"/><DIAGRAM_TYPE_DERIVED_PROPERTY humanName="Type">SysML Block Definition Diagram</DIAGRAM_TYPE_DERIVED_PROPERTY><visibility humanName="Visibility">public</visibility></diagram></magicdraw>