<?xml version="1.0" encoding="UTF-8"?><magicdraw><diagram classType="Diagram" diagramType="SysML Block Definition Diagram" height="833" humanType="Diagram" icon="CommodityFlowNetwork_files/icon_SysML Block Definition Diagram_2096291030.svg" id="_18_4_1_412017e_1480430006088_181173_22517" src="CommodityFlowNetwork_files/_18_4_1_412017e_1480430006088_181173_22517.svg" width="1053"><APPLIED_STEREOTYPES humanName="Applied Stereotype" mode="s,e"><stereotype classType="Stereotype" humanType="Stereotype" icon="CommodityFlowNetwork_files/icon_stereotype_918606013.svg" name="DiagramInfo" refid="_9_0_be00301_1108044380615_150487_0"/></APPLIED_STEREOTYPES><appliedStereotype humanName="Applied Stereotype" mode="s,e"><stereotype classType="Stereotype" humanType="Stereotype" icon="CommodityFlowNetwork_files/icon_stereotype_918606013.svg" name="DiagramInfo" refid="_9_0_be00301_1108044380615_150487_0"><property classType="Property" humanName="Author" humanType="Property" icon="CommodityFlowNetwork_files/icon_property_1683334053.svg" name="Author" refid="_be00301_1077726770128_871366_1"><String>tas5</String></property><property classType="Property" humanName="Base_ Diagram" humanType="Property" icon="CommodityFlowNetwork_files/icon_property_1683334053.svg" name="base_Diagram" refid="_10_0EAPbeta_be00301_1123081772498_901864_356"/><property classType="Property" humanName="Base_ Element" humanType="Property" icon="CommodityFlowNetwork_files/icon_property_1683334053.svg" name="base_Element" refid="_10_0EAPbeta_be00301_1123081772098_411862_275"/><property classType="Property" humanName="Creation Date" humanType="Property" icon="CommodityFlowNetwork_files/icon_property_1683334053.svg" name="Creation date" refid="_be00301_1073306188629_537791_2"><String>11/29/16 9:33 AM</String></property><property classType="Property" humanName="Last modified by" humanType="Property" icon="CommodityFlowNetwork_files/icon_property_1683334053.svg" name="Last modified by" refid="_16_8beta_8ca0285_1257244649124_794756_344"><String>tas5</String></property><property classType="Property" humanName="Modification Date" humanType="Property" icon="CommodityFlowNetwork_files/icon_property_1683334053.svg" name="Modification date" refid="_be00301_1073394345322_922552_1"><String>10/22/19 9:04 AM</String></property></stereotype></appliedStereotype><appliedStereotypeInstance classType="InstanceSpecification" humanName="Applied Stereotype Instance" humanType="Instance Specification" icon="CommodityFlowNetwork_files/icon_instancespecification_777113684.svg" name=" : UML Standard Profile::MagicDraw Profile::DiagramInfo" refid="_18_4_1_412017e_1480430006108_144004_22538"/><documentation humanName="Documentation"/><map><area isNotContentShape="false" name="Part Property node" refid="_18_5_1_412017e_1513189146779_978407_36026" shape="rect" type="0"><point x="840" y="516"/><point x="884" y="516"/><point x="884" y="560"/><point x="840" y="560"/></area><area isNotContentShape="false" name="Reference Property endNetwork1" refid="_18_5_1_412017e_1513190186908_510822_36952" shape="rect" type="0"><point x="1896" y="528"/><point x="1940" y="528"/><point x="1940" y="572"/><point x="1896" y="572"/></area><area isNotContentShape="false" name="Reference Property parentNetwork" refid="_18_5_1_412017e_1513189146779_560277_36027" shape="rect" type="0"><point x="1064" y="708"/><point x="1108" y="708"/><point x="1108" y="752"/><point x="1064" y="752"/></area><area isNotContentShape="false" name="Adjunct Property edge" refid="_18_5_1_412017e_1513190219530_869897_37060" shape="rect" type="0"><point x="3544" y="248"/><point x="3588" y="248"/><point x="3588" y="292"/><point x="3544" y="292"/></area><area isNotContentShape="false" name="Property parentNetwork" refid="_18_5_1_412017e_1513190219530_486496_37061" shape="rect" type="0"><point x="1896" y="248"/><point x="1940" y="248"/><point x="1940" y="292"/><point x="1896" y="292"/></area><area isNotContentShape="false" name="Reference Property endNetwork2" refid="_18_5_1_412017e_1513190186908_343394_36953" shape="rect" type="0"><point x="1736" y="708"/><point x="1780" y="708"/><point x="1780" y="752"/><point x="1736" y="752"/></area><area isNotContentShape="false" name="Reference Property parentFlowNetwork" refid="_18_5_1_412017e_1513192538972_931633_37850" shape="rect" type="0"><point x="864" y="2492"/><point x="908" y="2492"/><point x="908" y="2536"/><point x="864" y="2536"/></area><area isNotContentShape="false" name="Part Property flowNode" refid="_18_5_1_412017e_1513192538972_225456_37849" shape="rect" type="0"><point x="436" y="2192"/><point x="480" y="2192"/><point x="480" y="2236"/><point x="436" y="2236"/></area><area isNotContentShape="false" name="Reference Property sourceFlowNetwork" refid="_18_5_1_412017e_1513191054925_531915_37681" shape="rect" type="0"><point x="2296" y="2208"/><point x="2340" y="2208"/><point x="2340" y="2252"/><point x="2296" y="2252"/></area><area isNotContentShape="false" name="Reference Property targetFlowNetwork" refid="_18_5_1_412017e_1513191054926_725262_37682" shape="rect" type="0"><point x="1788" y="2492"/><point x="1832" y="2492"/><point x="1832" y="2536"/><point x="1788" y="2536"/></area><area isNotContentShape="false" name="Property parentFlowNetwork" refid="_18_5_1_412017e_1513191078481_355001_37792" shape="rect" type="0"><point x="2296" y="2040"/><point x="2340" y="2040"/><point x="2340" y="2084"/><point x="2296" y="2084"/></area><area isNotContentShape="false" name="Part Property flowEdge" refid="_18_5_1_412017e_1513191078480_901416_37791" shape="rect" type="0"><point x="3132" y="2872"/><point x="3176" y="2872"/><point x="3176" y="2916"/><point x="3132" y="2916"/></area><area isNotContentShape="false" name="Part Property node" refid="_18_5_1_412017e_1513189146779_978407_36026" shape="rect" type="0"><point x="752" y="472"/><point x="872" y="472"/><point x="872" y="528"/><point x="752" y="528"/></area><area isNotContentShape="false" name="Adjunct Property edge" refid="_18_5_1_412017e_1513190219530_869897_37060" shape="rect" type="0"><point x="3444" y="196"/><point x="3564" y="196"/><point x="3564" y="252"/><point x="3444" y="252"/></area><area isNotContentShape="false" name="Part Property flowEdge" refid="_18_5_1_412017e_1513191078480_901416_37791" shape="rect" type="0"><point x="2932" y="2848"/><point x="3144" y="2848"/><point x="3144" y="2904"/><point x="2932" y="2904"/></area><area isNotContentShape="false" name="Part Property flowNode" refid="_18_5_1_412017e_1513192538972_225456_37849" shape="rect" type="0"><point x="252" y="2148"/><point x="468" y="2148"/><point x="468" y="2204"/><point x="252" y="2204"/></area><area isNotContentShape="false" name="Reference Property endNetwork1" refid="_18_5_1_412017e_1513190186908_510822_36952" shape="rect" type="0"><point x="1904" y="476"/><point x="2212" y="476"/><point x="2212" y="532"/><point x="1904" y="532"/></area><area isNotContentShape="false" name="Reference Property endNetwork2" refid="_18_5_1_412017e_1513190186908_343394_36953" shape="rect" type="0"><point x="1440" y="720"/><point x="1748" y="720"/><point x="1748" y="776"/><point x="1440" y="776"/></area><area isNotContentShape="false" name="Reference Property parentNetwork" refid="_18_5_1_412017e_1513189146779_560277_36027" shape="rect" type="0"><point x="732" y="768"/><point x="1076" y="768"/><point x="1076" y="824"/><point x="732" y="824"/></area><area isNotContentShape="false" name="Property parentNetwork" refid="_18_5_1_412017e_1513190219530_486496_37061" shape="rect" type="0"><point x="1956" y="204"/><point x="2300" y="204"/><point x="2300" y="260"/><point x="1956" y="260"/></area><area isNotContentShape="false" name="Reference Property targetFlowNetwork" refid="_18_5_1_412017e_1513191054926_725262_37682" shape="rect" type="0"><point x="1368" y="2504"/><point x="1800" y="2504"/><point x="1800" y="2560"/><point x="1368" y="2560"/></area><area isNotContentShape="false" name="Reference Property parentFlowNetwork" refid="_18_5_1_412017e_1513192538972_931633_37850" shape="rect" type="0"><point x="432" y="2552"/><point x="876" y="2552"/><point x="876" y="2608"/><point x="432" y="2608"/></area><area isNotContentShape="false" name="Property parentFlowNetwork" refid="_18_5_1_412017e_1513191078481_355001_37792" shape="rect" type="0"><point x="2356" y="1996"/><point x="2800" y="1996"/><point x="2800" y="2052"/><point x="2356" y="2052"/></area><area isNotContentShape="false" name="Reference Property sourceFlowNetwork" refid="_18_5_1_412017e_1513191054925_531915_37681" shape="rect" type="0"><point x="2308" y="2164"/><point x="2756" y="2164"/><point x="2756" y="2220"/><point x="2308" y="2220"/></area><area isNotContentShape="false" name="Generalization" refid="_18_5_1_412017e_1569951695918_746575_21779" shape="poly" type="0"><point x="2300" y="1872"/><point x="2300" y="1872"/><point x="2292" y="1880"/><point x="2292" y="1880"/></area><area isNotContentShape="false" name="Generalization" refid="_18_5_1_412017e_1570110001101_474327_22967" shape="poly" type="0"><point x="3080" y="864"/><point x="3080" y="1004"/><point x="3072" y="1012"/><point x="3072" y="872"/></area><area isNotContentShape="false" name="Block FlowNetworkLink" refid="_18_5_1_412017e_1513191054925_696549_37680" shape="poly" type="0"><point x="2400" y="2684"/><point x="2400" y="2908"/><point x="2392" y="2916"/><point x="2392" y="2692"/></area><area isNotContentShape="false" name="Generalization" refid="_18_4_1_412017e_1480430095754_117180_22761" shape="poly" type="0"><point x="1392" y="704"/><point x="1392" y="1004"/><point x="1384" y="1012"/><point x="1384" y="712"/></area><area isNotContentShape="false" name="Block NetworkLink" refid="_18_5_1_412017e_1513190186908_384793_36951" shape="poly" type="0"><point x="1900" y="544"/><point x="2112" y="544"/><point x="2112" y="860"/><point x="1760" y="860"/><point x="1760" y="704"/><point x="1752" y="712"/><point x="1752" y="868"/><point x="2104" y="868"/><point x="2104" y="552"/><point x="1892" y="552"/></area><area isNotContentShape="false" name="Association" refid="_18_5_1_412017e_1513189146778_490437_36025" shape="poly" type="0"><point x="884" y="532"/><point x="620" y="532"/><point x="620" y="872"/><point x="1088" y="872"/><point x="1088" y="704"/><point x="1080" y="712"/><point x="1080" y="880"/><point x="612" y="880"/><point x="612" y="540"/><point x="876" y="540"/></area><area isNotContentShape="false" name="Connector flowEdge" refid="_18_5_1_412017e_1513362143618_808921_41457" shape="poly" type="0"><point x="1400" y="2080"/><point x="1616" y="2080"/><point x="1616" y="2360"/><point x="1140" y="2360"/><point x="1140" y="2160"/><point x="1132" y="2168"/><point x="1132" y="2368"/><point x="1608" y="2368"/><point x="1608" y="2088"/><point x="1392" y="2088"/></area><area isNotContentShape="false" name="Block FlowNetworkLink" refid="_18_5_1_412017e_1513191054925_696549_37680" shape="poly" type="0"><point x="2300" y="2224"/><point x="2512" y="2224"/><point x="2512" y="2684"/><point x="1812" y="2684"/><point x="1812" y="2488"/><point x="1804" y="2496"/><point x="1804" y="2692"/><point x="2504" y="2692"/><point x="2504" y="2232"/><point x="2292" y="2232"/></area><area isNotContentShape="false" name="Association" refid="_18_5_1_412017e_1513192538972_915919_37848" shape="poly" type="0"><point x="480" y="2208"/><point x="76" y="2208"/><point x="76" y="2768"/><point x="888" y="2768"/><point x="888" y="2488"/><point x="880" y="2496"/><point x="880" y="2776"/><point x="68" y="2776"/><point x="68" y="2216"/><point x="472" y="2216"/></area><area isNotContentShape="false" name="Association" refid="_18_5_1_412017e_1513191078480_865032_37790" shape="poly" type="0"><point x="3156" y="2908"/><point x="3156" y="2056"/><point x="2300" y="2056"/><point x="2292" y="2064"/><point x="3148" y="2064"/><point x="3148" y="2916"/></area><area isNotContentShape="false" name="Generalization" refid="_18_5_1_412017e_1569951121409_567866_21766" shape="poly" type="0"><point x="3548" y="1872"/><point x="3548" y="2908"/><point x="3540" y="2916"/><point x="3540" y="1880"/></area><area isNotContentShape="false" name="Block NetworkLink" refid="_18_5_1_412017e_1513190186908_384793_36951" shape="poly" type="0"><point x="2112" y="848"/><point x="2112" y="696"/><point x="2648" y="696"/><point x="2648" y="404"/><point x="3588" y="404"/><point x="3580" y="412"/><point x="2640" y="412"/><point x="2640" y="704"/><point x="2104" y="704"/><point x="2104" y="856"/></area><area isNotContentShape="false" name="Association" refid="_18_5_1_412017e_1513190219530_677714_37059" shape="poly" type="0"><point x="3588" y="264"/><point x="1900" y="264"/><point x="1892" y="272"/><point x="3580" y="272"/></area><area isNotContentShape="false" name="Generalization" refid="_18_5_1_412017e_1513191068793_329266_37785" shape="poly" type="0"><point x="3828" y="528"/><point x="3828" y="2908"/><point x="3820" y="2916"/><point x="3820" y="536"/></area><area isNotContentShape="false" name="Connector End" refid="_18_5_1_412017e_1513362143618_688045_41459" shape="rect" type="0"><point x="1396" y="2064"/><point x="1440" y="2064"/><point x="1440" y="2108"/><point x="1396" y="2108"/></area><area isNotContentShape="false" name="Connector End" refid="_18_5_1_412017e_1513362143618_724776_41458" shape="rect" type="0"><point x="1116" y="2164"/><point x="1160" y="2164"/><point x="1160" y="2208"/><point x="1116" y="2208"/></area><area isNotContentShape="false" name="Block NetworkElement" refid="_18_5_1_412017e_1570105871470_979385_22666" shape="rect" type="0"><point x="2848" y="728"/><point x="3308" y="728"/><point x="3308" y="872"/><point x="2848" y="872"/></area><area isNotContentShape="false" name="Block NetworkLink" refid="_18_5_1_412017e_1513190186908_384793_36951" shape="rect" type="0"><point x="3584" y="196"/><point x="4092" y="196"/><point x="4092" y="536"/><point x="3584" y="536"/></area><area isNotContentShape="false" name="Part Property flowNode" refid="_18_5_1_412017e_1513192538972_225456_37849" shape="rect" type="0"><point x="560" y="2064"/><point x="1400" y="2064"/><point x="1400" y="2168"/><point x="560" y="2168"/></area><area isNotContentShape="false" name="Block Network" refid="_18_4_1_412017e_1480428292021_38215_21493" shape="rect" type="0"><point x="880" y="168"/><point x="1900" y="168"/><point x="1900" y="712"/><point x="880" y="712"/></area><area isNotContentShape="false" name="Value Property flowFixedCost" refid="_18_5_1_412017e_1513193951434_150749_38014" shape="rect" type="0"><point x="2380" y="1328"/><point x="3780" y="1328"/><point x="3780" y="1384"/><point x="2380" y="1384"/></area><area isNotContentShape="false" name="Value Property grossCapacity" refid="_18_5_1_412017e_1513193951434_287661_38013" shape="rect" type="0"><point x="2380" y="1380"/><point x="3780" y="1380"/><point x="3780" y="1436"/><point x="2380" y="1436"/></area><area isNotContentShape="false" name="Value Property flowCapacity" refid="_18_5_1_412017e_1513193951434_557777_38012" shape="rect" type="0"><point x="2380" y="1484"/><point x="3780" y="1484"/><point x="3780" y="1540"/><point x="2380" y="1540"/></area><area isNotContentShape="false" name="Value Property flowUnitCost" refid="_18_5_1_412017e_1513193951435_227961_38015" shape="rect" type="0"><point x="2380" y="1432"/><point x="3780" y="1432"/><point x="3780" y="1488"/><point x="2380" y="1488"/></area><area isNotContentShape="false" name="Value Property flowAmount" refid="_18_5_1_412017e_1513193951433_205060_38011" shape="rect" type="0"><point x="2380" y="1536"/><point x="3780" y="1536"/><point x="3780" y="1592"/><point x="2380" y="1592"/></area><area isNotContentShape="false" name="Reference Property flowType" refid="_18_5_1_412017e_1513193951432_903472_38009" shape="rect" type="0"><point x="2380" y="1200"/><point x="3780" y="1200"/><point x="3780" y="1256"/><point x="2380" y="1256"/></area><area isNotContentShape="false" name="Block FlowNetworkElement" refid="_18_5_1_412017e_1569950967170_559775_21717" shape="rect" type="0"><point x="2368" y="1008"/><point x="3792" y="1008"/><point x="3792" y="1616"/><point x="2368" y="1616"/></area><area isNotContentShape="false" name="Reference Property produces" refid="_18_5_1_412017e_1552326004774_512809_60599" shape="rect" type="0"><point x="488" y="1380"/><point x="2288" y="1380"/><point x="2288" y="1436"/><point x="488" y="1436"/></area><area isNotContentShape="false" name="Reference Property consumptionType" refid="_18_5_1_412017e_1569952554947_172805_21848" shape="rect" type="0"><point x="488" y="1588"/><point x="2288" y="1588"/><point x="2288" y="1644"/><point x="488" y="1644"/></area><area isNotContentShape="false" name="Reference Property productionType" refid="_18_5_1_412017e_1569952454125_964807_21841" shape="rect" type="0"><point x="488" y="1536"/><point x="2288" y="1536"/><point x="2288" y="1592"/><point x="488" y="1592"/></area><area isNotContentShape="false" name="Reference Property consumes" refid="_18_5_1_412017e_1552326045705_830137_60604" shape="rect" type="0"><point x="488" y="1432"/><point x="2288" y="1432"/><point x="2288" y="1488"/><point x="488" y="1488"/></area><area isNotContentShape="false" name="Reference Property currentlyFlowingThrough" refid="_18_5_1_412017e_1555502817608_748608_23754" shape="rect" type="0"><point x="488" y="1484"/><point x="2288" y="1484"/><point x="2288" y="1540"/><point x="488" y="1540"/></area><area isNotContentShape="false" name="Value Property outFlowRate" refid="_18_5_1_412017e_1555504061447_710445_23855" shape="rect" type="0"><point x="488" y="1768"/><point x="2288" y="1768"/><point x="2288" y="1824"/><point x="488" y="1824"/></area><area isNotContentShape="false" name="Value Property consumptionRate" refid="_18_5_1_412017e_1516803841216_75498_35029" shape="rect" type="0"><point x="488" y="1872"/><point x="2288" y="1872"/><point x="2288" y="1928"/><point x="488" y="1928"/></area><area isNotContentShape="false" name="Value Property productionRate" refid="_18_5_1_412017e_1516803804302_71094_35023" shape="rect" type="0"><point x="488" y="1820"/><point x="2288" y="1820"/><point x="2288" y="1876"/><point x="488" y="1876"/></area><area isNotContentShape="false" name="Value Property inFlowRate" refid="_18_5_1_412017e_1555504034751_641856_23849" shape="rect" type="0"><point x="488" y="1716"/><point x="2288" y="1716"/><point x="2288" y="1772"/><point x="488" y="1772"/></area><area isNotContentShape="false" name="Flow Property outputs" refid="_18_5_1_412017e_1516804357021_942548_35124" shape="rect" type="0"><point x="488" y="1252"/><point x="2288" y="1252"/><point x="2288" y="1308"/><point x="488" y="1308"/></area><area isNotContentShape="false" name="Flow Property inputs" refid="_18_5_1_412017e_1516804276976_159477_35115" shape="rect" type="0"><point x="488" y="1200"/><point x="2288" y="1200"/><point x="2288" y="1256"/><point x="488" y="1256"/></area><area isNotContentShape="false" name="Block FlowNetwork" refid="_18_4_1_412017e_1480430023770_307416_22716" shape="rect" type="0"><point x="476" y="1008"/><point x="2300" y="1008"/><point x="2300" y="2496"/><point x="476" y="2496"/></area><area isNotContentShape="false" name="Participant Property linkTarget" refid="_18_5_1_412017e_1513191055056_382993_37742" shape="rect" type="0"><point x="2028" y="3156"/><point x="4012" y="3156"/><point x="4012" y="3212"/><point x="2028" y="3212"/></area><area isNotContentShape="false" name="Participant Property linkSource" refid="_18_5_1_412017e_1513191055050_278755_37738" shape="rect" type="0"><point x="2028" y="3104"/><point x="4012" y="3104"/><point x="4012" y="3160"/><point x="2028" y="3160"/></area><area isNotContentShape="false" name="Block FlowNetworkLink" refid="_18_5_1_412017e_1513191054925_696549_37680" shape="rect" type="0"><point x="2016" y="2912"/><point x="4024" y="2912"/><point x="4024" y="3236"/><point x="2016" y="3236"/></area></map><name humanName="Name" mode="s,e">FlowNetwork</name><namespace classType="Model" humanName="Namespace" humanType="Model" icon="CommodityFlowNetwork_files/icon_model_1095186369.svg" name="CommodityFlowNetwork" refid="_18_4_1_412017e_1480428197145_536891_21458"/><ownedElement humanName="Owned Element"><instancespecification classType="InstanceSpecification" humanType="Instance Specification" icon="CommodityFlowNetwork_files/icon_instancespecification_777113684.svg" name=" : UML Standard Profile::MagicDraw Profile::DiagramInfo" refid="_18_4_1_412017e_1480430006108_144004_22538"/></ownedElement><owner classType="Model" humanName="Owner" humanType="Model" icon="CommodityFlowNetwork_files/icon_model_1095186369.svg" mode="s,e" name="CommodityFlowNetwork" refid="_18_4_1_412017e_1480428197145_536891_21458"/><ownerOfDiagram classType="Model" humanName="Owner Of Diagram" humanType="Model" icon="CommodityFlowNetwork_files/icon_model_1095186369.svg" name="CommodityFlowNetwork" refid="_18_4_1_412017e_1480428197145_536891_21458"/><qualifiedName humanName="Qualified Name" mode="e">CommodityFlowNetwork::FlowNetwork</qualifiedName><TO_DO humanName="To Do" mode="s,e"/><DIAGRAM_TYPE_DERIVED_PROPERTY humanName="Type">SysML Block Definition Diagram</DIAGRAM_TYPE_DERIVED_PROPERTY><visibility humanName="Visibility">public</visibility></diagram></magicdraw>