<?xml version="1.0" encoding="UTF-8"?><magicdraw><association classType="Association" humanType="Association" icon="CommodityFlowNetwork_files/icon_association_866202742.svg" id="_18_5_1_412017e_1570125371795_794582_23092"><documentation humanName="Documentation"/><endType humanName="End Type"><block classType="Class" humanType="Block" icon="CommodityFlowNetwork_files/icon_block_517352490.svg" name="Commodity" refid="_18_4_1_412017e_1480431603356_207384_23063"/><block classType="Class" humanType="Block" icon="CommodityFlowNetwork_files/icon_block_517352490.svg" name="CommodityType" refid="_18_5_1_412017e_1569952121489_428624_21797"/></endType><feature humanName="Feature"><property classType="Property" humanType="Property" icon="CommodityFlowNetwork_files/icon_property_1353393023.svg" name="instance" refid="_18_5_1_412017e_1570125371795_405496_23093"/></feature><isAbstract humanName="Is Abstract">false</isAbstract><isDerived humanName="Is Derived">false</isDerived><isFinalSpecialization humanName="Is Final Specialization">false</isFinalSpecialization><isLeaf humanName="Is Leaf">false</isLeaf><member humanName="Member"><property classType="Property" humanType="Property" icon="CommodityFlowNetwork_files/icon_property_1353393023.svg" name="instance" refid="_18_5_1_412017e_1570125371795_405496_23093"/><referenceproperty classType="Property" humanType="Reference Property" icon="CommodityFlowNetwork_files/icon_referenceproperty_879942551.svg" name="type" refid="_18_5_1_412017e_1569952203087_429196_21805"/></member><memberEnd humanName="Member End"><property classType="Property" humanType="Property" icon="CommodityFlowNetwork_files/icon_property_1353393023.svg" name="instance" refid="_18_5_1_412017e_1570125371795_405496_23093"/><referenceproperty classType="Property" humanType="Reference Property" icon="CommodityFlowNetwork_files/icon_referenceproperty_879942551.svg" name="type" refid="_18_5_1_412017e_1569952203087_429196_21805"/></memberEnd><name humanName="Name" mode="s,e"/><namespace classType="Model" humanName="Namespace" humanType="Model" icon="CommodityFlowNetwork_files/icon_model_62531940.svg" name="CommodityFlowNetwork" refid="_18_4_1_412017e_1480428197145_536891_21458"/><ownedElement humanName="Owned Element"><property classType="Property" humanType="Property" icon="CommodityFlowNetwork_files/icon_property_1353393023.svg" name="instance" refid="_18_5_1_412017e_1570125371795_405496_23093"/></ownedElement><ownedEnd humanName="Owned End"><property classType="Property" humanType="Property" icon="CommodityFlowNetwork_files/icon_property_1353393023.svg" name="instance" refid="_18_5_1_412017e_1570125371795_405496_23093"/></ownedEnd><ownedMember humanName="Owned Member"><property classType="Property" humanType="Property" icon="CommodityFlowNetwork_files/icon_property_1353393023.svg" name="instance" refid="_18_5_1_412017e_1570125371795_405496_23093"/></ownedMember><owner classType="Model" humanName="Owner" humanType="Model" icon="CommodityFlowNetwork_files/icon_model_62531940.svg" mode="s,e" name="CommodityFlowNetwork" refid="_18_4_1_412017e_1480428197145_536891_21458"/><owningPackage classType="Model" humanName="Owning Package" humanType="Model" icon="CommodityFlowNetwork_files/icon_model_62531940.svg" name="CommodityFlowNetwork" refid="_18_4_1_412017e_1480428197145_536891_21458"/><package classType="Model" humanName="Package" humanType="Model" icon="CommodityFlowNetwork_files/icon_model_62531940.svg" name="CommodityFlowNetwork" refid="_18_4_1_412017e_1480428197145_536891_21458"/><qualifiedName humanName="Qualified Name" mode="e">CommodityFlowNetwork::</qualifiedName><relatedElement humanName="Related Element"><block classType="Class" humanType="Block" icon="CommodityFlowNetwork_files/icon_block_517352490.svg" name="Commodity" refid="_18_4_1_412017e_1480431603356_207384_23063"/><block classType="Class" humanType="Block" icon="CommodityFlowNetwork_files/icon_block_517352490.svg" name="CommodityType" refid="_18_5_1_412017e_1569952121489_428624_21797"/></relatedElement><TO_DO humanName="To Do"/><visibility humanName="Visibility" mode="s,e">public</visibility><appearsIn><diagram classType="Diagram" humanType="Diagram" icon="CommodityFlowNetwork_files/icon_SysML Block Definition Diagram_1080813915.svg" name="Commodity" refid="_18_5_1_412017e_1552399189104_531799_62569"/></appearsIn></association></magicdraw>