<?xml version="1.0" encoding="UTF-8"?><magicdraw><instancespecification classType="InstanceSpecification" humanType="Instance Specification" icon="CommodityFlowNetwork_files/icon_instancespecification_777113684.svg" id="_18_5_1_412017e_1516804276984_978005_35116"><classifier humanName="Classifier" mode="s,e"><stereotype classType="Stereotype" humanType="Stereotype" icon="CommodityFlowNetwork_files/icon_stereotype_1322682016.svg" name="FlowProperty" refid="_11_5EAPbeta_be00301_1147436061009_177713_1911"/></classifier><documentation humanName="Documentation"/><name humanName="Name" mode="s,e"/><ownedElement humanName="Owned Element"><slot classType="Slot" humanType="Slot" icon="CommodityFlowNetwork_files/icon_slot_2082309497.svg" refid="_18_5_1_412017e_1586193195240_427633_7380"/></ownedElement><owner classType="Property" humanName="Owner" humanType="Flow Property" icon="CommodityFlowNetwork_files/icon_flowproperty_619798801.svg" mode="s,e" name="inputs" refid="_18_5_1_412017e_1516804276976_159477_35115"/><qualifiedName humanName="Qualified Name" mode="e">CommodityFlowNetwork::FlowNetwork::inputs::</qualifiedName><slot humanName="Slot"><slot classType="Slot" humanType="Slot" icon="CommodityFlowNetwork_files/icon_slot_2082309497.svg" refid="_18_5_1_412017e_1586193195240_427633_7380"/></slot><stereotypedElement classType="Property" humanName="Stereotyped Element" humanType="Flow Property" icon="CommodityFlowNetwork_files/icon_flowproperty_619798801.svg" name="inputs" refid="_18_5_1_412017e_1516804276976_159477_35115"/><TO_DO humanName="To Do" mode="s,e"/><visibility humanName="Visibility">public</visibility></instancespecification></magicdraw>