<?xml version="1.0" encoding="UTF-8"?><magicdraw><instancespecification classType="InstanceSpecification" humanType="Instance Specification" icon="CommodityFlowNetwork_files/icon_instancespecification_13643661.svg" id="_18_4_1_412017e_1486491467563_471197_23306"><classifier humanName="Classifier" mode="s,e"><stereotype classType="Stereotype" humanType="Stereotype" icon="CommodityFlowNetwork_files/icon_stereotype_517352490.svg" name="Block" refid="_11_5EAPbeta_be00301_1147424179914_458922_958"/><stereotype classType="Stereotype" humanType="Stereotype" icon="CommodityFlowNetwork_files/icon_stereotype_918307166.svg" name="HyperlinkOwner" refid="_9_0_be00301_1108044563999_784946_1"/></classifier><documentation humanName="Documentation"/><name humanName="Name" mode="s,e"/><ownedElement humanName="Owned Element"><slot classType="Slot" humanType="Slot" icon="CommodityFlowNetwork_files/icon_slot_1477912881.svg" refid="_19_0_3_412017e_1592328169255_76313_13456"/></ownedElement><owner classType="Class" humanName="Owner" humanType="Block" icon="CommodityFlowNetwork_files/icon_block_517352490.svg" mode="s,e" name="Network" refid="_18_4_1_412017e_1480428292021_38215_21493"/><qualifiedName humanName="Qualified Name" mode="e">CommodityFlowNetwork::Network::</qualifiedName><slot humanName="Slot"><slot classType="Slot" humanType="Slot" icon="CommodityFlowNetwork_files/icon_slot_1477912881.svg" refid="_19_0_3_412017e_1592328169255_76313_13456"/></slot><stereotypedElement classType="Class" humanName="Stereotyped Element" humanType="Block" icon="CommodityFlowNetwork_files/icon_block_517352490.svg" name="Network" refid="_18_4_1_412017e_1480428292021_38215_21493"/><TO_DO humanName="To Do" mode="s,e"/><visibility humanName="Visibility">public</visibility></instancespecification></magicdraw>