<?xml version="1.0" encoding="UTF-8"?><magicdraw><block classType="Class" humanType="Block" icon="CommodityFlowNetwork_files/icon_block_517352490.svg" id="_18_5_1_412017e_1569950967170_559775_21717"><allGeneralClassifiers humanName="All General Classifiers"><block classType="Class" humanType="Block" icon="CommodityFlowNetwork_files/icon_block_517352490.svg" name="IdentifiableElement" refid="_18_5_1_412017e_1550599419049_374663_31602"/><block classType="Class" humanType="Block" icon="CommodityFlowNetwork_files/icon_block_517352490.svg" name="NetworkElement" refid="_18_5_1_412017e_1570105871470_979385_22666"/></allGeneralClassifiers><allSpecificClassifiers humanName="All Specific Classifiers"><block classType="Class" humanType="Block" icon="CommodityFlowNetwork_files/icon_block_517352490.svg" name="FlowNetwork" refid="_18_4_1_412017e_1480430023770_307416_22716"/><block classType="AssociationClass" humanType="Block" icon="CommodityFlowNetwork_files/icon_block_517352490.svg" isRelationship="true" name="FlowNetworkLink" refid="_18_5_1_412017e_1513191054925_696549_37680"/><activity classType="Activity" humanType="Activity" icon="CommodityFlowNetwork_files/icon_activity_1996581403.svg" name="ProcessNetwork" refid="_18_4_1_412017e_1490794010074_822948_28228"/></allSpecificClassifiers><APPLIED_STEREOTYPES humanName="Applied Stereotype" mode="e"><stereotype classType="Stereotype" humanType="Stereotype" icon="CommodityFlowNetwork_files/icon_stereotype_517352490.svg" name="Block" refid="_11_5EAPbeta_be00301_1147424179914_458922_958"/></APPLIED_STEREOTYPES><appliedStereotype humanName="Applied Stereotype" mode="e"><stereotype classType="Stereotype" humanType="Stereotype" icon="CommodityFlowNetwork_files/icon_stereotype_517352490.svg" name="Block" refid="_11_5EAPbeta_be00301_1147424179914_458922_958"><property classType="Property" humanName="Base_ Class" humanType="Property" icon="CommodityFlowNetwork_files/icon_property_1353393023.svg" name="base_Class" refid="_11_5EAPbeta_be00301_1147424181797_326831_961"/><property classType="Property" humanName="Is Encapsulated" humanType="Property" icon="CommodityFlowNetwork_files/icon_property_1353393023.svg" name="isEncapsulated" refid="_11_5EAPbeta_be00301_1147424201876_860708_1049"/></stereotype></appliedStereotype><appliedStereotypeInstance classType="InstanceSpecification" humanName="Applied Stereotype Instance" humanType="Instance Specification" icon="CommodityFlowNetwork_files/icon_instancespecification_13643661.svg" name=" : SysML::Blocks::Block" refid="_18_5_1_412017e_1569950967402_389610_21718"/><attribute humanName="Attribute"><valueproperty classType="Property" humanType="Value Property" icon="CommodityFlowNetwork_files/icon_valueproperty_334998663.svg" name="flowAmount" refid="_18_5_1_412017e_1513193951433_205060_38011"/><valueproperty classType="Property" humanType="Value Property" icon="CommodityFlowNetwork_files/icon_valueproperty_334998663.svg" name="flowCapacity" refid="_18_5_1_412017e_1513193951434_557777_38012"/><valueproperty classType="Property" humanType="Value Property" icon="CommodityFlowNetwork_files/icon_valueproperty_334998663.svg" name="flowFixedCost" refid="_18_5_1_412017e_1513193951434_150749_38014"/><referenceproperty classType="Property" humanType="Reference Property" icon="CommodityFlowNetwork_files/icon_referenceproperty_879942551.svg" name="flowType" refid="_18_5_1_412017e_1513193951432_903472_38009"/><valueproperty classType="Property" humanType="Value Property" icon="CommodityFlowNetwork_files/icon_valueproperty_334998663.svg" name="flowUnitCost" refid="_18_5_1_412017e_1513193951435_227961_38015"/><valueproperty classType="Property" humanType="Value Property" icon="CommodityFlowNetwork_files/icon_valueproperty_334998663.svg" name="grossCapacity" refid="_18_5_1_412017e_1513193951434_287661_38013"/></attribute><derivedExplanation humanName="Derived Explanation"/><documentation humanName="Documentation"/><effectiveIRI humanName="Effective IRI"/><feature humanName="Feature"><valueproperty classType="Property" humanType="Value Property" icon="CommodityFlowNetwork_files/icon_valueproperty_334998663.svg" name="flowAmount" refid="_18_5_1_412017e_1513193951433_205060_38011"/><valueproperty classType="Property" humanType="Value Property" icon="CommodityFlowNetwork_files/icon_valueproperty_334998663.svg" name="flowCapacity" refid="_18_5_1_412017e_1513193951434_557777_38012"/><valueproperty classType="Property" humanType="Value Property" icon="CommodityFlowNetwork_files/icon_valueproperty_334998663.svg" name="flowFixedCost" refid="_18_5_1_412017e_1513193951434_150749_38014"/><referenceproperty classType="Property" humanType="Reference Property" icon="CommodityFlowNetwork_files/icon_referenceproperty_879942551.svg" name="flowType" refid="_18_5_1_412017e_1513193951432_903472_38009"/><valueproperty classType="Property" humanType="Value Property" icon="CommodityFlowNetwork_files/icon_valueproperty_334998663.svg" name="flowUnitCost" refid="_18_5_1_412017e_1513193951435_227961_38015"/><valueproperty classType="Property" humanType="Value Property" icon="CommodityFlowNetwork_files/icon_valueproperty_334998663.svg" name="grossCapacity" refid="_18_5_1_412017e_1513193951434_287661_38013"/></feature><general humanName="General"><block classType="Class" humanType="Block" icon="CommodityFlowNetwork_files/icon_block_517352490.svg" name="NetworkElement" refid="_18_5_1_412017e_1570105871470_979385_22666"/></general><generalization humanName="Generalization"><generalization classType="Generalization" humanType="Generalization" icon="CommodityFlowNetwork_files/icon_generalization_1702478809.svg" isRelationship="true" refid="_18_5_1_412017e_1570110001101_474327_22967"/></generalization><inheritedMember humanName="Inherited Member"><valueproperty classType="Property" humanType="Value Property" icon="CommodityFlowNetwork_files/icon_valueproperty_334998663.svg" name="instanceID" refid="_18_5_1_412017e_1550599541005_792237_31606"/><valueproperty classType="Property" humanType="Value Property" icon="CommodityFlowNetwork_files/icon_valueproperty_334998663.svg" name="label" refid="_18_4_1_412017e_1480428452786_373509_22094"/><valueproperty classType="Property" humanType="Value Property" icon="CommodityFlowNetwork_files/icon_valueproperty_334998663.svg" name="measure" refid="_18_4_1_412017e_1490186121808_887895_33128"/><valueproperty classType="Property" humanType="Value Property" icon="CommodityFlowNetwork_files/icon_valueproperty_334998663.svg" name="typeID" refid="_18_5_1_412017e_1550599573275_888863_31610"/></inheritedMember><isAbstract humanName="Is Abstract">false</isAbstract><isActive humanName="Is Active" mode="e">false</isActive><isFinalSpecialization humanName="Is Final Specialization">false</isFinalSpecialization><isLeaf humanName="Is Leaf">false</isLeaf><member humanName="Member"><valueproperty classType="Property" humanType="Value Property" icon="CommodityFlowNetwork_files/icon_valueproperty_334998663.svg" name="flowAmount" refid="_18_5_1_412017e_1513193951433_205060_38011"/><valueproperty classType="Property" humanType="Value Property" icon="CommodityFlowNetwork_files/icon_valueproperty_334998663.svg" name="flowCapacity" refid="_18_5_1_412017e_1513193951434_557777_38012"/><valueproperty classType="Property" humanType="Value Property" icon="CommodityFlowNetwork_files/icon_valueproperty_334998663.svg" name="flowFixedCost" refid="_18_5_1_412017e_1513193951434_150749_38014"/><referenceproperty classType="Property" humanType="Reference Property" icon="CommodityFlowNetwork_files/icon_referenceproperty_879942551.svg" name="flowType" refid="_18_5_1_412017e_1513193951432_903472_38009"/><valueproperty classType="Property" humanType="Value Property" icon="CommodityFlowNetwork_files/icon_valueproperty_334998663.svg" name="flowUnitCost" refid="_18_5_1_412017e_1513193951435_227961_38015"/><valueproperty classType="Property" humanType="Value Property" icon="CommodityFlowNetwork_files/icon_valueproperty_334998663.svg" name="grossCapacity" refid="_18_5_1_412017e_1513193951434_287661_38013"/><valueproperty classType="Property" humanType="Value Property" icon="CommodityFlowNetwork_files/icon_valueproperty_334998663.svg" name="instanceID" refid="_18_5_1_412017e_1550599541005_792237_31606"/><valueproperty classType="Property" humanType="Value Property" icon="CommodityFlowNetwork_files/icon_valueproperty_334998663.svg" name="label" refid="_18_4_1_412017e_1480428452786_373509_22094"/><valueproperty classType="Property" humanType="Value Property" icon="CommodityFlowNetwork_files/icon_valueproperty_334998663.svg" name="measure" refid="_18_4_1_412017e_1490186121808_887895_33128"/><valueproperty classType="Property" humanType="Value Property" icon="CommodityFlowNetwork_files/icon_valueproperty_334998663.svg" name="typeID" refid="_18_5_1_412017e_1550599573275_888863_31610"/></member><name humanName="Name" mode="s,e">FlowNetworkElement</name><namespace classType="Model" humanName="Namespace" humanType="Model" icon="CommodityFlowNetwork_files/icon_model_62531940.svg" name="CommodityFlowNetwork" refid="_18_4_1_412017e_1480428197145_536891_21458"/><ownedAttribute humanName="Owned Attribute"><valueproperty classType="Property" humanType="Value Property" icon="CommodityFlowNetwork_files/icon_valueproperty_334998663.svg" name="flowAmount" refid="_18_5_1_412017e_1513193951433_205060_38011"/><valueproperty classType="Property" humanType="Value Property" icon="CommodityFlowNetwork_files/icon_valueproperty_334998663.svg" name="flowCapacity" refid="_18_5_1_412017e_1513193951434_557777_38012"/><valueproperty classType="Property" humanType="Value Property" icon="CommodityFlowNetwork_files/icon_valueproperty_334998663.svg" name="flowFixedCost" refid="_18_5_1_412017e_1513193951434_150749_38014"/><referenceproperty classType="Property" humanType="Reference Property" icon="CommodityFlowNetwork_files/icon_referenceproperty_879942551.svg" name="flowType" refid="_18_5_1_412017e_1513193951432_903472_38009"/><valueproperty classType="Property" humanType="Value Property" icon="CommodityFlowNetwork_files/icon_valueproperty_334998663.svg" name="flowUnitCost" refid="_18_5_1_412017e_1513193951435_227961_38015"/><valueproperty classType="Property" humanType="Value Property" icon="CommodityFlowNetwork_files/icon_valueproperty_334998663.svg" name="grossCapacity" refid="_18_5_1_412017e_1513193951434_287661_38013"/></ownedAttribute><ownedElement humanName="Owned Element"><generalization classType="Generalization" humanType="Generalization" icon="CommodityFlowNetwork_files/icon_generalization_1702478809.svg" isRelationship="true" refid="_18_5_1_412017e_1570110001101_474327_22967"/><instancespecification classType="InstanceSpecification" humanType="Instance Specification" icon="CommodityFlowNetwork_files/icon_instancespecification_13643661.svg" name=" : SysML::Blocks::Block" refid="_18_5_1_412017e_1569950967402_389610_21718"/><valueproperty classType="Property" humanType="Value Property" icon="CommodityFlowNetwork_files/icon_valueproperty_334998663.svg" name="flowAmount" refid="_18_5_1_412017e_1513193951433_205060_38011"/><valueproperty classType="Property" humanType="Value Property" icon="CommodityFlowNetwork_files/icon_valueproperty_334998663.svg" name="flowCapacity" refid="_18_5_1_412017e_1513193951434_557777_38012"/><valueproperty classType="Property" humanType="Value Property" icon="CommodityFlowNetwork_files/icon_valueproperty_334998663.svg" name="flowFixedCost" refid="_18_5_1_412017e_1513193951434_150749_38014"/><referenceproperty classType="Property" humanType="Reference Property" icon="CommodityFlowNetwork_files/icon_referenceproperty_879942551.svg" name="flowType" refid="_18_5_1_412017e_1513193951432_903472_38009"/><valueproperty classType="Property" humanType="Value Property" icon="CommodityFlowNetwork_files/icon_valueproperty_334998663.svg" name="flowUnitCost" refid="_18_5_1_412017e_1513193951435_227961_38015"/><valueproperty classType="Property" humanType="Value Property" icon="CommodityFlowNetwork_files/icon_valueproperty_334998663.svg" name="grossCapacity" refid="_18_5_1_412017e_1513193951434_287661_38013"/></ownedElement><ownedMember humanName="Owned Member"><valueproperty classType="Property" humanType="Value Property" icon="CommodityFlowNetwork_files/icon_valueproperty_334998663.svg" name="flowAmount" refid="_18_5_1_412017e_1513193951433_205060_38011"/><valueproperty classType="Property" humanType="Value Property" icon="CommodityFlowNetwork_files/icon_valueproperty_334998663.svg" name="flowCapacity" refid="_18_5_1_412017e_1513193951434_557777_38012"/><valueproperty classType="Property" humanType="Value Property" icon="CommodityFlowNetwork_files/icon_valueproperty_334998663.svg" name="flowFixedCost" refid="_18_5_1_412017e_1513193951434_150749_38014"/><referenceproperty classType="Property" humanType="Reference Property" icon="CommodityFlowNetwork_files/icon_referenceproperty_879942551.svg" name="flowType" refid="_18_5_1_412017e_1513193951432_903472_38009"/><valueproperty classType="Property" humanType="Value Property" icon="CommodityFlowNetwork_files/icon_valueproperty_334998663.svg" name="flowUnitCost" refid="_18_5_1_412017e_1513193951435_227961_38015"/><valueproperty classType="Property" humanType="Value Property" icon="CommodityFlowNetwork_files/icon_valueproperty_334998663.svg" name="grossCapacity" refid="_18_5_1_412017e_1513193951434_287661_38013"/></ownedMember><owner classType="Model" humanName="Owner" humanType="Model" icon="CommodityFlowNetwork_files/icon_model_62531940.svg" mode="s,e" name="CommodityFlowNetwork" refid="_18_4_1_412017e_1480428197145_536891_21458"/><owningPackage classType="Model" humanName="Owning Package" humanType="Model" icon="CommodityFlowNetwork_files/icon_model_62531940.svg" name="CommodityFlowNetwork" refid="_18_4_1_412017e_1480428197145_536891_21458"/><package classType="Model" humanName="Package" humanType="Model" icon="CommodityFlowNetwork_files/icon_model_62531940.svg" name="CommodityFlowNetwork" refid="_18_4_1_412017e_1480428197145_536891_21458"/><qualifiedName humanName="Qualified Name" mode="e">CommodityFlowNetwork::FlowNetworkElement</qualifiedName><role humanName="Role"><valueproperty classType="Property" humanType="Value Property" icon="CommodityFlowNetwork_files/icon_valueproperty_334998663.svg" name="flowAmount" refid="_18_5_1_412017e_1513193951433_205060_38011"/><valueproperty classType="Property" humanType="Value Property" icon="CommodityFlowNetwork_files/icon_valueproperty_334998663.svg" name="flowCapacity" refid="_18_5_1_412017e_1513193951434_557777_38012"/><valueproperty classType="Property" humanType="Value Property" icon="CommodityFlowNetwork_files/icon_valueproperty_334998663.svg" name="flowFixedCost" refid="_18_5_1_412017e_1513193951434_150749_38014"/><referenceproperty classType="Property" humanType="Reference Property" icon="CommodityFlowNetwork_files/icon_referenceproperty_879942551.svg" name="flowType" refid="_18_5_1_412017e_1513193951432_903472_38009"/><valueproperty classType="Property" humanType="Value Property" icon="CommodityFlowNetwork_files/icon_valueproperty_334998663.svg" name="flowUnitCost" refid="_18_5_1_412017e_1513193951435_227961_38015"/><valueproperty classType="Property" humanType="Value Property" icon="CommodityFlowNetwork_files/icon_valueproperty_334998663.svg" name="grossCapacity" refid="_18_5_1_412017e_1513193951434_287661_38013"/></role><specificClassifier humanName="Specific Classifier"><block classType="Class" humanType="Block" icon="CommodityFlowNetwork_files/icon_block_517352490.svg" name="FlowNetwork" refid="_18_4_1_412017e_1480430023770_307416_22716"/><block classType="AssociationClass" humanType="Block" icon="CommodityFlowNetwork_files/icon_block_517352490.svg" isRelationship="true" name="FlowNetworkLink" refid="_18_5_1_412017e_1513191054925_696549_37680"/></specificClassifier><superClass humanName="Super Class"><block classType="Class" humanType="Block" icon="CommodityFlowNetwork_files/icon_block_517352490.svg" name="NetworkElement" refid="_18_5_1_412017e_1570105871470_979385_22666"/></superClass><TO_DO humanName="To Do"/><visibility humanName="Visibility">public</visibility><appearsIn><diagram classType="Diagram" humanType="Diagram" icon="CommodityFlowNetwork_files/icon_SysML Block Definition Diagram_1080813915.svg" name="CommodityFlowNetworkOverview" refid="_18_5_1_412017e_1563536593786_365035_22477"/><diagram classType="Diagram" humanType="Diagram" icon="CommodityFlowNetwork_files/icon_SysML Block Definition Diagram_1080813915.svg" name="FlowNetwork" refid="_18_4_1_412017e_1480430006088_181173_22517"/></appearsIn></block></magicdraw>