<?xml version="1.0" encoding="UTF-8"?><magicdraw><block classType="AssociationClass" humanType="Block" icon="CommodityFlowNetwork_files/icon_block_517352490.svg" id="_18_5_1_412017e_1513191054925_696549_37680"><allGeneralClassifiers humanName="All General Classifiers"><block classType="Class" humanType="Block" icon="CommodityFlowNetwork_files/icon_block_517352490.svg" name="FlowNetworkElement" refid="_18_5_1_412017e_1569950967170_559775_21717"/><block classType="Class" humanType="Block" icon="CommodityFlowNetwork_files/icon_block_517352490.svg" name="IdentifiableElement" refid="_18_5_1_412017e_1550599419049_374663_31602"/><block classType="Class" humanType="Block" icon="CommodityFlowNetwork_files/icon_block_517352490.svg" name="NetworkElement" refid="_18_5_1_412017e_1570105871470_979385_22666"/><block classType="AssociationClass" humanType="Block" icon="CommodityFlowNetwork_files/icon_block_517352490.svg" isRelationship="true" name="NetworkLink" refid="_18_5_1_412017e_1513190186908_384793_36951"/></allGeneralClassifiers><APPLIED_STEREOTYPES humanName="Applied Stereotype" mode="s,e"><stereotype classType="Stereotype" humanType="Stereotype" icon="CommodityFlowNetwork_files/icon_stereotype_517352490.svg" name="Block" refid="_11_5EAPbeta_be00301_1147424179914_458922_958"/></APPLIED_STEREOTYPES><appliedStereotype humanName="Applied Stereotype" mode="s,e"><stereotype classType="Stereotype" humanType="Stereotype" icon="CommodityFlowNetwork_files/icon_stereotype_517352490.svg" name="Block" refid="_11_5EAPbeta_be00301_1147424179914_458922_958"><property classType="Property" humanName="Base_ Class" humanType="Property" icon="CommodityFlowNetwork_files/icon_property_1353393023.svg" name="base_Class" refid="_11_5EAPbeta_be00301_1147424181797_326831_961"/><property classType="Property" humanName="Is Encapsulated" humanType="Property" icon="CommodityFlowNetwork_files/icon_property_1353393023.svg" name="isEncapsulated" refid="_11_5EAPbeta_be00301_1147424201876_860708_1049"/></stereotype></appliedStereotype><appliedStereotypeInstance classType="InstanceSpecification" humanName="Applied Stereotype Instance" humanType="Instance Specification" icon="CommodityFlowNetwork_files/icon_instancespecification_13643661.svg" name=" : SysML::Blocks::Block" refid="_18_5_1_412017e_1513191054931_334336_37687"/><attribute humanName="Attribute"><participantproperty classType="Property" humanType="Participant Property" icon="CommodityFlowNetwork_files/icon_participantproperty_1617153476.svg" name="linkSource" refid="_18_5_1_412017e_1513191055050_278755_37738"/><participantproperty classType="Property" humanType="Participant Property" icon="CommodityFlowNetwork_files/icon_participantproperty_1617153476.svg" name="linkTarget" refid="_18_5_1_412017e_1513191055056_382993_37742"/><property classType="Property" humanType="Property" icon="CommodityFlowNetwork_files/icon_property_1353393023.svg" name="parentFlowNetwork" refid="_18_5_1_412017e_1513191078481_355001_37792"/></attribute><derivedExplanation humanName="Derived Explanation"/><documentation humanName="Documentation"/><effectiveIRI humanName="Effective IRI"/><endType humanName="End Type"><block classType="Class" humanType="Block" icon="CommodityFlowNetwork_files/icon_block_517352490.svg" name="FlowNetwork" refid="_18_4_1_412017e_1480430023770_307416_22716"/></endType><feature humanName="Feature"><participantproperty classType="Property" humanType="Participant Property" icon="CommodityFlowNetwork_files/icon_participantproperty_1617153476.svg" name="linkSource" refid="_18_5_1_412017e_1513191055050_278755_37738"/><participantproperty classType="Property" humanType="Participant Property" icon="CommodityFlowNetwork_files/icon_participantproperty_1617153476.svg" name="linkTarget" refid="_18_5_1_412017e_1513191055056_382993_37742"/><property classType="Property" humanType="Property" icon="CommodityFlowNetwork_files/icon_property_1353393023.svg" name="parentFlowNetwork" refid="_18_5_1_412017e_1513191078481_355001_37792"/></feature><general humanName="General"><block classType="Class" humanType="Block" icon="CommodityFlowNetwork_files/icon_block_517352490.svg" name="FlowNetworkElement" refid="_18_5_1_412017e_1569950967170_559775_21717"/><block classType="AssociationClass" humanType="Block" icon="CommodityFlowNetwork_files/icon_block_517352490.svg" isRelationship="true" name="NetworkLink" refid="_18_5_1_412017e_1513190186908_384793_36951"/></general><generalization humanName="Generalization"><generalization classType="Generalization" humanType="Generalization" icon="CommodityFlowNetwork_files/icon_generalization_1702478809.svg" isRelationship="true" refid="_18_5_1_412017e_1513191068793_329266_37785"/><generalization classType="Generalization" humanType="Generalization" icon="CommodityFlowNetwork_files/icon_generalization_1702478809.svg" isRelationship="true" refid="_18_5_1_412017e_1569951121409_567866_21766"/></generalization><inheritedMember humanName="Inherited Member"><valueproperty classType="Property" humanType="Value Property" icon="CommodityFlowNetwork_files/icon_valueproperty_334998663.svg" name="flowAmount" refid="_18_5_1_412017e_1513193951433_205060_38011"/><valueproperty classType="Property" humanType="Value Property" icon="CommodityFlowNetwork_files/icon_valueproperty_334998663.svg" name="flowCapacity" refid="_18_5_1_412017e_1513193951434_557777_38012"/><valueproperty classType="Property" humanType="Value Property" icon="CommodityFlowNetwork_files/icon_valueproperty_334998663.svg" name="flowFixedCost" refid="_18_5_1_412017e_1513193951434_150749_38014"/><referenceproperty classType="Property" humanType="Reference Property" icon="CommodityFlowNetwork_files/icon_referenceproperty_879942551.svg" name="flowType" refid="_18_5_1_412017e_1513193951432_903472_38009"/><valueproperty classType="Property" humanType="Value Property" icon="CommodityFlowNetwork_files/icon_valueproperty_334998663.svg" name="flowUnitCost" refid="_18_5_1_412017e_1513193951435_227961_38015"/><valueproperty classType="Property" humanType="Value Property" icon="CommodityFlowNetwork_files/icon_valueproperty_334998663.svg" name="grossCapacity" refid="_18_5_1_412017e_1513193951434_287661_38013"/><valueproperty classType="Property" humanType="Value Property" icon="CommodityFlowNetwork_files/icon_valueproperty_334998663.svg" name="instanceID" refid="_18_5_1_412017e_1550599541005_792237_31606"/><valueproperty classType="Property" humanType="Value Property" icon="CommodityFlowNetwork_files/icon_valueproperty_334998663.svg" name="label" refid="_18_4_1_412017e_1480428452786_373509_22094"/><participantproperty classType="Property" humanType="Participant Property" icon="CommodityFlowNetwork_files/icon_participantproperty_1617153476.svg" name="linkEnd1" refid="_18_5_1_412017e_1513190186994_240653_37009"/><participantproperty classType="Property" humanType="Participant Property" icon="CommodityFlowNetwork_files/icon_participantproperty_1617153476.svg" name="linkEnd2" refid="_18_5_1_412017e_1513190186999_654848_37013"/><valueproperty classType="Property" humanType="Value Property" icon="CommodityFlowNetwork_files/icon_valueproperty_334998663.svg" name="measure" refid="_18_4_1_412017e_1490186121808_887895_33128"/><property classType="Property" humanType="Property" icon="CommodityFlowNetwork_files/icon_property_1353393023.svg" name="parentNetwork" refid="_18_5_1_412017e_1513190219530_486496_37061"/><valueproperty classType="Property" humanType="Value Property" icon="CommodityFlowNetwork_files/icon_valueproperty_334998663.svg" name="typeID" refid="_18_5_1_412017e_1550599573275_888863_31610"/><valueproperty classType="Property" humanType="Value Property" icon="CommodityFlowNetwork_files/icon_valueproperty_334998663.svg" name="weight" refid="_18_4_1_412017e_1480428506088_723337_22098"/></inheritedMember><isAbstract humanName="Is Abstract">false</isAbstract><isActive humanName="Is Active" mode="e">false</isActive><isDerived humanName="Is Derived">false</isDerived><isFinalSpecialization humanName="Is Final Specialization">false</isFinalSpecialization><isLeaf humanName="Is Leaf">false</isLeaf><member humanName="Member"><valueproperty classType="Property" humanType="Value Property" icon="CommodityFlowNetwork_files/icon_valueproperty_334998663.svg" name="flowAmount" refid="_18_5_1_412017e_1513193951433_205060_38011"/><valueproperty classType="Property" humanType="Value Property" icon="CommodityFlowNetwork_files/icon_valueproperty_334998663.svg" name="flowCapacity" refid="_18_5_1_412017e_1513193951434_557777_38012"/><valueproperty classType="Property" humanType="Value Property" icon="CommodityFlowNetwork_files/icon_valueproperty_334998663.svg" name="flowFixedCost" refid="_18_5_1_412017e_1513193951434_150749_38014"/><referenceproperty classType="Property" humanType="Reference Property" icon="CommodityFlowNetwork_files/icon_referenceproperty_879942551.svg" name="flowType" refid="_18_5_1_412017e_1513193951432_903472_38009"/><valueproperty classType="Property" humanType="Value Property" icon="CommodityFlowNetwork_files/icon_valueproperty_334998663.svg" name="flowUnitCost" refid="_18_5_1_412017e_1513193951435_227961_38015"/><valueproperty classType="Property" humanType="Value Property" icon="CommodityFlowNetwork_files/icon_valueproperty_334998663.svg" name="grossCapacity" refid="_18_5_1_412017e_1513193951434_287661_38013"/><valueproperty classType="Property" humanType="Value Property" icon="CommodityFlowNetwork_files/icon_valueproperty_334998663.svg" name="instanceID" refid="_18_5_1_412017e_1550599541005_792237_31606"/><valueproperty classType="Property" humanType="Value Property" icon="CommodityFlowNetwork_files/icon_valueproperty_334998663.svg" name="label" refid="_18_4_1_412017e_1480428452786_373509_22094"/><participantproperty classType="Property" humanType="Participant Property" icon="CommodityFlowNetwork_files/icon_participantproperty_1617153476.svg" name="linkEnd1" refid="_18_5_1_412017e_1513190186994_240653_37009"/><participantproperty classType="Property" humanType="Participant Property" icon="CommodityFlowNetwork_files/icon_participantproperty_1617153476.svg" name="linkEnd2" refid="_18_5_1_412017e_1513190186999_654848_37013"/><participantproperty classType="Property" humanType="Participant Property" icon="CommodityFlowNetwork_files/icon_participantproperty_1617153476.svg" name="linkSource" refid="_18_5_1_412017e_1513191055050_278755_37738"/><participantproperty classType="Property" humanType="Participant Property" icon="CommodityFlowNetwork_files/icon_participantproperty_1617153476.svg" name="linkTarget" refid="_18_5_1_412017e_1513191055056_382993_37742"/><valueproperty classType="Property" humanType="Value Property" icon="CommodityFlowNetwork_files/icon_valueproperty_334998663.svg" name="measure" refid="_18_4_1_412017e_1490186121808_887895_33128"/><property classType="Property" humanType="Property" icon="CommodityFlowNetwork_files/icon_property_1353393023.svg" name="parentFlowNetwork" refid="_18_5_1_412017e_1513191078481_355001_37792"/><property classType="Property" humanType="Property" icon="CommodityFlowNetwork_files/icon_property_1353393023.svg" name="parentNetwork" refid="_18_5_1_412017e_1513190219530_486496_37061"/><referenceproperty classType="Property" humanType="Reference Property" icon="CommodityFlowNetwork_files/icon_referenceproperty_879942551.svg" name="sourceFlowNetwork" refid="_18_5_1_412017e_1513191054925_531915_37681"/><referenceproperty classType="Property" humanType="Reference Property" icon="CommodityFlowNetwork_files/icon_referenceproperty_879942551.svg" name="targetFlowNetwork" refid="_18_5_1_412017e_1513191054926_725262_37682"/><valueproperty classType="Property" humanType="Value Property" icon="CommodityFlowNetwork_files/icon_valueproperty_334998663.svg" name="typeID" refid="_18_5_1_412017e_1550599573275_888863_31610"/><valueproperty classType="Property" humanType="Value Property" icon="CommodityFlowNetwork_files/icon_valueproperty_334998663.svg" name="weight" refid="_18_4_1_412017e_1480428506088_723337_22098"/></member><memberEnd humanName="Member End"><referenceproperty classType="Property" humanType="Reference Property" icon="CommodityFlowNetwork_files/icon_referenceproperty_879942551.svg" name="sourceFlowNetwork" refid="_18_5_1_412017e_1513191054925_531915_37681"/><referenceproperty classType="Property" humanType="Reference Property" icon="CommodityFlowNetwork_files/icon_referenceproperty_879942551.svg" name="targetFlowNetwork" refid="_18_5_1_412017e_1513191054926_725262_37682"/></memberEnd><name humanName="Name" mode="s,e">FlowNetworkLink</name><namespace classType="Model" humanName="Namespace" humanType="Model" icon="CommodityFlowNetwork_files/icon_model_62531940.svg" name="CommodityFlowNetwork" refid="_18_4_1_412017e_1480428197145_536891_21458"/><ownedAttribute humanName="Owned Attribute"><participantproperty classType="Property" humanType="Participant Property" icon="CommodityFlowNetwork_files/icon_participantproperty_1617153476.svg" name="linkSource" refid="_18_5_1_412017e_1513191055050_278755_37738"/><participantproperty classType="Property" humanType="Participant Property" icon="CommodityFlowNetwork_files/icon_participantproperty_1617153476.svg" name="linkTarget" refid="_18_5_1_412017e_1513191055056_382993_37742"/><property classType="Property" humanType="Property" icon="CommodityFlowNetwork_files/icon_property_1353393023.svg" name="parentFlowNetwork" refid="_18_5_1_412017e_1513191078481_355001_37792"/></ownedAttribute><ownedElement humanName="Owned Element"><generalization classType="Generalization" humanType="Generalization" icon="CommodityFlowNetwork_files/icon_generalization_1702478809.svg" isRelationship="true" refid="_18_5_1_412017e_1513191068793_329266_37785"/><generalization classType="Generalization" humanType="Generalization" icon="CommodityFlowNetwork_files/icon_generalization_1702478809.svg" isRelationship="true" refid="_18_5_1_412017e_1569951121409_567866_21766"/><instancespecification classType="InstanceSpecification" humanType="Instance Specification" icon="CommodityFlowNetwork_files/icon_instancespecification_13643661.svg" name=" : SysML::Blocks::Block" refid="_18_5_1_412017e_1513191054931_334336_37687"/><participantproperty classType="Property" humanType="Participant Property" icon="CommodityFlowNetwork_files/icon_participantproperty_1617153476.svg" name="linkSource" refid="_18_5_1_412017e_1513191055050_278755_37738"/><participantproperty classType="Property" humanType="Participant Property" icon="CommodityFlowNetwork_files/icon_participantproperty_1617153476.svg" name="linkTarget" refid="_18_5_1_412017e_1513191055056_382993_37742"/><property classType="Property" humanType="Property" icon="CommodityFlowNetwork_files/icon_property_1353393023.svg" name="parentFlowNetwork" refid="_18_5_1_412017e_1513191078481_355001_37792"/></ownedElement><ownedMember humanName="Owned Member"><participantproperty classType="Property" humanType="Participant Property" icon="CommodityFlowNetwork_files/icon_participantproperty_1617153476.svg" name="linkSource" refid="_18_5_1_412017e_1513191055050_278755_37738"/><participantproperty classType="Property" humanType="Participant Property" icon="CommodityFlowNetwork_files/icon_participantproperty_1617153476.svg" name="linkTarget" refid="_18_5_1_412017e_1513191055056_382993_37742"/><property classType="Property" humanType="Property" icon="CommodityFlowNetwork_files/icon_property_1353393023.svg" name="parentFlowNetwork" refid="_18_5_1_412017e_1513191078481_355001_37792"/></ownedMember><owner classType="Model" humanName="Owner" humanType="Model" icon="CommodityFlowNetwork_files/icon_model_62531940.svg" mode="s,e" name="CommodityFlowNetwork" refid="_18_4_1_412017e_1480428197145_536891_21458"/><owningPackage classType="Model" humanName="Owning Package" humanType="Model" icon="CommodityFlowNetwork_files/icon_model_62531940.svg" name="CommodityFlowNetwork" refid="_18_4_1_412017e_1480428197145_536891_21458"/><package classType="Model" humanName="Package" humanType="Model" icon="CommodityFlowNetwork_files/icon_model_62531940.svg" name="CommodityFlowNetwork" refid="_18_4_1_412017e_1480428197145_536891_21458"/><qualifiedName humanName="Qualified Name" mode="e">CommodityFlowNetwork::FlowNetworkLink</qualifiedName><relatedElement humanName="Related Element"><block classType="Class" humanType="Block" icon="CommodityFlowNetwork_files/icon_block_517352490.svg" name="FlowNetwork" refid="_18_4_1_412017e_1480430023770_307416_22716"/></relatedElement><role humanName="Role"><participantproperty classType="Property" humanType="Participant Property" icon="CommodityFlowNetwork_files/icon_participantproperty_1617153476.svg" name="linkSource" refid="_18_5_1_412017e_1513191055050_278755_37738"/><participantproperty classType="Property" humanType="Participant Property" icon="CommodityFlowNetwork_files/icon_participantproperty_1617153476.svg" name="linkTarget" refid="_18_5_1_412017e_1513191055056_382993_37742"/><property classType="Property" humanType="Property" icon="CommodityFlowNetwork_files/icon_property_1353393023.svg" name="parentFlowNetwork" refid="_18_5_1_412017e_1513191078481_355001_37792"/></role><superClass humanName="Super Class"><block classType="Class" humanType="Block" icon="CommodityFlowNetwork_files/icon_block_517352490.svg" name="FlowNetworkElement" refid="_18_5_1_412017e_1569950967170_559775_21717"/><block classType="AssociationClass" humanType="Block" icon="CommodityFlowNetwork_files/icon_block_517352490.svg" isRelationship="true" name="NetworkLink" refid="_18_5_1_412017e_1513190186908_384793_36951"/></superClass><TO_DO humanName="To Do" mode="s,e"/><usedAsType humanName="Used As Type"><partproperty classType="Property" humanType="Part Property" icon="CommodityFlowNetwork_files/icon_partproperty_1290691395.svg" name="flowEdge" refid="_18_5_1_412017e_1513191078480_901416_37791"/></usedAsType><visibility humanName="Visibility">public</visibility><appearsIn><diagram classType="Diagram" humanType="Diagram" icon="CommodityFlowNetwork_files/icon_SysML Block Definition Diagram_1080813915.svg" name="CommodityFlowNetworkOverview" refid="_18_5_1_412017e_1563536593786_365035_22477"/><diagram classType="Diagram" humanType="Diagram" icon="CommodityFlowNetwork_files/icon_SysML Block Definition Diagram_1080813915.svg" name="FlowNetwork" refid="_18_4_1_412017e_1480430006088_181173_22517"/><diagram classType="Diagram" humanType="Diagram" icon="CommodityFlowNetwork_files/icon_SysML Block Definition Diagram_1080813915.svg" name="FlowNetwork_w/Notes" refid="_18_5_1_412017e_1521810279781_348461_35190"/></appearsIn></block></magicdraw>