<?xml version="1.0" encoding="UTF-8"?><magicdraw><packageimport classType="PackageImport" humanType="Package Import" icon="CommodityFlowNetwork_files/icon_packageimport_1878454236.svg" id="_18_5_1_412017e_1536329806564_766887_77338"><documentation humanName="Documentation"/><importedPackage classType="Package" humanName="Imported Package" humanType="Package" icon="CommodityFlowNetwork_files/icon_package_933211651.svg" mode="s,e" name="PrimitiveValueTypes" refid="_17_0_2_136f03d9_1344498413266_378771_11852"/><importingNamespace classType="Model" humanName="Importing Namespace" humanType="Model" icon="CommodityFlowNetwork_files/icon_model_1095186369.svg" mode="s,e" name="CommodityFlowNetwork" refid="_18_4_1_412017e_1480428197145_536891_21458"/><owner classType="Model" humanName="Owner" humanType="Model" icon="CommodityFlowNetwork_files/icon_model_1095186369.svg" mode="s,e" name="CommodityFlowNetwork" refid="_18_4_1_412017e_1480428197145_536891_21458"/><relatedElement humanName="Related Element"><model classType="Model" humanType="Model" icon="CommodityFlowNetwork_files/icon_model_1095186369.svg" name="CommodityFlowNetwork" refid="_18_4_1_412017e_1480428197145_536891_21458"/><package classType="Package" humanType="Package" icon="CommodityFlowNetwork_files/icon_package_933211651.svg" name="PrimitiveValueTypes" refid="_17_0_2_136f03d9_1344498413266_378771_11852"/></relatedElement><source humanName="Source"><model classType="Model" humanType="Model" icon="CommodityFlowNetwork_files/icon_model_1095186369.svg" name="CommodityFlowNetwork" refid="_18_4_1_412017e_1480428197145_536891_21458"/></source><target humanName="Target"><package classType="Package" humanType="Package" icon="CommodityFlowNetwork_files/icon_package_933211651.svg" name="PrimitiveValueTypes" refid="_17_0_2_136f03d9_1344498413266_378771_11852"/></target><TO_DO humanName="To Do" mode="s,e"/><visibility humanName="Visibility" mode="s,e">public</visibility></packageimport></magicdraw>