<?xml version="1.0" encoding="UTF-8"?><magicdraw><literalunlimitednatural classType="LiteralUnlimitedNatural" humanType="Literal Unlimited Natural" icon="CommodityFlowNetwork_files/icon_literalunlimitednatural_580911462.svg" id="_18_5_1_412017e_1570556303292_979177_24014"><documentation humanName="Documentation"/><name humanName="Name"/><owner classType="Property" humanName="Owner" humanType="Value Property" icon="CommodityFlowNetwork_files/icon_valueproperty_334998663.svg" mode="e" name="typeID" refid="_18_5_1_412017e_1570556303289_36837_24013"/><owningUpper classType="Property" humanName="Owning Upper" humanType="Value Property" icon="CommodityFlowNetwork_files/icon_valueproperty_334998663.svg" name="typeID" refid="_18_5_1_412017e_1570556303289_36837_24013"/><qualifiedName humanName="Qualified Name">CommodityFlowNetwork::Commodity::typeID::</qualifiedName><text humanName="Text" mode="standard">1</text><TO_DO humanName="To Do"/><TYPE_MODIFIER humanName="Type Modifier"/><value humanName="Value" mode="s,e">1</value><visibility humanName="Visibility">public</visibility></literalunlimitednatural></magicdraw>