<?xml version="1.0" encoding="UTF-8"?><magicdraw><literalunlimitednatural classType="LiteralUnlimitedNatural" humanType="Literal Unlimited Natural" icon="CommodityFlowNetwork_files/icon_literalunlimitednatural_580911462.svg" id="_18_5_1_412017e_1571745812538_629119_21883"><documentation humanName="Documentation"/><name humanName="Name"/><owner classType="Property" humanName="Owner" humanType="Property" icon="CommodityFlowNetwork_files/icon_property_1353393023.svg" mode="e" name="parentNetwork" refid="_18_5_1_412017e_1513190219530_486496_37061"/><owningUpper classType="Property" humanName="Owning Upper" humanType="Property" icon="CommodityFlowNetwork_files/icon_property_1353393023.svg" name="parentNetwork" refid="_18_5_1_412017e_1513190219530_486496_37061"/><qualifiedName humanName="Qualified Name">CommodityFlowNetwork::NetworkLink::parentNetwork::</qualifiedName><text humanName="Text" mode="standard">1</text><TO_DO humanName="To Do"/><TYPE_MODIFIER humanName="Type Modifier"/><value humanName="Value" mode="s,e">1</value><visibility humanName="Visibility">public</visibility></literalunlimitednatural></magicdraw>