<?xml version="1.0" encoding="UTF-8"?><magicdraw><block classType="Class" humanType="Block" icon="CommodityFlowNetwork_files/icon_block_517352490.svg" id="_18_4_1_412017e_1480428292021_38215_21493"><allGeneralClassifiers humanName="All General Classifiers"><block classType="Class" humanType="Block" icon="CommodityFlowNetwork_files/icon_block_517352490.svg" name="IdentifiableElement" refid="_18_5_1_412017e_1550599419049_374663_31602"/><block classType="Class" humanType="Block" icon="CommodityFlowNetwork_files/icon_block_517352490.svg" name="NetworkElement" refid="_18_5_1_412017e_1570105871470_979385_22666"/></allGeneralClassifiers><allSpecificClassifiers humanName="All Specific Classifiers"><block classType="Class" humanType="Block" icon="CommodityFlowNetwork_files/icon_block_517352490.svg" name="FlowNetwork" refid="_18_4_1_412017e_1480430023770_307416_22716"/><activity classType="Activity" humanType="Activity" icon="CommodityFlowNetwork_files/icon_activity_1996581403.svg" name="ProcessNetwork" refid="_18_4_1_412017e_1490794010074_822948_28228"/></allSpecificClassifiers><APPLIED_STEREOTYPES humanName="Applied Stereotype" mode="e"><stereotype classType="Stereotype" humanType="Stereotype" icon="CommodityFlowNetwork_files/icon_stereotype_517352490.svg" name="Block" refid="_11_5EAPbeta_be00301_1147424179914_458922_958"/><stereotype classType="Stereotype" humanType="Stereotype" icon="CommodityFlowNetwork_files/icon_stereotype_918307166.svg" name="HyperlinkOwner" refid="_9_0_be00301_1108044563999_784946_1"/></APPLIED_STEREOTYPES><appliedStereotype humanName="Applied Stereotype" mode="e"><stereotype classType="Stereotype" humanType="Stereotype" icon="CommodityFlowNetwork_files/icon_stereotype_517352490.svg" name="Block" refid="_11_5EAPbeta_be00301_1147424179914_458922_958"><property classType="Property" humanName="Base_ Class" humanType="Property" icon="CommodityFlowNetwork_files/icon_property_1353393023.svg" name="base_Class" refid="_11_5EAPbeta_be00301_1147424181797_326831_961"/><property classType="Property" humanName="Is Encapsulated" humanType="Property" icon="CommodityFlowNetwork_files/icon_property_1353393023.svg" name="isEncapsulated" refid="_11_5EAPbeta_be00301_1147424201876_860708_1049"/></stereotype><stereotype classType="Stereotype" humanType="Stereotype" icon="CommodityFlowNetwork_files/icon_stereotype_918307166.svg" name="HyperlinkOwner" refid="_9_0_be00301_1108044563999_784946_1"><property classType="Property" humanType="Property" icon="CommodityFlowNetwork_files/icon_property_1353393023.svg" name="base_Element" refid="_10_0EAPbeta_be00301_1123081772098_411862_275"/><property classType="Property" humanType="Property" icon="CommodityFlowNetwork_files/icon_property_1353393023.svg" name="base_Element" refid="_10_0EAPbeta_be00301_1123081772148_910751_285"/><property classType="Property" humanName="Element/Symbol" humanType="Property" icon="CommodityFlowNetwork_files/icon_property_1353393023.svg" name="hyperlinkModel" refid="_622020d_1063089736320_890266_3"/><property classType="Property" humanName="Active Hyperlink" humanType="Property" icon="CommodityFlowNetwork_files/icon_property_1353393023.svg" name="hyperlinkModelActive" refid="_622020d_1063089736320_73815_4"/><property classType="Property" humanName="File/WEB_PAGE" humanType="Property" icon="CommodityFlowNetwork_files/icon_property_1353393023.svg" name="hyperlinkText" refid="_622020d_1063089736310_884303_1"/><property classType="Property" humanName="Active Hyperlink" humanType="Property" icon="CommodityFlowNetwork_files/icon_property_1353393023.svg" name="hyperlinkTextActive" refid="_622020d_1063089736310_68488_2"><String>open://specification</String></property></stereotype></appliedStereotype><appliedStereotypeInstance classType="InstanceSpecification" humanName="Applied Stereotype Instance" humanType="Instance Specification" icon="CommodityFlowNetwork_files/icon_instancespecification_13643661.svg" name=" : SysML::Blocks::Block, UML Standard Profile::MagicDraw Profile::HyperlinkOwner" refid="_18_4_1_412017e_1486491467563_471197_23306"/><attribute humanName="Attribute"><valueproperty classType="Property" humanType="Value Property" icon="CommodityFlowNetwork_files/icon_valueproperty_334998663.svg" name="cost" refid="_18_5_1_412017e_1533905277155_825979_70908"/><adjunctproperty classType="Property" humanType="Adjunct Property" icon="CommodityFlowNetwork_files/icon_adjunctproperty_692255053.svg" name="edge" refid="_18_5_1_412017e_1513190219530_869897_37060"/><referenceproperty classType="Property" humanType="Reference Property" icon="CommodityFlowNetwork_files/icon_referenceproperty_879942551.svg" name="endNetwork1" refid="_18_5_1_412017e_1513190186908_510822_36952"/><referenceproperty classType="Property" humanType="Reference Property" icon="CommodityFlowNetwork_files/icon_referenceproperty_879942551.svg" name="endNetwork2" refid="_18_5_1_412017e_1513190186908_343394_36953"/><partproperty classType="Property" humanType="Part Property" icon="CommodityFlowNetwork_files/icon_partproperty_1290691395.svg" name="node" refid="_18_5_1_412017e_1513189146779_978407_36026"/><referenceproperty classType="Property" humanType="Reference Property" icon="CommodityFlowNetwork_files/icon_referenceproperty_879942551.svg" name="parentNetwork" refid="_18_5_1_412017e_1513189146779_560277_36027"/></attribute><derivedExplanation humanName="Derived Explanation"/><documentation humanName="Documentation"/><effectiveIRI humanName="Effective IRI"/><feature humanName="Feature"><valueproperty classType="Property" humanType="Value Property" icon="CommodityFlowNetwork_files/icon_valueproperty_334998663.svg" name="cost" refid="_18_5_1_412017e_1533905277155_825979_70908"/><adjunctproperty classType="Property" humanType="Adjunct Property" icon="CommodityFlowNetwork_files/icon_adjunctproperty_692255053.svg" name="edge" refid="_18_5_1_412017e_1513190219530_869897_37060"/><connector classType="Connector" humanType="Connector" icon="CommodityFlowNetwork_files/icon_connector_1226298219.svg" isRelationship="true" name="edge" refid="_18_5_1_412017e_1513264357871_360474_39528"/><referenceproperty classType="Property" humanType="Reference Property" icon="CommodityFlowNetwork_files/icon_referenceproperty_879942551.svg" name="endNetwork1" refid="_18_5_1_412017e_1513190186908_510822_36952"/><referenceproperty classType="Property" humanType="Reference Property" icon="CommodityFlowNetwork_files/icon_referenceproperty_879942551.svg" name="endNetwork2" refid="_18_5_1_412017e_1513190186908_343394_36953"/><partproperty classType="Property" humanType="Part Property" icon="CommodityFlowNetwork_files/icon_partproperty_1290691395.svg" name="node" refid="_18_5_1_412017e_1513189146779_978407_36026"/><referenceproperty classType="Property" humanType="Reference Property" icon="CommodityFlowNetwork_files/icon_referenceproperty_879942551.svg" name="parentNetwork" refid="_18_5_1_412017e_1513189146779_560277_36027"/></feature><general humanName="General"><block classType="Class" humanType="Block" icon="CommodityFlowNetwork_files/icon_block_517352490.svg" name="NetworkElement" refid="_18_5_1_412017e_1570105871470_979385_22666"/></general><generalization humanName="Generalization"><generalization classType="Generalization" humanType="Generalization" icon="CommodityFlowNetwork_files/icon_generalization_1702478809.svg" isRelationship="true" refid="_18_5_1_412017e_1570105911189_624838_22669"/></generalization><inheritedMember humanName="Inherited Member"><valueproperty classType="Property" humanType="Value Property" icon="CommodityFlowNetwork_files/icon_valueproperty_334998663.svg" name="instanceID" refid="_18_5_1_412017e_1550599541005_792237_31606"/><valueproperty classType="Property" humanType="Value Property" icon="CommodityFlowNetwork_files/icon_valueproperty_334998663.svg" name="label" refid="_18_4_1_412017e_1480428452786_373509_22094"/><valueproperty classType="Property" humanType="Value Property" icon="CommodityFlowNetwork_files/icon_valueproperty_334998663.svg" name="measure" refid="_18_4_1_412017e_1490186121808_887895_33128"/><valueproperty classType="Property" humanType="Value Property" icon="CommodityFlowNetwork_files/icon_valueproperty_334998663.svg" name="typeID" refid="_18_5_1_412017e_1550599573275_888863_31610"/></inheritedMember><isAbstract humanName="Is Abstract">false</isAbstract><isActive humanName="Is Active" mode="e">false</isActive><isFinalSpecialization humanName="Is Final Specialization">false</isFinalSpecialization><isLeaf humanName="Is Leaf">false</isLeaf><member humanName="Member"><valueproperty classType="Property" humanType="Value Property" icon="CommodityFlowNetwork_files/icon_valueproperty_334998663.svg" name="cost" refid="_18_5_1_412017e_1533905277155_825979_70908"/><adjunctproperty classType="Property" humanType="Adjunct Property" icon="CommodityFlowNetwork_files/icon_adjunctproperty_692255053.svg" name="edge" refid="_18_5_1_412017e_1513190219530_869897_37060"/><connector classType="Connector" humanType="Connector" icon="CommodityFlowNetwork_files/icon_connector_1226298219.svg" isRelationship="true" name="edge" refid="_18_5_1_412017e_1513264357871_360474_39528"/><referenceproperty classType="Property" humanType="Reference Property" icon="CommodityFlowNetwork_files/icon_referenceproperty_879942551.svg" name="endNetwork1" refid="_18_5_1_412017e_1513190186908_510822_36952"/><referenceproperty classType="Property" humanType="Reference Property" icon="CommodityFlowNetwork_files/icon_referenceproperty_879942551.svg" name="endNetwork2" refid="_18_5_1_412017e_1513190186908_343394_36953"/><valueproperty classType="Property" humanType="Value Property" icon="CommodityFlowNetwork_files/icon_valueproperty_334998663.svg" name="instanceID" refid="_18_5_1_412017e_1550599541005_792237_31606"/><valueproperty classType="Property" humanType="Value Property" icon="CommodityFlowNetwork_files/icon_valueproperty_334998663.svg" name="label" refid="_18_4_1_412017e_1480428452786_373509_22094"/><valueproperty classType="Property" humanType="Value Property" icon="CommodityFlowNetwork_files/icon_valueproperty_334998663.svg" name="measure" refid="_18_4_1_412017e_1490186121808_887895_33128"/><diagram classType="Diagram" humanType="Diagram" icon="CommodityFlowNetwork_files/icon_SysML Internal Block Diagram_1195506736.svg" name="Network" refid="_18_5_1_412017e_1513264180102_435102_39251"/><partproperty classType="Property" humanType="Part Property" icon="CommodityFlowNetwork_files/icon_partproperty_1290691395.svg" name="node" refid="_18_5_1_412017e_1513189146779_978407_36026"/><referenceproperty classType="Property" humanType="Reference Property" icon="CommodityFlowNetwork_files/icon_referenceproperty_879942551.svg" name="parentNetwork" refid="_18_5_1_412017e_1513189146779_560277_36027"/><valueproperty classType="Property" humanType="Value Property" icon="CommodityFlowNetwork_files/icon_valueproperty_334998663.svg" name="typeID" refid="_18_5_1_412017e_1550599573275_888863_31610"/></member><name humanName="Name" mode="s,e">Network</name><namespace classType="Model" humanName="Namespace" humanType="Model" icon="CommodityFlowNetwork_files/icon_model_62531940.svg" name="CommodityFlowNetwork" refid="_18_4_1_412017e_1480428197145_536891_21458"/><ownedAttribute humanName="Owned Attribute"><valueproperty classType="Property" humanType="Value Property" icon="CommodityFlowNetwork_files/icon_valueproperty_334998663.svg" name="cost" refid="_18_5_1_412017e_1533905277155_825979_70908"/><adjunctproperty classType="Property" humanType="Adjunct Property" icon="CommodityFlowNetwork_files/icon_adjunctproperty_692255053.svg" name="edge" refid="_18_5_1_412017e_1513190219530_869897_37060"/><referenceproperty classType="Property" humanType="Reference Property" icon="CommodityFlowNetwork_files/icon_referenceproperty_879942551.svg" name="endNetwork1" refid="_18_5_1_412017e_1513190186908_510822_36952"/><referenceproperty classType="Property" humanType="Reference Property" icon="CommodityFlowNetwork_files/icon_referenceproperty_879942551.svg" name="endNetwork2" refid="_18_5_1_412017e_1513190186908_343394_36953"/><partproperty classType="Property" humanType="Part Property" icon="CommodityFlowNetwork_files/icon_partproperty_1290691395.svg" name="node" refid="_18_5_1_412017e_1513189146779_978407_36026"/><referenceproperty classType="Property" humanType="Reference Property" icon="CommodityFlowNetwork_files/icon_referenceproperty_879942551.svg" name="parentNetwork" refid="_18_5_1_412017e_1513189146779_560277_36027"/></ownedAttribute><ownedConnector humanName="Owned Connector"><connector classType="Connector" humanType="Connector" icon="CommodityFlowNetwork_files/icon_connector_1226298219.svg" isRelationship="true" name="edge" refid="_18_5_1_412017e_1513264357871_360474_39528"/></ownedConnector><ownedDiagram humanName="Owned Diagram"><diagram classType="Diagram" humanType="Diagram" icon="CommodityFlowNetwork_files/icon_SysML Internal Block Diagram_1195506736.svg" name="Network" refid="_18_5_1_412017e_1513264180102_435102_39251"/></ownedDiagram><ownedElement humanName="Owned Element"><generalization classType="Generalization" humanType="Generalization" icon="CommodityFlowNetwork_files/icon_generalization_1702478809.svg" isRelationship="true" refid="_18_5_1_412017e_1570105911189_624838_22669"/><instancespecification classType="InstanceSpecification" humanType="Instance Specification" icon="CommodityFlowNetwork_files/icon_instancespecification_13643661.svg" name=" : SysML::Blocks::Block, UML Standard Profile::MagicDraw Profile::HyperlinkOwner" refid="_18_4_1_412017e_1486491467563_471197_23306"/><valueproperty classType="Property" humanType="Value Property" icon="CommodityFlowNetwork_files/icon_valueproperty_334998663.svg" name="cost" refid="_18_5_1_412017e_1533905277155_825979_70908"/><adjunctproperty classType="Property" humanType="Adjunct Property" icon="CommodityFlowNetwork_files/icon_adjunctproperty_692255053.svg" name="edge" refid="_18_5_1_412017e_1513190219530_869897_37060"/><connector classType="Connector" humanType="Connector" icon="CommodityFlowNetwork_files/icon_connector_1226298219.svg" isRelationship="true" name="edge" refid="_18_5_1_412017e_1513264357871_360474_39528"/><referenceproperty classType="Property" humanType="Reference Property" icon="CommodityFlowNetwork_files/icon_referenceproperty_879942551.svg" name="endNetwork1" refid="_18_5_1_412017e_1513190186908_510822_36952"/><referenceproperty classType="Property" humanType="Reference Property" icon="CommodityFlowNetwork_files/icon_referenceproperty_879942551.svg" name="endNetwork2" refid="_18_5_1_412017e_1513190186908_343394_36953"/><diagram classType="Diagram" humanType="Diagram" icon="CommodityFlowNetwork_files/icon_SysML Internal Block Diagram_1195506736.svg" name="Network" refid="_18_5_1_412017e_1513264180102_435102_39251"/><partproperty classType="Property" humanType="Part Property" icon="CommodityFlowNetwork_files/icon_partproperty_1290691395.svg" name="node" refid="_18_5_1_412017e_1513189146779_978407_36026"/><referenceproperty classType="Property" humanType="Reference Property" icon="CommodityFlowNetwork_files/icon_referenceproperty_879942551.svg" name="parentNetwork" refid="_18_5_1_412017e_1513189146779_560277_36027"/></ownedElement><ownedMember humanName="Owned Member"><valueproperty classType="Property" humanType="Value Property" icon="CommodityFlowNetwork_files/icon_valueproperty_334998663.svg" name="cost" refid="_18_5_1_412017e_1533905277155_825979_70908"/><adjunctproperty classType="Property" humanType="Adjunct Property" icon="CommodityFlowNetwork_files/icon_adjunctproperty_692255053.svg" name="edge" refid="_18_5_1_412017e_1513190219530_869897_37060"/><connector classType="Connector" humanType="Connector" icon="CommodityFlowNetwork_files/icon_connector_1226298219.svg" isRelationship="true" name="edge" refid="_18_5_1_412017e_1513264357871_360474_39528"/><referenceproperty classType="Property" humanType="Reference Property" icon="CommodityFlowNetwork_files/icon_referenceproperty_879942551.svg" name="endNetwork1" refid="_18_5_1_412017e_1513190186908_510822_36952"/><referenceproperty classType="Property" humanType="Reference Property" icon="CommodityFlowNetwork_files/icon_referenceproperty_879942551.svg" name="endNetwork2" refid="_18_5_1_412017e_1513190186908_343394_36953"/><diagram classType="Diagram" humanType="Diagram" icon="CommodityFlowNetwork_files/icon_SysML Internal Block Diagram_1195506736.svg" name="Network" refid="_18_5_1_412017e_1513264180102_435102_39251"/><partproperty classType="Property" humanType="Part Property" icon="CommodityFlowNetwork_files/icon_partproperty_1290691395.svg" name="node" refid="_18_5_1_412017e_1513189146779_978407_36026"/><referenceproperty classType="Property" humanType="Reference Property" icon="CommodityFlowNetwork_files/icon_referenceproperty_879942551.svg" name="parentNetwork" refid="_18_5_1_412017e_1513189146779_560277_36027"/></ownedMember><owner classType="Model" humanName="Owner" humanType="Model" icon="CommodityFlowNetwork_files/icon_model_62531940.svg" mode="s,e" name="CommodityFlowNetwork" refid="_18_4_1_412017e_1480428197145_536891_21458"/><owningPackage classType="Model" humanName="Owning Package" humanType="Model" icon="CommodityFlowNetwork_files/icon_model_62531940.svg" name="CommodityFlowNetwork" refid="_18_4_1_412017e_1480428197145_536891_21458"/><package classType="Model" humanName="Package" humanType="Model" icon="CommodityFlowNetwork_files/icon_model_62531940.svg" name="CommodityFlowNetwork" refid="_18_4_1_412017e_1480428197145_536891_21458"/><part humanName="Part"><valueproperty classType="Property" humanType="Value Property" icon="CommodityFlowNetwork_files/icon_valueproperty_334998663.svg" name="cost" refid="_18_5_1_412017e_1533905277155_825979_70908"/><adjunctproperty classType="Property" humanType="Adjunct Property" icon="CommodityFlowNetwork_files/icon_adjunctproperty_692255053.svg" name="edge" refid="_18_5_1_412017e_1513190219530_869897_37060"/><partproperty classType="Property" humanType="Part Property" icon="CommodityFlowNetwork_files/icon_partproperty_1290691395.svg" name="node" refid="_18_5_1_412017e_1513189146779_978407_36026"/></part><qualifiedName humanName="Qualified Name" mode="e">CommodityFlowNetwork::Network</qualifiedName><role humanName="Role"><valueproperty classType="Property" humanType="Value Property" icon="CommodityFlowNetwork_files/icon_valueproperty_334998663.svg" name="cost" refid="_18_5_1_412017e_1533905277155_825979_70908"/><adjunctproperty classType="Property" humanType="Adjunct Property" icon="CommodityFlowNetwork_files/icon_adjunctproperty_692255053.svg" name="edge" refid="_18_5_1_412017e_1513190219530_869897_37060"/><referenceproperty classType="Property" humanType="Reference Property" icon="CommodityFlowNetwork_files/icon_referenceproperty_879942551.svg" name="endNetwork1" refid="_18_5_1_412017e_1513190186908_510822_36952"/><referenceproperty classType="Property" humanType="Reference Property" icon="CommodityFlowNetwork_files/icon_referenceproperty_879942551.svg" name="endNetwork2" refid="_18_5_1_412017e_1513190186908_343394_36953"/><partproperty classType="Property" humanType="Part Property" icon="CommodityFlowNetwork_files/icon_partproperty_1290691395.svg" name="node" refid="_18_5_1_412017e_1513189146779_978407_36026"/><referenceproperty classType="Property" humanType="Reference Property" icon="CommodityFlowNetwork_files/icon_referenceproperty_879942551.svg" name="parentNetwork" refid="_18_5_1_412017e_1513189146779_560277_36027"/></role><specificClassifier humanName="Specific Classifier"><block classType="Class" humanType="Block" icon="CommodityFlowNetwork_files/icon_block_517352490.svg" name="FlowNetwork" refid="_18_4_1_412017e_1480430023770_307416_22716"/></specificClassifier><superClass humanName="Super Class"><block classType="Class" humanType="Block" icon="CommodityFlowNetwork_files/icon_block_517352490.svg" name="NetworkElement" refid="_18_5_1_412017e_1570105871470_979385_22666"/></superClass><TO_DO humanName="To Do"/><usedAsType humanName="Used As Type"><referenceproperty classType="Property" humanType="Reference Property" icon="CommodityFlowNetwork_files/icon_referenceproperty_879942551.svg" name="endNetwork1" refid="_18_5_1_412017e_1513190186908_510822_36952"/><referenceproperty classType="Property" humanType="Reference Property" icon="CommodityFlowNetwork_files/icon_referenceproperty_879942551.svg" name="endNetwork2" refid="_18_5_1_412017e_1513190186908_343394_36953"/><participantproperty classType="Property" humanType="Participant Property" icon="CommodityFlowNetwork_files/icon_participantproperty_1617153476.svg" name="linkEnd1" refid="_18_5_1_412017e_1513190186994_240653_37009"/><participantproperty classType="Property" humanType="Participant Property" icon="CommodityFlowNetwork_files/icon_participantproperty_1617153476.svg" name="linkEnd2" refid="_18_5_1_412017e_1513190186999_654848_37013"/><partproperty classType="Property" humanType="Part Property" icon="CommodityFlowNetwork_files/icon_partproperty_1290691395.svg" name="node" refid="_18_5_1_412017e_1513189146779_978407_36026"/><referenceproperty classType="Property" humanType="Reference Property" icon="CommodityFlowNetwork_files/icon_referenceproperty_879942551.svg" name="parentNetwork" refid="_18_5_1_412017e_1513189146779_560277_36027"/><property classType="Property" humanType="Property" icon="CommodityFlowNetwork_files/icon_property_1353393023.svg" name="parentNetwork" refid="_18_5_1_412017e_1513190219530_486496_37061"/></usedAsType><visibility humanName="Visibility">public</visibility><appearsIn><diagram classType="Diagram" humanType="Diagram" icon="CommodityFlowNetwork_files/icon_SysML Block Definition Diagram_1080813915.svg" name="CommodityFlowNetworkOverview" refid="_18_5_1_412017e_1563536593786_365035_22477"/><diagram classType="Diagram" humanType="Diagram" icon="CommodityFlowNetwork_files/icon_SysML Block Definition Diagram_1080813915.svg" name="FlowNetwork" refid="_18_4_1_412017e_1480430006088_181173_22517"/><diagram classType="Diagram" humanType="Diagram" icon="CommodityFlowNetwork_files/icon_SysML Block Definition Diagram_1080813915.svg" name="BasicNetwork" refid="_18_5_1_412017e_1513189125580_441486_35907"/><diagram classType="Diagram" humanType="Diagram" icon="CommodityFlowNetwork_files/icon_SysML Block Definition Diagram_1080813915.svg" name="FlowNetwork_w/Notes" refid="_18_5_1_412017e_1521810279781_348461_35190"/></appearsIn></block></magicdraw>