<?xml version="1.0" encoding="UTF-8"?><magicdraw><diagram classType="Diagram" diagramType="SysML Block Definition Diagram" height="1293" humanType="Diagram" icon="CommodityFlowNetwork_files/icon_SysML Block Definition Diagram_1080813915.svg" id="_18_5_1_412017e_1521810279781_348461_35190" src="CommodityFlowNetwork_files/_18_5_1_412017e_1521810279781_348461_35190.svg" width="1191"><APPLIED_STEREOTYPES humanName="Applied Stereotype" mode="s,e"><stereotype classType="Stereotype" humanType="Stereotype" icon="CommodityFlowNetwork_files/icon_stereotype_918307166.svg" name="complete" refid="_19_0_1_8ca0285_1532415865804_574455_4606"/><stereotype classType="Stereotype" humanType="Stereotype" icon="CommodityFlowNetwork_files/icon_stereotype_918307166.svg" name="DiagramInfo" refid="_9_0_be00301_1108044380615_150487_0"/></APPLIED_STEREOTYPES><appliedStereotype humanName="Applied Stereotype" mode="s,e"><stereotype classType="Stereotype" humanType="Stereotype" icon="CommodityFlowNetwork_files/icon_stereotype_918307166.svg" name="complete" refid="_19_0_1_8ca0285_1532415865804_574455_4606"><property classType="Property" humanName="Base_ Diagram" humanType="Property" icon="CommodityFlowNetwork_files/icon_property_1353393023.svg" name="base_Diagram" refid="_19_0_1_8ca0285_1532415878123_281673_4613"/></stereotype><stereotype classType="Stereotype" humanType="Stereotype" icon="CommodityFlowNetwork_files/icon_stereotype_918307166.svg" name="DiagramInfo" refid="_9_0_be00301_1108044380615_150487_0"><property classType="Property" humanName="Author" humanType="Property" icon="CommodityFlowNetwork_files/icon_property_1353393023.svg" name="Author" refid="_be00301_1077726770128_871366_1"><String>tas5</String></property><property classType="Property" humanName="Base_ Diagram" humanType="Property" icon="CommodityFlowNetwork_files/icon_property_1353393023.svg" name="base_Diagram" refid="_10_0EAPbeta_be00301_1123081772498_901864_356"/><property classType="Property" humanName="Base_ Element" humanType="Property" icon="CommodityFlowNetwork_files/icon_property_1353393023.svg" name="base_Element" refid="_10_0EAPbeta_be00301_1123081772098_411862_275"/><property classType="Property" humanName="Creation Date" humanType="Property" icon="CommodityFlowNetwork_files/icon_property_1353393023.svg" name="Creation date" refid="_be00301_1073306188629_537791_2"><String>3/23/18 9:04 AM</String></property><property classType="Property" humanName="Last modified by" humanType="Property" icon="CommodityFlowNetwork_files/icon_property_1353393023.svg" name="Last modified by" refid="_16_8beta_8ca0285_1257244649124_794756_344"><String>tas5</String></property><property classType="Property" humanName="Modification Date" humanType="Property" icon="CommodityFlowNetwork_files/icon_property_1353393023.svg" name="Modification date" refid="_be00301_1073394345322_922552_1"><String>6/16/20 1:18 PM</String></property></stereotype></appliedStereotype><appliedStereotypeInstance classType="InstanceSpecification" humanName="Applied Stereotype Instance" humanType="Instance Specification" icon="CommodityFlowNetwork_files/icon_instancespecification_13643661.svg" name=" : UML Standard Profile::MagicDraw Profile::DiagramInfo, UML Standard Profile::MagicDraw Profile::complete" refid="_18_5_1_412017e_1521810279798_401422_35211"/><documentation humanName="Documentation"/><map><area isNotContentShape="false" name="Part Property node" refid="_18_5_1_412017e_1513189146779_978407_36026" shape="rect" type="0"><point x="548" y="472"/><point x="592" y="472"/><point x="592" y="516"/><point x="548" y="516"/></area><area isNotContentShape="false" name="Adjunct Property edge" refid="_18_5_1_412017e_1513190219530_869897_37060" shape="rect" type="0"><point x="2332" y="800"/><point x="2376" y="800"/><point x="2376" y="844"/><point x="2332" y="844"/></area><area isNotContentShape="false" name="Part Property flowEdge" refid="_18_5_1_412017e_1513191078480_901416_37791" shape="rect" type="0"><point x="2740" y="2508"/><point x="2784" y="2508"/><point x="2784" y="2552"/><point x="2740" y="2552"/></area><area isNotContentShape="false" name="Part Property flowNode" refid="_18_5_1_412017e_1513192538972_225456_37849" shape="rect" type="0"><point x="520" y="2192"/><point x="564" y="2192"/><point x="564" y="2236"/><point x="520" y="2236"/></area><area isNotContentShape="false" name="Reference Property parentNetwork" refid="_18_5_1_412017e_1513189146779_560277_36027" shape="rect" type="0"><point x="804" y="616"/><point x="848" y="616"/><point x="848" y="660"/><point x="804" y="660"/></area><area isNotContentShape="false" name="Property parentNetwork" refid="_18_5_1_412017e_1513190219530_486496_37061" shape="rect" type="0"><point x="1668" y="332"/><point x="1712" y="332"/><point x="1712" y="376"/><point x="1668" y="376"/></area><area isNotContentShape="false" name="Property parentFlowNetwork" refid="_18_5_1_412017e_1513191078481_355001_37792" shape="rect" type="0"><point x="2204" y="1844"/><point x="2248" y="1844"/><point x="2248" y="1888"/><point x="2204" y="1888"/></area><area isNotContentShape="false" name="Reference Property parentFlowNetwork" refid="_18_5_1_412017e_1513192538972_931633_37850" shape="rect" type="0"><point x="840" y="2492"/><point x="884" y="2492"/><point x="884" y="2536"/><point x="840" y="2536"/></area><area isNotContentShape="false" name="Reference Property endNetwork1" refid="_18_5_1_412017e_1513190186908_510822_36952" shape="rect" type="0"><point x="1668" y="484"/><point x="1712" y="484"/><point x="1712" y="528"/><point x="1668" y="528"/></area><area isNotContentShape="false" name="Reference Property sourceFlowNetwork" refid="_18_5_1_412017e_1513191054925_531915_37681" shape="rect" type="0"><point x="2160" y="2492"/><point x="2204" y="2492"/><point x="2204" y="2536"/><point x="2160" y="2536"/></area><area isNotContentShape="false" name="Reference Property endNetwork2" refid="_18_5_1_412017e_1513190186908_343394_36953" shape="rect" type="0"><point x="1476" y="616"/><point x="1520" y="616"/><point x="1520" y="660"/><point x="1476" y="660"/></area><area isNotContentShape="false" name="Reference Property targetFlowNetwork" refid="_18_5_1_412017e_1513191054926_725262_37682" shape="rect" type="0"><point x="1676" y="2492"/><point x="1720" y="2492"/><point x="1720" y="2536"/><point x="1676" y="2536"/></area><area isNotContentShape="false" name="Part Property node" refid="_18_5_1_412017e_1513189146779_978407_36026" shape="rect" type="0"><point x="476" y="432"/><point x="580" y="432"/><point x="580" y="484"/><point x="476" y="484"/></area><area isNotContentShape="false" name="Adjunct Property edge" refid="_18_5_1_412017e_1513190219530_869897_37060" shape="rect" type="0"><point x="2224" y="776"/><point x="2344" y="776"/><point x="2344" y="832"/><point x="2224" y="832"/></area><area isNotContentShape="false" name="Part Property flowEdge" refid="_18_5_1_412017e_1513191078480_901416_37791" shape="rect" type="0"><point x="2560" y="2488"/><point x="2752" y="2488"/><point x="2752" y="2540"/><point x="2560" y="2540"/></area><area isNotContentShape="false" name="Part Property flowNode" refid="_18_5_1_412017e_1513192538972_225456_37849" shape="rect" type="0"><point x="356" y="2152"/><point x="552" y="2152"/><point x="552" y="2204"/><point x="356" y="2204"/></area><area isNotContentShape="false" name="Reference Property parentNetwork" refid="_18_5_1_412017e_1513189146779_560277_36027" shape="rect" type="0"><point x="520" y="676"/><point x="816" y="676"/><point x="816" y="728"/><point x="520" y="728"/></area><area isNotContentShape="false" name="Reference Property endNetwork1" refid="_18_5_1_412017e_1513190186908_510822_36952" shape="rect" type="0"><point x="1680" y="440"/><point x="1988" y="440"/><point x="1988" y="496"/><point x="1680" y="496"/></area><area isNotContentShape="false" name="Reference Property endNetwork2" refid="_18_5_1_412017e_1513190186908_343394_36953" shape="rect" type="0"><point x="1180" y="628"/><point x="1488" y="628"/><point x="1488" y="684"/><point x="1180" y="684"/></area><area isNotContentShape="false" name="Property parentNetwork" refid="_18_5_1_412017e_1513190219530_486496_37061" shape="rect" type="0"><point x="1728" y="288"/><point x="2072" y="288"/><point x="2072" y="344"/><point x="1728" y="344"/></area><area isNotContentShape="false" name="Reference Property parentFlowNetwork" refid="_18_5_1_412017e_1513192538972_931633_37850" shape="rect" type="0"><point x="460" y="2552"/><point x="852" y="2552"/><point x="852" y="2604"/><point x="460" y="2604"/></area><area isNotContentShape="false" name="Reference Property targetFlowNetwork" refid="_18_5_1_412017e_1513191054926_725262_37682" shape="rect" type="0"><point x="1256" y="2504"/><point x="1688" y="2504"/><point x="1688" y="2560"/><point x="1256" y="2560"/></area><area isNotContentShape="false" name="Property parentFlowNetwork" refid="_18_5_1_412017e_1513191078481_355001_37792" shape="rect" type="0"><point x="2264" y="1800"/><point x="2708" y="1800"/><point x="2708" y="1856"/><point x="2264" y="1856"/></area><area isNotContentShape="false" name="Reference Property sourceFlowNetwork" refid="_18_5_1_412017e_1513191054925_531915_37681" shape="rect" type="0"><point x="1724" y="2504"/><point x="2172" y="2504"/><point x="2172" y="2560"/><point x="1724" y="2560"/></area><area isNotContentShape="false" name="Block NetworkLink" refid="_18_5_1_412017e_1513190186908_384793_36951" shape="poly" type="0"><point x="1756" y="768"/><point x="1756" y="948"/><point x="1932" y="948"/><point x="1924" y="956"/><point x="1748" y="956"/><point x="1748" y="776"/></area><area isNotContentShape="false" name="Block FlowNetworkLink" refid="_18_5_1_412017e_1513191054925_696549_37680" shape="poly" type="0"><point x="1944" y="2684"/><point x="1944" y="2600"/><point x="2440" y="2600"/><point x="2432" y="2608"/><point x="1936" y="2608"/><point x="1936" y="2692"/></area><area isNotContentShape="false" name="Association" refid="_18_5_1_412017e_1513189146778_490437_36025" shape="poly" type="0"><point x="592" y="488"/><point x="328" y="488"/><point x="328" y="780"/><point x="828" y="780"/><point x="828" y="612"/><point x="820" y="620"/><point x="820" y="788"/><point x="320" y="788"/><point x="320" y="496"/><point x="584" y="496"/></area><area isNotContentShape="false" name="Association" refid="_18_5_1_412017e_1513192538972_915919_37848" shape="poly" type="0"><point x="564" y="2208"/><point x="216" y="2208"/><point x="216" y="2644"/><point x="864" y="2644"/><point x="864" y="2488"/><point x="856" y="2496"/><point x="856" y="2652"/><point x="208" y="2652"/><point x="208" y="2216"/><point x="556" y="2216"/></area><area isNotContentShape="false" name="Association" refid="_18_5_1_412017e_1513190219530_677714_37059" shape="poly" type="0"><point x="2356" y="836"/><point x="2356" y="348"/><point x="1672" y="348"/><point x="1664" y="356"/><point x="2348" y="356"/><point x="2348" y="844"/></area><area isNotContentShape="false" name="Association" refid="_18_5_1_412017e_1513191078480_865032_37790" shape="poly" type="0"><point x="2764" y="2544"/><point x="2764" y="1860"/><point x="2208" y="1860"/><point x="2200" y="1868"/><point x="2756" y="1868"/><point x="2756" y="2552"/></area><area isNotContentShape="false" name="Generalization" refid="_18_4_1_412017e_1480430095754_117180_22761" shape="poly" type="0"><point x="956" y="612"/><point x="956" y="1340"/><point x="948" y="1348"/><point x="948" y="620"/></area><area isNotContentShape="false" name="Generalization" refid="_18_5_1_412017e_1513191068793_329266_37785" shape="poly" type="0"><point x="2960" y="1336"/><point x="2960" y="2544"/><point x="2952" y="2552"/><point x="2952" y="1344"/></area><area isNotContentShape="false" name="Block NetworkLink" refid="_18_5_1_412017e_1513190186908_384793_36951" shape="poly" type="0"><point x="1672" y="500"/><point x="1784" y="500"/><point x="1784" y="768"/><point x="1500" y="768"/><point x="1500" y="612"/><point x="1492" y="620"/><point x="1492" y="776"/><point x="1776" y="776"/><point x="1776" y="508"/><point x="1664" y="508"/></area><area isNotContentShape="false" name="Block FlowNetworkLink" refid="_18_5_1_412017e_1513191054925_696549_37680" shape="poly" type="0"><point x="2184" y="2488"/><point x="2184" y="2684"/><point x="1700" y="2684"/><point x="1700" y="2488"/><point x="1692" y="2496"/><point x="1692" y="2692"/><point x="2176" y="2692"/><point x="2176" y="2496"/></area><area isNotContentShape="false" name="Value Property cost" refid="_18_5_1_412017e_1533905277155_825979_70908" shape="rect" type="0"><point x="600" y="360"/><point x="1660" y="360"/><point x="1660" y="416"/><point x="600" y="416"/></area><area isNotContentShape="false" name="Block Network" refid="_18_4_1_412017e_1480428292021_38215_21493" shape="rect" type="0"><point x="588" y="168"/><point x="1672" y="168"/><point x="1672" y="620"/><point x="588" y="620"/></area><area isNotContentShape="false" name="Participant Property linkEnd1" refid="_18_5_1_412017e_1513190186994_240653_37009" shape="rect" type="0"><point x="1940" y="1032"/><point x="3232" y="1032"/><point x="3232" y="1088"/><point x="1940" y="1088"/></area><area isNotContentShape="false" name="Value Property weight" refid="_18_4_1_412017e_1480428506088_723337_22098" shape="rect" type="0"><point x="1940" y="1212"/><point x="3232" y="1212"/><point x="3232" y="1268"/><point x="1940" y="1268"/></area><area isNotContentShape="false" name="Participant Property linkEnd2" refid="_18_5_1_412017e_1513190186999_654848_37013" shape="rect" type="0"><point x="1940" y="1084"/><point x="3232" y="1084"/><point x="3232" y="1140"/><point x="1940" y="1140"/></area><area isNotContentShape="false" name="Block NetworkLink" refid="_18_5_1_412017e_1513190186908_384793_36951" shape="rect" type="0"><point x="1928" y="840"/><point x="3244" y="840"/><point x="3244" y="1344"/><point x="1928" y="1344"/></area><area isNotContentShape="false" name="Flow Property inputs" refid="_18_5_1_412017e_1516804276976_159477_35115" shape="rect" type="0"><point x="572" y="1536"/><point x="2196" y="1536"/><point x="2196" y="1592"/><point x="572" y="1592"/></area><area isNotContentShape="false" name="Reference Property produces" refid="_18_5_1_412017e_1552326004774_512809_60599" shape="rect" type="0"><point x="572" y="1716"/><point x="2196" y="1716"/><point x="2196" y="1772"/><point x="572" y="1772"/></area><area isNotContentShape="false" name="Value Property inFlowRate" refid="_18_5_1_412017e_1555504034751_641856_23849" shape="rect" type="0"><point x="572" y="2052"/><point x="2196" y="2052"/><point x="2196" y="2108"/><point x="572" y="2108"/></area><area isNotContentShape="false" name="Flow Property outputs" refid="_18_5_1_412017e_1516804357021_942548_35124" shape="rect" type="0"><point x="572" y="1588"/><point x="2196" y="1588"/><point x="2196" y="1644"/><point x="572" y="1644"/></area><area isNotContentShape="false" name="Reference Property consumes" refid="_18_5_1_412017e_1552326045705_830137_60604" shape="rect" type="0"><point x="572" y="1768"/><point x="2196" y="1768"/><point x="2196" y="1824"/><point x="572" y="1824"/></area><area isNotContentShape="false" name="Value Property outFlowRate" refid="_18_5_1_412017e_1555504061447_710445_23855" shape="rect" type="0"><point x="572" y="2104"/><point x="2196" y="2104"/><point x="2196" y="2160"/><point x="572" y="2160"/></area><area isNotContentShape="false" name="Reference Property currentlyFlowingThrough" refid="_18_5_1_412017e_1555502817608_748608_23754" shape="rect" type="0"><point x="572" y="1820"/><point x="2196" y="1820"/><point x="2196" y="1876"/><point x="572" y="1876"/></area><area isNotContentShape="false" name="Value Property productionRate" refid="_18_5_1_412017e_1516803804302_71094_35023" shape="rect" type="0"><point x="572" y="2156"/><point x="2196" y="2156"/><point x="2196" y="2212"/><point x="572" y="2212"/></area><area isNotContentShape="false" name="Reference Property productionType" refid="_18_5_1_412017e_1569952454125_964807_21841" shape="rect" type="0"><point x="572" y="1872"/><point x="2196" y="1872"/><point x="2196" y="1928"/><point x="572" y="1928"/></area><area isNotContentShape="false" name="Value Property consumptionRate" refid="_18_5_1_412017e_1516803841216_75498_35029" shape="rect" type="0"><point x="572" y="2208"/><point x="2196" y="2208"/><point x="2196" y="2264"/><point x="572" y="2264"/></area><area isNotContentShape="false" name="Reference Property consumptionType" refid="_18_5_1_412017e_1569952554947_172805_21848" shape="rect" type="0"><point x="572" y="1924"/><point x="2196" y="1924"/><point x="2196" y="1980"/><point x="572" y="1980"/></area><area isNotContentShape="false" name="Block FlowNetwork" refid="_18_4_1_412017e_1480430023770_307416_22716" shape="rect" type="0"><point x="560" y="1344"/><point x="2208" y="1344"/><point x="2208" y="2496"/><point x="560" y="2496"/></area><area isNotContentShape="false" name="Participant Property linkSource" refid="_18_5_1_412017e_1513191055050_278755_37738" shape="rect" type="0"><point x="2448" y="2740"/><point x="4456" y="2740"/><point x="4456" y="2796"/><point x="2448" y="2796"/></area><area isNotContentShape="false" name="Participant Property linkTarget" refid="_18_5_1_412017e_1513191055056_382993_37742" shape="rect" type="0"><point x="2448" y="2792"/><point x="4456" y="2792"/><point x="4456" y="2848"/><point x="2448" y="2848"/></area><area isNotContentShape="false" name="Block FlowNetworkLink" refid="_18_5_1_412017e_1513191054925_696549_37680" shape="rect" type="0"><point x="2436" y="2548"/><point x="4468" y="2548"/><point x="4468" y="3260"/><point x="2436" y="3260"/></area></map><name humanName="Name" mode="s,e">FlowNetwork_w/Notes</name><namespace classType="Model" humanName="Namespace" humanType="Model" icon="CommodityFlowNetwork_files/icon_model_62531940.svg" name="CommodityFlowNetwork" refid="_18_4_1_412017e_1480428197145_536891_21458"/><ownedElement humanName="Owned Element"><instancespecification classType="InstanceSpecification" humanType="Instance Specification" icon="CommodityFlowNetwork_files/icon_instancespecification_13643661.svg" name=" : UML Standard Profile::MagicDraw Profile::DiagramInfo, UML Standard Profile::MagicDraw Profile::complete" refid="_18_5_1_412017e_1521810279798_401422_35211"/></ownedElement><owner classType="Model" humanName="Owner" humanType="Model" icon="CommodityFlowNetwork_files/icon_model_62531940.svg" mode="s,e" name="CommodityFlowNetwork" refid="_18_4_1_412017e_1480428197145_536891_21458"/><ownerOfDiagram classType="Model" humanName="Owner Of Diagram" humanType="Model" icon="CommodityFlowNetwork_files/icon_model_62531940.svg" name="CommodityFlowNetwork" refid="_18_4_1_412017e_1480428197145_536891_21458"/><qualifiedName humanName="Qualified Name" mode="e">CommodityFlowNetwork::FlowNetwork_w/Notes</qualifiedName><TO_DO humanName="To Do" mode="s,e"/><DIAGRAM_TYPE_DERIVED_PROPERTY humanName="Type">SysML Block Definition Diagram</DIAGRAM_TYPE_DERIVED_PROPERTY><visibility humanName="Visibility">public</visibility></diagram></magicdraw>