<?xml version="1.0" encoding="UTF-8"?><magicdraw><connectorend classType="ConnectorEnd" humanType="Connector End" icon="CommodityFlowNetwork_files/icon_connectorend_1136602645.svg" id="_18_5_1_412017e_1513264357871_252433_39529"><definingEnd classType="Property" humanName="Defining End" humanType="Reference Property" icon="CommodityFlowNetwork_files/icon_referenceproperty_857976599.svg" mode="s,e" name="endNetwork1" refid="_18_5_1_412017e_1513190186908_510822_36952"/><documentation humanName="Documentation"/><isOrdered humanName="Is Ordered">false</isOrdered><isUnique humanName="Is Unique">true</isUnique><lower humanName="Lower">1</lower><multiplicity humanName="Multiplicity" mode="s,e"/><multiplicity humanName="Multiplicity" mode="s,e"/><owner classType="Connector" humanName="Owner" humanType="Connector" icon="CommodityFlowNetwork_files/icon_connector_43368234.svg" isRelationship="true" mode="s,e" name="edge" refid="_18_5_1_412017e_1513264357871_360474_39528"/><role classType="Property" humanName="Role" humanType="Part Property" icon="CommodityFlowNetwork_files/icon_partproperty_1666480939.svg" mode="s,e" name="node" refid="_18_5_1_412017e_1513189146779_978407_36026"/><TO_DO humanName="To Do" mode="s,e"/><upper humanName="Upper">1</upper></connectorend></magicdraw>