<?xml version="1.0" encoding="UTF-8"?><magicdraw><diagram classType="Diagram" diagramType="SysML Internal Block Diagram" height="189" humanType="Diagram" icon="CommodityFlowNetwork_files/icon_SysML Internal Block Diagram_1195506736.svg" id="_18_5_1_412017e_1513264180102_435102_39251" src="CommodityFlowNetwork_files/_18_5_1_412017e_1513264180102_435102_39251.svg" width="387"><APPLIED_STEREOTYPES humanName="Applied Stereotype" mode="s,e"><stereotype classType="Stereotype" humanType="Stereotype" icon="CommodityFlowNetwork_files/icon_stereotype_918307166.svg" name="DiagramInfo" refid="_9_0_be00301_1108044380615_150487_0"/></APPLIED_STEREOTYPES><appliedStereotype humanName="Applied Stereotype" mode="s,e"><stereotype classType="Stereotype" humanType="Stereotype" icon="CommodityFlowNetwork_files/icon_stereotype_918307166.svg" name="DiagramInfo" refid="_9_0_be00301_1108044380615_150487_0"><property classType="Property" humanName="Author" humanType="Property" icon="CommodityFlowNetwork_files/icon_property_1353393023.svg" name="Author" refid="_be00301_1077726770128_871366_1"><String>tas5</String></property><property classType="Property" humanName="Base_ Diagram" humanType="Property" icon="CommodityFlowNetwork_files/icon_property_1353393023.svg" name="base_Diagram" refid="_10_0EAPbeta_be00301_1123081772498_901864_356"/><property classType="Property" humanName="Base_ Element" humanType="Property" icon="CommodityFlowNetwork_files/icon_property_1353393023.svg" name="base_Element" refid="_10_0EAPbeta_be00301_1123081772098_411862_275"/><property classType="Property" humanName="Creation Date" humanType="Property" icon="CommodityFlowNetwork_files/icon_property_1353393023.svg" name="Creation date" refid="_be00301_1073306188629_537791_2"><String>12/14/17 10:09 AM</String></property><property classType="Property" humanName="Last modified by" humanType="Property" icon="CommodityFlowNetwork_files/icon_property_1353393023.svg" name="Last modified by" refid="_16_8beta_8ca0285_1257244649124_794756_344"><String>tas5</String></property><property classType="Property" humanName="Modification Date" humanType="Property" icon="CommodityFlowNetwork_files/icon_property_1353393023.svg" name="Modification date" refid="_be00301_1073394345322_922552_1"><String>6/16/20 1:17 PM</String></property></stereotype></appliedStereotype><appliedStereotypeInstance classType="InstanceSpecification" humanName="Applied Stereotype Instance" humanType="Instance Specification" icon="CommodityFlowNetwork_files/icon_instancespecification_13643661.svg" name=" : UML Standard Profile::MagicDraw Profile::DiagramInfo" refid="_18_5_1_412017e_1513264180114_517941_39262"/><context classType="Class" humanName="Context" humanType="Block" icon="CommodityFlowNetwork_files/icon_block_517352490.svg" mode="s,e" name="Network" refid="_18_4_1_412017e_1480428292021_38215_21493"/><documentation humanName="Documentation"/><map><area isNotContentShape="false" name="Connector edge" refid="_18_5_1_412017e_1513264357871_360474_39528" shape="poly" type="0"><point x="972" y="380"/><point x="1304" y="380"/><point x="1304" y="652"/><point x="756" y="652"/><point x="756" y="440"/><point x="748" y="448"/><point x="748" y="660"/><point x="1296" y="660"/><point x="1296" y="388"/><point x="964" y="388"/></area><area isNotContentShape="false" name="Connector End" refid="_18_5_1_412017e_1513264357871_956971_39530" shape="rect" type="0"><point x="968" y="364"/><point x="1012" y="364"/><point x="1012" y="408"/><point x="968" y="408"/></area><area isNotContentShape="false" name="Connector End" refid="_18_5_1_412017e_1513264357871_252433_39529" shape="rect" type="0"><point x="732" y="444"/><point x="776" y="444"/><point x="776" y="488"/><point x="732" y="488"/></area><area isNotContentShape="false" name="Part Property node" refid="_18_5_1_412017e_1513189146779_978407_36026" shape="rect" type="0"><point x="364" y="280"/><point x="972" y="280"/><point x="972" y="448"/><point x="364" y="448"/></area></map><name humanName="Name" mode="s,e">Network</name><namespace classType="Class" humanName="Namespace" humanType="Block" icon="CommodityFlowNetwork_files/icon_block_517352490.svg" name="Network" refid="_18_4_1_412017e_1480428292021_38215_21493"/><ownedElement humanName="Owned Element"><instancespecification classType="InstanceSpecification" humanType="Instance Specification" icon="CommodityFlowNetwork_files/icon_instancespecification_13643661.svg" name=" : UML Standard Profile::MagicDraw Profile::DiagramInfo" refid="_18_5_1_412017e_1513264180114_517941_39262"/></ownedElement><owner classType="Class" humanName="Owner" humanType="Block" icon="CommodityFlowNetwork_files/icon_block_517352490.svg" mode="s,e" name="Network" refid="_18_4_1_412017e_1480428292021_38215_21493"/><ownerOfDiagram classType="Class" humanName="Owner Of Diagram" humanType="Block" icon="CommodityFlowNetwork_files/icon_block_517352490.svg" name="Network" refid="_18_4_1_412017e_1480428292021_38215_21493"/><qualifiedName humanName="Qualified Name" mode="e">CommodityFlowNetwork::Network::Network</qualifiedName><TO_DO humanName="To Do" mode="s,e"/><DIAGRAM_TYPE_DERIVED_PROPERTY humanName="Type">SysML Internal Block Diagram</DIAGRAM_TYPE_DERIVED_PROPERTY><visibility humanName="Visibility">public</visibility></diagram></magicdraw>