<?xml version="1.0" encoding="UTF-8"?><magicdraw><outputpin classType="OutputPin" humanType="Output Pin" icon="CommodityFlowNetwork_files/icon_outputpin_168870325.svg" id="_18_5_1_412017e_1528288058644_679292_41978"><documentation humanName="Documentation"/><isControl humanName="Is Control" mode="e">false</isControl><isControlType humanName="Is Control Type">false</isControlType><isLeaf humanName="Is Leaf">false</isLeaf><isOrdered humanName="Is Ordered">false</isOrdered><isUnique humanName="Is Unique">true</isUnique><lower humanName="Lower">0</lower><lowerValue classType="LiteralInteger" humanName="Lower Value" humanType="Literal Integer" icon="CommodityFlowNetwork_files/icon_literalinteger_213415401.svg" name="0" refid="_18_5_1_412017e_1528288062392_870421_41981" text="0"/><multiplicity humanName="Multiplicity" mode="s,e">0..*</multiplicity><multiplicity humanName="Multiplicity" mode="s,e">0..*</multiplicity><name humanName="Name" mode="s,e">outputs</name><ordering humanName="Ordering">FIFO</ordering><ownedElement humanName="Owned Element"><literalunlimitednatural classType="LiteralUnlimitedNatural" humanType="Literal Unlimited Natural" icon="CommodityFlowNetwork_files/icon_literalunlimitednatural_580911462.svg" name="*" refid="_18_5_1_412017e_1528288062393_873902_41982" text="*"/><literalinteger classType="LiteralInteger" humanType="Literal Integer" icon="CommodityFlowNetwork_files/icon_literalinteger_213415401.svg" name="0" refid="_18_5_1_412017e_1528288062392_870421_41981" text="0"/></ownedElement><owner classType="CallBehaviorAction" humanName="Owner" humanType="Call Behavior Action" icon="CommodityFlowNetwork_files/icon_callbehavioraction_66845334.svg" mode="s,e" name="processNode" refid="_18_5_1_412017e_1528286997772_422135_41685"/><qualifiedName humanName="Qualified Name" mode="e">CommodityFlowNetwork::ProcessNetwork::processNode::outputs</qualifiedName><syncElement classType="Parameter" humanName="Sync Element" humanType="Parameter" icon="CommodityFlowNetwork_files/icon_parameter_1919576980.svg" name="outputs" refid="_18_5_1_412017e_1528288050814_221578_41975"/><TO_DO humanName="To Do" mode="s,e"/><type classType="Class" humanName="Type" humanType="Block" icon="CommodityFlowNetwork_files/icon_block_517352490.svg" mode="s,e" name="Commodity" refid="_18_4_1_412017e_1480431603356_207384_23063"/><TYPE_MODIFIER humanName="Type Modifier"/><upper humanName="Upper">-1</upper><upperValue classType="LiteralUnlimitedNatural" humanName="Upper Value" humanType="Literal Unlimited Natural" icon="CommodityFlowNetwork_files/icon_literalunlimitednatural_580911462.svg" name="*" refid="_18_5_1_412017e_1528288062393_873902_41982" text="*"/><visibility humanName="Visibility">public</visibility></outputpin></magicdraw>