<?xml version="1.0" encoding="UTF-8"?><magicdraw><instancespecification classType="InstanceSpecification" humanType="Instance Specification" icon="CommodityFlowNetwork_files/icon_instancespecification_777113684.svg" id="_18_5_1_412017e_1513345208938_440587_39968"><classifier humanName="Classifier" mode="s,e"><stereotype classType="Stereotype" humanType="Stereotype" icon="CommodityFlowNetwork_files/icon_stereotype_1211948370.svg" name="Block" refid="_11_5EAPbeta_be00301_1147424179914_458922_958"/></classifier><documentation humanName="Documentation"/><name humanName="Name" mode="s,e"/><owner classType="AssociationClass" humanName="Owner" humanType="Block" icon="CommodityFlowNetwork_files/icon_block_1211948370.svg" isRelationship="true" mode="s,e" name="SequencingLink" refid="_18_5_1_412017e_1513345208932_58869_39961"/><qualifiedName humanName="Qualified Name" mode="e">CommodityFlowNetwork::SequencingLink::</qualifiedName><stereotypedElement classType="AssociationClass" humanName="Stereotyped Element" humanType="Block" icon="CommodityFlowNetwork_files/icon_block_1211948370.svg" isRelationship="true" name="SequencingLink" refid="_18_5_1_412017e_1513345208932_58869_39961"/><TO_DO humanName="To Do" mode="s,e"/><visibility humanName="Visibility">public</visibility></instancespecification></magicdraw>