<?xml version="1.0" encoding="UTF-8"?><magicdraw><model classType="Model" humanType="Model" icon="CommodityFlowNetwork_files/icon_model_1300528434.svg" id="_18_4_1_412017e_1480515825528_895836_28813"><documentation humanName="Documentation"/><member humanName="Member"><model classType="Model" humanType="Model" icon="CommodityFlowNetwork_files/icon_model_62531940.svg" name="CommodityFlowNetwork" refid="_18_4_1_412017e_1480428197145_536891_21458"/><package classType="Package" humanType="Package" icon="CommodityFlowNetwork_files/icon_package_1622863652.svg" name="MD Customization for Requirements" refid="_18_0beta_8f90291_1391000707955_594012_6218"/><package classType="Package" humanType="Package" icon="CommodityFlowNetwork_files/icon_package_1622863652.svg" name="MD Customization for SysML" refid="_12_0EAPbeta_be00301_1156851270584_552173_1"/><package classType="Package" humanType="Package" icon="CommodityFlowNetwork_files/icon_package_1622863652.svg" name="MD Customization for ViewsViewpoints" refid="_18_0beta_9150291_1392280884421_448498_10673"/><profile classType="Profile" humanType="Profile" icon="CommodityFlowNetwork_files/icon_profile_2082678778.svg" name="SysML" refid="_11_5EAPbeta_be00301_1147434586638_637562_1900"/><package classType="Package" humanType="Package" icon="CommodityFlowNetwork_files/icon_package_1622863652.svg" name="UML Standard Profile" refid="magicdraw_uml_standard_profile_v_0001"/></member><name humanName="Name" mode="s,e">Data</name><nestedPackage humanName="Nested Package"><model classType="Model" humanType="Model" icon="CommodityFlowNetwork_files/icon_model_62531940.svg" name="CommodityFlowNetwork" refid="_18_4_1_412017e_1480428197145_536891_21458"/><package classType="Package" humanType="Package" icon="CommodityFlowNetwork_files/icon_package_1622863652.svg" name="MD Customization for Requirements" refid="_18_0beta_8f90291_1391000707955_594012_6218"/><package classType="Package" humanType="Package" icon="CommodityFlowNetwork_files/icon_package_1622863652.svg" name="MD Customization for SysML" refid="_12_0EAPbeta_be00301_1156851270584_552173_1"/><package classType="Package" humanType="Package" icon="CommodityFlowNetwork_files/icon_package_1622863652.svg" name="MD Customization for ViewsViewpoints" refid="_18_0beta_9150291_1392280884421_448498_10673"/><profile classType="Profile" humanType="Profile" icon="CommodityFlowNetwork_files/icon_profile_2082678778.svg" name="SysML" refid="_11_5EAPbeta_be00301_1147434586638_637562_1900"/><package classType="Package" humanType="Package" icon="CommodityFlowNetwork_files/icon_package_1622863652.svg" name="UML Standard Profile" refid="magicdraw_uml_standard_profile_v_0001"/></nestedPackage><ownedElement humanName="Owned Element"><model classType="Model" humanType="Model" icon="CommodityFlowNetwork_files/icon_model_62531940.svg" name="CommodityFlowNetwork" refid="_18_4_1_412017e_1480428197145_536891_21458"/><package classType="Package" humanType="Package" icon="CommodityFlowNetwork_files/icon_package_1622863652.svg" name="MD Customization for Requirements" refid="_18_0beta_8f90291_1391000707955_594012_6218"/><package classType="Package" humanType="Package" icon="CommodityFlowNetwork_files/icon_package_1622863652.svg" name="MD Customization for SysML" refid="_12_0EAPbeta_be00301_1156851270584_552173_1"/><package classType="Package" humanType="Package" icon="CommodityFlowNetwork_files/icon_package_1622863652.svg" name="MD Customization for ViewsViewpoints" refid="_18_0beta_9150291_1392280884421_448498_10673"/><profile classType="Profile" humanType="Profile" icon="CommodityFlowNetwork_files/icon_profile_2082678778.svg" name="SysML" refid="_11_5EAPbeta_be00301_1147434586638_637562_1900"/><package classType="Package" humanType="Package" icon="CommodityFlowNetwork_files/icon_package_1622863652.svg" name="UML Standard Profile" refid="magicdraw_uml_standard_profile_v_0001"/></ownedElement><ownedMember humanName="Owned Member"><model classType="Model" humanType="Model" icon="CommodityFlowNetwork_files/icon_model_62531940.svg" name="CommodityFlowNetwork" refid="_18_4_1_412017e_1480428197145_536891_21458"/><package classType="Package" humanType="Package" icon="CommodityFlowNetwork_files/icon_package_1622863652.svg" name="MD Customization for Requirements" refid="_18_0beta_8f90291_1391000707955_594012_6218"/><package classType="Package" humanType="Package" icon="CommodityFlowNetwork_files/icon_package_1622863652.svg" name="MD Customization for SysML" refid="_12_0EAPbeta_be00301_1156851270584_552173_1"/><package classType="Package" humanType="Package" icon="CommodityFlowNetwork_files/icon_package_1622863652.svg" name="MD Customization for ViewsViewpoints" refid="_18_0beta_9150291_1392280884421_448498_10673"/><profile classType="Profile" humanType="Profile" icon="CommodityFlowNetwork_files/icon_profile_2082678778.svg" name="SysML" refid="_11_5EAPbeta_be00301_1147434586638_637562_1900"/><package classType="Package" humanType="Package" icon="CommodityFlowNetwork_files/icon_package_1622863652.svg" name="UML Standard Profile" refid="magicdraw_uml_standard_profile_v_0001"/></ownedMember><packagedElement humanName="Packaged Element"><model classType="Model" humanType="Model" icon="CommodityFlowNetwork_files/icon_model_62531940.svg" name="CommodityFlowNetwork" refid="_18_4_1_412017e_1480428197145_536891_21458"/><package classType="Package" humanType="Package" icon="CommodityFlowNetwork_files/icon_package_1622863652.svg" name="MD Customization for Requirements" refid="_18_0beta_8f90291_1391000707955_594012_6218"/><package classType="Package" humanType="Package" icon="CommodityFlowNetwork_files/icon_package_1622863652.svg" name="MD Customization for SysML" refid="_12_0EAPbeta_be00301_1156851270584_552173_1"/><package classType="Package" humanType="Package" icon="CommodityFlowNetwork_files/icon_package_1622863652.svg" name="MD Customization for ViewsViewpoints" refid="_18_0beta_9150291_1392280884421_448498_10673"/><profile classType="Profile" humanType="Profile" icon="CommodityFlowNetwork_files/icon_profile_2082678778.svg" name="SysML" refid="_11_5EAPbeta_be00301_1147434586638_637562_1900"/><package classType="Package" humanType="Package" icon="CommodityFlowNetwork_files/icon_package_1622863652.svg" name="UML Standard Profile" refid="magicdraw_uml_standard_profile_v_0001"/></packagedElement><qualifiedName humanName="Qualified Name" mode="e">Data</qualifiedName><TO_DO humanName="To Do" mode="s,e"/><URI humanName="URI" mode="s,e"/><viewpoint humanName="Viewpoint"/><visibility humanName="Visibility">public</visibility></model></magicdraw>