<?xml version="1.0" encoding="UTF-8"?><magicdraw><property classType="Property" humanType="Property" icon="CommodityFlowNetwork_files/icon_property_1683334053.svg" id="_18_4_1_412017e_1480431753998_31069_23128"><aggregation humanName="Aggregation" mode="s,e">none</aggregation><association classType="Association" humanName="Association" humanType="Association" icon="CommodityFlowNetwork_files/icon_association_2135934617.svg" isRelationship="true" name="Association[parentCommodity:CommodityFlowNetwork::Commodity -&gt; component:CommodityFlowNetwork::Commodity]" refid="_18_4_1_412017e_1480431753998_649371_23126"/><documentation humanName="Documentation"/><featuringClassifier classType="Association" humanName="Featuring Classifier" humanType="Association" icon="CommodityFlowNetwork_files/icon_association_2135934617.svg" isRelationship="true" name="Association[parentCommodity:CommodityFlowNetwork::Commodity -&gt; component:CommodityFlowNetwork::Commodity]" refid="_18_4_1_412017e_1480431753998_649371_23126"/><isComposite humanName="Is Composite">false</isComposite><isDerived humanName="Is Derived" mode="s,e">false</isDerived><isDerivedUnion humanName="Is Derived Union" mode="e">false</isDerivedUnion><isID humanName="Is ID" mode="e">false</isID><isLeaf humanName="Is Leaf">false</isLeaf><isOrdered humanName="Is Ordered" mode="e">false</isOrdered><isReadOnly humanName="Is Read Only" mode="s,e">false</isReadOnly><isStatic humanName="Is Static" mode="s,e">false</isStatic><isUnique humanName="Is Unique" mode="e">true</isUnique><lower humanName="Lower">1</lower><lowerValue classType="LiteralInteger" humanName="Lower Value" humanType="Literal Integer" icon="CommodityFlowNetwork_files/icon_literalinteger_795693038.svg" name="1" refid="_18_4_1_412017e_1480431808301_55730_23251" text="1"/><multiplicity humanName="Multiplicity" mode="s,e">1</multiplicity><multiplicity humanName="Multiplicity" mode="s,e">1</multiplicity><name humanName="Name" mode="s,e">parentCommodity</name><namespace classType="Association" humanName="Namespace" humanType="Association" icon="CommodityFlowNetwork_files/icon_association_2135934617.svg" isRelationship="true" name="Association[parentCommodity:CommodityFlowNetwork::Commodity -&gt; component:CommodityFlowNetwork::Commodity]" refid="_18_4_1_412017e_1480431753998_649371_23126"/><navigable humanName="Navigable">false</navigable><opposite classType="Property" humanName="Opposite" humanType="Part Property" icon="CommodityFlowNetwork_files/icon_partproperty_1666480939.svg" name="component" refid="_18_4_1_412017e_1480431753998_457015_23127"/><ownedBy classType="Association" humanName="Owned By" humanType="Association" icon="CommodityFlowNetwork_files/icon_association_2135934617.svg" isRelationship="true" name="Association[parentCommodity:CommodityFlowNetwork::Commodity -&gt; component:CommodityFlowNetwork::Commodity]" refid="_18_4_1_412017e_1480431753998_649371_23126"/><ownedElement humanName="Owned Element"><literalinteger classType="LiteralInteger" humanType="Literal Integer" icon="CommodityFlowNetwork_files/icon_literalinteger_795693038.svg" name="1" refid="_18_4_1_412017e_1480431808301_55730_23251" text="1"/><literalunlimitednatural classType="LiteralUnlimitedNatural" humanType="Literal Unlimited Natural" icon="CommodityFlowNetwork_files/icon_literalunlimitednatural_43931884.svg" name="1" refid="_18_4_1_412017e_1480431808301_801139_23252" text="1"/></ownedElement><owner classType="Association" humanName="Owner" humanType="Association" icon="CommodityFlowNetwork_files/icon_association_2135934617.svg" isRelationship="true" name="Association[parentCommodity:CommodityFlowNetwork::Commodity -&gt; component:CommodityFlowNetwork::Commodity]" refid="_18_4_1_412017e_1480431753998_649371_23126"/><owningAssociation classType="Association" humanName="Owning Association" humanType="Association" icon="CommodityFlowNetwork_files/icon_association_2135934617.svg" isRelationship="true" name="Association[parentCommodity:CommodityFlowNetwork::Commodity -&gt; component:CommodityFlowNetwork::Commodity]" refid="_18_4_1_412017e_1480431753998_649371_23126"/><qualifiedName humanName="Qualified Name" mode="e">CommodityFlowNetwork::::parentCommodity</qualifiedName><redefinitionContext humanName="Redefinition Context"><association classType="Association" humanType="Association" icon="CommodityFlowNetwork_files/icon_association_2135934617.svg" isRelationship="true" name="Association[parentCommodity:CommodityFlowNetwork::Commodity -&gt; component:CommodityFlowNetwork::Commodity]" refid="_18_4_1_412017e_1480431753998_649371_23126"/></redefinitionContext><TO_DO humanName="To Do" mode="s,e"/><type classType="Class" humanName="Type" humanType="Block" icon="CommodityFlowNetwork_files/icon_block_1211948370.svg" mode="s,e" name="Commodity" refid="_18_4_1_412017e_1480431603356_207384_23063"/><TYPE_MODIFIER humanName="Type Modifier" mode="e"/><upper humanName="Upper">1</upper><upperValue classType="LiteralUnlimitedNatural" humanName="Upper Value" humanType="Literal Unlimited Natural" icon="CommodityFlowNetwork_files/icon_literalunlimitednatural_43931884.svg" name="1" refid="_18_4_1_412017e_1480431808301_801139_23252" text="1"/><visibility humanName="Visibility" mode="e">public</visibility></property></magicdraw>