<?xml version="1.0" encoding="UTF-8"?><magicdraw><connector classType="Connector" humanType="Connector" icon="CommodityFlowNetwork_files/icon_connector_1226298219.svg" id="_18_5_1_412017e_1513264357871_360474_39528"><documentation humanName="Documentation"/><end humanName="End"><connectorend classType="ConnectorEnd" humanType="Connector End" icon="CommodityFlowNetwork_files/icon_connectorend_864205596.svg" refid="_18_5_1_412017e_1513264357871_252433_39529"/><connectorend classType="ConnectorEnd" humanType="Connector End" icon="CommodityFlowNetwork_files/icon_connectorend_864205596.svg" refid="_18_5_1_412017e_1513264357871_956971_39530"/></end><featuringClassifier classType="Class" humanName="Featuring Classifier" humanType="Block" icon="CommodityFlowNetwork_files/icon_block_517352490.svg" name="Network" refid="_18_4_1_412017e_1480428292021_38215_21493"/><isLeaf humanName="Is Leaf" mode="e">false</isLeaf><isStatic humanName="Is Static" mode="e">false</isStatic><kind humanName="Kind" mode="s,e">assembly</kind><name humanName="Name" mode="s,e">edge</name><namespace classType="Class" humanName="Namespace" humanType="Block" icon="CommodityFlowNetwork_files/icon_block_517352490.svg" name="Network" refid="_18_4_1_412017e_1480428292021_38215_21493"/><ownedElement humanName="Owned Element"><connectorend classType="ConnectorEnd" humanType="Connector End" icon="CommodityFlowNetwork_files/icon_connectorend_864205596.svg" refid="_18_5_1_412017e_1513264357871_252433_39529"/><connectorend classType="ConnectorEnd" humanType="Connector End" icon="CommodityFlowNetwork_files/icon_connectorend_864205596.svg" refid="_18_5_1_412017e_1513264357871_956971_39530"/></ownedElement><owner classType="Class" humanName="Owner" humanType="Block" icon="CommodityFlowNetwork_files/icon_block_517352490.svg" mode="s,e" name="Network" refid="_18_4_1_412017e_1480428292021_38215_21493"/><qualifiedName humanName="Qualified Name" mode="e">CommodityFlowNetwork::Network::edge</qualifiedName><redefinitionContext humanName="Redefinition Context"><block classType="Class" humanType="Block" icon="CommodityFlowNetwork_files/icon_block_517352490.svg" name="Network" refid="_18_4_1_412017e_1480428292021_38215_21493"/></redefinitionContext><TO_DO humanName="To Do" mode="s,e"/><type classType="AssociationClass" humanName="Type" humanType="Block" icon="CommodityFlowNetwork_files/icon_block_517352490.svg" isRelationship="true" mode="s,e" name="NetworkLink" refid="_18_5_1_412017e_1513190186908_384793_36951"/><visibility humanName="Visibility">public</visibility><appearsIn><diagram classType="Diagram" humanType="Diagram" icon="CommodityFlowNetwork_files/icon_SysML Block Definition Diagram_1080813915.svg" name="BasicNetwork" refid="_18_5_1_412017e_1513189125580_441486_35907"/><diagram classType="Diagram" humanType="Diagram" icon="CommodityFlowNetwork_files/icon_SysML Internal Block Diagram_1195506736.svg" name="Network" refid="_18_5_1_412017e_1513264180102_435102_39251"/></appearsIn></connector></magicdraw>