<?xml version="1.0" encoding="UTF-8"?><magicdraw><generalization classType="Generalization" humanType="Generalization" icon="CommodityFlowNetwork_files/icon_generalization_1702478809.svg" id="_18_4_1_412017e_1480430095754_117180_22761"><documentation humanName="Documentation"/><general classType="Class" humanName="General" humanType="Block" icon="CommodityFlowNetwork_files/icon_block_517352490.svg" mode="s,e" name="Network" refid="_18_4_1_412017e_1480428292021_38215_21493"/><isSubstitutable humanName="Is Substitutable">true</isSubstitutable><owner classType="Class" humanName="Owner" humanType="Block" icon="CommodityFlowNetwork_files/icon_block_517352490.svg" mode="s,e" name="FlowNetwork" refid="_18_4_1_412017e_1480430023770_307416_22716"/><relatedElement humanName="Related Element"><block classType="Class" humanType="Block" icon="CommodityFlowNetwork_files/icon_block_517352490.svg" name="FlowNetwork" refid="_18_4_1_412017e_1480430023770_307416_22716"/><block classType="Class" humanType="Block" icon="CommodityFlowNetwork_files/icon_block_517352490.svg" name="Network" refid="_18_4_1_412017e_1480428292021_38215_21493"/></relatedElement><source humanName="Source"><block classType="Class" humanType="Block" icon="CommodityFlowNetwork_files/icon_block_517352490.svg" name="FlowNetwork" refid="_18_4_1_412017e_1480430023770_307416_22716"/></source><specific classType="Class" humanName="Specific" humanType="Block" icon="CommodityFlowNetwork_files/icon_block_517352490.svg" mode="s,e" name="FlowNetwork" refid="_18_4_1_412017e_1480430023770_307416_22716"/><target humanName="Target"><block classType="Class" humanType="Block" icon="CommodityFlowNetwork_files/icon_block_517352490.svg" name="Network" refid="_18_4_1_412017e_1480428292021_38215_21493"/></target><TO_DO humanName="To Do" mode="s,e"/><appearsIn><diagram classType="Diagram" humanType="Diagram" icon="CommodityFlowNetwork_files/icon_SysML Block Definition Diagram_1080813915.svg" name="CommodityFlowNetworkOverview" refid="_18_5_1_412017e_1563536593786_365035_22477"/><diagram classType="Diagram" humanType="Diagram" icon="CommodityFlowNetwork_files/icon_SysML Block Definition Diagram_1080813915.svg" name="FlowNetwork" refid="_18_4_1_412017e_1480430006088_181173_22517"/><diagram classType="Diagram" humanType="Diagram" icon="CommodityFlowNetwork_files/icon_SysML Block Definition Diagram_1080813915.svg" name="FlowNetwork_w/Notes" refid="_18_5_1_412017e_1521810279781_348461_35190"/></appearsIn></generalization></magicdraw>