<?xml version="1.0" encoding="UTF-8"?><magicdraw><connectorend classType="ConnectorEnd" humanType="Connector End" icon="CommodityFlowNetwork_files/icon_connectorend_864205596.svg" id="_18_5_1_412017e_1513362143618_724776_41458"><definingEnd classType="Property" humanName="Defining End" humanType="Reference Property" icon="CommodityFlowNetwork_files/icon_referenceproperty_879942551.svg" mode="s,e" name="sourceFlowNetwork" refid="_18_5_1_412017e_1513191054925_531915_37681"/><documentation humanName="Documentation"/><isOrdered humanName="Is Ordered">false</isOrdered><isUnique humanName="Is Unique">true</isUnique><lower humanName="Lower">1</lower><multiplicity humanName="Multiplicity" mode="s,e"/><multiplicity humanName="Multiplicity" mode="s,e"/><owner classType="Connector" humanName="Owner" humanType="Connector" icon="CommodityFlowNetwork_files/icon_connector_1226298219.svg" isRelationship="true" mode="s,e" name="flowEdge" refid="_18_5_1_412017e_1513362143618_808921_41457"/><role classType="Property" humanName="Role" humanType="Part Property" icon="CommodityFlowNetwork_files/icon_partproperty_1290691395.svg" mode="s,e" name="flowNode" refid="_18_5_1_412017e_1513192538972_225456_37849"/><TO_DO humanName="To Do" mode="s,e"/><upper humanName="Upper">1</upper><appearsIn><diagram classType="Diagram" humanType="Diagram" icon="CommodityFlowNetwork_files/icon_SysML Block Definition Diagram_1080813915.svg" name="CommodityFlowNetworkOverview" refid="_18_5_1_412017e_1563536593786_365035_22477"/><diagram classType="Diagram" humanType="Diagram" icon="CommodityFlowNetwork_files/icon_SysML Block Definition Diagram_1080813915.svg" name="FlowNetwork" refid="_18_4_1_412017e_1480430006088_181173_22517"/><diagram classType="Diagram" humanType="Diagram" icon="CommodityFlowNetwork_files/icon_SysML Internal Block Diagram_1195506736.svg" name="FlowNetwork" refid="_18_5_1_412017e_1513362123385_20245_41390"/></appearsIn></connectorend></magicdraw>