<?xml version="1.0" encoding="UTF-8"?><magicdraw><instancespecification classType="InstanceSpecification" humanType="Instance Specification" icon="CommodityFlowNetwork_files/icon_instancespecification_777113684.svg" id="_18_5_1_412017e_1535121508956_497272_71725"><classifier humanName="Classifier" mode="s,e"><stereotype classType="Stereotype" humanType="Stereotype" icon="CommodityFlowNetwork_files/icon_stereotype_918606013.svg" name="ItemFlow" refid="_11_0_be00301_1147691436170_978680_223"/></classifier><documentation humanName="Documentation"/><name humanName="Name" mode="s,e"/><owner classType="InformationFlow" humanName="Owner" humanType="ItemFlow" icon="CommodityFlowNetwork_files/icon_itemflow_82517097.svg" isRelationship="true" mode="s,e" name="commodityFlow" refid="_18_5_1_412017e_1535121508932_359928_71724"/><qualifiedName humanName="Qualified Name" mode="e">CommodityFlowNetwork::commodityFlow::</qualifiedName><stereotypedElement classType="InformationFlow" humanName="Stereotyped Element" humanType="ItemFlow" icon="CommodityFlowNetwork_files/icon_itemflow_82517097.svg" isRelationship="true" name="commodityFlow" refid="_18_5_1_412017e_1535121508932_359928_71724"/><TO_DO humanName="To Do" mode="s,e"/><visibility humanName="Visibility">public</visibility></instancespecification></magicdraw>