<?xml version="1.0" encoding="UTF-8"?><magicdraw><itemflow classType="InformationFlow" humanType="ItemFlow" icon="CommodityFlowNetwork_files/icon_itemflow_82517097.svg" id="_18_5_1_412017e_1535121508932_359928_71724"><APPLIED_STEREOTYPES humanName="Applied Stereotype" mode="s,e"><stereotype classType="Stereotype" humanType="Stereotype" icon="CommodityFlowNetwork_files/icon_stereotype_918606013.svg" name="ItemFlow" refid="_11_0_be00301_1147691436170_978680_223"/></APPLIED_STEREOTYPES><appliedStereotype humanName="Applied Stereotype" mode="s,e"><stereotype classType="Stereotype" humanType="Stereotype" icon="CommodityFlowNetwork_files/icon_stereotype_918606013.svg" name="ItemFlow" refid="_11_0_be00301_1147691436170_978680_223"><property classType="Property" humanName="Base_ Information Flow" humanType="Property" icon="CommodityFlowNetwork_files/icon_property_1683334053.svg" name="base_InformationFlow" refid="_11_0_be00301_1147691438774_3965_226"/><property classType="Property" humanName="Item Property" humanType="Property" icon="CommodityFlowNetwork_files/icon_property_1683334053.svg" name="itemProperty" refid="_11_0_be00301_1147691540730_304440_319"/></stereotype></appliedStereotype><appliedStereotypeInstance classType="InstanceSpecification" humanName="Applied Stereotype Instance" humanType="Instance Specification" icon="CommodityFlowNetwork_files/icon_instancespecification_777113684.svg" name=" : SysML::Ports&amp;Flows::ItemFlow" refid="_18_5_1_412017e_1535121508956_497272_71725"/><conveyed humanName="Conveyed" mode="s,e"><block classType="Class" humanType="Block" icon="CommodityFlowNetwork_files/icon_block_1211948370.svg" name="Commodity" refid="_18_4_1_412017e_1480431603356_207384_23063"/></conveyed><documentation humanName="Documentation"/><informationSource humanName="Information Source" mode="s,e"><partproperty classType="Property" humanType="Part Property" icon="CommodityFlowNetwork_files/icon_partproperty_1666480939.svg" name="flowNode" refid="_18_5_1_412017e_1513192538972_225456_37849"/></informationSource><informationTarget humanName="Information Target" mode="s,e"><partproperty classType="Property" humanType="Part Property" icon="CommodityFlowNetwork_files/icon_partproperty_1666480939.svg" name="flowNode" refid="_18_5_1_412017e_1513192538972_225456_37849"/></informationTarget><name humanName="Name" mode="s,e">commodityFlow</name><namespace classType="Model" humanName="Namespace" humanType="Model" icon="CommodityFlowNetwork_files/icon_model_1095186369.svg" name="CommodityFlowNetwork" refid="_18_4_1_412017e_1480428197145_536891_21458"/><ownedElement humanName="Owned Element"><instancespecification classType="InstanceSpecification" humanType="Instance Specification" icon="CommodityFlowNetwork_files/icon_instancespecification_777113684.svg" name=" : SysML::Ports&amp;Flows::ItemFlow" refid="_18_5_1_412017e_1535121508956_497272_71725"/></ownedElement><owner classType="Model" humanName="Owner" humanType="Model" icon="CommodityFlowNetwork_files/icon_model_1095186369.svg" mode="s,e" name="CommodityFlowNetwork" refid="_18_4_1_412017e_1480428197145_536891_21458"/><owningPackage classType="Model" humanName="Owning Package" humanType="Model" icon="CommodityFlowNetwork_files/icon_model_1095186369.svg" name="CommodityFlowNetwork" refid="_18_4_1_412017e_1480428197145_536891_21458"/><qualifiedName humanName="Qualified Name">CommodityFlowNetwork::commodityFlow</qualifiedName><realizingConnector humanName="Realizing Connector"><connector classType="Connector" humanType="Connector" icon="CommodityFlowNetwork_files/icon_connector_43368234.svg" isRelationship="true" name="flowEdge" refid="_18_5_1_412017e_1513362143618_808921_41457"/></realizingConnector><relatedElement humanName="Related Element"><partproperty classType="Property" humanType="Part Property" icon="CommodityFlowNetwork_files/icon_partproperty_1666480939.svg" name="flowNode" refid="_18_5_1_412017e_1513192538972_225456_37849"/></relatedElement><source humanName="Source"><partproperty classType="Property" humanType="Part Property" icon="CommodityFlowNetwork_files/icon_partproperty_1666480939.svg" name="flowNode" refid="_18_5_1_412017e_1513192538972_225456_37849"/></source><target humanName="Target"><partproperty classType="Property" humanType="Part Property" icon="CommodityFlowNetwork_files/icon_partproperty_1666480939.svg" name="flowNode" refid="_18_5_1_412017e_1513192538972_225456_37849"/></target><TO_DO humanName="To Do" mode="s,e"/><visibility humanName="Visibility">public</visibility></itemflow></magicdraw>