<?xml version="1.0" encoding="UTF-8"?><magicdraw><generalization classType="Generalization" humanType="Generalization" icon="CommodityFlowNetwork_files/icon_generalization_1149747394.svg" id="_18_5_1_412017e_1513191125461_489181_37823"><documentation humanName="Documentation"/><general classType="Association" humanName="General" humanType="Association" icon="CommodityFlowNetwork_files/icon_association_1938847993.svg" isRelationship="true" mode="s,e" name="Association[parentNetwork:CommodityFlowNetwork::Network - edge:CommodityFlowNetwork::NetworkLink]" refid="_18_5_1_412017e_1513190219530_677714_37059"/><isSubstitutable humanName="Is Substitutable">true</isSubstitutable><owner classType="Association" humanName="Owner" humanType="Association" icon="CommodityFlowNetwork_files/icon_association_1938847993.svg" isRelationship="true" mode="s,e" name="Association[parentFlowNetwork:CommodityFlowNetwork::FlowNetwork - flowEdge:CommodityFlowNetwork::FlowNetworkLink]" refid="_18_5_1_412017e_1513191078480_865032_37790"/><relatedElement humanName="Related Element"><association classType="Association" humanType="Association" icon="CommodityFlowNetwork_files/icon_association_1938847993.svg" isRelationship="true" name="Association[parentFlowNetwork:CommodityFlowNetwork::FlowNetwork - flowEdge:CommodityFlowNetwork::FlowNetworkLink]" refid="_18_5_1_412017e_1513191078480_865032_37790"/><association classType="Association" humanType="Association" icon="CommodityFlowNetwork_files/icon_association_1938847993.svg" isRelationship="true" name="Association[parentNetwork:CommodityFlowNetwork::Network - edge:CommodityFlowNetwork::NetworkLink]" refid="_18_5_1_412017e_1513190219530_677714_37059"/></relatedElement><source humanName="Source"><association classType="Association" humanType="Association" icon="CommodityFlowNetwork_files/icon_association_1938847993.svg" isRelationship="true" name="Association[parentFlowNetwork:CommodityFlowNetwork::FlowNetwork - flowEdge:CommodityFlowNetwork::FlowNetworkLink]" refid="_18_5_1_412017e_1513191078480_865032_37790"/></source><specific classType="Association" humanName="Specific" humanType="Association" icon="CommodityFlowNetwork_files/icon_association_1938847993.svg" isRelationship="true" mode="s,e" name="Association[parentFlowNetwork:CommodityFlowNetwork::FlowNetwork - flowEdge:CommodityFlowNetwork::FlowNetworkLink]" refid="_18_5_1_412017e_1513191078480_865032_37790"/><target humanName="Target"><association classType="Association" humanType="Association" icon="CommodityFlowNetwork_files/icon_association_1938847993.svg" isRelationship="true" name="Association[parentNetwork:CommodityFlowNetwork::Network - edge:CommodityFlowNetwork::NetworkLink]" refid="_18_5_1_412017e_1513190219530_677714_37059"/></target><TO_DO humanName="To Do" mode="s,e"/></generalization></magicdraw>