<?xml version="1.0" encoding="UTF-8"?><magicdraw><generalization classType="Generalization" humanType="Generalization" icon="CommodityFlowNetwork_files/icon_generalization_1702478809.svg" id="_18_5_1_412017e_1569951121409_567866_21766"><documentation humanName="Documentation"/><general classType="Class" humanName="General" humanType="Block" icon="CommodityFlowNetwork_files/icon_block_517352490.svg" mode="s,e" name="FlowNetworkElement" refid="_18_5_1_412017e_1569950967170_559775_21717"/><isSubstitutable humanName="Is Substitutable">true</isSubstitutable><owner classType="AssociationClass" humanName="Owner" humanType="Block" icon="CommodityFlowNetwork_files/icon_block_517352490.svg" isRelationship="true" mode="s,e" name="FlowNetworkLink" refid="_18_5_1_412017e_1513191054925_696549_37680"/><relatedElement humanName="Related Element"><block classType="Class" humanType="Block" icon="CommodityFlowNetwork_files/icon_block_517352490.svg" name="FlowNetworkElement" refid="_18_5_1_412017e_1569950967170_559775_21717"/><block classType="AssociationClass" humanType="Block" icon="CommodityFlowNetwork_files/icon_block_517352490.svg" isRelationship="true" name="FlowNetworkLink" refid="_18_5_1_412017e_1513191054925_696549_37680"/></relatedElement><source humanName="Source"><block classType="AssociationClass" humanType="Block" icon="CommodityFlowNetwork_files/icon_block_517352490.svg" isRelationship="true" name="FlowNetworkLink" refid="_18_5_1_412017e_1513191054925_696549_37680"/></source><specific classType="AssociationClass" humanName="Specific" humanType="Block" icon="CommodityFlowNetwork_files/icon_block_517352490.svg" isRelationship="true" mode="s,e" name="FlowNetworkLink" refid="_18_5_1_412017e_1513191054925_696549_37680"/><target humanName="Target"><block classType="Class" humanType="Block" icon="CommodityFlowNetwork_files/icon_block_517352490.svg" name="FlowNetworkElement" refid="_18_5_1_412017e_1569950967170_559775_21717"/></target><TO_DO humanName="To Do" mode="s,e"/><appearsIn><diagram classType="Diagram" humanType="Diagram" icon="CommodityFlowNetwork_files/icon_SysML Block Definition Diagram_1080813915.svg" name="CommodityFlowNetworkOverview" refid="_18_5_1_412017e_1563536593786_365035_22477"/><diagram classType="Diagram" humanType="Diagram" icon="CommodityFlowNetwork_files/icon_SysML Block Definition Diagram_1080813915.svg" name="FlowNetwork" refid="_18_4_1_412017e_1480430006088_181173_22517"/></appearsIn></generalization></magicdraw>