<?xml version="1.0" encoding="UTF-8"?><magicdraw><instancespecification classType="InstanceSpecification" humanType="Instance Specification" icon="CommodityFlowNetwork_files/icon_instancespecification_13643661.svg" id="_18_5_1_412017e_1513345209058_341827_40018"><classifier humanName="Classifier" mode="s,e"><stereotype classType="Stereotype" humanType="Stereotype" icon="CommodityFlowNetwork_files/icon_stereotype_1617153476.svg" name="ParticipantProperty" refid="_15_0_be00301_1204738438075_92104_1078"/></classifier><documentation humanName="Documentation"/><name humanName="Name" mode="s,e"/><ownedElement humanName="Owned Element"><slot classType="Slot" humanType="Slot" icon="CommodityFlowNetwork_files/icon_slot_1477912881.svg" refid="_19_0_3_412017e_1592328169255_812013_13444"/></ownedElement><owner classType="Property" humanName="Owner" humanType="Participant Property" icon="CommodityFlowNetwork_files/icon_participantproperty_1617153476.svg" mode="s,e" name="predecessor" refid="_18_5_1_412017e_1513345209058_707014_40017"/><qualifiedName humanName="Qualified Name" mode="e">CommodityFlowNetwork::SequencingLink::predecessor::</qualifiedName><slot humanName="Slot"><slot classType="Slot" humanType="Slot" icon="CommodityFlowNetwork_files/icon_slot_1477912881.svg" refid="_19_0_3_412017e_1592328169255_812013_13444"/></slot><stereotypedElement classType="Property" humanName="Stereotyped Element" humanType="Participant Property" icon="CommodityFlowNetwork_files/icon_participantproperty_1617153476.svg" name="predecessor" refid="_18_5_1_412017e_1513345209058_707014_40017"/><TO_DO humanName="To Do" mode="s,e"/><visibility humanName="Visibility">public</visibility></instancespecification></magicdraw>