<?xml version="1.0" encoding="UTF-8"?><magicdraw><callbehavioraction classType="CallBehaviorAction" humanType="Call Behavior Action" icon="CommodityFlowNetwork_files/icon_callbehavioraction_66845334.svg" id="_18_5_1_412017e_1528286997772_422135_41685"><activity classType="Activity" humanName="Activity" humanType="Activity" icon="CommodityFlowNetwork_files/icon_activity_1996581403.svg" name="ProcessNetwork" refid="_18_4_1_412017e_1490794010074_822948_28228"/><argument humanName="Argument"><inputpin classType="InputPin" humanType="Input Pin" icon="CommodityFlowNetwork_files/icon_inputpin_562685863.svg" name="inputs" refid="_18_5_1_412017e_1528287007615_612697_41699"/></argument><behavior classType="Activity" humanName="Behavior" humanType="Activity" icon="CommodityFlowNetwork_files/icon_activity_1996581403.svg" mode="s,e" name="ProcessNetwork" refid="_18_4_1_412017e_1490794010074_822948_28228"/><documentation humanName="Documentation"/><input humanName="Input"><inputpin classType="InputPin" humanType="Input Pin" icon="CommodityFlowNetwork_files/icon_inputpin_562685863.svg" name="inputs" refid="_18_5_1_412017e_1528287007615_612697_41699"/></input><isLeaf humanName="Is Leaf">false</isLeaf><isLocallyReentrant humanName="Is Locally Reentrant ">false</isLocallyReentrant><isSynchronous humanName="Is Synchronous" mode="e">true</isSynchronous><name humanName="Name" mode="s,e">processNode</name><output humanName="Output"><outputpin classType="OutputPin" humanType="Output Pin" icon="CommodityFlowNetwork_files/icon_outputpin_168870325.svg" name="outputs" refid="_18_5_1_412017e_1528288058644_679292_41978"/></output><ownedElement humanName="Owned Element"><inputpin classType="InputPin" humanType="Input Pin" icon="CommodityFlowNetwork_files/icon_inputpin_562685863.svg" name="inputs" refid="_18_5_1_412017e_1528287007615_612697_41699"/><outputpin classType="OutputPin" humanType="Output Pin" icon="CommodityFlowNetwork_files/icon_outputpin_168870325.svg" name="outputs" refid="_18_5_1_412017e_1528288058644_679292_41978"/></ownedElement><owner classType="Activity" humanName="Owner" humanType="Activity" icon="CommodityFlowNetwork_files/icon_activity_1996581403.svg" mode="s,e" name="ProcessNetwork" refid="_18_4_1_412017e_1490794010074_822948_28228"/><qualifiedName humanName="Qualified Name" mode="e">CommodityFlowNetwork::ProcessNetwork::processNode</qualifiedName><result humanName="Result"><outputpin classType="OutputPin" humanType="Output Pin" icon="CommodityFlowNetwork_files/icon_outputpin_168870325.svg" name="outputs" refid="_18_5_1_412017e_1528288058644_679292_41978"/></result><TO_DO humanName="To Do" mode="s,e"/><visibility humanName="Visibility">public</visibility></callbehavioraction></magicdraw>