<?xml version="1.0" encoding="UTF-8"?><magicdraw><literalinteger classType="LiteralInteger" humanType="Literal Integer" icon="CommodityFlowNetwork_files/icon_literalinteger_795693038.svg" id="_18_5_1_412017e_1513193849439_562308_38000"><documentation humanName="Documentation"/><name humanName="Name"/><owner classType="Property" humanName="Owner" humanType="Part Property" icon="CommodityFlowNetwork_files/icon_partproperty_1926583019.svg" mode="e" name="flowEdge" refid="_18_5_1_412017e_1513191078480_901416_37791"/><owningLower classType="Property" humanName="Owning Lower" humanType="Part Property" icon="CommodityFlowNetwork_files/icon_partproperty_1926583019.svg" name="flowEdge" refid="_18_5_1_412017e_1513191078480_901416_37791"/><qualifiedName humanName="Qualified Name">CommodityFlowNetwork::FlowNetwork::flowEdge::</qualifiedName><text humanName="Text" mode="standard">0</text><TO_DO humanName="To Do"/><TYPE_MODIFIER humanName="Type Modifier"/><value humanName="Value" mode="s,e">0</value><visibility humanName="Visibility">public</visibility></literalinteger></magicdraw>