<?xml version="1.0" encoding="UTF-8"?><magicdraw><instancespecification classType="InstanceSpecification" humanType="Instance Specification" icon="CommodityFlowNetwork_files/icon_instancespecification_777113684.svg" id="_18_4_1_412017e_1490186121815_224052_33129"><classifier humanName="Classifier" mode="s,e"><stereotype classType="Stereotype" humanType="Stereotype" icon="CommodityFlowNetwork_files/icon_stereotype_1963421064.svg" name="ValueProperty" refid="_12_0_be00301_1164123483951_695645_2041"/></classifier><documentation humanName="Documentation"/><name humanName="Name" mode="s,e"/><owner classType="Property" humanName="Owner" humanType="Value Property" icon="CommodityFlowNetwork_files/icon_valueproperty_1963421064.svg" mode="s,e" name="measure" refid="_18_4_1_412017e_1490186121808_887895_33128"/><qualifiedName humanName="Qualified Name" mode="e">CommodityFlowNetwork::IdentifiableElement::measure::</qualifiedName><stereotypedElement classType="Property" humanName="Stereotyped Element" humanType="Value Property" icon="CommodityFlowNetwork_files/icon_valueproperty_1963421064.svg" name="measure" refid="_18_4_1_412017e_1490186121808_887895_33128"/><TO_DO humanName="To Do" mode="s,e"/><visibility humanName="Visibility">public</visibility></instancespecification></magicdraw>