<?xml version="1.0" encoding="UTF-8"?><magicdraw><literalinteger classType="LiteralInteger" humanType="Literal Integer" icon="CommodityFlowNetwork_files/icon_literalinteger_795693038.svg" id="_18_5_1_412017e_1563370746230_532338_21578"><documentation humanName="Documentation"/><name humanName="Name"/><owner classType="Property" humanName="Owner" humanType="Reference Property" icon="CommodityFlowNetwork_files/icon_referenceproperty_1886598880.svg" mode="e" name="consumedBy" refid="_18_5_1_412017e_1563369652447_38498_21437"/><owningLower classType="Property" humanName="Owning Lower" humanType="Reference Property" icon="CommodityFlowNetwork_files/icon_referenceproperty_1886598880.svg" name="consumedBy" refid="_18_5_1_412017e_1563369652447_38498_21437"/><qualifiedName humanName="Qualified Name">CommodityFlowNetwork::Commodity::consumedBy::</qualifiedName><text humanName="Text" mode="standard">1</text><TO_DO humanName="To Do"/><TYPE_MODIFIER humanName="Type Modifier"/><value humanName="Value" mode="s,e">1</value><visibility humanName="Visibility">public</visibility></literalinteger></magicdraw>