<?xml version="1.0" encoding="UTF-8"?><magicdraw><instancespecification classType="InstanceSpecification" humanType="Instance Specification" icon="CommodityFlowNetwork_files/icon_instancespecification_13643661.svg" id="_18_5_1_412017e_1570105871472_999566_22667"><classifier humanName="Classifier" mode="s,e"><stereotype classType="Stereotype" humanType="Stereotype" icon="CommodityFlowNetwork_files/icon_stereotype_517352490.svg" name="Block" refid="_11_5EAPbeta_be00301_1147424179914_458922_958"/></classifier><documentation humanName="Documentation"/><name humanName="Name" mode="s,e"/><owner classType="Class" humanName="Owner" humanType="Block" icon="CommodityFlowNetwork_files/icon_block_517352490.svg" mode="s,e" name="NetworkElement" refid="_18_5_1_412017e_1570105871470_979385_22666"/><qualifiedName humanName="Qualified Name" mode="e">CommodityFlowNetwork::NetworkElement::</qualifiedName><stereotypedElement classType="Class" humanName="Stereotyped Element" humanType="Block" icon="CommodityFlowNetwork_files/icon_block_517352490.svg" name="NetworkElement" refid="_18_5_1_412017e_1570105871470_979385_22666"/><TO_DO humanName="To Do" mode="s,e"/><visibility humanName="Visibility">public</visibility></instancespecification></magicdraw>