<?xml version="1.0" encoding="UTF-8"?><magicdraw><literalunlimitednatural classType="LiteralUnlimitedNatural" humanType="Literal Unlimited Natural" icon="CommodityFlowNetwork_files/icon_literalunlimitednatural_43931884.svg" id="_18_5_1_412017e_1528289494877_941335_42160"><documentation humanName="Documentation"/><name humanName="Name"/><owner classType="Parameter" humanName="Owner" humanType="Parameter" icon="CommodityFlowNetwork_files/icon_parameter_1196200241.svg" mode="e" name="inputs" refid="_18_5_1_412017e_1526663814487_924785_39254"/><owningUpper classType="Parameter" humanName="Owning Upper" humanType="Parameter" icon="CommodityFlowNetwork_files/icon_parameter_1196200241.svg" name="inputs" refid="_18_5_1_412017e_1526663814487_924785_39254"/><qualifiedName humanName="Qualified Name">CommodityFlowNetwork::ProcessNetwork::inputs::</qualifiedName><text humanName="Text" mode="standard">*</text><TO_DO humanName="To Do"/><TYPE_MODIFIER humanName="Type Modifier"/><value humanName="Value" mode="s,e">-1</value><visibility humanName="Visibility">public</visibility></literalunlimitednatural></magicdraw>