<?xml version="1.0" encoding="UTF-8"?><magicdraw><literalinteger classType="LiteralInteger" humanType="Literal Integer" icon="CommodityFlowNetwork_files/icon_literalinteger_795693038.svg" id="_18_4_1_412017e_1480449724640_563474_25992"><documentation humanName="Documentation"/><name humanName="Name"/><owner classType="Property" humanName="Owner" humanType="Reference Property" icon="CommodityFlowNetwork_files/icon_referenceproperty_857976599.svg" mode="e" name="parentProcessNetwork" refid="_18_4_1_412017e_1480449704985_231240_25973"/><owningLower classType="Property" humanName="Owning Lower" humanType="Reference Property" icon="CommodityFlowNetwork_files/icon_referenceproperty_857976599.svg" name="parentProcessNetwork" refid="_18_4_1_412017e_1480449704985_231240_25973"/><qualifiedName humanName="Qualified Name">CommodityFlowNetwork::ProcessNetwork::parentProcessNetwork::</qualifiedName><text humanName="Text" mode="standard">0</text><TO_DO humanName="To Do"/><TYPE_MODIFIER humanName="Type Modifier"/><value humanName="Value" mode="s,e">0</value><visibility humanName="Visibility">public</visibility></literalinteger></magicdraw>