<?xml version="1.0" encoding="UTF-8"?><magicdraw><slot classType="Slot" humanType="Slot" icon="CommodityFlowNetwork_files/icon_slot_1477912881.svg" id="_19_0_3_412017e_1592328169251_385636_13408"><definingFeature classType="Property" humanName="Defining Feature" humanType="Property" icon="CommodityFlowNetwork_files/icon_property_1353393023.svg" mode="s,e" name="hyperlinkTextActive" refid="_622020d_1063089736310_68488_2"/><documentation humanName="Documentation"/><ownedElement humanName="Owned Element"><literalstring classType="LiteralString" humanType="Literal String" icon="CommodityFlowNetwork_files/icon_literalstring_741790983.svg" name="open://specification" refid="_19_0_3_412017e_1592328169251_241617_13409" text="open://specification"/></ownedElement><owner classType="InstanceSpecification" humanName="Owner" humanType="Instance Specification" icon="CommodityFlowNetwork_files/icon_instancespecification_13643661.svg" mode="s,e" name=" : MD Customization for SysML::additional_stereotypes::PartProperty, UML Standard Profile::MagicDraw Profile::HyperlinkOwner" refid="_18_5_1_412017e_1536337796123_725229_77886"/><owningInstance classType="InstanceSpecification" humanName="Owning Instance" humanType="Instance Specification" icon="CommodityFlowNetwork_files/icon_instancespecification_13643661.svg" name=" : MD Customization for SysML::additional_stereotypes::PartProperty, UML Standard Profile::MagicDraw Profile::HyperlinkOwner" refid="_18_5_1_412017e_1536337796123_725229_77886"/><TO_DO humanName="To Do" mode="s,e"/><value humanName="Value" mode="s,e"><literalstring classType="LiteralString" humanType="Literal String" icon="CommodityFlowNetwork_files/icon_literalstring_741790983.svg" name="open://specification" refid="_19_0_3_412017e_1592328169251_241617_13409" text="open://specification"/></value></slot></magicdraw>