<?xml version="1.0" encoding="UTF-8"?><magicdraw><elementvalue classType="ElementValue" humanType="Element Value" icon="CommodityFlowNetwork_files/icon_elementvalue_1943464669.svg" id="_19_0_3_412017e_1592328169251_264014_13411"><documentation humanName="Documentation"/><element classType="Connector" humanName="Element" humanType="Connector" icon="CommodityFlowNetwork_files/icon_connector_1226298219.svg" isRelationship="true" mode="s,e" name="edge" refid="_18_5_1_412017e_1513264357871_360474_39528"/><name humanName="Name"/><owner classType="Slot" humanName="Owner" humanType="Slot" icon="CommodityFlowNetwork_files/icon_slot_1477912881.svg" mode="e" refid="_19_0_3_412017e_1592328169251_897067_13410"/><owningSlot classType="Slot" humanName="Owning Slot" humanType="Slot" icon="CommodityFlowNetwork_files/icon_slot_1477912881.svg" refid="_19_0_3_412017e_1592328169251_897067_13410"/><qualifiedName humanName="Qualified Name"/><text humanName="Text" mode="standard">edge</text><TO_DO humanName="To Do"/><TYPE_MODIFIER humanName="Type Modifier"/><visibility humanName="Visibility">public</visibility></elementvalue></magicdraw>