<?xml version="1.0" encoding="UTF-8"?><magicdraw><slot classType="Slot" humanType="Slot" icon="CommodityFlowNetwork_files/icon_slot_1477912881.svg" id="_19_0_3_412017e_1592328169250_15872_13400"><definingFeature classType="Property" humanName="Defining Feature" humanType="Property" icon="CommodityFlowNetwork_files/icon_property_1353393023.svg" mode="s,e" name="Creation date" refid="_be00301_1073306188629_537791_2"/><documentation humanName="Documentation"/><ownedElement humanName="Owned Element"><literalstring classType="LiteralString" humanType="Literal String" icon="CommodityFlowNetwork_files/icon_literalstring_741790983.svg" name="12/14/17 10:09 AM" refid="_19_0_3_412017e_1592328169251_968288_13401" text="12/14/17 10:09 AM"/></ownedElement><owner classType="InstanceSpecification" humanName="Owner" humanType="Instance Specification" icon="CommodityFlowNetwork_files/icon_instancespecification_13643661.svg" mode="s,e" name=" : UML Standard Profile::MagicDraw Profile::DiagramInfo" refid="_18_5_1_412017e_1513264180114_517941_39262"/><owningInstance classType="InstanceSpecification" humanName="Owning Instance" humanType="Instance Specification" icon="CommodityFlowNetwork_files/icon_instancespecification_13643661.svg" name=" : UML Standard Profile::MagicDraw Profile::DiagramInfo" refid="_18_5_1_412017e_1513264180114_517941_39262"/><TO_DO humanName="To Do" mode="s,e"/><value humanName="Value" mode="s,e"><literalstring classType="LiteralString" humanType="Literal String" icon="CommodityFlowNetwork_files/icon_literalstring_741790983.svg" name="12/14/17 10:09 AM" refid="_19_0_3_412017e_1592328169251_968288_13401" text="12/14/17 10:09 AM"/></value></slot></magicdraw>