<?xml version="1.0" encoding="UTF-8"?><magicdraw><slot classType="Slot" humanType="Slot" icon="CommodityFlowNetwork_files/icon_slot_1477912881.svg" id="_19_0_3_412017e_1592328169252_796999_13414"><definingFeature classType="Property" humanName="Defining Feature" humanType="Property" icon="CommodityFlowNetwork_files/icon_property_1353393023.svg" mode="s,e" name="end" refid="_15_0_be00301_1204738481567_357511_1156"/><documentation humanName="Documentation"/><ownedElement humanName="Owned Element"><elementvalue classType="ElementValue" humanType="Element Value" icon="CommodityFlowNetwork_files/icon_elementvalue_1943464669.svg" name="endNetwork1" refid="_19_0_3_412017e_1592328169252_173330_13415" text="endNetwork1"/></ownedElement><owner classType="InstanceSpecification" humanName="Owner" humanType="Instance Specification" icon="CommodityFlowNetwork_files/icon_instancespecification_13643661.svg" mode="s,e" name=" : SysML::Blocks::ParticipantProperty" refid="_18_5_1_412017e_1513190186994_656336_37010"/><owningInstance classType="InstanceSpecification" humanName="Owning Instance" humanType="Instance Specification" icon="CommodityFlowNetwork_files/icon_instancespecification_13643661.svg" name=" : SysML::Blocks::ParticipantProperty" refid="_18_5_1_412017e_1513190186994_656336_37010"/><TO_DO humanName="To Do" mode="s,e"/><value humanName="Value" mode="s,e"><elementvalue classType="ElementValue" humanType="Element Value" icon="CommodityFlowNetwork_files/icon_elementvalue_1943464669.svg" name="endNetwork1" refid="_19_0_3_412017e_1592328169252_173330_13415" text="endNetwork1"/></value></slot></magicdraw>