<?xml version="1.0" encoding="UTF-8"?><magicdraw><literalstring classType="LiteralString" humanType="Literal String" icon="CommodityFlowNetwork_files/icon_literalstring_741790983.svg" id="_19_0_3_412017e_1592328169249_86201_13377"><documentation humanName="Documentation"/><name humanName="Name"/><owner classType="Slot" humanName="Owner" humanType="Slot" icon="CommodityFlowNetwork_files/icon_slot_1477912881.svg" mode="e" refid="_19_0_3_412017e_1592328169249_255103_13376"/><owningSlot classType="Slot" humanName="Owning Slot" humanType="Slot" icon="CommodityFlowNetwork_files/icon_slot_1477912881.svg" refid="_19_0_3_412017e_1592328169249_255103_13376"/><qualifiedName humanName="Qualified Name"/><text humanName="Text" mode="standard">11/29/16 2:48 PM</text><TO_DO humanName="To Do"/><TYPE_MODIFIER humanName="Type Modifier"/><value humanName="Value" mode="s,e">11/29/16 2:48 PM</value><visibility humanName="Visibility">public</visibility></literalstring></magicdraw>