<?xml version="1.0" encoding="UTF-8"?><magicdraw><slot classType="Slot" humanType="Slot" icon="CommodityFlowNetwork_files/icon_slot_1477912881.svg" id="_19_0_3_412017e_1592328169252_708059_13426"><definingFeature classType="Property" humanName="Defining Feature" humanType="Property" icon="CommodityFlowNetwork_files/icon_property_1353393023.svg" mode="s,e" name="direction" refid="_11_0_be00301_1147683111009_567035_99"/><documentation humanName="Documentation"/><ownedElement humanName="Owned Element"><instancevalue classType="InstanceValue" humanType="Instance Value" icon="CommodityFlowNetwork_files/icon_instancevalue_1459661744.svg" name="out" refid="_19_0_3_412017e_1592328169252_199044_13427" text="out"/></ownedElement><owner classType="InstanceSpecification" humanName="Owner" humanType="Instance Specification" icon="CommodityFlowNetwork_files/icon_instancespecification_13643661.svg" mode="s,e" name=" : SysML::Ports&amp;Flows::FlowProperty" refid="_18_5_1_412017e_1516804357024_215886_35125"/><owningInstance classType="InstanceSpecification" humanName="Owning Instance" humanType="Instance Specification" icon="CommodityFlowNetwork_files/icon_instancespecification_13643661.svg" name=" : SysML::Ports&amp;Flows::FlowProperty" refid="_18_5_1_412017e_1516804357024_215886_35125"/><TO_DO humanName="To Do" mode="s,e"/><value humanName="Value" mode="s,e"><instancevalue classType="InstanceValue" humanType="Instance Value" icon="CommodityFlowNetwork_files/icon_instancevalue_1459661744.svg" name="out" refid="_19_0_3_412017e_1592328169252_199044_13427" text="out"/></value></slot></magicdraw>