<?xml version="1.0" encoding="UTF-8"?><magicdraw><slot classType="Slot" humanType="Slot" icon="CommodityFlowNetwork_files/icon_slot_1477912881.svg" id="_19_0_3_412017e_1592328169251_897067_13410"><definingFeature classType="Property" humanName="Defining Feature" humanType="Property" icon="CommodityFlowNetwork_files/icon_property_1353393023.svg" mode="s,e" name="principal" refid="_17_0_5beta_17530432_1382596491310_305696_13440"/><documentation humanName="Documentation"/><ownedElement humanName="Owned Element"><elementvalue classType="ElementValue" humanType="Element Value" icon="CommodityFlowNetwork_files/icon_elementvalue_1943464669.svg" name="edge" refid="_19_0_3_412017e_1592328169251_264014_13411" text="edge"/></ownedElement><owner classType="InstanceSpecification" humanName="Owner" humanType="Instance Specification" icon="CommodityFlowNetwork_files/icon_instancespecification_13643661.svg" mode="s,e" name=" : SysML::Blocks::AdjunctProperty" refid="_18_5_1_412017e_1513298909293_461487_39641"/><owningInstance classType="InstanceSpecification" humanName="Owning Instance" humanType="Instance Specification" icon="CommodityFlowNetwork_files/icon_instancespecification_13643661.svg" name=" : SysML::Blocks::AdjunctProperty" refid="_18_5_1_412017e_1513298909293_461487_39641"/><TO_DO humanName="To Do" mode="s,e"/><value humanName="Value" mode="s,e"><elementvalue classType="ElementValue" humanType="Element Value" icon="CommodityFlowNetwork_files/icon_elementvalue_1943464669.svg" name="edge" refid="_19_0_3_412017e_1592328169251_264014_13411" text="edge"/></value></slot></magicdraw>