<?xml version="1.0" encoding="UTF-8"?><magicdraw><instancevalue classType="InstanceValue" humanType="Instance Value" icon="CommodityFlowNetwork_files/icon_instancevalue_1459661744.svg" id="_19_0_3_412017e_1592328169252_447335_13425"><documentation humanName="Documentation"/><instance classType="EnumerationLiteral" humanName="Instance" humanType="Enumeration Literal" icon="CommodityFlowNetwork_files/icon_enumerationliteral_533766696.svg" mode="s,e" name="in" refid="_11_0_be00301_1147682907476_320772_1"/><name humanName="Name"/><owner classType="Slot" humanName="Owner" humanType="Slot" icon="CommodityFlowNetwork_files/icon_slot_1477912881.svg" refid="_19_0_3_412017e_1592328169252_345958_13424"/><owningSlot classType="Slot" humanName="Owning Slot" humanType="Slot" icon="CommodityFlowNetwork_files/icon_slot_1477912881.svg" refid="_19_0_3_412017e_1592328169252_345958_13424"/><qualifiedName humanName="Qualified Name" mode="e"/><text humanName="Text" mode="standard">in</text><TO_DO humanName="To Do"/><TYPE_MODIFIER humanName="Type Modifier"/><visibility humanName="Visibility">public</visibility></instancevalue></magicdraw>