<?xml version="1.0" encoding="UTF-8"?><magicdraw><elementvalue classType="ElementValue" humanType="Element Value" icon="CommodityFlowNetwork_files/icon_elementvalue_1943464669.svg" id="_19_0_3_412017e_1592328169252_758243_13413"><documentation humanName="Documentation"/><element classType="Property" humanName="Element" humanType="Reference Property" icon="CommodityFlowNetwork_files/icon_referenceproperty_879942551.svg" mode="s,e" name="endNetwork2" refid="_18_5_1_412017e_1513190186908_343394_36953"/><name humanName="Name"/><owner classType="Slot" humanName="Owner" humanType="Slot" icon="CommodityFlowNetwork_files/icon_slot_1477912881.svg" mode="e" refid="_19_0_3_412017e_1592328169251_819062_13412"/><owningSlot classType="Slot" humanName="Owning Slot" humanType="Slot" icon="CommodityFlowNetwork_files/icon_slot_1477912881.svg" refid="_19_0_3_412017e_1592328169251_819062_13412"/><qualifiedName humanName="Qualified Name"/><text humanName="Text" mode="standard">endNetwork2</text><TO_DO humanName="To Do"/><TYPE_MODIFIER humanName="Type Modifier"/><visibility humanName="Visibility">public</visibility></elementvalue></magicdraw>