<?xml version="1.0" encoding="UTF-8"?><magicdraw><slot classType="Slot" humanType="Slot" icon="CommodityFlowNetwork_files/icon_slot_1477912881.svg" id="_19_0_3_412017e_1592328169250_295173_13384"><definingFeature classType="Property" humanName="Defining Feature" humanType="Property" icon="CommodityFlowNetwork_files/icon_property_1353393023.svg" mode="s,e" name="Creation date" refid="_be00301_1073306188629_537791_2"/><documentation humanName="Documentation"/><ownedElement humanName="Owned Element"><literalstring classType="LiteralString" humanType="Literal String" icon="CommodityFlowNetwork_files/icon_literalstring_741790983.svg" name="3/6/20 8:00 AM" refid="_19_0_3_412017e_1592328169250_556508_13385" text="3/6/20 8:00 AM"/></ownedElement><owner classType="InstanceSpecification" humanName="Owner" humanType="Instance Specification" icon="CommodityFlowNetwork_files/icon_instancespecification_13643661.svg" mode="s,e" name=" : UML Standard Profile::MagicDraw Profile::DiagramInfo, UML Standard Profile::MagicDraw Profile::complete" refid="_18_5_1_412017e_1583499600246_550129_20134"/><owningInstance classType="InstanceSpecification" humanName="Owning Instance" humanType="Instance Specification" icon="CommodityFlowNetwork_files/icon_instancespecification_13643661.svg" name=" : UML Standard Profile::MagicDraw Profile::DiagramInfo, UML Standard Profile::MagicDraw Profile::complete" refid="_18_5_1_412017e_1583499600246_550129_20134"/><TO_DO humanName="To Do" mode="s,e"/><value humanName="Value" mode="s,e"><literalstring classType="LiteralString" humanType="Literal String" icon="CommodityFlowNetwork_files/icon_literalstring_741790983.svg" name="3/6/20 8:00 AM" refid="_19_0_3_412017e_1592328169250_556508_13385" text="3/6/20 8:00 AM"/></value></slot></magicdraw>