<?xml version="1.0" encoding="UTF-8"?><magicdraw><elementvalue classType="ElementValue" humanType="Element Value" icon="CommodityFlowNetwork_files/icon_elementvalue_1943464669.svg" id="_19_0_3_412017e_1592328169252_474691_13429"><documentation humanName="Documentation"/><element classType="Property" humanName="Element" humanType="Reference Property" icon="CommodityFlowNetwork_files/icon_referenceproperty_879942551.svg" mode="s,e" name="sourceFlowNetwork" refid="_18_5_1_412017e_1513191054925_531915_37681"/><name humanName="Name"/><owner classType="Slot" humanName="Owner" humanType="Slot" icon="CommodityFlowNetwork_files/icon_slot_1477912881.svg" mode="e" refid="_19_0_3_412017e_1592328169252_477702_13428"/><owningSlot classType="Slot" humanName="Owning Slot" humanType="Slot" icon="CommodityFlowNetwork_files/icon_slot_1477912881.svg" refid="_19_0_3_412017e_1592328169252_477702_13428"/><qualifiedName humanName="Qualified Name"/><text humanName="Text" mode="standard">sourceFlowNetwork</text><TO_DO humanName="To Do"/><TYPE_MODIFIER humanName="Type Modifier"/><visibility humanName="Visibility">public</visibility></elementvalue></magicdraw>