<?xml version="1.0" encoding="UTF-8"?><magicdraw><literalstring classType="LiteralString" humanType="Literal String" icon="CommodityFlowNetwork_files/icon_literalstring_741790983.svg" id="_19_0_3_412017e_1592328169251_968288_13401"><documentation humanName="Documentation"/><name humanName="Name"/><owner classType="Slot" humanName="Owner" humanType="Slot" icon="CommodityFlowNetwork_files/icon_slot_1477912881.svg" mode="e" refid="_19_0_3_412017e_1592328169250_15872_13400"/><owningSlot classType="Slot" humanName="Owning Slot" humanType="Slot" icon="CommodityFlowNetwork_files/icon_slot_1477912881.svg" refid="_19_0_3_412017e_1592328169250_15872_13400"/><qualifiedName humanName="Qualified Name"/><text humanName="Text" mode="standard">12/14/17 10:09 AM</text><TO_DO humanName="To Do"/><TYPE_MODIFIER humanName="Type Modifier"/><value humanName="Value" mode="s,e">12/14/17 10:09 AM</value><visibility humanName="Visibility">public</visibility></literalstring></magicdraw>