<?xml version="1.0" encoding="UTF-8"?><magicdraw><diagram classType="Diagram" diagramType="SysML Block Definition Diagram" height="319" humanType="Diagram" icon="DiscreteEventLogisticsSystems_files/icon_SysML Block Definition Diagram_1080813915.svg" id="_17_0_4_2_937029c_1470406267102_377701_30637" src="DiscreteEventLogisticsSystems_files/_17_0_4_2_937029c_1470406267102_377701_30637.svg" width="762"><APPLIED_STEREOTYPES humanName="Applied Stereotype" mode="s,e"><stereotype classType="Stereotype" humanType="Stereotype" icon="DiscreteEventLogisticsSystems_files/icon_stereotype_918307166.svg" name="complete" refid="_19_0_1_8ca0285_1532415865804_574455_4606"/><stereotype classType="Stereotype" humanType="Stereotype" icon="DiscreteEventLogisticsSystems_files/icon_stereotype_918307166.svg" name="DiagramInfo" refid="_9_0_be00301_1108044380615_150487_0"/></APPLIED_STEREOTYPES><appliedStereotype humanName="Applied Stereotype" mode="s,e"><stereotype classType="Stereotype" humanType="Stereotype" icon="DiscreteEventLogisticsSystems_files/icon_stereotype_918307166.svg" name="complete" refid="_19_0_1_8ca0285_1532415865804_574455_4606"><property classType="Property" humanName="Base_ Diagram" humanType="Property" icon="DiscreteEventLogisticsSystems_files/icon_property_1353393023.svg" name="base_Diagram" refid="_19_0_1_8ca0285_1532415878123_281673_4613"/></stereotype><stereotype classType="Stereotype" humanType="Stereotype" icon="DiscreteEventLogisticsSystems_files/icon_stereotype_918307166.svg" name="DiagramInfo" refid="_9_0_be00301_1108044380615_150487_0"><property classType="Property" humanName="Author" humanType="Property" icon="DiscreteEventLogisticsSystems_files/icon_property_1353393023.svg" name="Author" refid="_be00301_1077726770128_871366_1"><String>sproct</String></property><property classType="Property" humanName="Base_ Diagram" humanType="Property" icon="DiscreteEventLogisticsSystems_files/icon_property_1353393023.svg" name="base_Diagram" refid="_10_0EAPbeta_be00301_1123081772498_901864_356"/><property classType="Property" humanName="Base_ Element" humanType="Property" icon="DiscreteEventLogisticsSystems_files/icon_property_1353393023.svg" name="base_Element" refid="_10_0EAPbeta_be00301_1123081772098_411862_275"/><property classType="Property" humanName="Creation Date" humanType="Property" icon="DiscreteEventLogisticsSystems_files/icon_property_1353393023.svg" name="Creation date" refid="_be00301_1073306188629_537791_2"><String>8/5/16 10:11 AM</String></property><property classType="Property" humanName="Last modified by" humanType="Property" icon="DiscreteEventLogisticsSystems_files/icon_property_1353393023.svg" name="Last modified by" refid="_16_8beta_8ca0285_1257244649124_794756_344"><String>tas5</String></property><property classType="Property" humanName="Modification Date" humanType="Property" icon="DiscreteEventLogisticsSystems_files/icon_property_1353393023.svg" name="Modification date" refid="_be00301_1073394345322_922552_1"><String>6/16/20 1:19 PM</String></property></stereotype></appliedStereotype><appliedStereotypeInstance classType="InstanceSpecification" humanName="Applied Stereotype Instance" humanType="Instance Specification" icon="DiscreteEventLogisticsSystems_files/icon_instancespecification_13643661.svg" name=" : UML Standard Profile::MagicDraw Profile::DiagramInfo, UML Standard Profile::MagicDraw Profile::complete" refid="_17_0_4_2_937029c_1470406267106_163903_30648"/><documentation humanName="Documentation"/><map><area isNotContentShape="false" name="Reference Property containedResources" refid="_17_0_4_2_937029c_1470406961702_880577_30952" shape="rect" type="0"><point x="2640" y="800"/><point x="2684" y="800"/><point x="2684" y="844"/><point x="2640" y="844"/></area><area isNotContentShape="false" name="Property authorizesExecuting" refid="_17_0_4_2_937029c_1477488020387_277324_17243" shape="rect" type="0"><point x="612" y="800"/><point x="656" y="800"/><point x="656" y="844"/><point x="612" y="844"/></area><area isNotContentShape="false" name="Reference Property targetProduct" refid="_17_0_4_2_937029c_1469212574918_976468_18624" shape="rect" type="0"><point x="1500" y="276"/><point x="1544" y="276"/><point x="1544" y="320"/><point x="1500" y="320"/></area><area isNotContentShape="false" name="Reference Property requiredByProduct" refid="_18_5_1_412017e_1539954492662_205868_73702" shape="rect" type="0"><point x="1716" y="616"/><point x="1760" y="616"/><point x="1760" y="660"/><point x="1716" y="660"/></area><area isNotContentShape="false" name="Property requiredByProcess" refid="_18_5_1_412017e_1523469728267_30411_42786" shape="rect" type="0"><point x="1148" y="1072"/><point x="1192" y="1072"/><point x="1192" y="1116"/><point x="1148" y="1116"/></area><area isNotContentShape="false" name="Property creates" refid="_18_5_1_412017e_1539978337353_342976_58732" shape="rect" type="0"><point x="1500" y="512"/><point x="1544" y="512"/><point x="1544" y="556"/><point x="1500" y="556"/></area><area isNotContentShape="false" name="Reference Property isLocatedIn" refid="_17_0_4_2_937029c_1470406961703_708429_30953" shape="rect" type="0"><point x="2640" y="336"/><point x="2684" y="336"/><point x="2684" y="380"/><point x="2640" y="380"/></area><area isNotContentShape="false" name="Property authorizedBy" refid="_17_0_4_2_937029c_1477488020388_117156_17244" shape="rect" type="0"><point x="612" y="476"/><point x="656" y="476"/><point x="656" y="520"/><point x="612" y="520"/></area><area isNotContentShape="false" name="Reference Property authorizedBy" refid="_17_0_4_2_937029c_1469212574919_691473_18625" shape="rect" type="0"><point x="756" y="276"/><point x="800" y="276"/><point x="800" y="320"/><point x="756" y="320"/></area><area isNotContentShape="false" name="Reference Property requiredInputResources" refid="_18_5_1_412017e_1539954461860_728928_73696" shape="rect" type="0"><point x="2340" y="920"/><point x="2384" y="920"/><point x="2384" y="964"/><point x="2340" y="964"/></area><area isNotContentShape="false" name="Property requiredInputResources" refid="_18_5_1_412017e_1523469581124_995013_42783" shape="rect" type="0"><point x="2340" y="1072"/><point x="2384" y="1072"/><point x="2384" y="1116"/><point x="2340" y="1116"/></area><area isNotContentShape="false" name="Property createdBy" refid="_18_5_1_412017e_1539970021754_532740_58497" shape="rect" type="0"><point x="988" y="800"/><point x="1032" y="800"/><point x="1032" y="844"/><point x="988" y="844"/></area><area isNotContentShape="false" name="Property creates" refid="_18_5_1_412017e_1539978337353_342976_58732" shape="rect" type="0"><point x="1336" y="464"/><point x="1532" y="464"/><point x="1532" y="524"/><point x="1336" y="524"/></area><area isNotContentShape="false" name="Property createdBy" refid="_18_5_1_412017e_1539970021754_532740_58497" shape="rect" type="0"><point x="760" y="776"/><point x="1000" y="776"/><point x="1000" y="832"/><point x="760" y="832"/></area><area isNotContentShape="false" name="Reference Property isLocatedIn" refid="_17_0_4_2_937029c_1470406961703_708429_30953" shape="rect" type="0"><point x="2352" y="348"/><point x="2652" y="348"/><point x="2652" y="408"/><point x="2352" y="408"/></area><area isNotContentShape="false" name="Property authorizedBy" refid="_17_0_4_2_937029c_1477488020388_117156_17244" shape="rect" type="0"><point x="284" y="488"/><point x="624" y="488"/><point x="624" y="548"/><point x="284" y="548"/></area><area isNotContentShape="false" name="Reference Property authorizedBy" refid="_17_0_4_2_937029c_1469212574919_691473_18625" shape="rect" type="0"><point x="768" y="228"/><point x="1108" y="228"/><point x="1108" y="288"/><point x="768" y="288"/></area><area isNotContentShape="false" name="Reference Property targetProduct" refid="_17_0_4_2_937029c_1469212574918_976468_18624" shape="rect" type="0"><point x="1176" y="228"/><point x="1532" y="228"/><point x="1532" y="288"/><point x="1176" y="288"/></area><area isNotContentShape="false" name="Reference Property requiredByProduct" refid="_18_5_1_412017e_1539954492662_205868_73702" shape="rect" type="0"><point x="1256" y="628"/><point x="1728" y="628"/><point x="1728" y="688"/><point x="1256" y="688"/></area><area isNotContentShape="false" name="Property requiredByProcess" refid="_18_5_1_412017e_1523469728267_30411_42786" shape="rect" type="0"><point x="1160" y="1024"/><point x="1636" y="1024"/><point x="1636" y="1084"/><point x="1160" y="1084"/></area><area isNotContentShape="false" name="Reference Property containedResources" refid="_17_0_4_2_937029c_1470406961702_880577_30952" shape="rect" type="0"><point x="2128" y="700"/><point x="2644" y="700"/><point x="2644" y="760"/><point x="2128" y="760"/></area><area isNotContentShape="false" name="Property authorizesExecuting" refid="_17_0_4_2_937029c_1477488020387_277324_17243" shape="rect" type="0"><point x="104" y="772"/><point x="624" y="772"/><point x="624" y="832"/><point x="104" y="832"/></area><area isNotContentShape="false" name="Reference Property requiredInputResources" refid="_18_5_1_412017e_1539954461860_728928_73696" shape="rect" type="0"><point x="1756" y="872"/><point x="2372" y="872"/><point x="2372" y="932"/><point x="1756" y="932"/></area><area isNotContentShape="false" name="Property requiredInputResources" refid="_18_5_1_412017e_1523469581124_995013_42783" shape="rect" type="0"><point x="1756" y="1024"/><point x="2372" y="1024"/><point x="2372" y="1084"/><point x="1756" y="1084"/></area><area isNotContentShape="false" name="Association" refid="_17_0_4_2_937029c_1477488020387_341334_17242" shape="poly" type="0"><point x="636" y="836"/><point x="636" y="472"/><point x="628" y="480"/><point x="628" y="844"/></area><area isNotContentShape="false" name="Association" refid="_17_0_4_2_937029c_1470406961702_388472_30951" shape="poly" type="0"><point x="2664" y="836"/><point x="2664" y="332"/><point x="2656" y="340"/><point x="2656" y="844"/></area><area isNotContentShape="false" name="Association" refid="_18_5_1_412017e_1539978337353_722351_58731" shape="poly" type="0"><point x="1544" y="528"/><point x="1012" y="528"/><point x="1012" y="836"/><point x="1004" y="844"/><point x="1004" y="536"/><point x="1536" y="536"/></area><area isNotContentShape="false" name="Association" refid="_18_5_1_412017e_1539954492662_654790_73701" shape="poly" type="0"><point x="1740" y="612"/><point x="1740" y="936"/><point x="2384" y="936"/><point x="2376" y="944"/><point x="1732" y="944"/><point x="1732" y="620"/></area><area isNotContentShape="false" name="Association" refid="_17_0_4_2_937029c_1469212574918_141844_18623" shape="poly" type="0"><point x="1544" y="292"/><point x="760" y="292"/><point x="752" y="300"/><point x="1536" y="300"/></area><area isNotContentShape="false" name="Association" refid="_18_5_1_412017e_1523469728267_562174_42785" shape="poly" type="0"><point x="1152" y="1088"/><point x="2384" y="1088"/><point x="2376" y="1096"/><point x="1144" y="1096"/></area><area isNotContentShape="false" name="Block Facility" refid="_17_0_4_2_937029c_1470406946565_442659_30927" shape="rect" type="0"><point x="2520" y="196"/><point x="2744" y="196"/><point x="2744" y="340"/><point x="2520" y="340"/></area><area isNotContentShape="false" name="Block Task" refid="_18_0_2_f95033a_1445553609143_552244_21262" shape="rect" type="0"><point x="308" y="196"/><point x="760" y="196"/><point x="760" y="480"/><point x="308" y="480"/></area><area isNotContentShape="false" name="Block Product" refid="_17_0_4_2_937029c_1469191616424_55074_17823" shape="rect" type="0"><point x="1540" y="196"/><point x="2104" y="196"/><point x="2104" y="620"/><point x="1540" y="620"/></area><area isNotContentShape="false" name="Block Resource" refid="_18_0_2_f95033a_1444426522779_308554_21292" shape="rect" type="0"><point x="2380" y="840"/><point x="2952" y="840"/><point x="2952" y="1180"/><point x="2380" y="1180"/></area><area isNotContentShape="false" name="Activity Process" refid="_18_4_1_412017e_1490794719441_381967_28457" shape="rect" type="0"><point x="476" y="840"/><point x="1152" y="840"/><point x="1152" y="1180"/><point x="476" y="1180"/></area></map><name humanName="Name" mode="s,e">DELS_Ontology</name><namespace classType="Model" humanName="Namespace" humanType="Model" icon="DiscreteEventLogisticsSystems_files/icon_model_62531940.svg" name="DiscreteEventLogisticsSystems" refid="_18_0_2_f95033a_1415043921451_496524_18951"/><ownedElement humanName="Owned Element"><instancespecification classType="InstanceSpecification" humanType="Instance Specification" icon="DiscreteEventLogisticsSystems_files/icon_instancespecification_13643661.svg" name=" : UML Standard Profile::MagicDraw Profile::DiagramInfo, UML Standard Profile::MagicDraw Profile::complete" refid="_17_0_4_2_937029c_1470406267106_163903_30648"/></ownedElement><owner classType="Model" humanName="Owner" humanType="Model" icon="DiscreteEventLogisticsSystems_files/icon_model_62531940.svg" mode="s,e" name="DiscreteEventLogisticsSystems" refid="_18_0_2_f95033a_1415043921451_496524_18951"/><ownerOfDiagram classType="Model" humanName="Owner Of Diagram" humanType="Model" icon="DiscreteEventLogisticsSystems_files/icon_model_62531940.svg" name="DiscreteEventLogisticsSystems" refid="_18_0_2_f95033a_1415043921451_496524_18951"/><qualifiedName humanName="Qualified Name" mode="e">DiscreteEventLogisticsSystems::DELS_Ontology</qualifiedName><TO_DO humanName="To Do" mode="s,e"/><DIAGRAM_TYPE_DERIVED_PROPERTY humanName="Type">SysML Block Definition Diagram</DIAGRAM_TYPE_DERIVED_PROPERTY><visibility humanName="Visibility">public</visibility></diagram></magicdraw>