<?xml version="1.0" encoding="UTF-8"?><magicdraw><instancespecification classType="InstanceSpecification" humanType="Instance Specification" icon="DiscreteEventLogisticsSystems_files/icon_instancespecification_13643661.svg" id="_17_0_4_2_937029c_1470406267106_163903_30648"><classifier humanName="Classifier" mode="s,e"><stereotype classType="Stereotype" humanType="Stereotype" icon="DiscreteEventLogisticsSystems_files/icon_stereotype_918307166.svg" name="complete" refid="_19_0_1_8ca0285_1532415865804_574455_4606"/><stereotype classType="Stereotype" humanType="Stereotype" icon="DiscreteEventLogisticsSystems_files/icon_stereotype_918307166.svg" name="DiagramInfo" refid="_9_0_be00301_1108044380615_150487_0"/></classifier><documentation humanName="Documentation"/><name humanName="Name" mode="s,e"/><ownedElement humanName="Owned Element"><slot classType="Slot" humanType="Slot" icon="DiscreteEventLogisticsSystems_files/icon_slot_1477912881.svg" refid="_19_0_3_412017e_1592328421564_68855_13464"/><slot classType="Slot" humanType="Slot" icon="DiscreteEventLogisticsSystems_files/icon_slot_1477912881.svg" refid="_19_0_3_412017e_1592328421564_431006_13466"/><slot classType="Slot" humanType="Slot" icon="DiscreteEventLogisticsSystems_files/icon_slot_1477912881.svg" refid="_19_0_3_412017e_1592328421564_908194_13468"/><slot classType="Slot" humanType="Slot" icon="DiscreteEventLogisticsSystems_files/icon_slot_1477912881.svg" refid="_19_0_3_412017e_1592328421565_216200_13470"/></ownedElement><owner classType="Diagram" humanName="Owner" humanType="Diagram" icon="DiscreteEventLogisticsSystems_files/icon_SysML Block Definition Diagram_1080813915.svg" mode="s,e" name="DELS_Ontology" refid="_17_0_4_2_937029c_1470406267102_377701_30637"/><qualifiedName humanName="Qualified Name" mode="e">DiscreteEventLogisticsSystems::DELS_Ontology::</qualifiedName><slot humanName="Slot"><slot classType="Slot" humanType="Slot" icon="DiscreteEventLogisticsSystems_files/icon_slot_1477912881.svg" refid="_19_0_3_412017e_1592328421564_68855_13464"/><slot classType="Slot" humanType="Slot" icon="DiscreteEventLogisticsSystems_files/icon_slot_1477912881.svg" refid="_19_0_3_412017e_1592328421564_431006_13466"/><slot classType="Slot" humanType="Slot" icon="DiscreteEventLogisticsSystems_files/icon_slot_1477912881.svg" refid="_19_0_3_412017e_1592328421564_908194_13468"/><slot classType="Slot" humanType="Slot" icon="DiscreteEventLogisticsSystems_files/icon_slot_1477912881.svg" refid="_19_0_3_412017e_1592328421565_216200_13470"/></slot><stereotypedElement classType="Diagram" humanName="Stereotyped Element" humanType="Diagram" icon="DiscreteEventLogisticsSystems_files/icon_SysML Block Definition Diagram_1080813915.svg" name="DELS_Ontology" refid="_17_0_4_2_937029c_1470406267102_377701_30637"/><TO_DO humanName="To Do" mode="s,e"/><visibility humanName="Visibility">public</visibility></instancespecification></magicdraw>