<?xml version="1.0" encoding="UTF-8"?><magicdraw><block classType="Class" humanType="Block" icon="DiscreteEventLogisticsSystems_files/icon_block_1372204263.svg" id="_17_0_4_2_937029c_1470159622316_609372_30416"><allGeneralClassifiers humanName="All General Classifiers"><block classType="Class" humanType="Block" icon="DiscreteEventLogisticsSystems_files/icon_block_1372204263.svg" name="DiscreteStateResource" refid="_18_0_2_f95033a_1444422468984_77572_20641"/><block classType="Class" humanType="Block" icon="DiscreteEventLogisticsSystems_files/icon_block_1372204263.svg" name="Resource" refid="_18_0_2_f95033a_1444426522779_308554_21292"/></allGeneralClassifiers><APPLIED_STEREOTYPES humanName="Applied Stereotype" mode="e"><stereotype classType="Stereotype" humanType="Stereotype" icon="DiscreteEventLogisticsSystems_files/icon_stereotype_1372204263.svg" name="Block" refid="_11_5EAPbeta_be00301_1147424179914_458922_958"/></APPLIED_STEREOTYPES><appliedStereotype humanName="Applied Stereotype" mode="e"><stereotype classType="Stereotype" humanType="Stereotype" icon="DiscreteEventLogisticsSystems_files/icon_stereotype_1372204263.svg" name="Block" refid="_11_5EAPbeta_be00301_1147424179914_458922_958"><property classType="Property" humanName="Base_ Class" humanType="Property" icon="DiscreteEventLogisticsSystems_files/icon_property_1353393023.svg" name="base_Class" refid="_11_5EAPbeta_be00301_1147424181797_326831_961"/><property classType="Property" humanName="Is Encapsulated" humanType="Property" icon="DiscreteEventLogisticsSystems_files/icon_property_1353393023.svg" name="isEncapsulated" refid="_11_5EAPbeta_be00301_1147424201876_860708_1049"/></stereotype></appliedStereotype><appliedStereotypeInstance classType="InstanceSpecification" humanName="Applied Stereotype Instance" humanType="Instance Specification" icon="DiscreteEventLogisticsSystems_files/icon_instancespecification_13643661.svg" name=" : SysML::Blocks::Block" refid="_18_4_1_412017e_1490797437635_325558_32436"/><attribute humanName="Attribute"><valueproperty classType="Property" humanType="Value Property" icon="DiscreteEventLogisticsSystems_files/icon_valueproperty_1453643370.svg" name="CurrentLocation" refid="_18_0_2_f95033a_1444423291886_314655_20739"/></attribute><derivedExplanation humanName="Derived Explanation"/><documentation humanName="Documentation"/><effectiveIRI humanName="Effective IRI"/><feature humanName="Feature"><valueproperty classType="Property" humanType="Value Property" icon="DiscreteEventLogisticsSystems_files/icon_valueproperty_1453643370.svg" name="CurrentLocation" refid="_18_0_2_f95033a_1444423291886_314655_20739"/><operation classType="Operation" humanType="Operation" icon="DiscreteEventLogisticsSystems_files/icon_operation_1319832700.svg" name="queryState" refid="_18_0_2_f95033a_1444423263066_927318_20736"/><operation classType="Operation" humanType="Operation" icon="DiscreteEventLogisticsSystems_files/icon_operation_1319832700.svg" name="reposition" refid="_18_0_2_f95033a_1444423436867_938993_20746"/></feature><general humanName="General"><block classType="Class" humanType="Block" icon="DiscreteEventLogisticsSystems_files/icon_block_1372204263.svg" name="DiscreteStateResource" refid="_18_0_2_f95033a_1444422468984_77572_20641"/></general><generalization humanName="Generalization"><generalization classType="Generalization" humanType="Generalization" icon="DiscreteEventLogisticsSystems_files/icon_generalization_1702478809.svg" isRelationship="true" refid="_17_0_4_2_937029c_1470159636613_262555_30440"/></generalization><inheritedMember humanName="Inherited Member"><operation classType="Operation" humanType="Operation" icon="DiscreteEventLogisticsSystems_files/icon_operation_1319832700.svg" name="assignTask" refid="_18_5_1_412017e_1551568750639_197032_39436"/><operation classType="Operation" humanType="Operation" icon="DiscreteEventLogisticsSystems_files/icon_operation_1319832700.svg" name="changeState" refid="_18_0_2_f95033a_1444423229826_337601_20733"/><property classType="Property" humanType="Property" icon="DiscreteEventLogisticsSystems_files/icon_property_1353393023.svg" name="currentService" refid="_18_5_1_412017e_1530642405095_625697_41401"/><property classType="Property" humanType="Property" icon="DiscreteEventLogisticsSystems_files/icon_property_1353393023.svg" name="currentState" refid="_18_5_1_412017e_1551568587918_151154_39417"/><statemachine classType="StateMachine" humanType="State Machine" icon="DiscreteEventLogisticsSystems_files/icon_statemachine_1633923074.svg" name="DiscreteStateResourceModel" refid="_18_5_1_412017e_1536070188874_170060_76395"/><referenceproperty classType="Property" humanType="Reference Property" icon="DiscreteEventLogisticsSystems_files/icon_referenceproperty_1515069432.svg" name="isLocatedIn" refid="_17_0_4_2_937029c_1470406961703_708429_30953"/><valueproperty classType="Property" humanType="Value Property" icon="DiscreteEventLogisticsSystems_files/icon_valueproperty_1453643370.svg" name="measure" refid="_18_5_1_412017e_1536950347535_312772_78451"/><partproperty classType="Property" humanType="Part Property" icon="DiscreteEventLogisticsSystems_files/icon_partproperty_2110785692.svg" name="memberResource" refid="_18_5_1_412017e_1513347155049_478782_41077"/><valueproperty classType="Property" humanType="Value Property" icon="DiscreteEventLogisticsSystems_files/icon_valueproperty_1453643370.svg" name="operatingState" refid="_18_4_1_412017e_1490797540351_223025_32699"/><operation classType="Operation" humanType="Operation" icon="DiscreteEventLogisticsSystems_files/icon_operation_1319832700.svg" name="queryState" refid="_18_0_2_f95033a_1444423459720_336829_20749"/><connector classType="Connector" humanType="Connector" icon="DiscreteEventLogisticsSystems_files/icon_connector_1226298219.svg" isRelationship="true" name="relationshipBetween" refid="_18_5_1_412017e_1513346956625_907362_40932"/><property classType="Property" humanType="Property" icon="DiscreteEventLogisticsSystems_files/icon_property_1353393023.svg" name="requiredByProcess" refid="_18_5_1_412017e_1523469728267_30411_42786"/><referenceproperty classType="Property" humanType="Reference Property" icon="DiscreteEventLogisticsSystems_files/icon_referenceproperty_1515069432.svg" name="requiredByProduct" refid="_18_5_1_412017e_1539954492662_205868_73702"/><diagram classType="Diagram" humanType="Diagram" icon="DiscreteEventLogisticsSystems_files/icon_SysML Internal Block Diagram_1195506736.svg" name="Resource" refid="_18_5_1_412017e_1513346936785_578177_40834"/><referenceproperty classType="Property" humanType="Reference Property" icon="DiscreteEventLogisticsSystems_files/icon_referenceproperty_1515069432.svg" name="resourceGroup" refid="_18_5_1_412017e_1513347155050_88697_41078"/><valueproperty classType="Property" humanType="Value Property" icon="DiscreteEventLogisticsSystems_files/icon_valueproperty_1453643370.svg" name="utilization" refid="_18_5_1_412017e_1530281115319_747162_119629"/></inheritedMember><isAbstract humanName="Is Abstract">false</isAbstract><isActive humanName="Is Active" mode="e">false</isActive><isFinalSpecialization humanName="Is Final Specialization">false</isFinalSpecialization><isLeaf humanName="Is Leaf">false</isLeaf><member humanName="Member"><operation classType="Operation" humanType="Operation" icon="DiscreteEventLogisticsSystems_files/icon_operation_1319832700.svg" name="assignTask" refid="_18_5_1_412017e_1551568750639_197032_39436"/><operation classType="Operation" humanType="Operation" icon="DiscreteEventLogisticsSystems_files/icon_operation_1319832700.svg" name="changeState" refid="_18_0_2_f95033a_1444423229826_337601_20733"/><valueproperty classType="Property" humanType="Value Property" icon="DiscreteEventLogisticsSystems_files/icon_valueproperty_1453643370.svg" name="CurrentLocation" refid="_18_0_2_f95033a_1444423291886_314655_20739"/><property classType="Property" humanType="Property" icon="DiscreteEventLogisticsSystems_files/icon_property_1353393023.svg" name="currentService" refid="_18_5_1_412017e_1530642405095_625697_41401"/><property classType="Property" humanType="Property" icon="DiscreteEventLogisticsSystems_files/icon_property_1353393023.svg" name="currentState" refid="_18_5_1_412017e_1551568587918_151154_39417"/><statemachine classType="StateMachine" humanType="State Machine" icon="DiscreteEventLogisticsSystems_files/icon_statemachine_1633923074.svg" name="DiscreteStateResourceModel" refid="_18_5_1_412017e_1536070188874_170060_76395"/><referenceproperty classType="Property" humanType="Reference Property" icon="DiscreteEventLogisticsSystems_files/icon_referenceproperty_1515069432.svg" name="isLocatedIn" refid="_17_0_4_2_937029c_1470406961703_708429_30953"/><valueproperty classType="Property" humanType="Value Property" icon="DiscreteEventLogisticsSystems_files/icon_valueproperty_1453643370.svg" name="measure" refid="_18_5_1_412017e_1536950347535_312772_78451"/><partproperty classType="Property" humanType="Part Property" icon="DiscreteEventLogisticsSystems_files/icon_partproperty_2110785692.svg" name="memberResource" refid="_18_5_1_412017e_1513347155049_478782_41077"/><valueproperty classType="Property" humanType="Value Property" icon="DiscreteEventLogisticsSystems_files/icon_valueproperty_1453643370.svg" name="operatingState" refid="_18_4_1_412017e_1490797540351_223025_32699"/><operation classType="Operation" humanType="Operation" icon="DiscreteEventLogisticsSystems_files/icon_operation_1319832700.svg" name="queryState" refid="_18_0_2_f95033a_1444423263066_927318_20736"/><operation classType="Operation" humanType="Operation" icon="DiscreteEventLogisticsSystems_files/icon_operation_1319832700.svg" name="queryState" refid="_18_0_2_f95033a_1444423459720_336829_20749"/><connector classType="Connector" humanType="Connector" icon="DiscreteEventLogisticsSystems_files/icon_connector_1226298219.svg" isRelationship="true" name="relationshipBetween" refid="_18_5_1_412017e_1513346956625_907362_40932"/><operation classType="Operation" humanType="Operation" icon="DiscreteEventLogisticsSystems_files/icon_operation_1319832700.svg" name="reposition" refid="_18_0_2_f95033a_1444423436867_938993_20746"/><property classType="Property" humanType="Property" icon="DiscreteEventLogisticsSystems_files/icon_property_1353393023.svg" name="requiredByProcess" refid="_18_5_1_412017e_1523469728267_30411_42786"/><referenceproperty classType="Property" humanType="Reference Property" icon="DiscreteEventLogisticsSystems_files/icon_referenceproperty_1515069432.svg" name="requiredByProduct" refid="_18_5_1_412017e_1539954492662_205868_73702"/><diagram classType="Diagram" humanType="Diagram" icon="DiscreteEventLogisticsSystems_files/icon_SysML Internal Block Diagram_1195506736.svg" name="Resource" refid="_18_5_1_412017e_1513346936785_578177_40834"/><referenceproperty classType="Property" humanType="Reference Property" icon="DiscreteEventLogisticsSystems_files/icon_referenceproperty_1515069432.svg" name="resourceGroup" refid="_18_5_1_412017e_1513347155050_88697_41078"/><valueproperty classType="Property" humanType="Value Property" icon="DiscreteEventLogisticsSystems_files/icon_valueproperty_1453643370.svg" name="utilization" refid="_18_5_1_412017e_1530281115319_747162_119629"/></member><name humanName="Name" mode="s,e">MobileResource</name><namespace classType="Package" humanName="Namespace" humanType="Package" icon="DiscreteEventLogisticsSystems_files/icon_package_1622863652.svg" name="OZONEResourceDef" refid="_18_5_1_412017e_1580844778065_737164_25984"/><ownedAttribute humanName="Owned Attribute"><valueproperty classType="Property" humanType="Value Property" icon="DiscreteEventLogisticsSystems_files/icon_valueproperty_1453643370.svg" name="CurrentLocation" refid="_18_0_2_f95033a_1444423291886_314655_20739"/></ownedAttribute><ownedElement humanName="Owned Element"><generalization classType="Generalization" humanType="Generalization" icon="DiscreteEventLogisticsSystems_files/icon_generalization_1702478809.svg" isRelationship="true" refid="_17_0_4_2_937029c_1470159636613_262555_30440"/><instancespecification classType="InstanceSpecification" humanType="Instance Specification" icon="DiscreteEventLogisticsSystems_files/icon_instancespecification_13643661.svg" name=" : SysML::Blocks::Block" refid="_18_4_1_412017e_1490797437635_325558_32436"/><valueproperty classType="Property" humanType="Value Property" icon="DiscreteEventLogisticsSystems_files/icon_valueproperty_1453643370.svg" name="CurrentLocation" refid="_18_0_2_f95033a_1444423291886_314655_20739"/><operation classType="Operation" humanType="Operation" icon="DiscreteEventLogisticsSystems_files/icon_operation_1319832700.svg" name="queryState" refid="_18_0_2_f95033a_1444423263066_927318_20736"/><operation classType="Operation" humanType="Operation" icon="DiscreteEventLogisticsSystems_files/icon_operation_1319832700.svg" name="reposition" refid="_18_0_2_f95033a_1444423436867_938993_20746"/></ownedElement><ownedMember humanName="Owned Member"><valueproperty classType="Property" humanType="Value Property" icon="DiscreteEventLogisticsSystems_files/icon_valueproperty_1453643370.svg" name="CurrentLocation" refid="_18_0_2_f95033a_1444423291886_314655_20739"/><operation classType="Operation" humanType="Operation" icon="DiscreteEventLogisticsSystems_files/icon_operation_1319832700.svg" name="queryState" refid="_18_0_2_f95033a_1444423263066_927318_20736"/><operation classType="Operation" humanType="Operation" icon="DiscreteEventLogisticsSystems_files/icon_operation_1319832700.svg" name="reposition" refid="_18_0_2_f95033a_1444423436867_938993_20746"/></ownedMember><ownedOperation humanName="Owned Operation"><operation classType="Operation" humanType="Operation" icon="DiscreteEventLogisticsSystems_files/icon_operation_1319832700.svg" name="queryState" refid="_18_0_2_f95033a_1444423263066_927318_20736"/><operation classType="Operation" humanType="Operation" icon="DiscreteEventLogisticsSystems_files/icon_operation_1319832700.svg" name="reposition" refid="_18_0_2_f95033a_1444423436867_938993_20746"/></ownedOperation><owner classType="Package" humanName="Owner" humanType="Package" icon="DiscreteEventLogisticsSystems_files/icon_package_1622863652.svg" mode="s,e" name="OZONEResourceDef" refid="_18_5_1_412017e_1580844778065_737164_25984"/><owningPackage classType="Package" humanName="Owning Package" humanType="Package" icon="DiscreteEventLogisticsSystems_files/icon_package_1622863652.svg" name="OZONEResourceDef" refid="_18_5_1_412017e_1580844778065_737164_25984"/><package classType="Package" humanName="Package" humanType="Package" icon="DiscreteEventLogisticsSystems_files/icon_package_1622863652.svg" name="OZONEResourceDef" refid="_18_5_1_412017e_1580844778065_737164_25984"/><qualifiedName humanName="Qualified Name" mode="e">DiscreteEventLogisticsSystems::PLANT::Resource::OZONEResourceDef::MobileResource</qualifiedName><role humanName="Role"><valueproperty classType="Property" humanType="Value Property" icon="DiscreteEventLogisticsSystems_files/icon_valueproperty_1453643370.svg" name="CurrentLocation" refid="_18_0_2_f95033a_1444423291886_314655_20739"/></role><superClass humanName="Super Class"><block classType="Class" humanType="Block" icon="DiscreteEventLogisticsSystems_files/icon_block_1372204263.svg" name="DiscreteStateResource" refid="_18_0_2_f95033a_1444422468984_77572_20641"/></superClass><TO_DO humanName="To Do"/><visibility humanName="Visibility">public</visibility><appearsIn><diagram classType="Diagram" humanType="Diagram" icon="DiscreteEventLogisticsSystems_files/icon_SysML Block Definition Diagram_1080813915.svg" name="DELS_ResourceTaxonomy_CapacitatedDiscreteState" refid="_18_4_1_412017e_1490797096713_843266_31630"/></appearsIn></block></magicdraw>