<?xml version="1.0" encoding="UTF-8"?><magicdraw><generalization classType="Generalization" humanType="Generalization" icon="DiscreteEventLogisticsSystems_files/icon_generalization_1702478809.svg" id="_17_0_4_2_937029c_1469545390748_454497_20570"><documentation humanName="Documentation"/><general classType="Class" humanName="General" humanType="Block" icon="DiscreteEventLogisticsSystems_files/icon_block_1372204263.svg" mode="s,e" name="Resource" refid="_18_0_2_f95033a_1444426522779_308554_21292"/><isSubstitutable humanName="Is Substitutable">true</isSubstitutable><owner classType="Class" humanName="Owner" humanType="Block" icon="DiscreteEventLogisticsSystems_files/icon_block_1372204263.svg" mode="s,e" name="Equipment" refid="_17_0_4_2_937029c_1469545377697_997992_20549"/><relatedElement humanName="Related Element"><block classType="Class" humanType="Block" icon="DiscreteEventLogisticsSystems_files/icon_block_1372204263.svg" name="Equipment" refid="_17_0_4_2_937029c_1469545377697_997992_20549"/><block classType="Class" humanType="Block" icon="DiscreteEventLogisticsSystems_files/icon_block_1372204263.svg" name="Resource" refid="_18_0_2_f95033a_1444426522779_308554_21292"/></relatedElement><source humanName="Source"><block classType="Class" humanType="Block" icon="DiscreteEventLogisticsSystems_files/icon_block_1372204263.svg" name="Equipment" refid="_17_0_4_2_937029c_1469545377697_997992_20549"/></source><specific classType="Class" humanName="Specific" humanType="Block" icon="DiscreteEventLogisticsSystems_files/icon_block_1372204263.svg" mode="s,e" name="Equipment" refid="_17_0_4_2_937029c_1469545377697_997992_20549"/><target humanName="Target"><block classType="Class" humanType="Block" icon="DiscreteEventLogisticsSystems_files/icon_block_1372204263.svg" name="Resource" refid="_18_0_2_f95033a_1444426522779_308554_21292"/></target><TO_DO humanName="To Do" mode="s,e"/><appearsIn><diagram classType="Diagram" humanType="Diagram" icon="DiscreteEventLogisticsSystems_files/icon_SysML Block Definition Diagram_1080813915.svg" name="DELS_ResourceTaxonomy_ISA95" refid="_18_5_1_412017e_1571753576470_458446_21533"/></appearsIn></generalization></magicdraw>