<?xml version="1.0" encoding="UTF-8"?><magicdraw><literalinteger classType="LiteralInteger" humanType="Literal Integer" icon="DiscreteEventLogisticsSystems_files/icon_literalinteger_213415401.svg" id="_17_0_4_2_937029c_1468431196723_284937_18722"><documentation humanName="Documentation"/><name humanName="Name"/><owner classType="Property" humanName="Owner" humanType="Reference Property" icon="DiscreteEventLogisticsSystems_files/icon_referenceproperty_1515069432.svg" mode="e" name="completedTasks" refid="_18_4_1_412017e_1497962819304_176330_32651"/><owningLower classType="Property" humanName="Owning Lower" humanType="Reference Property" icon="DiscreteEventLogisticsSystems_files/icon_referenceproperty_1515069432.svg" name="completedTasks" refid="_18_4_1_412017e_1497962819304_176330_32651"/><qualifiedName humanName="Qualified Name">DiscreteEventLogisticsSystems::DELS::completedTasks::</qualifiedName><text humanName="Text" mode="standard">0</text><TO_DO humanName="To Do"/><TYPE_MODIFIER humanName="Type Modifier"/><value humanName="Value" mode="s,e">0</value><visibility humanName="Visibility">public</visibility></literalinteger></magicdraw>