<?xml version="1.0" encoding="UTF-8"?><magicdraw><block classType="Class" humanType="Block" icon="DiscreteEventLogisticsSystems_files/icon_block_1372204263.svg" id="_17_0_4_2_937029c_1469545206719_172011_20515"><allGeneralClassifiers humanName="All General Classifiers"><block classType="Class" humanType="Block" icon="DiscreteEventLogisticsSystems_files/icon_block_1372204263.svg" name="Commodity" refid="_18_4_1_412017e_1480431603356_207384_23063"/><block classType="Class" humanType="Block" icon="DiscreteEventLogisticsSystems_files/icon_block_1372204263.svg" name="IdentifiableElement" refid="_18_5_1_412017e_1550599419049_374663_31602"/><block classType="Class" humanType="Block" icon="DiscreteEventLogisticsSystems_files/icon_block_1372204263.svg" name="PassiveResource" refid="_18_5_1_412017e_1522784001683_894147_38283"/><block classType="Class" humanType="Block" icon="DiscreteEventLogisticsSystems_files/icon_block_1372204263.svg" name="Resource" refid="_18_0_2_f95033a_1444426522779_308554_21292"/></allGeneralClassifiers><allSpecificClassifiers humanName="All Specific Classifiers"><block classType="Class" humanType="Block" icon="DiscreteEventLogisticsSystems_files/icon_block_1372204263.svg" name="AggregatedProduct" refid="_17_0_4_2_937029c_1469191784736_359826_17895"/><block classType="Class" humanType="Block" icon="DiscreteEventLogisticsSystems_files/icon_block_1372204263.svg" name="AssembledProduct" refid="_17_0_4_2_937029c_1469191671490_75676_17845"/><block classType="Class" humanType="Block" icon="DiscreteEventLogisticsSystems_files/icon_block_1372204263.svg" name="HeterogeneousAggregatedProduct" refid="_17_0_4_2_937029c_1469192320487_568093_18014"/><block classType="Class" humanType="Block" icon="DiscreteEventLogisticsSystems_files/icon_block_1372204263.svg" name="HomogeneousAggregatedProduct" refid="_17_0_4_2_937029c_1469192278886_493413_18010"/><block classType="Class" humanType="Block" icon="DiscreteEventLogisticsSystems_files/icon_block_1372204263.svg" name="Product" refid="_17_0_4_2_937029c_1469191616424_55074_17823"/></allSpecificClassifiers><APPLIED_STEREOTYPES humanName="Applied Stereotype" mode="e"><stereotype classType="Stereotype" humanType="Stereotype" icon="DiscreteEventLogisticsSystems_files/icon_stereotype_1372204263.svg" name="Block" refid="_11_5EAPbeta_be00301_1147424179914_458922_958"/></APPLIED_STEREOTYPES><appliedStereotype humanName="Applied Stereotype" mode="e"><stereotype classType="Stereotype" humanType="Stereotype" icon="DiscreteEventLogisticsSystems_files/icon_stereotype_1372204263.svg" name="Block" refid="_11_5EAPbeta_be00301_1147424179914_458922_958"><property classType="Property" humanName="Base_ Class" humanType="Property" icon="DiscreteEventLogisticsSystems_files/icon_property_1353393023.svg" name="base_Class" refid="_11_5EAPbeta_be00301_1147424181797_326831_961"/><property classType="Property" humanName="Is Encapsulated" humanType="Property" icon="DiscreteEventLogisticsSystems_files/icon_property_1353393023.svg" name="isEncapsulated" refid="_11_5EAPbeta_be00301_1147424201876_860708_1049"/></stereotype></appliedStereotype><appliedStereotypeInstance classType="InstanceSpecification" humanName="Applied Stereotype Instance" humanType="Instance Specification" icon="DiscreteEventLogisticsSystems_files/icon_instancespecification_13643661.svg" name=" : SysML::Blocks::Block" refid="_18_4_1_412017e_1490797437626_155400_32431"/><attribute humanName="Attribute"><referenceproperty classType="Property" humanType="Reference Property" icon="DiscreteEventLogisticsSystems_files/icon_referenceproperty_1515069432.svg" name="requiredBy" refid="_17_0_4_2_937029c_1469195805047_848734_18131"/></attribute><derivedExplanation humanName="Derived Explanation"/><documentation humanName="Documentation"/><effectiveIRI humanName="Effective IRI"/><feature humanName="Feature"><referenceproperty classType="Property" humanType="Reference Property" icon="DiscreteEventLogisticsSystems_files/icon_referenceproperty_1515069432.svg" name="requiredBy" refid="_17_0_4_2_937029c_1469195805047_848734_18131"/></feature><general humanName="General"><block classType="Class" humanType="Block" icon="DiscreteEventLogisticsSystems_files/icon_block_1372204263.svg" name="PassiveResource" refid="_18_5_1_412017e_1522784001683_894147_38283"/><block classType="Class" humanType="Block" icon="DiscreteEventLogisticsSystems_files/icon_block_1372204263.svg" name="Resource" refid="_18_0_2_f95033a_1444426522779_308554_21292"/></general><generalization humanName="Generalization"><generalization classType="Generalization" humanType="Generalization" icon="DiscreteEventLogisticsSystems_files/icon_generalization_1702478809.svg" isRelationship="true" refid="_17_0_4_2_937029c_1469545206743_110687_20516"/><generalization classType="Generalization" humanType="Generalization" icon="DiscreteEventLogisticsSystems_files/icon_generalization_1702478809.svg" isRelationship="true" refid="_18_5_1_412017e_1540297124500_932836_67069"/></generalization><inheritedMember humanName="Inherited Member"><block classType="Class" humanType="Block" icon="DiscreteEventLogisticsSystems_files/icon_block_1372204263.svg" name="CommodityType" refid="_18_5_1_412017e_1569952121489_428624_21797"/><partproperty classType="Property" humanType="Part Property" icon="DiscreteEventLogisticsSystems_files/icon_partproperty_2110785692.svg" name="component" refid="_18_4_1_412017e_1480431753998_457015_23127"/><referenceproperty classType="Property" humanType="Reference Property" icon="DiscreteEventLogisticsSystems_files/icon_referenceproperty_1515069432.svg" name="consumedBy" refid="_18_5_1_412017e_1563369652447_38498_21437"/><referenceproperty classType="Property" humanType="Reference Property" icon="DiscreteEventLogisticsSystems_files/icon_referenceproperty_1515069432.svg" name="flowingIn" refid="_18_5_1_412017e_1563369926860_988225_21498"/><valueproperty classType="Property" humanType="Value Property" icon="DiscreteEventLogisticsSystems_files/icon_valueproperty_1453643370.svg" name="instanceID" refid="_18_5_1_412017e_1550599541005_792237_31606"/><referenceproperty classType="Property" humanType="Reference Property" icon="DiscreteEventLogisticsSystems_files/icon_referenceproperty_1515069432.svg" name="isLocatedIn" refid="_17_0_4_2_937029c_1470406961703_708429_30953"/><valueproperty classType="Property" humanType="Value Property" icon="DiscreteEventLogisticsSystems_files/icon_valueproperty_1453643370.svg" name="label" refid="_18_4_1_412017e_1480428452786_373509_22094"/><valueproperty classType="Property" humanType="Value Property" icon="DiscreteEventLogisticsSystems_files/icon_valueproperty_1453643370.svg" name="measure" refid="_18_5_1_412017e_1536950347535_312772_78451"/><valueproperty classType="Property" humanType="Value Property" icon="DiscreteEventLogisticsSystems_files/icon_valueproperty_1453643370.svg" name="measure" refid="_18_4_1_412017e_1490186121808_887895_33128"/><partproperty classType="Property" humanType="Part Property" icon="DiscreteEventLogisticsSystems_files/icon_partproperty_2110785692.svg" name="memberResource" refid="_18_5_1_412017e_1513347155049_478782_41077"/><valueproperty classType="Property" humanType="Value Property" icon="DiscreteEventLogisticsSystems_files/icon_valueproperty_1453643370.svg" name="operatingState" refid="_18_4_1_412017e_1490797540351_223025_32699"/><referenceproperty classType="Property" humanType="Reference Property" icon="DiscreteEventLogisticsSystems_files/icon_referenceproperty_1515069432.svg" name="producedBy" refid="_18_5_1_412017e_1563369637763_628770_21414"/><connector classType="Connector" humanType="Connector" icon="DiscreteEventLogisticsSystems_files/icon_connector_1226298219.svg" isRelationship="true" name="relationshipBetween" refid="_18_5_1_412017e_1513346956625_907362_40932"/><property classType="Property" humanType="Property" icon="DiscreteEventLogisticsSystems_files/icon_property_1353393023.svg" name="requiredByProcess" refid="_18_5_1_412017e_1523469728267_30411_42786"/><referenceproperty classType="Property" humanType="Reference Property" icon="DiscreteEventLogisticsSystems_files/icon_referenceproperty_1515069432.svg" name="requiredByProduct" refid="_18_5_1_412017e_1539954492662_205868_73702"/><diagram classType="Diagram" humanType="Diagram" icon="DiscreteEventLogisticsSystems_files/icon_SysML Internal Block Diagram_1195506736.svg" name="Resource" refid="_18_5_1_412017e_1513346936785_578177_40834"/><referenceproperty classType="Property" humanType="Reference Property" icon="DiscreteEventLogisticsSystems_files/icon_referenceproperty_1515069432.svg" name="resourceGroup" refid="_18_5_1_412017e_1513347155050_88697_41078"/><valueproperty classType="Property" humanType="Value Property" icon="DiscreteEventLogisticsSystems_files/icon_valueproperty_1453643370.svg" name="state" refid="_18_4_1_412017e_1480431646482_860258_23087"/><referenceproperty classType="Property" humanType="Reference Property" icon="DiscreteEventLogisticsSystems_files/icon_referenceproperty_1515069432.svg" name="type" refid="_18_5_1_412017e_1569952203087_429196_21805"/><valueproperty classType="Property" humanType="Value Property" icon="DiscreteEventLogisticsSystems_files/icon_valueproperty_1453643370.svg" name="typeID" refid="_18_5_1_412017e_1570556303289_36837_24013"/><valueproperty classType="Property" humanType="Value Property" icon="DiscreteEventLogisticsSystems_files/icon_valueproperty_1453643370.svg" name="typeID" refid="_18_5_1_412017e_1550599573275_888863_31610"/><valueproperty classType="Property" humanType="Value Property" icon="DiscreteEventLogisticsSystems_files/icon_valueproperty_1453643370.svg" name="utilization" refid="_18_5_1_412017e_1530281115319_747162_119629"/></inheritedMember><isAbstract humanName="Is Abstract">false</isAbstract><isActive humanName="Is Active" mode="e">false</isActive><isFinalSpecialization humanName="Is Final Specialization">false</isFinalSpecialization><isLeaf humanName="Is Leaf">false</isLeaf><member humanName="Member"><block classType="Class" humanType="Block" icon="DiscreteEventLogisticsSystems_files/icon_block_1372204263.svg" name="CommodityType" refid="_18_5_1_412017e_1569952121489_428624_21797"/><partproperty classType="Property" humanType="Part Property" icon="DiscreteEventLogisticsSystems_files/icon_partproperty_2110785692.svg" name="component" refid="_18_4_1_412017e_1480431753998_457015_23127"/><referenceproperty classType="Property" humanType="Reference Property" icon="DiscreteEventLogisticsSystems_files/icon_referenceproperty_1515069432.svg" name="consumedBy" refid="_18_5_1_412017e_1563369652447_38498_21437"/><referenceproperty classType="Property" humanType="Reference Property" icon="DiscreteEventLogisticsSystems_files/icon_referenceproperty_1515069432.svg" name="flowingIn" refid="_18_5_1_412017e_1563369926860_988225_21498"/><valueproperty classType="Property" humanType="Value Property" icon="DiscreteEventLogisticsSystems_files/icon_valueproperty_1453643370.svg" name="instanceID" refid="_18_5_1_412017e_1550599541005_792237_31606"/><referenceproperty classType="Property" humanType="Reference Property" icon="DiscreteEventLogisticsSystems_files/icon_referenceproperty_1515069432.svg" name="isLocatedIn" refid="_17_0_4_2_937029c_1470406961703_708429_30953"/><valueproperty classType="Property" humanType="Value Property" icon="DiscreteEventLogisticsSystems_files/icon_valueproperty_1453643370.svg" name="label" refid="_18_4_1_412017e_1480428452786_373509_22094"/><valueproperty classType="Property" humanType="Value Property" icon="DiscreteEventLogisticsSystems_files/icon_valueproperty_1453643370.svg" name="measure" refid="_18_5_1_412017e_1536950347535_312772_78451"/><valueproperty classType="Property" humanType="Value Property" icon="DiscreteEventLogisticsSystems_files/icon_valueproperty_1453643370.svg" name="measure" refid="_18_4_1_412017e_1490186121808_887895_33128"/><partproperty classType="Property" humanType="Part Property" icon="DiscreteEventLogisticsSystems_files/icon_partproperty_2110785692.svg" name="memberResource" refid="_18_5_1_412017e_1513347155049_478782_41077"/><valueproperty classType="Property" humanType="Value Property" icon="DiscreteEventLogisticsSystems_files/icon_valueproperty_1453643370.svg" name="operatingState" refid="_18_4_1_412017e_1490797540351_223025_32699"/><referenceproperty classType="Property" humanType="Reference Property" icon="DiscreteEventLogisticsSystems_files/icon_referenceproperty_1515069432.svg" name="producedBy" refid="_18_5_1_412017e_1563369637763_628770_21414"/><connector classType="Connector" humanType="Connector" icon="DiscreteEventLogisticsSystems_files/icon_connector_1226298219.svg" isRelationship="true" name="relationshipBetween" refid="_18_5_1_412017e_1513346956625_907362_40932"/><referenceproperty classType="Property" humanType="Reference Property" icon="DiscreteEventLogisticsSystems_files/icon_referenceproperty_1515069432.svg" name="requiredBy" refid="_17_0_4_2_937029c_1469195805047_848734_18131"/><property classType="Property" humanType="Property" icon="DiscreteEventLogisticsSystems_files/icon_property_1353393023.svg" name="requiredByProcess" refid="_18_5_1_412017e_1523469728267_30411_42786"/><referenceproperty classType="Property" humanType="Reference Property" icon="DiscreteEventLogisticsSystems_files/icon_referenceproperty_1515069432.svg" name="requiredByProduct" refid="_18_5_1_412017e_1539954492662_205868_73702"/><diagram classType="Diagram" humanType="Diagram" icon="DiscreteEventLogisticsSystems_files/icon_SysML Internal Block Diagram_1195506736.svg" name="Resource" refid="_18_5_1_412017e_1513346936785_578177_40834"/><referenceproperty classType="Property" humanType="Reference Property" icon="DiscreteEventLogisticsSystems_files/icon_referenceproperty_1515069432.svg" name="resourceGroup" refid="_18_5_1_412017e_1513347155050_88697_41078"/><valueproperty classType="Property" humanType="Value Property" icon="DiscreteEventLogisticsSystems_files/icon_valueproperty_1453643370.svg" name="state" refid="_18_4_1_412017e_1480431646482_860258_23087"/><referenceproperty classType="Property" humanType="Reference Property" icon="DiscreteEventLogisticsSystems_files/icon_referenceproperty_1515069432.svg" name="type" refid="_18_5_1_412017e_1569952203087_429196_21805"/><valueproperty classType="Property" humanType="Value Property" icon="DiscreteEventLogisticsSystems_files/icon_valueproperty_1453643370.svg" name="typeID" refid="_18_5_1_412017e_1570556303289_36837_24013"/><valueproperty classType="Property" humanType="Value Property" icon="DiscreteEventLogisticsSystems_files/icon_valueproperty_1453643370.svg" name="typeID" refid="_18_5_1_412017e_1550599573275_888863_31610"/><valueproperty classType="Property" humanType="Value Property" icon="DiscreteEventLogisticsSystems_files/icon_valueproperty_1453643370.svg" name="utilization" refid="_18_5_1_412017e_1530281115319_747162_119629"/></member><name humanName="Name" mode="s,e">Material</name><namespace classType="Package" humanName="Namespace" humanType="Package" icon="DiscreteEventLogisticsSystems_files/icon_package_1622863652.svg" name="ISA95ResourceDef" refid="_17_0_4_2_937029c_1469545258746_517928_20518"/><ownedAttribute humanName="Owned Attribute"><referenceproperty classType="Property" humanType="Reference Property" icon="DiscreteEventLogisticsSystems_files/icon_referenceproperty_1515069432.svg" name="requiredBy" refid="_17_0_4_2_937029c_1469195805047_848734_18131"/></ownedAttribute><ownedElement humanName="Owned Element"><generalization classType="Generalization" humanType="Generalization" icon="DiscreteEventLogisticsSystems_files/icon_generalization_1702478809.svg" isRelationship="true" refid="_17_0_4_2_937029c_1469545206743_110687_20516"/><generalization classType="Generalization" humanType="Generalization" icon="DiscreteEventLogisticsSystems_files/icon_generalization_1702478809.svg" isRelationship="true" refid="_18_5_1_412017e_1540297124500_932836_67069"/><instancespecification classType="InstanceSpecification" humanType="Instance Specification" icon="DiscreteEventLogisticsSystems_files/icon_instancespecification_13643661.svg" name=" : SysML::Blocks::Block" refid="_18_4_1_412017e_1490797437626_155400_32431"/><referenceproperty classType="Property" humanType="Reference Property" icon="DiscreteEventLogisticsSystems_files/icon_referenceproperty_1515069432.svg" name="requiredBy" refid="_17_0_4_2_937029c_1469195805047_848734_18131"/></ownedElement><ownedMember humanName="Owned Member"><referenceproperty classType="Property" humanType="Reference Property" icon="DiscreteEventLogisticsSystems_files/icon_referenceproperty_1515069432.svg" name="requiredBy" refid="_17_0_4_2_937029c_1469195805047_848734_18131"/></ownedMember><owner classType="Package" humanName="Owner" humanType="Package" icon="DiscreteEventLogisticsSystems_files/icon_package_1622863652.svg" mode="s,e" name="ISA95ResourceDef" refid="_17_0_4_2_937029c_1469545258746_517928_20518"/><owningPackage classType="Package" humanName="Owning Package" humanType="Package" icon="DiscreteEventLogisticsSystems_files/icon_package_1622863652.svg" name="ISA95ResourceDef" refid="_17_0_4_2_937029c_1469545258746_517928_20518"/><package classType="Package" humanName="Package" humanType="Package" icon="DiscreteEventLogisticsSystems_files/icon_package_1622863652.svg" name="ISA95ResourceDef" refid="_17_0_4_2_937029c_1469545258746_517928_20518"/><qualifiedName humanName="Qualified Name" mode="e">DiscreteEventLogisticsSystems::PLANT::Resource::ISA95ResourceDef::Material</qualifiedName><role humanName="Role"><referenceproperty classType="Property" humanType="Reference Property" icon="DiscreteEventLogisticsSystems_files/icon_referenceproperty_1515069432.svg" name="requiredBy" refid="_17_0_4_2_937029c_1469195805047_848734_18131"/></role><specificClassifier humanName="Specific Classifier"><block classType="Class" humanType="Block" icon="DiscreteEventLogisticsSystems_files/icon_block_1372204263.svg" name="Product" refid="_17_0_4_2_937029c_1469191616424_55074_17823"/></specificClassifier><superClass humanName="Super Class"><block classType="Class" humanType="Block" icon="DiscreteEventLogisticsSystems_files/icon_block_1372204263.svg" name="PassiveResource" refid="_18_5_1_412017e_1522784001683_894147_38283"/><block classType="Class" humanType="Block" icon="DiscreteEventLogisticsSystems_files/icon_block_1372204263.svg" name="Resource" refid="_18_0_2_f95033a_1444426522779_308554_21292"/></superClass><TO_DO humanName="To Do"/><usedAsType humanName="Used As Type"><referenceproperty classType="Property" humanType="Reference Property" icon="DiscreteEventLogisticsSystems_files/icon_referenceproperty_1515069432.svg" name="billOfMaterial" refid="_17_0_4_2_937029c_1469195805047_218189_18130"/><property classType="Property" humanType="Property" icon="DiscreteEventLogisticsSystems_files/icon_property_1353393023.svg" name="materialCapability" refid="_17_0_4_2_937029c_1469545695248_357392_20753"/><property classType="Property" humanType="Property" icon="DiscreteEventLogisticsSystems_files/icon_property_1353393023.svg" name="materialCapability" refid="_17_0_4_2_937029c_1469545417723_373108_20576"/></usedAsType><visibility humanName="Visibility">public</visibility><appearsIn><diagram classType="Diagram" humanType="Diagram" icon="DiscreteEventLogisticsSystems_files/icon_SysML Block Definition Diagram_1080813915.svg" name="DELS_ResourceTaxonomy_ISA95" refid="_18_5_1_412017e_1571753576470_458446_21533"/><diagram classType="Diagram" humanType="Diagram" icon="DiscreteEventLogisticsSystems_files/icon_SysML Block Definition Diagram_1080813915.svg" name="DELS_Ontology_extended" refid="_18_5_1_412017e_1540296652000_628704_66263"/></appearsIn></block></magicdraw>