<?xml version="1.0" encoding="UTF-8"?><magicdraw><property classType="Property" humanType="Property" icon="DiscreteEventLogisticsSystems_files/icon_property_1353393023.svg" id="_17_0_4_2_937029c_1471893022464_99247_27632"><aggregation humanName="Aggregation" mode="s,e">none</aggregation><association classType="Association" humanName="Association" humanType="Association" icon="DiscreteEventLogisticsSystems_files/icon_association_866202742.svg" isRelationship="true" name="Association[parentRefFrame:DiscreteEventLogisticsSystems::PLANT::Facility::Layout::Geometry::ReferenceFrame::2DRefFrameNesting &lt;- DiscreteEventLogisticsSystems::PLANT::Facility::Layout::Geometry::ReferenceFrame::2DreferenceFrame]" refid="_17_0_4_2_937029c_1471893022419_327265_27501"/><documentation humanName="Documentation"/><effectiveIRI humanName="Effective IRI"/><featuringClassifier classType="Association" humanName="Featuring Classifier" humanType="Association" icon="DiscreteEventLogisticsSystems_files/icon_association_866202742.svg" isRelationship="true" name="Association[parentRefFrame:DiscreteEventLogisticsSystems::PLANT::Facility::Layout::Geometry::ReferenceFrame::2DRefFrameNesting &lt;- DiscreteEventLogisticsSystems::PLANT::Facility::Layout::Geometry::ReferenceFrame::2DreferenceFrame]" refid="_17_0_4_2_937029c_1471893022419_327265_27501"/><isComposite humanName="Is Composite">false</isComposite><isDerived humanName="Is Derived" mode="s,e">false</isDerived><isDerivedUnion humanName="Is Derived Union" mode="e">false</isDerivedUnion><isID humanName="Is ID" mode="e">false</isID><isLeaf humanName="Is Leaf">false</isLeaf><isOrdered humanName="Is Ordered" mode="e">false</isOrdered><isReadOnly humanName="Is Read Only" mode="s,e">false</isReadOnly><isStatic humanName="Is Static" mode="s,e">false</isStatic><isUnique humanName="Is Unique" mode="e">true</isUnique><lower humanName="Lower">1</lower><multiplicity humanName="Multiplicity" mode="s,e"/><multiplicity humanName="Multiplicity" mode="s,e"/><name humanName="Name" mode="s,e"/><namespace classType="Association" humanName="Namespace" humanType="Association" icon="DiscreteEventLogisticsSystems_files/icon_association_866202742.svg" isRelationship="true" name="Association[parentRefFrame:DiscreteEventLogisticsSystems::PLANT::Facility::Layout::Geometry::ReferenceFrame::2DRefFrameNesting &lt;- DiscreteEventLogisticsSystems::PLANT::Facility::Layout::Geometry::ReferenceFrame::2DreferenceFrame]" refid="_17_0_4_2_937029c_1471893022419_327265_27501"/><navigable humanName="Navigable">false</navigable><opposite classType="Property" humanName="Opposite" humanType="Property" icon="DiscreteEventLogisticsSystems_files/icon_property_1353393023.svg" name="parentRefFrame" refid="_17_0_4_2_937029c_1471893022462_515564_27623"/><ownedBy classType="Association" humanName="Owned By" humanType="Association" icon="DiscreteEventLogisticsSystems_files/icon_association_866202742.svg" isRelationship="true" name="Association[parentRefFrame:DiscreteEventLogisticsSystems::PLANT::Facility::Layout::Geometry::ReferenceFrame::2DRefFrameNesting &lt;- DiscreteEventLogisticsSystems::PLANT::Facility::Layout::Geometry::ReferenceFrame::2DreferenceFrame]" refid="_17_0_4_2_937029c_1471893022419_327265_27501"/><owner classType="Association" humanName="Owner" humanType="Association" icon="DiscreteEventLogisticsSystems_files/icon_association_866202742.svg" isRelationship="true" name="Association[parentRefFrame:DiscreteEventLogisticsSystems::PLANT::Facility::Layout::Geometry::ReferenceFrame::2DRefFrameNesting &lt;- DiscreteEventLogisticsSystems::PLANT::Facility::Layout::Geometry::ReferenceFrame::2DreferenceFrame]" refid="_17_0_4_2_937029c_1471893022419_327265_27501"/><owningAssociation classType="Association" humanName="Owning Association" humanType="Association" icon="DiscreteEventLogisticsSystems_files/icon_association_866202742.svg" isRelationship="true" name="Association[parentRefFrame:DiscreteEventLogisticsSystems::PLANT::Facility::Layout::Geometry::ReferenceFrame::2DRefFrameNesting &lt;- DiscreteEventLogisticsSystems::PLANT::Facility::Layout::Geometry::ReferenceFrame::2DreferenceFrame]" refid="_17_0_4_2_937029c_1471893022419_327265_27501"/><qualifiedName humanName="Qualified Name" mode="e">DiscreteEventLogisticsSystems::PLANT::Facility::Layout::Geometry::ReferenceFrame::::</qualifiedName><redefinitionContext humanName="Redefinition Context"><association classType="Association" humanType="Association" icon="DiscreteEventLogisticsSystems_files/icon_association_866202742.svg" isRelationship="true" name="Association[parentRefFrame:DiscreteEventLogisticsSystems::PLANT::Facility::Layout::Geometry::ReferenceFrame::2DRefFrameNesting &lt;- DiscreteEventLogisticsSystems::PLANT::Facility::Layout::Geometry::ReferenceFrame::2DreferenceFrame]" refid="_17_0_4_2_937029c_1471893022419_327265_27501"/></redefinitionContext><TO_DO humanName="To Do" mode="s,e"/><type classType="DataType" humanName="Type" humanType="Value Type" icon="DiscreteEventLogisticsSystems_files/icon_valuetype_766030553.svg" mode="s,e" name="2DreferenceFrame" refid="_17_0_4_2_937029c_1471893022418_316106_27499"/><TYPE_MODIFIER humanName="Type Modifier" mode="e"/><upper humanName="Upper">1</upper><visibility humanName="Visibility" mode="e">private</visibility><appearsIn><diagram classType="Diagram" humanType="Diagram" icon="DiscreteEventLogisticsSystems_files/icon_SysML Block Definition Diagram_1080813915.svg" name="Geometry" refid="_17_0_4_2_937029c_1471893022060_530983_27387"/></appearsIn></property></magicdraw>