<?xml version="1.0" encoding="UTF-8"?><magicdraw><literalunlimitednatural classType="LiteralUnlimitedNatural" humanType="Literal Unlimited Natural" icon="DiscreteEventLogisticsSystems_files/icon_literalunlimitednatural_580911462.svg" id="_17_0_4_2_937029c_1468431118040_386390_18707"><documentation humanName="Documentation"/><name humanName="Name"/><owner classType="Port" humanName="Owner" humanType="Proxy Port" icon="DiscreteEventLogisticsSystems_files/icon_proxyport_931911789.svg" mode="e" name="outgoingTasks" refid="_17_0_4_2_937029c_1468430795790_899055_18648"/><owningUpper classType="Port" humanName="Owning Upper" humanType="Proxy Port" icon="DiscreteEventLogisticsSystems_files/icon_proxyport_931911789.svg" name="outgoingTasks" refid="_17_0_4_2_937029c_1468430795790_899055_18648"/><qualifiedName humanName="Qualified Name">DiscreteEventLogisticsSystems::DELS::outgoingTasks::</qualifiedName><text humanName="Text" mode="standard">*</text><TO_DO humanName="To Do"/><TYPE_MODIFIER humanName="Type Modifier"/><value humanName="Value" mode="s,e">-1</value><visibility humanName="Visibility">public</visibility></literalunlimitednatural></magicdraw>