<?xml version="1.0" encoding="UTF-8"?><magicdraw><referenceproperty classType="Property" humanType="Reference Property" icon="DiscreteEventLogisticsSystems_files/icon_referenceproperty_111028426.svg" id="_17_0_4_2_937029c_1471893022086_463710_27438"><aggregation humanName="Aggregation" mode="s,e">shared</aggregation><APPLIED_STEREOTYPES humanName="Applied Stereotype" mode="s,e"><stereotype classType="Stereotype" humanType="Stereotype" icon="DiscreteEventLogisticsSystems_files/icon_stereotype_111028426.svg" name="ReferenceProperty" refid="_15_0_be00301_1199378032543_992832_3096"/></APPLIED_STEREOTYPES><appliedStereotype humanName="Applied Stereotype" mode="s,e"><stereotype classType="Stereotype" humanType="Stereotype" icon="DiscreteEventLogisticsSystems_files/icon_stereotype_111028426.svg" name="ReferenceProperty" refid="_15_0_be00301_1199378032543_992832_3096"><property classType="Property" humanName="Base_ Element" humanType="Property" icon="DiscreteEventLogisticsSystems_files/icon_property_1353393023.svg" name="base_Element" refid="_10_0EAPbeta_be00301_1123081772098_411862_275"/><property classType="Property" humanName="Base_ Property" humanType="Property" icon="DiscreteEventLogisticsSystems_files/icon_property_1353393023.svg" name="base_Property" refid="_11_5EAPbeta_be00301_1147424449672_715796_1055"/><property classType="Property" humanName="Base_ Property" humanType="Property" icon="DiscreteEventLogisticsSystems_files/icon_property_1353393023.svg" name="base_Property" refid="_15_0_be00301_1199378034525_138530_3099"/><property classType="Property" humanName="Base_ Property" humanType="Property" icon="DiscreteEventLogisticsSystems_files/icon_property_1353393023.svg" name="base_Property" refid="_15_0_be00301_1199377823726_427483_2897"/></stereotype></appliedStereotype><appliedStereotypeInstance classType="InstanceSpecification" humanName="Applied Stereotype Instance" humanType="Instance Specification" icon="DiscreteEventLogisticsSystems_files/icon_instancespecification_13643661.svg" name=" : MD Customization for SysML::additional_stereotypes::ReferenceProperty" refid="_17_0_4_2_937029c_1471893022436_257525_27560"/><association classType="Association" humanName="Association" humanType="Association" icon="DiscreteEventLogisticsSystems_files/icon_association_1390942857.svg" isRelationship="true" name="Association[DiscreteEventLogisticsSystems::PLANT::Facility::Layout::Layout Object For Movement - incidentTo:DiscreteEventLogisticsSystems::PLANT::Facility::Layout::Interface Point]" refid="_17_0_4_2_937029c_1471893021781_509267_27358"/><UMLClass classType="Class" humanName="Class" humanType="Block" icon="DiscreteEventLogisticsSystems_files/icon_block_1951308442.svg" name="Layout Object For Movement" refid="_17_0_4_2_937029c_1471893021779_96919_27356"/><classifier classType="Class" humanName="Classifier" humanType="Block" icon="DiscreteEventLogisticsSystems_files/icon_block_1951308442.svg" name="Layout Object For Movement" refid="_17_0_4_2_937029c_1471893021779_96919_27356"/><documentation humanName="Documentation"/><effectiveIRI humanName="Effective IRI"/><featuringClassifier classType="Class" humanName="Featuring Classifier" humanType="Block" icon="DiscreteEventLogisticsSystems_files/icon_block_1951308442.svg" name="Layout Object For Movement" refid="_17_0_4_2_937029c_1471893021779_96919_27356"/><isComposite humanName="Is Composite">false</isComposite><isDerived humanName="Is Derived" mode="s,e">false</isDerived><isDerivedUnion humanName="Is Derived Union" mode="e">false</isDerivedUnion><isID humanName="Is ID" mode="e">false</isID><isLeaf humanName="Is Leaf">false</isLeaf><isOrdered humanName="Is Ordered" mode="e">false</isOrdered><isReadOnly humanName="Is Read Only" mode="s,e">false</isReadOnly><isStatic humanName="Is Static" mode="s,e">false</isStatic><isUnique humanName="Is Unique" mode="e">true</isUnique><lower humanName="Lower">0</lower><lowerValue classType="LiteralInteger" humanName="Lower Value" humanType="Literal Integer" icon="DiscreteEventLogisticsSystems_files/icon_literalinteger_213415401.svg" name="0" refid="_17_0_4_2_937029c_1471893022436_103726_27559" text="0"/><multiplicity humanName="Multiplicity" mode="s,e">0..*</multiplicity><multiplicity humanName="Multiplicity" mode="s,e">0..*</multiplicity><name humanName="Name" mode="s,e">incidentTo</name><namespace classType="Class" humanName="Namespace" humanType="Block" icon="DiscreteEventLogisticsSystems_files/icon_block_1951308442.svg" name="Layout Object For Movement" refid="_17_0_4_2_937029c_1471893021779_96919_27356"/><navigable humanName="Navigable">true</navigable><opposite classType="Property" humanName="Opposite" humanType="Reference Property" icon="DiscreteEventLogisticsSystems_files/icon_referenceproperty_111028426.svg" name=" : PLANT::Facility::Layout::Layout Object For Movement" refid="_17_0_4_2_937029c_1471893022087_663430_27441"/><ownedBy classType="Class" humanName="Owned By" humanType="Block" icon="DiscreteEventLogisticsSystems_files/icon_block_1951308442.svg" name="Layout Object For Movement" refid="_17_0_4_2_937029c_1471893021779_96919_27356"/><ownedElement humanName="Owned Element"><instancespecification classType="InstanceSpecification" humanType="Instance Specification" icon="DiscreteEventLogisticsSystems_files/icon_instancespecification_13643661.svg" name=" : MD Customization for SysML::additional_stereotypes::ReferenceProperty" refid="_17_0_4_2_937029c_1471893022436_257525_27560"/><literalunlimitednatural classType="LiteralUnlimitedNatural" humanType="Literal Unlimited Natural" icon="DiscreteEventLogisticsSystems_files/icon_literalunlimitednatural_580911462.svg" name="*" refid="_17_0_4_2_937029c_1471893022436_464566_27558" text="*"/><literalinteger classType="LiteralInteger" humanType="Literal Integer" icon="DiscreteEventLogisticsSystems_files/icon_literalinteger_213415401.svg" name="0" refid="_17_0_4_2_937029c_1471893022436_103726_27559" text="0"/></ownedElement><owner classType="Class" humanName="Owner" humanType="Block" icon="DiscreteEventLogisticsSystems_files/icon_block_1951308442.svg" name="Layout Object For Movement" refid="_17_0_4_2_937029c_1471893021779_96919_27356"/><qualifiedName humanName="Qualified Name" mode="e">DiscreteEventLogisticsSystems::PLANT::Facility::Layout::Layout Object For Movement::incidentTo</qualifiedName><redefinitionContext humanName="Redefinition Context"><block classType="Class" humanType="Block" icon="DiscreteEventLogisticsSystems_files/icon_block_1951308442.svg" name="Layout Object For Movement" refid="_17_0_4_2_937029c_1471893021779_96919_27356"/></redefinitionContext><TO_DO humanName="To Do" mode="s,e"/><type classType="Class" humanName="Type" humanType="Block" icon="DiscreteEventLogisticsSystems_files/icon_block_1951308442.svg" mode="s,e" name="Interface Point" refid="_17_0_4_2_937029c_1471893021782_373515_27359"/><TYPE_MODIFIER humanName="Type Modifier" mode="e"/><upper humanName="Upper">-1</upper><upperValue classType="LiteralUnlimitedNatural" humanName="Upper Value" humanType="Literal Unlimited Natural" icon="DiscreteEventLogisticsSystems_files/icon_literalunlimitednatural_580911462.svg" name="*" refid="_17_0_4_2_937029c_1471893022436_464566_27558" text="*"/><visibility humanName="Visibility" mode="e">private</visibility><appearsIn><diagram classType="Diagram" humanType="Diagram" icon="DiscreteEventLogisticsSystems_files/icon_SysML Block Definition Diagram_1080813915.svg" name="LayoutSemanticsToAbstractANetwork" refid="_17_0_4_2_937029c_1471893022401_953771_27466"/></appearsIn></referenceproperty></magicdraw>