<?xml version="1.0" encoding="UTF-8"?><magicdraw><literalinteger classType="LiteralInteger" humanType="Literal Integer" icon="DiscreteEventLogisticsSystems_files/icon_literalinteger_213415401.svg" id="_17_0_4_2_937029c_1471893022476_296566_27700"><documentation humanName="Documentation"/><name humanName="Name"/><owner classType="Property" humanName="Owner" humanType="Part Property" icon="DiscreteEventLogisticsSystems_files/icon_partproperty_936966797.svg" mode="e" name="ownedSegment" refid="_17_0_4_2_937029c_1471893022449_652434_27597"/><owningLower classType="Property" humanName="Owning Lower" humanType="Part Property" icon="DiscreteEventLogisticsSystems_files/icon_partproperty_936966797.svg" name="ownedSegment" refid="_17_0_4_2_937029c_1471893022449_652434_27597"/><qualifiedName humanName="Qualified Name">DiscreteEventLogisticsSystems::PLANT::Facility::Layout::LayoutSemanticsToAbstractANetwork::Rectangular Path::ownedSegment::</qualifiedName><text humanName="Text" mode="standard">1</text><TO_DO humanName="To Do"/><TYPE_MODIFIER humanName="Type Modifier"/><value humanName="Value" mode="s,e">1</value><visibility humanName="Visibility">public</visibility></literalinteger></magicdraw>