<?xml version="1.0" encoding="UTF-8"?><magicdraw><enumerationliteral classType="EnumerationLiteral" humanType="Enumeration Literal" icon="DiscreteEventLogisticsSystems_files/icon_enumerationliteral_533766696.svg" id="_17_0_4_2_937029c_1471893022482_138419_27739"><classifier humanName="Classifier"><enumeration classType="Enumeration" humanType="Enumeration" icon="DiscreteEventLogisticsSystems_files/icon_enumeration_1832284192.svg" name="InterpolationMethod" refid="_17_0_4_2_937029c_1471893022467_52813_27642"/></classifier><documentation humanName="Documentation"/><enumeration classType="Enumeration" humanName="Enumeration" humanType="Enumeration" icon="DiscreteEventLogisticsSystems_files/icon_enumeration_1832284192.svg" name="InterpolationMethod" refid="_17_0_4_2_937029c_1471893022467_52813_27642"/><name humanName="Name" mode="s,e">linear</name><namespace classType="Enumeration" humanName="Namespace" humanType="Enumeration" icon="DiscreteEventLogisticsSystems_files/icon_enumeration_1832284192.svg" name="InterpolationMethod" refid="_17_0_4_2_937029c_1471893022467_52813_27642"/><owner classType="Enumeration" humanName="Owner" humanType="Enumeration" icon="DiscreteEventLogisticsSystems_files/icon_enumeration_1832284192.svg" mode="s,e" name="InterpolationMethod" refid="_17_0_4_2_937029c_1471893022467_52813_27642"/><qualifiedName humanName="Qualified Name" mode="e">DiscreteEventLogisticsSystems::PLANT::Facility::Layout::Geometry::Boundary::BoundaryByPoints::InterpolationMethod::linear</qualifiedName><TO_DO humanName="To Do" mode="s,e"/><visibility humanName="Visibility">public</visibility><appearsIn><diagram classType="Diagram" humanType="Diagram" icon="DiscreteEventLogisticsSystems_files/icon_SysML Block Definition Diagram_1080813915.svg" name="Geometry" refid="_17_0_4_2_937029c_1471893022060_530983_27387"/></appearsIn></enumerationliteral></magicdraw>