<?xml version="1.0" encoding="UTF-8"?><magicdraw><block classType="Class" humanType="Block" icon="DiscreteEventLogisticsSystems_files/icon_block_1951308442.svg" id="_17_0_4_2_937029c_1471893021779_96919_27356"><allGeneralClassifiers humanName="All General Classifiers"><block classType="Class" humanType="Block" icon="DiscreteEventLogisticsSystems_files/icon_block_1951308442.svg" name="Layout Object" refid="_17_0_4_2_937029c_1471893021776_679355_27352"/></allGeneralClassifiers><allSpecificClassifiers humanName="All Specific Classifiers"><block classType="Class" humanType="Block" icon="DiscreteEventLogisticsSystems_files/icon_block_1951308442.svg" name="Rectangular Path" refid="_17_0_4_2_937029c_1471893022093_648141_27453"/></allSpecificClassifiers><APPLIED_STEREOTYPES humanName="Applied Stereotype" mode="e"><stereotype classType="Stereotype" humanType="Stereotype" icon="DiscreteEventLogisticsSystems_files/icon_stereotype_1951308442.svg" name="Block" refid="_11_5EAPbeta_be00301_1147424179914_458922_958"/></APPLIED_STEREOTYPES><appliedStereotype humanName="Applied Stereotype" mode="e"><stereotype classType="Stereotype" humanType="Stereotype" icon="DiscreteEventLogisticsSystems_files/icon_stereotype_1951308442.svg" name="Block" refid="_11_5EAPbeta_be00301_1147424179914_458922_958"><property classType="Property" humanName="Base_ Class" humanType="Property" icon="DiscreteEventLogisticsSystems_files/icon_property_1353393023.svg" name="base_Class" refid="_11_5EAPbeta_be00301_1147424181797_326831_961"/><property classType="Property" humanName="Is Encapsulated" humanType="Property" icon="DiscreteEventLogisticsSystems_files/icon_property_1353393023.svg" name="isEncapsulated" refid="_11_5EAPbeta_be00301_1147424201876_860708_1049"/></stereotype></appliedStereotype><appliedStereotypeInstance classType="InstanceSpecification" humanName="Applied Stereotype Instance" humanType="Instance Specification" icon="DiscreteEventLogisticsSystems_files/icon_instancespecification_13643661.svg" name=" : SysML::Blocks::Block" refid="_17_0_4_2_937029c_1471893022087_907428_27439"/><attribute humanName="Attribute"><referenceproperty classType="Property" humanType="Reference Property" icon="DiscreteEventLogisticsSystems_files/icon_referenceproperty_111028426.svg" name="incidentTo" refid="_17_0_4_2_937029c_1471893022086_463710_27438"/></attribute><derivedExplanation humanName="Derived Explanation"/><documentation humanName="Documentation" mode="standard">A Layout Object For Movement may be an aisle, conveyor, overhead crane path ... any object enabling material movement among Layout Objects With Access.  The interface between a Layout Object For Movement (e.g. aisle) and a Layout Object With Access (e.g. department) is modeled by an INTERFACE POINT.</documentation><effectiveIRI humanName="Effective IRI"/><feature humanName="Feature"><referenceproperty classType="Property" humanType="Reference Property" icon="DiscreteEventLogisticsSystems_files/icon_referenceproperty_111028426.svg" name="incidentTo" refid="_17_0_4_2_937029c_1471893022086_463710_27438"/></feature><general humanName="General"><block classType="Class" humanType="Block" icon="DiscreteEventLogisticsSystems_files/icon_block_1951308442.svg" name="Layout Object" refid="_17_0_4_2_937029c_1471893021776_679355_27352"/></general><generalization humanName="Generalization"><generalization classType="Generalization" humanType="Generalization" icon="DiscreteEventLogisticsSystems_files/icon_generalization_1702478809.svg" isRelationship="true" refid="_17_0_4_2_937029c_1471893022085_145112_27427"/></generalization><inheritedMember humanName="Inherited Member"><valueproperty classType="Property" humanType="Value Property" icon="DiscreteEventLogisticsSystems_files/icon_valueproperty_1845313987.svg" name="2Dgeometry" refid="_17_0_4_2_937029c_1471893022085_149714_27430"/><valueproperty classType="Property" humanType="Value Property" icon="DiscreteEventLogisticsSystems_files/icon_valueproperty_1845313987.svg" name="3Dgeometry" refid="_17_0_4_2_937029c_1471893022085_34477_27431"/></inheritedMember><isAbstract humanName="Is Abstract">false</isAbstract><isActive humanName="Is Active" mode="e">false</isActive><isFinalSpecialization humanName="Is Final Specialization">false</isFinalSpecialization><isLeaf humanName="Is Leaf">false</isLeaf><member humanName="Member"><valueproperty classType="Property" humanType="Value Property" icon="DiscreteEventLogisticsSystems_files/icon_valueproperty_1845313987.svg" name="2Dgeometry" refid="_17_0_4_2_937029c_1471893022085_149714_27430"/><valueproperty classType="Property" humanType="Value Property" icon="DiscreteEventLogisticsSystems_files/icon_valueproperty_1845313987.svg" name="3Dgeometry" refid="_17_0_4_2_937029c_1471893022085_34477_27431"/><referenceproperty classType="Property" humanType="Reference Property" icon="DiscreteEventLogisticsSystems_files/icon_referenceproperty_111028426.svg" name="incidentTo" refid="_17_0_4_2_937029c_1471893022086_463710_27438"/></member><name humanName="Name" mode="s,e">Layout Object For Movement</name><namespace classType="Package" humanName="Namespace" humanType="Package" icon="DiscreteEventLogisticsSystems_files/icon_package_1622863652.svg" name="Layout" refid="_17_0_4_2_937029c_1471893021769_49586_27346"/><ownedAttribute humanName="Owned Attribute"><referenceproperty classType="Property" humanType="Reference Property" icon="DiscreteEventLogisticsSystems_files/icon_referenceproperty_111028426.svg" name="incidentTo" refid="_17_0_4_2_937029c_1471893022086_463710_27438"/></ownedAttribute><ownedComment humanName="Owned Comment"><comment classType="Comment" humanType="Comment" icon="DiscreteEventLogisticsSystems_files/icon_comment_911849686.svg" refid="_17_0_4_2_937029c_1471893022086_608011_27437"/></ownedComment><ownedElement humanName="Owned Element"><generalization classType="Generalization" humanType="Generalization" icon="DiscreteEventLogisticsSystems_files/icon_generalization_1702478809.svg" isRelationship="true" refid="_17_0_4_2_937029c_1471893022085_145112_27427"/><comment classType="Comment" humanType="Comment" icon="DiscreteEventLogisticsSystems_files/icon_comment_911849686.svg" refid="_17_0_4_2_937029c_1471893022086_608011_27437"/><instancespecification classType="InstanceSpecification" humanType="Instance Specification" icon="DiscreteEventLogisticsSystems_files/icon_instancespecification_13643661.svg" name=" : SysML::Blocks::Block" refid="_17_0_4_2_937029c_1471893022087_907428_27439"/><referenceproperty classType="Property" humanType="Reference Property" icon="DiscreteEventLogisticsSystems_files/icon_referenceproperty_111028426.svg" name="incidentTo" refid="_17_0_4_2_937029c_1471893022086_463710_27438"/></ownedElement><ownedMember humanName="Owned Member"><referenceproperty classType="Property" humanType="Reference Property" icon="DiscreteEventLogisticsSystems_files/icon_referenceproperty_111028426.svg" name="incidentTo" refid="_17_0_4_2_937029c_1471893022086_463710_27438"/></ownedMember><owner classType="Package" humanName="Owner" humanType="Package" icon="DiscreteEventLogisticsSystems_files/icon_package_1622863652.svg" mode="s,e" name="Layout" refid="_17_0_4_2_937029c_1471893021769_49586_27346"/><owningPackage classType="Package" humanName="Owning Package" humanType="Package" icon="DiscreteEventLogisticsSystems_files/icon_package_1622863652.svg" name="Layout" refid="_17_0_4_2_937029c_1471893021769_49586_27346"/><package classType="Package" humanName="Package" humanType="Package" icon="DiscreteEventLogisticsSystems_files/icon_package_1622863652.svg" name="Layout" refid="_17_0_4_2_937029c_1471893021769_49586_27346"/><qualifiedName humanName="Qualified Name" mode="e">DiscreteEventLogisticsSystems::PLANT::Facility::Layout::Layout Object For Movement</qualifiedName><role humanName="Role"><referenceproperty classType="Property" humanType="Reference Property" icon="DiscreteEventLogisticsSystems_files/icon_referenceproperty_111028426.svg" name="incidentTo" refid="_17_0_4_2_937029c_1471893022086_463710_27438"/></role><specificClassifier humanName="Specific Classifier"><block classType="Class" humanType="Block" icon="DiscreteEventLogisticsSystems_files/icon_block_1951308442.svg" name="Rectangular Path" refid="_17_0_4_2_937029c_1471893022093_648141_27453"/></specificClassifier><superClass humanName="Super Class"><block classType="Class" humanType="Block" icon="DiscreteEventLogisticsSystems_files/icon_block_1951308442.svg" name="Layout Object" refid="_17_0_4_2_937029c_1471893021776_679355_27352"/></superClass><TO_DO humanName="To Do"/><usedAsType humanName="Used As Type"><referenceproperty classType="Property" humanType="Reference Property" icon="DiscreteEventLogisticsSystems_files/icon_referenceproperty_111028426.svg" name=" : PLANT::Facility::Layout::Layout Object For Movement" refid="_17_0_4_2_937029c_1471893022087_663430_27441"/></usedAsType><visibility humanName="Visibility">public</visibility><appearsIn><diagram classType="Diagram" humanType="Diagram" icon="DiscreteEventLogisticsSystems_files/icon_SysML Block Definition Diagram_1080813915.svg" name="LayoutSemanticsToAbstractANetwork" refid="_17_0_4_2_937029c_1471893022401_953771_27466"/></appearsIn></block></magicdraw>