<?xml version="1.0" encoding="UTF-8"?><magicdraw><property classType="Property" humanType="Property" icon="DiscreteEventLogisticsSystems_files/icon_property_1353393023.svg" id="_17_0_4_2_937029c_1474572617857_942760_16986"><aggregation humanName="Aggregation" mode="s,e">none</aggregation><association classType="Association" humanName="Association" humanType="Association" icon="DiscreteEventLogisticsSystems_files/icon_association_1353675987.svg" isRelationship="true" name="Association[routing:DiscreteEventLogisticsSystems::PLANT::Resource::ControlActuator::Router &lt;- DiscreteEventLogisticsSystems::DELS]" refid="_17_0_4_2_937029c_1474572617857_711003_16985"/><documentation humanName="Documentation"/><effectiveIRI humanName="Effective IRI"/><featuringClassifier classType="Association" humanName="Featuring Classifier" humanType="Association" icon="DiscreteEventLogisticsSystems_files/icon_association_1353675987.svg" isRelationship="true" name="Association[routing:DiscreteEventLogisticsSystems::PLANT::Resource::ControlActuator::Router &lt;- DiscreteEventLogisticsSystems::DELS]" refid="_17_0_4_2_937029c_1474572617857_711003_16985"/><isComposite humanName="Is Composite">false</isComposite><isDerived humanName="Is Derived" mode="s,e">false</isDerived><isDerivedUnion humanName="Is Derived Union" mode="e">false</isDerivedUnion><isID humanName="Is ID" mode="e">false</isID><isLeaf humanName="Is Leaf">false</isLeaf><isOrdered humanName="Is Ordered" mode="e">false</isOrdered><isReadOnly humanName="Is Read Only" mode="s,e">false</isReadOnly><isStatic humanName="Is Static" mode="s,e">false</isStatic><isUnique humanName="Is Unique" mode="e">true</isUnique><lower humanName="Lower">1</lower><multiplicity humanName="Multiplicity" mode="s,e"/><multiplicity humanName="Multiplicity" mode="s,e"/><name humanName="Name" mode="s,e"/><namespace classType="Association" humanName="Namespace" humanType="Association" icon="DiscreteEventLogisticsSystems_files/icon_association_1353675987.svg" isRelationship="true" name="Association[routing:DiscreteEventLogisticsSystems::PLANT::Resource::ControlActuator::Router &lt;- DiscreteEventLogisticsSystems::DELS]" refid="_17_0_4_2_937029c_1474572617857_711003_16985"/><navigable humanName="Navigable">false</navigable><opposite classType="Property" humanName="Opposite" humanType="Part Property" icon="DiscreteEventLogisticsSystems_files/icon_partproperty_2110785692.svg" name="routing" refid="_18_0_2_f95033a_1447101307753_819161_30245"/><ownedBy classType="Association" humanName="Owned By" humanType="Association" icon="DiscreteEventLogisticsSystems_files/icon_association_1353675987.svg" isRelationship="true" name="Association[routing:DiscreteEventLogisticsSystems::PLANT::Resource::ControlActuator::Router &lt;- DiscreteEventLogisticsSystems::DELS]" refid="_17_0_4_2_937029c_1474572617857_711003_16985"/><owner classType="Association" humanName="Owner" humanType="Association" icon="DiscreteEventLogisticsSystems_files/icon_association_1353675987.svg" isRelationship="true" name="Association[routing:DiscreteEventLogisticsSystems::PLANT::Resource::ControlActuator::Router &lt;- DiscreteEventLogisticsSystems::DELS]" refid="_17_0_4_2_937029c_1474572617857_711003_16985"/><owningAssociation classType="Association" humanName="Owning Association" humanType="Association" icon="DiscreteEventLogisticsSystems_files/icon_association_1353675987.svg" isRelationship="true" name="Association[routing:DiscreteEventLogisticsSystems::PLANT::Resource::ControlActuator::Router &lt;- DiscreteEventLogisticsSystems::DELS]" refid="_17_0_4_2_937029c_1474572617857_711003_16985"/><qualifiedName humanName="Qualified Name" mode="e">DiscreteEventLogisticsSystems::::</qualifiedName><redefinitionContext humanName="Redefinition Context"><association classType="Association" humanType="Association" icon="DiscreteEventLogisticsSystems_files/icon_association_1353675987.svg" isRelationship="true" name="Association[routing:DiscreteEventLogisticsSystems::PLANT::Resource::ControlActuator::Router &lt;- DiscreteEventLogisticsSystems::DELS]" refid="_17_0_4_2_937029c_1474572617857_711003_16985"/></redefinitionContext><TO_DO humanName="To Do" mode="s,e"/><type classType="Class" humanName="Type" humanType="Block" icon="DiscreteEventLogisticsSystems_files/icon_block_1372204263.svg" mode="s,e" name="DELS" refid="_18_0_2_f95033a_1447099702589_667150_29711"/><TYPE_MODIFIER humanName="Type Modifier" mode="e"/><upper humanName="Upper">1</upper><visibility humanName="Visibility" mode="e">private</visibility></property></magicdraw>