<?xml version="1.0" encoding="UTF-8"?><magicdraw><instancespecification classType="InstanceSpecification" humanType="Instance Specification" icon="DiscreteEventLogisticsSystems_files/icon_instancespecification_13643661.svg" id="_17_0_4_2_937029c_1471893022454_818344_27602"><classifier humanName="Classifier" mode="s,e"><stereotype classType="Stereotype" humanType="Stereotype" icon="DiscreteEventLogisticsSystems_files/icon_stereotype_1844792711.svg" name="Problem" refid="_11_5EAPbeta_be00301_1147421421037_25607_638"/></classifier><documentation humanName="Documentation"/><name humanName="Name" mode="s,e"/><owner classType="Comment" humanName="Owner" humanType="Problem" icon="DiscreteEventLogisticsSystems_files/icon_problem_1844792711.svg" mode="s,e" refid="_17_0_4_2_937029c_1471893022416_861816_27487"/><qualifiedName humanName="Qualified Name" mode="e"/><stereotypedElement classType="Comment" humanName="Stereotyped Element" humanType="Problem" icon="DiscreteEventLogisticsSystems_files/icon_problem_1844792711.svg" refid="_17_0_4_2_937029c_1471893022416_861816_27487"/><TO_DO humanName="To Do" mode="s,e"/><visibility humanName="Visibility">public</visibility></instancespecification></magicdraw>