<?xml version="1.0" encoding="UTF-8"?><magicdraw><literalunlimitednatural classType="LiteralUnlimitedNatural" humanType="Literal Unlimited Natural" icon="DiscreteEventLogisticsSystems_files/icon_literalunlimitednatural_580911462.svg" id="_17_0_4_2_937029c_1471893022471_870105_27668"><documentation humanName="Documentation"/><name humanName="Name"/><owner classType="Property" humanName="Owner" humanType="Part Property" icon="DiscreteEventLogisticsSystems_files/icon_partproperty_936966797.svg" mode="e" name="internalNode" refid="_17_0_4_2_937029c_1471893022439_619325_27573"/><owningUpper classType="Property" humanName="Owning Upper" humanType="Part Property" icon="DiscreteEventLogisticsSystems_files/icon_partproperty_936966797.svg" name="internalNode" refid="_17_0_4_2_937029c_1471893022439_619325_27573"/><qualifiedName humanName="Qualified Name">DiscreteEventLogisticsSystems::PLANT::Facility::Layout::LayoutSemanticsToAbstractANetwork::Rectangular Path Segment::internalNode::</qualifiedName><text humanName="Text" mode="standard">*</text><TO_DO humanName="To Do"/><TYPE_MODIFIER humanName="Type Modifier"/><value humanName="Value" mode="s,e">-1</value><visibility humanName="Visibility">public</visibility></literalunlimitednatural></magicdraw>