<?xml version="1.0" encoding="UTF-8"?><magicdraw><property classType="Property" humanType="Property" icon="DiscreteEventLogisticsSystems_files/icon_property_1353393023.svg" id="_17_0_4_2_937029c_1471893022480_870389_27727"><aggregation humanName="Aggregation" mode="s,e">none</aggregation><classifier classType="DataType" humanName="Classifier" humanType="Value Type" icon="DiscreteEventLogisticsSystems_files/icon_valuetype_766030553.svg" name="Sphere" refid="_17_0_4_2_937029c_1471893022465_646197_27635"/><datatype classType="DataType" humanName="Datatype" humanType="Value Type" icon="DiscreteEventLogisticsSystems_files/icon_valuetype_766030553.svg" name="Sphere" refid="_17_0_4_2_937029c_1471893022465_646197_27635"/><documentation humanName="Documentation"/><effectiveIRI humanName="Effective IRI"/><featuringClassifier classType="DataType" humanName="Featuring Classifier" humanType="Value Type" icon="DiscreteEventLogisticsSystems_files/icon_valuetype_766030553.svg" name="Sphere" refid="_17_0_4_2_937029c_1471893022465_646197_27635"/><isComposite humanName="Is Composite">false</isComposite><isDerived humanName="Is Derived" mode="s,e">false</isDerived><isDerivedUnion humanName="Is Derived Union" mode="e">false</isDerivedUnion><isID humanName="Is ID" mode="e">false</isID><isLeaf humanName="Is Leaf">false</isLeaf><isOrdered humanName="Is Ordered" mode="e">false</isOrdered><isReadOnly humanName="Is Read Only" mode="s,e">false</isReadOnly><isStatic humanName="Is Static" mode="s,e">false</isStatic><isUnique humanName="Is Unique" mode="e">true</isUnique><lower humanName="Lower">1</lower><multiplicity humanName="Multiplicity" mode="s,e"/><multiplicity humanName="Multiplicity" mode="s,e"/><name humanName="Name" mode="s,e">radius</name><namespace classType="DataType" humanName="Namespace" humanType="Value Type" icon="DiscreteEventLogisticsSystems_files/icon_valuetype_766030553.svg" name="Sphere" refid="_17_0_4_2_937029c_1471893022465_646197_27635"/><navigable humanName="Navigable">true</navigable><ownedBy classType="DataType" humanName="Owned By" humanType="Value Type" icon="DiscreteEventLogisticsSystems_files/icon_valuetype_766030553.svg" name="Sphere" refid="_17_0_4_2_937029c_1471893022465_646197_27635"/><owner classType="DataType" humanName="Owner" humanType="Value Type" icon="DiscreteEventLogisticsSystems_files/icon_valuetype_766030553.svg" name="Sphere" refid="_17_0_4_2_937029c_1471893022465_646197_27635"/><qualifiedName humanName="Qualified Name" mode="e">DiscreteEventLogisticsSystems::PLANT::Facility::Layout::Geometry::Boundary::BoundaryByShapes::Sphere::radius</qualifiedName><redefinitionContext humanName="Redefinition Context"><valuetype classType="DataType" humanType="Value Type" icon="DiscreteEventLogisticsSystems_files/icon_valuetype_766030553.svg" name="Sphere" refid="_17_0_4_2_937029c_1471893022465_646197_27635"/></redefinitionContext><TO_DO humanName="To Do" mode="s,e"/><TYPE_MODIFIER humanName="Type Modifier" mode="e"/><upper humanName="Upper">1</upper><visibility humanName="Visibility" mode="e">public</visibility><appearsIn><diagram classType="Diagram" humanType="Diagram" icon="DiscreteEventLogisticsSystems_files/icon_SysML Block Definition Diagram_1080813915.svg" name="Geometry" refid="_17_0_4_2_937029c_1471893022060_530983_27387"/></appearsIn></property></magicdraw>