<?xml version="1.0" encoding="UTF-8"?><magicdraw><valuetype classType="DataType" humanType="Value Type" icon="DiscreteEventLogisticsSystems_files/icon_valuetype_766030553.svg" id="_17_0_4_2_937029c_1471893022418_811914_27497"><APPLIED_STEREOTYPES humanName="Applied Stereotype" mode="s,e"><stereotype classType="Stereotype" humanType="Stereotype" icon="DiscreteEventLogisticsSystems_files/icon_stereotype_766030553.svg" name="ValueType" refid="_11_5EAPbeta_be00301_1147430239267_179145_1189"/></APPLIED_STEREOTYPES><appliedStereotype humanName="Applied Stereotype" mode="s,e"><stereotype classType="Stereotype" humanType="Stereotype" icon="DiscreteEventLogisticsSystems_files/icon_stereotype_766030553.svg" name="ValueType" refid="_11_5EAPbeta_be00301_1147430239267_179145_1189"><property classType="Property" humanName="Base_ Data Type" humanType="Property" icon="DiscreteEventLogisticsSystems_files/icon_property_1353393023.svg" name="base_DataType" refid="_11_5EAPbeta_be00301_1147430241871_22153_1192"/><property classType="Property" humanName="Quantity Kind" humanType="Property" icon="DiscreteEventLogisticsSystems_files/icon_property_1353393023.svg" name="quantityKind" refid="_11_5EAPbeta_be00301_1147430349926_544971_1421"/><property classType="Property" humanName="Unit" humanType="Property" icon="DiscreteEventLogisticsSystems_files/icon_property_1353393023.svg" name="unit" refid="_11_5EAPbeta_be00301_1147430364958_360156_1425"/></stereotype></appliedStereotype><appliedStereotypeInstance classType="InstanceSpecification" humanName="Applied Stereotype Instance" humanType="Instance Specification" icon="DiscreteEventLogisticsSystems_files/icon_instancespecification_13643661.svg" name=" : SysML::Blocks::ValueType" refid="_17_0_4_2_937029c_1471893022460_926023_27619"/><attribute humanName="Attribute"><property classType="Property" humanType="Property" icon="DiscreteEventLogisticsSystems_files/icon_property_1353393023.svg" name="offset" refid="_17_0_4_2_937029c_1471893022457_799478_27617"/><property classType="Property" humanType="Property" icon="DiscreteEventLogisticsSystems_files/icon_property_1353393023.svg" name="orientation" refid="_17_0_4_2_937029c_1471893022459_946166_27618"/><property classType="Property" humanType="Property" icon="DiscreteEventLogisticsSystems_files/icon_property_1353393023.svg" name="whichRefFrame" refid="_17_0_4_2_937029c_1471893022456_557202_27616"/></attribute><documentation humanName="Documentation"/><effectiveIRI humanName="Effective IRI"/><feature humanName="Feature"><property classType="Property" humanType="Property" icon="DiscreteEventLogisticsSystems_files/icon_property_1353393023.svg" name="offset" refid="_17_0_4_2_937029c_1471893022457_799478_27617"/><property classType="Property" humanType="Property" icon="DiscreteEventLogisticsSystems_files/icon_property_1353393023.svg" name="orientation" refid="_17_0_4_2_937029c_1471893022459_946166_27618"/><property classType="Property" humanType="Property" icon="DiscreteEventLogisticsSystems_files/icon_property_1353393023.svg" name="whichRefFrame" refid="_17_0_4_2_937029c_1471893022456_557202_27616"/></feature><isAbstract humanName="Is Abstract" mode="e">false</isAbstract><isFinalSpecialization humanName="Is Final Specialization" mode="e">false</isFinalSpecialization><isLeaf humanName="Is Leaf" mode="e">false</isLeaf><member humanName="Member"><property classType="Property" humanType="Property" icon="DiscreteEventLogisticsSystems_files/icon_property_1353393023.svg" name="offset" refid="_17_0_4_2_937029c_1471893022457_799478_27617"/><constraint classType="Constraint" humanType="Constraint" icon="DiscreteEventLogisticsSystems_files/icon_constraint_1917161212.svg" name="OffsetDimension_imported" refid="_17_0_4_2_937029c_1471893022455_755188_27614"/><property classType="Property" humanType="Property" icon="DiscreteEventLogisticsSystems_files/icon_property_1353393023.svg" name="orientation" refid="_17_0_4_2_937029c_1471893022459_946166_27618"/><constraint classType="Constraint" humanType="Constraint" icon="DiscreteEventLogisticsSystems_files/icon_constraint_1917161212.svg" name="OrientationDimension_imported" refid="_17_0_4_2_937029c_1471893022455_793153_27615"/><property classType="Property" humanType="Property" icon="DiscreteEventLogisticsSystems_files/icon_property_1353393023.svg" name="whichRefFrame" refid="_17_0_4_2_937029c_1471893022456_557202_27616"/></member><name humanName="Name" mode="s,e">2DRefFrameNesting</name><namespace classType="Package" humanName="Namespace" humanType="Package" icon="DiscreteEventLogisticsSystems_files/icon_package_1622863652.svg" name="ReferenceFrame" refid="_17_0_4_2_937029c_1471893021784_550517_27366"/><ownedAttribute humanName="Owned Attribute"><property classType="Property" humanType="Property" icon="DiscreteEventLogisticsSystems_files/icon_property_1353393023.svg" name="offset" refid="_17_0_4_2_937029c_1471893022457_799478_27617"/><property classType="Property" humanType="Property" icon="DiscreteEventLogisticsSystems_files/icon_property_1353393023.svg" name="orientation" refid="_17_0_4_2_937029c_1471893022459_946166_27618"/><property classType="Property" humanType="Property" icon="DiscreteEventLogisticsSystems_files/icon_property_1353393023.svg" name="whichRefFrame" refid="_17_0_4_2_937029c_1471893022456_557202_27616"/></ownedAttribute><ownedElement humanName="Owned Element"><instancespecification classType="InstanceSpecification" humanType="Instance Specification" icon="DiscreteEventLogisticsSystems_files/icon_instancespecification_13643661.svg" name=" : SysML::Blocks::ValueType" refid="_17_0_4_2_937029c_1471893022460_926023_27619"/><property classType="Property" humanType="Property" icon="DiscreteEventLogisticsSystems_files/icon_property_1353393023.svg" name="offset" refid="_17_0_4_2_937029c_1471893022457_799478_27617"/><constraint classType="Constraint" humanType="Constraint" icon="DiscreteEventLogisticsSystems_files/icon_constraint_1917161212.svg" name="OffsetDimension_imported" refid="_17_0_4_2_937029c_1471893022455_755188_27614"/><property classType="Property" humanType="Property" icon="DiscreteEventLogisticsSystems_files/icon_property_1353393023.svg" name="orientation" refid="_17_0_4_2_937029c_1471893022459_946166_27618"/><constraint classType="Constraint" humanType="Constraint" icon="DiscreteEventLogisticsSystems_files/icon_constraint_1917161212.svg" name="OrientationDimension_imported" refid="_17_0_4_2_937029c_1471893022455_793153_27615"/><property classType="Property" humanType="Property" icon="DiscreteEventLogisticsSystems_files/icon_property_1353393023.svg" name="whichRefFrame" refid="_17_0_4_2_937029c_1471893022456_557202_27616"/></ownedElement><ownedMember humanName="Owned Member"><property classType="Property" humanType="Property" icon="DiscreteEventLogisticsSystems_files/icon_property_1353393023.svg" name="offset" refid="_17_0_4_2_937029c_1471893022457_799478_27617"/><constraint classType="Constraint" humanType="Constraint" icon="DiscreteEventLogisticsSystems_files/icon_constraint_1917161212.svg" name="OffsetDimension_imported" refid="_17_0_4_2_937029c_1471893022455_755188_27614"/><property classType="Property" humanType="Property" icon="DiscreteEventLogisticsSystems_files/icon_property_1353393023.svg" name="orientation" refid="_17_0_4_2_937029c_1471893022459_946166_27618"/><constraint classType="Constraint" humanType="Constraint" icon="DiscreteEventLogisticsSystems_files/icon_constraint_1917161212.svg" name="OrientationDimension_imported" refid="_17_0_4_2_937029c_1471893022455_793153_27615"/><property classType="Property" humanType="Property" icon="DiscreteEventLogisticsSystems_files/icon_property_1353393023.svg" name="whichRefFrame" refid="_17_0_4_2_937029c_1471893022456_557202_27616"/></ownedMember><ownedRule humanName="Owned Rule"><constraint classType="Constraint" humanType="Constraint" icon="DiscreteEventLogisticsSystems_files/icon_constraint_1917161212.svg" name="OffsetDimension_imported" refid="_17_0_4_2_937029c_1471893022455_755188_27614"/><constraint classType="Constraint" humanType="Constraint" icon="DiscreteEventLogisticsSystems_files/icon_constraint_1917161212.svg" name="OrientationDimension_imported" refid="_17_0_4_2_937029c_1471893022455_793153_27615"/></ownedRule><owner classType="Package" humanName="Owner" humanType="Package" icon="DiscreteEventLogisticsSystems_files/icon_package_1622863652.svg" mode="s,e" name="ReferenceFrame" refid="_17_0_4_2_937029c_1471893021784_550517_27366"/><owningPackage classType="Package" humanName="Owning Package" humanType="Package" icon="DiscreteEventLogisticsSystems_files/icon_package_1622863652.svg" name="ReferenceFrame" refid="_17_0_4_2_937029c_1471893021784_550517_27366"/><package classType="Package" humanName="Package" humanType="Package" icon="DiscreteEventLogisticsSystems_files/icon_package_1622863652.svg" name="ReferenceFrame" refid="_17_0_4_2_937029c_1471893021784_550517_27366"/><qualifiedName humanName="Qualified Name" mode="e">DiscreteEventLogisticsSystems::PLANT::Facility::Layout::Geometry::ReferenceFrame::2DRefFrameNesting</qualifiedName><TO_DO humanName="To Do" mode="s,e"/><visibility humanName="Visibility">public</visibility><appearsIn><diagram classType="Diagram" humanType="Diagram" icon="DiscreteEventLogisticsSystems_files/icon_SysML Block Definition Diagram_1080813915.svg" name="Geometry" refid="_17_0_4_2_937029c_1471893022060_530983_27387"/></appearsIn></valuetype></magicdraw>