<?xml version="1.0" encoding="UTF-8"?><magicdraw><generalization classType="Generalization" humanType="Generalization" icon="DiscreteEventLogisticsSystems_files/icon_generalization_1702478809.svg" id="_17_0_4_2_937029c_1471893022449_917365_27594"><documentation humanName="Documentation"/><general classType="Class" humanName="General" humanType="Block" icon="DiscreteEventLogisticsSystems_files/icon_block_1951308442.svg" mode="s,e" name="Layout Object For Movement" refid="_17_0_4_2_937029c_1471893021779_96919_27356"/><isSubstitutable humanName="Is Substitutable">true</isSubstitutable><owner classType="Class" humanName="Owner" humanType="Block" icon="DiscreteEventLogisticsSystems_files/icon_block_1951308442.svg" mode="s,e" name="Rectangular Path" refid="_17_0_4_2_937029c_1471893022093_648141_27453"/><relatedElement humanName="Related Element"><block classType="Class" humanType="Block" icon="DiscreteEventLogisticsSystems_files/icon_block_1951308442.svg" name="Layout Object For Movement" refid="_17_0_4_2_937029c_1471893021779_96919_27356"/><block classType="Class" humanType="Block" icon="DiscreteEventLogisticsSystems_files/icon_block_1951308442.svg" name="Rectangular Path" refid="_17_0_4_2_937029c_1471893022093_648141_27453"/></relatedElement><source humanName="Source"><block classType="Class" humanType="Block" icon="DiscreteEventLogisticsSystems_files/icon_block_1951308442.svg" name="Rectangular Path" refid="_17_0_4_2_937029c_1471893022093_648141_27453"/></source><specific classType="Class" humanName="Specific" humanType="Block" icon="DiscreteEventLogisticsSystems_files/icon_block_1951308442.svg" mode="s,e" name="Rectangular Path" refid="_17_0_4_2_937029c_1471893022093_648141_27453"/><target humanName="Target"><block classType="Class" humanType="Block" icon="DiscreteEventLogisticsSystems_files/icon_block_1951308442.svg" name="Layout Object For Movement" refid="_17_0_4_2_937029c_1471893021779_96919_27356"/></target><TO_DO humanName="To Do" mode="s,e"/><appearsIn><diagram classType="Diagram" humanType="Diagram" icon="DiscreteEventLogisticsSystems_files/icon_SysML Block Definition Diagram_1080813915.svg" name="LayoutSemanticsToAbstractANetwork" refid="_17_0_4_2_937029c_1471893022401_953771_27466"/></appearsIn></generalization></magicdraw>