<?xml version="1.0" encoding="UTF-8"?><magicdraw><package classType="Package" humanType="Package" icon="DiscreteEventLogisticsSystems_files/icon_package_1622863652.svg" id="_17_0_4_2_937029c_1471893021770_138532_27347"><documentation humanName="Documentation"/><member humanName="Member"><valuetype classType="DataType" humanType="Value Type" icon="DiscreteEventLogisticsSystems_files/icon_valuetype_766030553.svg" name="2Dgeometry" refid="_17_0_4_2_937029c_1471893021784_377627_27367"/><enumeration classType="Enumeration" humanType="Enumeration" icon="DiscreteEventLogisticsSystems_files/icon_enumeration_1832284192.svg" name="2DmatrixElementOrdering" refid="_17_0_4_2_937029c_1471893021786_684848_27375"/><valuetype classType="DataType" humanType="Value Type" icon="DiscreteEventLogisticsSystems_files/icon_valuetype_766030553.svg" name="3Dgeometry" refid="_17_0_4_2_937029c_1471893021784_303594_27365"/><association classType="Association" humanType="Association" icon="DiscreteEventLogisticsSystems_files/icon_association_866202742.svg" isRelationship="true" name="Association[boundary:DiscreteEventLogisticsSystems::PLANT::Facility::Layout::Geometry::Boundary::2Dboundary &lt;- DiscreteEventLogisticsSystems::PLANT::Facility::Layout::Geometry::2Dgeometry]" refid="_17_0_4_2_937029c_1471893021785_416492_27370"/><association classType="Association" humanType="Association" icon="DiscreteEventLogisticsSystems_files/icon_association_866202742.svg" isRelationship="true" name="Association[boundary:DiscreteEventLogisticsSystems::PLANT::Facility::Layout::Geometry::Boundary::3Dboundary &lt;- DiscreteEventLogisticsSystems::PLANT::Facility::Layout::Geometry::3Dgeometry]" refid="_17_0_4_2_937029c_1471893021785_592170_27372"/><association classType="Association" humanType="Association" icon="DiscreteEventLogisticsSystems_files/icon_association_866202742.svg" isRelationship="true" name="Association[elementOrdering:DiscreteEventLogisticsSystems::PLANT::Facility::Layout::Geometry::2DmatrixElementOrdering &lt;- DiscreteEventLogisticsSystems::PLANT::Facility::Layout::Geometry::SquareMatrixOfReals]" refid="_17_0_4_2_937029c_1471893021786_737468_27376"/><association classType="Association" humanType="Association" icon="DiscreteEventLogisticsSystems_files/icon_association_866202742.svg" isRelationship="true" name="Association[referenceFrame:DiscreteEventLogisticsSystems::PLANT::Facility::Layout::Geometry::ReferenceFrame::2DreferenceFrame &lt;- DiscreteEventLogisticsSystems::PLANT::Facility::Layout::Geometry::2Dgeometry]" refid="_17_0_4_2_937029c_1471893021785_865536_27369"/><association classType="Association" humanType="Association" icon="DiscreteEventLogisticsSystems_files/icon_association_866202742.svg" isRelationship="true" name="Association[referenceFrame:DiscreteEventLogisticsSystems::PLANT::Facility::Layout::Geometry::ReferenceFrame::3DreferenceFrame &lt;- DiscreteEventLogisticsSystems::PLANT::Facility::Layout::Geometry::3Dgeometry]" refid="_17_0_4_2_937029c_1471893021785_392527_27371"/><package classType="Package" humanType="Package" icon="DiscreteEventLogisticsSystems_files/icon_package_1622863652.svg" name="Boundary" refid="_17_0_4_2_937029c_1471893021785_693983_27368"/><diagram classType="Diagram" humanType="Diagram" icon="DiscreteEventLogisticsSystems_files/icon_SysML Block Definition Diagram_1080813915.svg" name="Geometry" refid="_17_0_4_2_937029c_1471893022060_530983_27387"/><package classType="Package" humanType="Package" icon="DiscreteEventLogisticsSystems_files/icon_package_1622863652.svg" name="ReferenceFrame" refid="_17_0_4_2_937029c_1471893021784_550517_27366"/><valuetype classType="DataType" humanType="Value Type" icon="DiscreteEventLogisticsSystems_files/icon_valuetype_766030553.svg" name="SquareMatrixOfReals" refid="_17_0_4_2_937029c_1471893021785_998880_27373"/><valuetype classType="DataType" humanType="Value Type" icon="DiscreteEventLogisticsSystems_files/icon_valuetype_766030553.svg" name="VectorOfReals" refid="_17_0_4_2_937029c_1471893021786_974976_27374"/></member><name humanName="Name" mode="s,e">Geometry</name><namespace classType="Package" humanName="Namespace" humanType="Package" icon="DiscreteEventLogisticsSystems_files/icon_package_1622863652.svg" name="Layout" refid="_17_0_4_2_937029c_1471893021769_49586_27346"/><nestedPackage humanName="Nested Package"><package classType="Package" humanType="Package" icon="DiscreteEventLogisticsSystems_files/icon_package_1622863652.svg" name="Boundary" refid="_17_0_4_2_937029c_1471893021785_693983_27368"/><package classType="Package" humanType="Package" icon="DiscreteEventLogisticsSystems_files/icon_package_1622863652.svg" name="ReferenceFrame" refid="_17_0_4_2_937029c_1471893021784_550517_27366"/></nestedPackage><nestingPackage classType="Package" humanName="Nesting Package" humanType="Package" icon="DiscreteEventLogisticsSystems_files/icon_package_1622863652.svg" name="Layout" refid="_17_0_4_2_937029c_1471893021769_49586_27346"/><ownedDiagram humanName="Owned Diagram"><diagram classType="Diagram" humanType="Diagram" icon="DiscreteEventLogisticsSystems_files/icon_SysML Block Definition Diagram_1080813915.svg" name="Geometry" refid="_17_0_4_2_937029c_1471893022060_530983_27387"/></ownedDiagram><ownedElement humanName="Owned Element"><valuetype classType="DataType" humanType="Value Type" icon="DiscreteEventLogisticsSystems_files/icon_valuetype_766030553.svg" name="2Dgeometry" refid="_17_0_4_2_937029c_1471893021784_377627_27367"/><enumeration classType="Enumeration" humanType="Enumeration" icon="DiscreteEventLogisticsSystems_files/icon_enumeration_1832284192.svg" name="2DmatrixElementOrdering" refid="_17_0_4_2_937029c_1471893021786_684848_27375"/><valuetype classType="DataType" humanType="Value Type" icon="DiscreteEventLogisticsSystems_files/icon_valuetype_766030553.svg" name="3Dgeometry" refid="_17_0_4_2_937029c_1471893021784_303594_27365"/><association classType="Association" humanType="Association" icon="DiscreteEventLogisticsSystems_files/icon_association_866202742.svg" isRelationship="true" name="Association[boundary:DiscreteEventLogisticsSystems::PLANT::Facility::Layout::Geometry::Boundary::2Dboundary &lt;- DiscreteEventLogisticsSystems::PLANT::Facility::Layout::Geometry::2Dgeometry]" refid="_17_0_4_2_937029c_1471893021785_416492_27370"/><association classType="Association" humanType="Association" icon="DiscreteEventLogisticsSystems_files/icon_association_866202742.svg" isRelationship="true" name="Association[boundary:DiscreteEventLogisticsSystems::PLANT::Facility::Layout::Geometry::Boundary::3Dboundary &lt;- DiscreteEventLogisticsSystems::PLANT::Facility::Layout::Geometry::3Dgeometry]" refid="_17_0_4_2_937029c_1471893021785_592170_27372"/><association classType="Association" humanType="Association" icon="DiscreteEventLogisticsSystems_files/icon_association_866202742.svg" isRelationship="true" name="Association[elementOrdering:DiscreteEventLogisticsSystems::PLANT::Facility::Layout::Geometry::2DmatrixElementOrdering &lt;- DiscreteEventLogisticsSystems::PLANT::Facility::Layout::Geometry::SquareMatrixOfReals]" refid="_17_0_4_2_937029c_1471893021786_737468_27376"/><association classType="Association" humanType="Association" icon="DiscreteEventLogisticsSystems_files/icon_association_866202742.svg" isRelationship="true" name="Association[referenceFrame:DiscreteEventLogisticsSystems::PLANT::Facility::Layout::Geometry::ReferenceFrame::2DreferenceFrame &lt;- DiscreteEventLogisticsSystems::PLANT::Facility::Layout::Geometry::2Dgeometry]" refid="_17_0_4_2_937029c_1471893021785_865536_27369"/><association classType="Association" humanType="Association" icon="DiscreteEventLogisticsSystems_files/icon_association_866202742.svg" isRelationship="true" name="Association[referenceFrame:DiscreteEventLogisticsSystems::PLANT::Facility::Layout::Geometry::ReferenceFrame::3DreferenceFrame &lt;- DiscreteEventLogisticsSystems::PLANT::Facility::Layout::Geometry::3Dgeometry]" refid="_17_0_4_2_937029c_1471893021785_392527_27371"/><package classType="Package" humanType="Package" icon="DiscreteEventLogisticsSystems_files/icon_package_1622863652.svg" name="Boundary" refid="_17_0_4_2_937029c_1471893021785_693983_27368"/><diagram classType="Diagram" humanType="Diagram" icon="DiscreteEventLogisticsSystems_files/icon_SysML Block Definition Diagram_1080813915.svg" name="Geometry" refid="_17_0_4_2_937029c_1471893022060_530983_27387"/><package classType="Package" humanType="Package" icon="DiscreteEventLogisticsSystems_files/icon_package_1622863652.svg" name="ReferenceFrame" refid="_17_0_4_2_937029c_1471893021784_550517_27366"/><valuetype classType="DataType" humanType="Value Type" icon="DiscreteEventLogisticsSystems_files/icon_valuetype_766030553.svg" name="SquareMatrixOfReals" refid="_17_0_4_2_937029c_1471893021785_998880_27373"/><valuetype classType="DataType" humanType="Value Type" icon="DiscreteEventLogisticsSystems_files/icon_valuetype_766030553.svg" name="VectorOfReals" refid="_17_0_4_2_937029c_1471893021786_974976_27374"/></ownedElement><ownedMember humanName="Owned Member"><valuetype classType="DataType" humanType="Value Type" icon="DiscreteEventLogisticsSystems_files/icon_valuetype_766030553.svg" name="2Dgeometry" refid="_17_0_4_2_937029c_1471893021784_377627_27367"/><enumeration classType="Enumeration" humanType="Enumeration" icon="DiscreteEventLogisticsSystems_files/icon_enumeration_1832284192.svg" name="2DmatrixElementOrdering" refid="_17_0_4_2_937029c_1471893021786_684848_27375"/><valuetype classType="DataType" humanType="Value Type" icon="DiscreteEventLogisticsSystems_files/icon_valuetype_766030553.svg" name="3Dgeometry" refid="_17_0_4_2_937029c_1471893021784_303594_27365"/><association classType="Association" humanType="Association" icon="DiscreteEventLogisticsSystems_files/icon_association_866202742.svg" isRelationship="true" name="Association[boundary:DiscreteEventLogisticsSystems::PLANT::Facility::Layout::Geometry::Boundary::2Dboundary &lt;- DiscreteEventLogisticsSystems::PLANT::Facility::Layout::Geometry::2Dgeometry]" refid="_17_0_4_2_937029c_1471893021785_416492_27370"/><association classType="Association" humanType="Association" icon="DiscreteEventLogisticsSystems_files/icon_association_866202742.svg" isRelationship="true" name="Association[boundary:DiscreteEventLogisticsSystems::PLANT::Facility::Layout::Geometry::Boundary::3Dboundary &lt;- DiscreteEventLogisticsSystems::PLANT::Facility::Layout::Geometry::3Dgeometry]" refid="_17_0_4_2_937029c_1471893021785_592170_27372"/><association classType="Association" humanType="Association" icon="DiscreteEventLogisticsSystems_files/icon_association_866202742.svg" isRelationship="true" name="Association[elementOrdering:DiscreteEventLogisticsSystems::PLANT::Facility::Layout::Geometry::2DmatrixElementOrdering &lt;- DiscreteEventLogisticsSystems::PLANT::Facility::Layout::Geometry::SquareMatrixOfReals]" refid="_17_0_4_2_937029c_1471893021786_737468_27376"/><association classType="Association" humanType="Association" icon="DiscreteEventLogisticsSystems_files/icon_association_866202742.svg" isRelationship="true" name="Association[referenceFrame:DiscreteEventLogisticsSystems::PLANT::Facility::Layout::Geometry::ReferenceFrame::2DreferenceFrame &lt;- DiscreteEventLogisticsSystems::PLANT::Facility::Layout::Geometry::2Dgeometry]" refid="_17_0_4_2_937029c_1471893021785_865536_27369"/><association classType="Association" humanType="Association" icon="DiscreteEventLogisticsSystems_files/icon_association_866202742.svg" isRelationship="true" name="Association[referenceFrame:DiscreteEventLogisticsSystems::PLANT::Facility::Layout::Geometry::ReferenceFrame::3DreferenceFrame &lt;- DiscreteEventLogisticsSystems::PLANT::Facility::Layout::Geometry::3Dgeometry]" refid="_17_0_4_2_937029c_1471893021785_392527_27371"/><package classType="Package" humanType="Package" icon="DiscreteEventLogisticsSystems_files/icon_package_1622863652.svg" name="Boundary" refid="_17_0_4_2_937029c_1471893021785_693983_27368"/><diagram classType="Diagram" humanType="Diagram" icon="DiscreteEventLogisticsSystems_files/icon_SysML Block Definition Diagram_1080813915.svg" name="Geometry" refid="_17_0_4_2_937029c_1471893022060_530983_27387"/><package classType="Package" humanType="Package" icon="DiscreteEventLogisticsSystems_files/icon_package_1622863652.svg" name="ReferenceFrame" refid="_17_0_4_2_937029c_1471893021784_550517_27366"/><valuetype classType="DataType" humanType="Value Type" icon="DiscreteEventLogisticsSystems_files/icon_valuetype_766030553.svg" name="SquareMatrixOfReals" refid="_17_0_4_2_937029c_1471893021785_998880_27373"/><valuetype classType="DataType" humanType="Value Type" icon="DiscreteEventLogisticsSystems_files/icon_valuetype_766030553.svg" name="VectorOfReals" refid="_17_0_4_2_937029c_1471893021786_974976_27374"/></ownedMember><ownedType humanName="Owned Type"><valuetype classType="DataType" humanType="Value Type" icon="DiscreteEventLogisticsSystems_files/icon_valuetype_766030553.svg" name="2Dgeometry" refid="_17_0_4_2_937029c_1471893021784_377627_27367"/><enumeration classType="Enumeration" humanType="Enumeration" icon="DiscreteEventLogisticsSystems_files/icon_enumeration_1832284192.svg" name="2DmatrixElementOrdering" refid="_17_0_4_2_937029c_1471893021786_684848_27375"/><valuetype classType="DataType" humanType="Value Type" icon="DiscreteEventLogisticsSystems_files/icon_valuetype_766030553.svg" name="3Dgeometry" refid="_17_0_4_2_937029c_1471893021784_303594_27365"/><association classType="Association" humanType="Association" icon="DiscreteEventLogisticsSystems_files/icon_association_866202742.svg" isRelationship="true" name="Association[boundary:DiscreteEventLogisticsSystems::PLANT::Facility::Layout::Geometry::Boundary::2Dboundary &lt;- DiscreteEventLogisticsSystems::PLANT::Facility::Layout::Geometry::2Dgeometry]" refid="_17_0_4_2_937029c_1471893021785_416492_27370"/><association classType="Association" humanType="Association" icon="DiscreteEventLogisticsSystems_files/icon_association_866202742.svg" isRelationship="true" name="Association[boundary:DiscreteEventLogisticsSystems::PLANT::Facility::Layout::Geometry::Boundary::3Dboundary &lt;- DiscreteEventLogisticsSystems::PLANT::Facility::Layout::Geometry::3Dgeometry]" refid="_17_0_4_2_937029c_1471893021785_592170_27372"/><association classType="Association" humanType="Association" icon="DiscreteEventLogisticsSystems_files/icon_association_866202742.svg" isRelationship="true" name="Association[elementOrdering:DiscreteEventLogisticsSystems::PLANT::Facility::Layout::Geometry::2DmatrixElementOrdering &lt;- DiscreteEventLogisticsSystems::PLANT::Facility::Layout::Geometry::SquareMatrixOfReals]" refid="_17_0_4_2_937029c_1471893021786_737468_27376"/><association classType="Association" humanType="Association" icon="DiscreteEventLogisticsSystems_files/icon_association_866202742.svg" isRelationship="true" name="Association[referenceFrame:DiscreteEventLogisticsSystems::PLANT::Facility::Layout::Geometry::ReferenceFrame::2DreferenceFrame &lt;- DiscreteEventLogisticsSystems::PLANT::Facility::Layout::Geometry::2Dgeometry]" refid="_17_0_4_2_937029c_1471893021785_865536_27369"/><association classType="Association" humanType="Association" icon="DiscreteEventLogisticsSystems_files/icon_association_866202742.svg" isRelationship="true" name="Association[referenceFrame:DiscreteEventLogisticsSystems::PLANT::Facility::Layout::Geometry::ReferenceFrame::3DreferenceFrame &lt;- DiscreteEventLogisticsSystems::PLANT::Facility::Layout::Geometry::3Dgeometry]" refid="_17_0_4_2_937029c_1471893021785_392527_27371"/><valuetype classType="DataType" humanType="Value Type" icon="DiscreteEventLogisticsSystems_files/icon_valuetype_766030553.svg" name="SquareMatrixOfReals" refid="_17_0_4_2_937029c_1471893021785_998880_27373"/><valuetype classType="DataType" humanType="Value Type" icon="DiscreteEventLogisticsSystems_files/icon_valuetype_766030553.svg" name="VectorOfReals" refid="_17_0_4_2_937029c_1471893021786_974976_27374"/></ownedType><owner classType="Package" humanName="Owner" humanType="Package" icon="DiscreteEventLogisticsSystems_files/icon_package_1622863652.svg" mode="s,e" name="Layout" refid="_17_0_4_2_937029c_1471893021769_49586_27346"/><owningPackage classType="Package" humanName="Owning Package" humanType="Package" icon="DiscreteEventLogisticsSystems_files/icon_package_1622863652.svg" name="Layout" refid="_17_0_4_2_937029c_1471893021769_49586_27346"/><packagedElement humanName="Packaged Element"><valuetype classType="DataType" humanType="Value Type" icon="DiscreteEventLogisticsSystems_files/icon_valuetype_766030553.svg" name="2Dgeometry" refid="_17_0_4_2_937029c_1471893021784_377627_27367"/><enumeration classType="Enumeration" humanType="Enumeration" icon="DiscreteEventLogisticsSystems_files/icon_enumeration_1832284192.svg" name="2DmatrixElementOrdering" refid="_17_0_4_2_937029c_1471893021786_684848_27375"/><valuetype classType="DataType" humanType="Value Type" icon="DiscreteEventLogisticsSystems_files/icon_valuetype_766030553.svg" name="3Dgeometry" refid="_17_0_4_2_937029c_1471893021784_303594_27365"/><association classType="Association" humanType="Association" icon="DiscreteEventLogisticsSystems_files/icon_association_866202742.svg" isRelationship="true" name="Association[boundary:DiscreteEventLogisticsSystems::PLANT::Facility::Layout::Geometry::Boundary::2Dboundary &lt;- DiscreteEventLogisticsSystems::PLANT::Facility::Layout::Geometry::2Dgeometry]" refid="_17_0_4_2_937029c_1471893021785_416492_27370"/><association classType="Association" humanType="Association" icon="DiscreteEventLogisticsSystems_files/icon_association_866202742.svg" isRelationship="true" name="Association[boundary:DiscreteEventLogisticsSystems::PLANT::Facility::Layout::Geometry::Boundary::3Dboundary &lt;- DiscreteEventLogisticsSystems::PLANT::Facility::Layout::Geometry::3Dgeometry]" refid="_17_0_4_2_937029c_1471893021785_592170_27372"/><association classType="Association" humanType="Association" icon="DiscreteEventLogisticsSystems_files/icon_association_866202742.svg" isRelationship="true" name="Association[elementOrdering:DiscreteEventLogisticsSystems::PLANT::Facility::Layout::Geometry::2DmatrixElementOrdering &lt;- DiscreteEventLogisticsSystems::PLANT::Facility::Layout::Geometry::SquareMatrixOfReals]" refid="_17_0_4_2_937029c_1471893021786_737468_27376"/><association classType="Association" humanType="Association" icon="DiscreteEventLogisticsSystems_files/icon_association_866202742.svg" isRelationship="true" name="Association[referenceFrame:DiscreteEventLogisticsSystems::PLANT::Facility::Layout::Geometry::ReferenceFrame::2DreferenceFrame &lt;- DiscreteEventLogisticsSystems::PLANT::Facility::Layout::Geometry::2Dgeometry]" refid="_17_0_4_2_937029c_1471893021785_865536_27369"/><association classType="Association" humanType="Association" icon="DiscreteEventLogisticsSystems_files/icon_association_866202742.svg" isRelationship="true" name="Association[referenceFrame:DiscreteEventLogisticsSystems::PLANT::Facility::Layout::Geometry::ReferenceFrame::3DreferenceFrame &lt;- DiscreteEventLogisticsSystems::PLANT::Facility::Layout::Geometry::3Dgeometry]" refid="_17_0_4_2_937029c_1471893021785_392527_27371"/><package classType="Package" humanType="Package" icon="DiscreteEventLogisticsSystems_files/icon_package_1622863652.svg" name="Boundary" refid="_17_0_4_2_937029c_1471893021785_693983_27368"/><package classType="Package" humanType="Package" icon="DiscreteEventLogisticsSystems_files/icon_package_1622863652.svg" name="ReferenceFrame" refid="_17_0_4_2_937029c_1471893021784_550517_27366"/><valuetype classType="DataType" humanType="Value Type" icon="DiscreteEventLogisticsSystems_files/icon_valuetype_766030553.svg" name="SquareMatrixOfReals" refid="_17_0_4_2_937029c_1471893021785_998880_27373"/><valuetype classType="DataType" humanType="Value Type" icon="DiscreteEventLogisticsSystems_files/icon_valuetype_766030553.svg" name="VectorOfReals" refid="_17_0_4_2_937029c_1471893021786_974976_27374"/></packagedElement><qualifiedName humanName="Qualified Name" mode="e">DiscreteEventLogisticsSystems::PLANT::Facility::Layout::Geometry</qualifiedName><TO_DO humanName="To Do" mode="s,e"/><URI humanName="URI" mode="s,e"/><visibility humanName="Visibility">public</visibility></package></magicdraw>