<?xml version="1.0" encoding="UTF-8"?><magicdraw><valueproperty classType="Property" humanType="Value Property" icon="DiscreteEventLogisticsSystems_files/icon_valueproperty_1845313987.svg" id="_17_0_4_2_937029c_1471893022416_858967_27488"><aggregation humanName="Aggregation" mode="s,e">composite</aggregation><APPLIED_STEREOTYPES humanName="Applied Stereotype" mode="s,e"><stereotype classType="Stereotype" humanType="Stereotype" icon="DiscreteEventLogisticsSystems_files/icon_stereotype_1845313987.svg" name="ValueProperty" refid="_12_0_be00301_1164123483951_695645_2041"/></APPLIED_STEREOTYPES><appliedStereotype humanName="Applied Stereotype" mode="s,e"><stereotype classType="Stereotype" humanType="Stereotype" icon="DiscreteEventLogisticsSystems_files/icon_stereotype_1845313987.svg" name="ValueProperty" refid="_12_0_be00301_1164123483951_695645_2041"><property classType="Property" humanName="Base_ Element" humanType="Property" icon="DiscreteEventLogisticsSystems_files/icon_property_1353393023.svg" name="base_Element" refid="_10_0EAPbeta_be00301_1123081772098_411862_275"/><property classType="Property" humanName="Base_ Property" humanType="Property" icon="DiscreteEventLogisticsSystems_files/icon_property_1353393023.svg" name="base_Property" refid="_12_0_be00301_1164123486896_243192_2044"/></stereotype></appliedStereotype><appliedStereotypeInstance classType="InstanceSpecification" humanName="Applied Stereotype Instance" humanType="Instance Specification" icon="DiscreteEventLogisticsSystems_files/icon_instancespecification_13643661.svg" name=" : MD Customization for SysML::additional_stereotypes::ValueProperty" refid="_17_0_4_2_937029c_1471893022454_490495_27603"/><association classType="Association" humanName="Association" humanType="Association" icon="DiscreteEventLogisticsSystems_files/icon_association_1353675987.svg" isRelationship="true" name="Association[geometry:DiscreteEventLogisticsSystems::PLANT::Facility::Layout::Geometry::2Dgeometry &lt;- DiscreteEventLogisticsSystems::PLANT::Facility::Layout::Physical Space]" refid="_17_0_4_2_937029c_1471893021784_674441_27363"/><UMLClass classType="Class" humanName="Class" humanType="Block" icon="DiscreteEventLogisticsSystems_files/icon_block_1951308442.svg" name="Physical Space" refid="_17_0_4_2_937029c_1471893021783_925099_27361"/><classifier classType="Class" humanName="Classifier" humanType="Block" icon="DiscreteEventLogisticsSystems_files/icon_block_1951308442.svg" name="Physical Space" refid="_17_0_4_2_937029c_1471893021783_925099_27361"/><documentation humanName="Documentation"/><effectiveIRI humanName="Effective IRI"/><featuringClassifier classType="Class" humanName="Featuring Classifier" humanType="Block" icon="DiscreteEventLogisticsSystems_files/icon_block_1951308442.svg" name="Physical Space" refid="_17_0_4_2_937029c_1471893021783_925099_27361"/><isComposite humanName="Is Composite">true</isComposite><isDerived humanName="Is Derived" mode="s,e">false</isDerived><isDerivedUnion humanName="Is Derived Union" mode="e">false</isDerivedUnion><isID humanName="Is ID" mode="e">false</isID><isLeaf humanName="Is Leaf">false</isLeaf><isOrdered humanName="Is Ordered" mode="e">false</isOrdered><isReadOnly humanName="Is Read Only" mode="s,e">false</isReadOnly><isStatic humanName="Is Static" mode="s,e">false</isStatic><isUnique humanName="Is Unique" mode="e">true</isUnique><lower humanName="Lower">1</lower><multiplicity humanName="Multiplicity" mode="s,e"/><multiplicity humanName="Multiplicity" mode="s,e"/><name humanName="Name" mode="s,e">geometry</name><namespace classType="Class" humanName="Namespace" humanType="Block" icon="DiscreteEventLogisticsSystems_files/icon_block_1951308442.svg" name="Physical Space" refid="_17_0_4_2_937029c_1471893021783_925099_27361"/><navigable humanName="Navigable">true</navigable><opposite classType="Property" humanName="Opposite" humanType="Property" icon="DiscreteEventLogisticsSystems_files/icon_property_1353393023.svg" name=" : PLANT::Facility::Layout::Physical Space" refid="_17_0_4_2_937029c_1471893022417_581548_27493"/><ownedBy classType="Class" humanName="Owned By" humanType="Block" icon="DiscreteEventLogisticsSystems_files/icon_block_1951308442.svg" name="Physical Space" refid="_17_0_4_2_937029c_1471893021783_925099_27361"/><ownedElement humanName="Owned Element"><instancespecification classType="InstanceSpecification" humanType="Instance Specification" icon="DiscreteEventLogisticsSystems_files/icon_instancespecification_13643661.svg" name=" : MD Customization for SysML::additional_stereotypes::ValueProperty" refid="_17_0_4_2_937029c_1471893022454_490495_27603"/></ownedElement><owner classType="Class" humanName="Owner" humanType="Block" icon="DiscreteEventLogisticsSystems_files/icon_block_1951308442.svg" name="Physical Space" refid="_17_0_4_2_937029c_1471893021783_925099_27361"/><qualifiedName humanName="Qualified Name" mode="e">DiscreteEventLogisticsSystems::PLANT::Facility::Layout::Physical Space::geometry</qualifiedName><redefinitionContext humanName="Redefinition Context"><block classType="Class" humanType="Block" icon="DiscreteEventLogisticsSystems_files/icon_block_1951308442.svg" name="Physical Space" refid="_17_0_4_2_937029c_1471893021783_925099_27361"/></redefinitionContext><TO_DO humanName="To Do" mode="s,e"/><type classType="DataType" humanName="Type" humanType="Value Type" icon="DiscreteEventLogisticsSystems_files/icon_valuetype_766030553.svg" mode="s,e" name="2Dgeometry" refid="_17_0_4_2_937029c_1471893021784_377627_27367"/><TYPE_MODIFIER humanName="Type Modifier" mode="e"/><upper humanName="Upper">1</upper><visibility humanName="Visibility" mode="e">public</visibility></valueproperty></magicdraw>