<?xml version="1.0" encoding="UTF-8"?><magicdraw><literalunlimitednatural classType="LiteralUnlimitedNatural" humanType="Literal Unlimited Natural" icon="DiscreteEventLogisticsSystems_files/icon_literalunlimitednatural_580911462.svg" id="_17_0_4_2_937029c_1469545465924_785012_20656"><documentation humanName="Documentation"/><name humanName="Name"/><owner classType="Property" humanName="Owner" humanType="Property" icon="DiscreteEventLogisticsSystems_files/icon_property_1353393023.svg" mode="e" name="personnelCapability" refid="_17_0_4_2_937029c_1469545424461_875473_20597"/><owningUpper classType="Property" humanName="Owning Upper" humanType="Property" icon="DiscreteEventLogisticsSystems_files/icon_property_1353393023.svg" name="personnelCapability" refid="_17_0_4_2_937029c_1469545424461_875473_20597"/><qualifiedName humanName="Qualified Name">DiscreteEventLogisticsSystems::PLANT::Process::Process::personnelCapability::</qualifiedName><text humanName="Text" mode="standard">*</text><TO_DO humanName="To Do"/><TYPE_MODIFIER humanName="Type Modifier"/><value humanName="Value" mode="s,e">-1</value><visibility humanName="Visibility">public</visibility></literalunlimitednatural></magicdraw>