<?xml version="1.0" encoding="UTF-8"?><magicdraw><valuetype classType="DataType" humanType="Value Type" icon="DiscreteEventLogisticsSystems_files/icon_valuetype_766030553.svg" id="_17_0_4_2_937029c_1471893022421_41066_27509"><APPLIED_STEREOTYPES humanName="Applied Stereotype" mode="s,e"><stereotype classType="Stereotype" humanType="Stereotype" icon="DiscreteEventLogisticsSystems_files/icon_stereotype_766030553.svg" name="ValueType" refid="_11_5EAPbeta_be00301_1147430239267_179145_1189"/></APPLIED_STEREOTYPES><appliedStereotype humanName="Applied Stereotype" mode="s,e"><stereotype classType="Stereotype" humanType="Stereotype" icon="DiscreteEventLogisticsSystems_files/icon_stereotype_766030553.svg" name="ValueType" refid="_11_5EAPbeta_be00301_1147430239267_179145_1189"><property classType="Property" humanName="Base_ Data Type" humanType="Property" icon="DiscreteEventLogisticsSystems_files/icon_property_1353393023.svg" name="base_DataType" refid="_11_5EAPbeta_be00301_1147430241871_22153_1192"/><property classType="Property" humanName="Quantity Kind" humanType="Property" icon="DiscreteEventLogisticsSystems_files/icon_property_1353393023.svg" name="quantityKind" refid="_11_5EAPbeta_be00301_1147430349926_544971_1421"/><property classType="Property" humanName="Unit" humanType="Property" icon="DiscreteEventLogisticsSystems_files/icon_property_1353393023.svg" name="unit" refid="_11_5EAPbeta_be00301_1147430364958_360156_1425"/></stereotype></appliedStereotype><appliedStereotypeInstance classType="InstanceSpecification" humanName="Applied Stereotype Instance" humanType="Instance Specification" icon="DiscreteEventLogisticsSystems_files/icon_instancespecification_13643661.svg" name=" : SysML::Blocks::ValueType" refid="_17_0_4_2_937029c_1471893022468_134437_27647"/><attribute humanName="Attribute"><property classType="Property" humanType="Property" icon="DiscreteEventLogisticsSystems_files/icon_property_1353393023.svg" name="setOfPoints" refid="_17_0_4_2_937029c_1471893022467_621275_27646"/><property classType="Property" humanType="Property" icon="DiscreteEventLogisticsSystems_files/icon_property_1353393023.svg" name="shape" refid="_17_0_4_2_937029c_1471893022467_402825_27645"/></attribute><documentation humanName="Documentation"/><effectiveIRI humanName="Effective IRI"/><feature humanName="Feature"><property classType="Property" humanType="Property" icon="DiscreteEventLogisticsSystems_files/icon_property_1353393023.svg" name="setOfPoints" refid="_17_0_4_2_937029c_1471893022467_621275_27646"/><property classType="Property" humanType="Property" icon="DiscreteEventLogisticsSystems_files/icon_property_1353393023.svg" name="shape" refid="_17_0_4_2_937029c_1471893022467_402825_27645"/></feature><isAbstract humanName="Is Abstract" mode="e">false</isAbstract><isFinalSpecialization humanName="Is Final Specialization" mode="e">false</isFinalSpecialization><isLeaf humanName="Is Leaf" mode="e">false</isLeaf><member humanName="Member"><property classType="Property" humanType="Property" icon="DiscreteEventLogisticsSystems_files/icon_property_1353393023.svg" name="setOfPoints" refid="_17_0_4_2_937029c_1471893022467_621275_27646"/><property classType="Property" humanType="Property" icon="DiscreteEventLogisticsSystems_files/icon_property_1353393023.svg" name="shape" refid="_17_0_4_2_937029c_1471893022467_402825_27645"/></member><name humanName="Name" mode="s,e">2Dboundary</name><namespace classType="Package" humanName="Namespace" humanType="Package" icon="DiscreteEventLogisticsSystems_files/icon_package_1622863652.svg" name="Boundary" refid="_17_0_4_2_937029c_1471893021785_693983_27368"/><ownedAttribute humanName="Owned Attribute"><property classType="Property" humanType="Property" icon="DiscreteEventLogisticsSystems_files/icon_property_1353393023.svg" name="setOfPoints" refid="_17_0_4_2_937029c_1471893022467_621275_27646"/><property classType="Property" humanType="Property" icon="DiscreteEventLogisticsSystems_files/icon_property_1353393023.svg" name="shape" refid="_17_0_4_2_937029c_1471893022467_402825_27645"/></ownedAttribute><ownedElement humanName="Owned Element"><instancespecification classType="InstanceSpecification" humanType="Instance Specification" icon="DiscreteEventLogisticsSystems_files/icon_instancespecification_13643661.svg" name=" : SysML::Blocks::ValueType" refid="_17_0_4_2_937029c_1471893022468_134437_27647"/><property classType="Property" humanType="Property" icon="DiscreteEventLogisticsSystems_files/icon_property_1353393023.svg" name="setOfPoints" refid="_17_0_4_2_937029c_1471893022467_621275_27646"/><property classType="Property" humanType="Property" icon="DiscreteEventLogisticsSystems_files/icon_property_1353393023.svg" name="shape" refid="_17_0_4_2_937029c_1471893022467_402825_27645"/></ownedElement><ownedMember humanName="Owned Member"><property classType="Property" humanType="Property" icon="DiscreteEventLogisticsSystems_files/icon_property_1353393023.svg" name="setOfPoints" refid="_17_0_4_2_937029c_1471893022467_621275_27646"/><property classType="Property" humanType="Property" icon="DiscreteEventLogisticsSystems_files/icon_property_1353393023.svg" name="shape" refid="_17_0_4_2_937029c_1471893022467_402825_27645"/></ownedMember><owner classType="Package" humanName="Owner" humanType="Package" icon="DiscreteEventLogisticsSystems_files/icon_package_1622863652.svg" mode="s,e" name="Boundary" refid="_17_0_4_2_937029c_1471893021785_693983_27368"/><owningPackage classType="Package" humanName="Owning Package" humanType="Package" icon="DiscreteEventLogisticsSystems_files/icon_package_1622863652.svg" name="Boundary" refid="_17_0_4_2_937029c_1471893021785_693983_27368"/><package classType="Package" humanName="Package" humanType="Package" icon="DiscreteEventLogisticsSystems_files/icon_package_1622863652.svg" name="Boundary" refid="_17_0_4_2_937029c_1471893021785_693983_27368"/><qualifiedName humanName="Qualified Name" mode="e">DiscreteEventLogisticsSystems::PLANT::Facility::Layout::Geometry::Boundary::2Dboundary</qualifiedName><TO_DO humanName="To Do" mode="s,e"/><visibility humanName="Visibility">public</visibility><appearsIn><diagram classType="Diagram" humanType="Diagram" icon="DiscreteEventLogisticsSystems_files/icon_SysML Block Definition Diagram_1080813915.svg" name="Geometry" refid="_17_0_4_2_937029c_1471893022060_530983_27387"/></appearsIn></valuetype></magicdraw>