<?xml version="1.0" encoding="UTF-8"?><magicdraw><instancespecification classType="InstanceSpecification" humanType="Instance Specification" icon="DiscreteEventLogisticsSystems_files/icon_instancespecification_13643661.svg" id="_17_0_4_2_937029c_1469212883647_239427_18738"><classifier humanName="Classifier" mode="s,e"><stereotype classType="Stereotype" humanType="Stereotype" icon="DiscreteEventLogisticsSystems_files/icon_stereotype_918307166.svg" name="complete" refid="_19_0_1_8ca0285_1532415865804_574455_4606"/><stereotype classType="Stereotype" humanType="Stereotype" icon="DiscreteEventLogisticsSystems_files/icon_stereotype_918307166.svg" name="DiagramInfo" refid="_9_0_be00301_1108044380615_150487_0"/></classifier><documentation humanName="Documentation"/><name humanName="Name" mode="s,e"/><ownedElement humanName="Owned Element"><slot classType="Slot" humanType="Slot" icon="DiscreteEventLogisticsSystems_files/icon_slot_1477912881.svg" refid="_19_0_3_412017e_1592328421573_242767_13498"/><slot classType="Slot" humanType="Slot" icon="DiscreteEventLogisticsSystems_files/icon_slot_1477912881.svg" refid="_19_0_3_412017e_1592328421573_125886_13500"/><slot classType="Slot" humanType="Slot" icon="DiscreteEventLogisticsSystems_files/icon_slot_1477912881.svg" refid="_19_0_3_412017e_1592328421574_839599_13502"/><slot classType="Slot" humanType="Slot" icon="DiscreteEventLogisticsSystems_files/icon_slot_1477912881.svg" refid="_19_0_3_412017e_1592328421574_25315_13504"/></ownedElement><owner classType="Diagram" humanName="Owner" humanType="Diagram" icon="DiscreteEventLogisticsSystems_files/icon_SysML Block Definition Diagram_1080813915.svg" mode="s,e" name="DELS_ProcessTaxonomy" refid="_17_0_4_2_937029c_1469212883634_378212_18727"/><qualifiedName humanName="Qualified Name" mode="e">DiscreteEventLogisticsSystems::PLANT::Process::DELS_ProcessTaxonomy::</qualifiedName><slot humanName="Slot"><slot classType="Slot" humanType="Slot" icon="DiscreteEventLogisticsSystems_files/icon_slot_1477912881.svg" refid="_19_0_3_412017e_1592328421573_242767_13498"/><slot classType="Slot" humanType="Slot" icon="DiscreteEventLogisticsSystems_files/icon_slot_1477912881.svg" refid="_19_0_3_412017e_1592328421573_125886_13500"/><slot classType="Slot" humanType="Slot" icon="DiscreteEventLogisticsSystems_files/icon_slot_1477912881.svg" refid="_19_0_3_412017e_1592328421574_839599_13502"/><slot classType="Slot" humanType="Slot" icon="DiscreteEventLogisticsSystems_files/icon_slot_1477912881.svg" refid="_19_0_3_412017e_1592328421574_25315_13504"/></slot><stereotypedElement classType="Diagram" humanName="Stereotyped Element" humanType="Diagram" icon="DiscreteEventLogisticsSystems_files/icon_SysML Block Definition Diagram_1080813915.svg" name="DELS_ProcessTaxonomy" refid="_17_0_4_2_937029c_1469212883634_378212_18727"/><TO_DO humanName="To Do" mode="s,e"/><visibility humanName="Visibility">public</visibility></instancespecification></magicdraw>