<?xml version="1.0" encoding="UTF-8"?><magicdraw><package classType="Package" humanType="Package" icon="DiscreteEventLogisticsSystems_files/icon_package_1622863652.svg" id="_17_0_4_2_937029c_1471893022092_866907_27451"><documentation humanName="Documentation"/><member humanName="Member"><block classType="Class" humanType="Block" icon="DiscreteEventLogisticsSystems_files/icon_block_1951308442.svg" name="+shaped Intersection" refid="_17_0_4_2_937029c_1471893022448_256705_27592"/><association classType="Association" humanType="Association" icon="DiscreteEventLogisticsSystems_files/icon_association_1390942857.svg" isRelationship="true" name="Association[+_intersection:DiscreteEventLogisticsSystems::PLANT::Facility::Layout::LayoutSemanticsToAbstractANetwork::PathIntersection::+shaped Intersection - endpoint:DiscreteEventLogisticsSystems::PLANT::Facility::Layout::LayoutSemanticsToAbstractANetwork::Endpoint Node]" refid="_17_0_4_2_937029c_1471893022448_891855_27591"/><association classType="Association" humanType="Association" icon="DiscreteEventLogisticsSystems_files/icon_association_1390942857.svg" isRelationship="true" name="Association[L_Intersection:DiscreteEventLogisticsSystems::PLANT::Facility::Layout::LayoutSemanticsToAbstractANetwork::PathIntersection::Lshaped Intersection - endpoint:DiscreteEventLogisticsSystems::PLANT::Facility::Layout::LayoutSemanticsToAbstractANetwork::Endpoint Node]" refid="_17_0_4_2_937029c_1471893022446_922514_27585"/><association classType="Association" humanType="Association" icon="DiscreteEventLogisticsSystems_files/icon_association_1390942857.svg" isRelationship="true" name="Association[T_intersection:DiscreteEventLogisticsSystems::PLANT::Facility::Layout::LayoutSemanticsToAbstractANetwork::PathIntersection::Tshaped Intersection - endpoint:DiscreteEventLogisticsSystems::PLANT::Facility::Layout::LayoutSemanticsToAbstractANetwork::Endpoint Node]" refid="_17_0_4_2_937029c_1471893022447_941848_27587"/><block classType="Class" humanType="Block" icon="DiscreteEventLogisticsSystems_files/icon_block_1951308442.svg" name="Lshaped Intersection" refid="_17_0_4_2_937029c_1471893022446_479024_27586"/><block classType="Class" humanType="Block" icon="DiscreteEventLogisticsSystems_files/icon_block_1951308442.svg" name="Rectangular Path Intersection" refid="_17_0_4_2_937029c_1471893022448_939329_27590"/><block classType="Class" humanType="Block" icon="DiscreteEventLogisticsSystems_files/icon_block_1951308442.svg" name="Tshaped Intersection" refid="_17_0_4_2_937029c_1471893022447_879836_27589"/><block classType="Class" humanType="Block" icon="DiscreteEventLogisticsSystems_files/icon_block_1951308442.svg" name="Two Rectangular Path Intersection" refid="_17_0_4_2_937029c_1471893022447_880922_27588"/></member><name humanName="Name" mode="s,e">PathIntersection</name><namespace classType="Package" humanName="Namespace" humanType="Package" icon="DiscreteEventLogisticsSystems_files/icon_package_1622863652.svg" name="LayoutSemanticsToAbstractANetwork" refid="_17_0_4_2_937029c_1471893021782_779879_27360"/><nestingPackage classType="Package" humanName="Nesting Package" humanType="Package" icon="DiscreteEventLogisticsSystems_files/icon_package_1622863652.svg" name="LayoutSemanticsToAbstractANetwork" refid="_17_0_4_2_937029c_1471893021782_779879_27360"/><ownedComment humanName="Owned Comment"><problem classType="Comment" humanType="Problem" icon="DiscreteEventLogisticsSystems_files/icon_problem_1844792711.svg" refid="_17_0_4_2_937029c_1471893022449_828920_27593"/></ownedComment><ownedElement humanName="Owned Element"><problem classType="Comment" humanType="Problem" icon="DiscreteEventLogisticsSystems_files/icon_problem_1844792711.svg" refid="_17_0_4_2_937029c_1471893022449_828920_27593"/><block classType="Class" humanType="Block" icon="DiscreteEventLogisticsSystems_files/icon_block_1951308442.svg" name="+shaped Intersection" refid="_17_0_4_2_937029c_1471893022448_256705_27592"/><association classType="Association" humanType="Association" icon="DiscreteEventLogisticsSystems_files/icon_association_1390942857.svg" isRelationship="true" name="Association[+_intersection:DiscreteEventLogisticsSystems::PLANT::Facility::Layout::LayoutSemanticsToAbstractANetwork::PathIntersection::+shaped Intersection - endpoint:DiscreteEventLogisticsSystems::PLANT::Facility::Layout::LayoutSemanticsToAbstractANetwork::Endpoint Node]" refid="_17_0_4_2_937029c_1471893022448_891855_27591"/><association classType="Association" humanType="Association" icon="DiscreteEventLogisticsSystems_files/icon_association_1390942857.svg" isRelationship="true" name="Association[L_Intersection:DiscreteEventLogisticsSystems::PLANT::Facility::Layout::LayoutSemanticsToAbstractANetwork::PathIntersection::Lshaped Intersection - endpoint:DiscreteEventLogisticsSystems::PLANT::Facility::Layout::LayoutSemanticsToAbstractANetwork::Endpoint Node]" refid="_17_0_4_2_937029c_1471893022446_922514_27585"/><association classType="Association" humanType="Association" icon="DiscreteEventLogisticsSystems_files/icon_association_1390942857.svg" isRelationship="true" name="Association[T_intersection:DiscreteEventLogisticsSystems::PLANT::Facility::Layout::LayoutSemanticsToAbstractANetwork::PathIntersection::Tshaped Intersection - endpoint:DiscreteEventLogisticsSystems::PLANT::Facility::Layout::LayoutSemanticsToAbstractANetwork::Endpoint Node]" refid="_17_0_4_2_937029c_1471893022447_941848_27587"/><block classType="Class" humanType="Block" icon="DiscreteEventLogisticsSystems_files/icon_block_1951308442.svg" name="Lshaped Intersection" refid="_17_0_4_2_937029c_1471893022446_479024_27586"/><block classType="Class" humanType="Block" icon="DiscreteEventLogisticsSystems_files/icon_block_1951308442.svg" name="Rectangular Path Intersection" refid="_17_0_4_2_937029c_1471893022448_939329_27590"/><block classType="Class" humanType="Block" icon="DiscreteEventLogisticsSystems_files/icon_block_1951308442.svg" name="Tshaped Intersection" refid="_17_0_4_2_937029c_1471893022447_879836_27589"/><block classType="Class" humanType="Block" icon="DiscreteEventLogisticsSystems_files/icon_block_1951308442.svg" name="Two Rectangular Path Intersection" refid="_17_0_4_2_937029c_1471893022447_880922_27588"/></ownedElement><ownedMember humanName="Owned Member"><block classType="Class" humanType="Block" icon="DiscreteEventLogisticsSystems_files/icon_block_1951308442.svg" name="+shaped Intersection" refid="_17_0_4_2_937029c_1471893022448_256705_27592"/><association classType="Association" humanType="Association" icon="DiscreteEventLogisticsSystems_files/icon_association_1390942857.svg" isRelationship="true" name="Association[+_intersection:DiscreteEventLogisticsSystems::PLANT::Facility::Layout::LayoutSemanticsToAbstractANetwork::PathIntersection::+shaped Intersection - endpoint:DiscreteEventLogisticsSystems::PLANT::Facility::Layout::LayoutSemanticsToAbstractANetwork::Endpoint Node]" refid="_17_0_4_2_937029c_1471893022448_891855_27591"/><association classType="Association" humanType="Association" icon="DiscreteEventLogisticsSystems_files/icon_association_1390942857.svg" isRelationship="true" name="Association[L_Intersection:DiscreteEventLogisticsSystems::PLANT::Facility::Layout::LayoutSemanticsToAbstractANetwork::PathIntersection::Lshaped Intersection - endpoint:DiscreteEventLogisticsSystems::PLANT::Facility::Layout::LayoutSemanticsToAbstractANetwork::Endpoint Node]" refid="_17_0_4_2_937029c_1471893022446_922514_27585"/><association classType="Association" humanType="Association" icon="DiscreteEventLogisticsSystems_files/icon_association_1390942857.svg" isRelationship="true" name="Association[T_intersection:DiscreteEventLogisticsSystems::PLANT::Facility::Layout::LayoutSemanticsToAbstractANetwork::PathIntersection::Tshaped Intersection - endpoint:DiscreteEventLogisticsSystems::PLANT::Facility::Layout::LayoutSemanticsToAbstractANetwork::Endpoint Node]" refid="_17_0_4_2_937029c_1471893022447_941848_27587"/><block classType="Class" humanType="Block" icon="DiscreteEventLogisticsSystems_files/icon_block_1951308442.svg" name="Lshaped Intersection" refid="_17_0_4_2_937029c_1471893022446_479024_27586"/><block classType="Class" humanType="Block" icon="DiscreteEventLogisticsSystems_files/icon_block_1951308442.svg" name="Rectangular Path Intersection" refid="_17_0_4_2_937029c_1471893022448_939329_27590"/><block classType="Class" humanType="Block" icon="DiscreteEventLogisticsSystems_files/icon_block_1951308442.svg" name="Tshaped Intersection" refid="_17_0_4_2_937029c_1471893022447_879836_27589"/><block classType="Class" humanType="Block" icon="DiscreteEventLogisticsSystems_files/icon_block_1951308442.svg" name="Two Rectangular Path Intersection" refid="_17_0_4_2_937029c_1471893022447_880922_27588"/></ownedMember><ownedType humanName="Owned Type"><block classType="Class" humanType="Block" icon="DiscreteEventLogisticsSystems_files/icon_block_1951308442.svg" name="+shaped Intersection" refid="_17_0_4_2_937029c_1471893022448_256705_27592"/><association classType="Association" humanType="Association" icon="DiscreteEventLogisticsSystems_files/icon_association_1390942857.svg" isRelationship="true" name="Association[+_intersection:DiscreteEventLogisticsSystems::PLANT::Facility::Layout::LayoutSemanticsToAbstractANetwork::PathIntersection::+shaped Intersection - endpoint:DiscreteEventLogisticsSystems::PLANT::Facility::Layout::LayoutSemanticsToAbstractANetwork::Endpoint Node]" refid="_17_0_4_2_937029c_1471893022448_891855_27591"/><association classType="Association" humanType="Association" icon="DiscreteEventLogisticsSystems_files/icon_association_1390942857.svg" isRelationship="true" name="Association[L_Intersection:DiscreteEventLogisticsSystems::PLANT::Facility::Layout::LayoutSemanticsToAbstractANetwork::PathIntersection::Lshaped Intersection - endpoint:DiscreteEventLogisticsSystems::PLANT::Facility::Layout::LayoutSemanticsToAbstractANetwork::Endpoint Node]" refid="_17_0_4_2_937029c_1471893022446_922514_27585"/><association classType="Association" humanType="Association" icon="DiscreteEventLogisticsSystems_files/icon_association_1390942857.svg" isRelationship="true" name="Association[T_intersection:DiscreteEventLogisticsSystems::PLANT::Facility::Layout::LayoutSemanticsToAbstractANetwork::PathIntersection::Tshaped Intersection - endpoint:DiscreteEventLogisticsSystems::PLANT::Facility::Layout::LayoutSemanticsToAbstractANetwork::Endpoint Node]" refid="_17_0_4_2_937029c_1471893022447_941848_27587"/><block classType="Class" humanType="Block" icon="DiscreteEventLogisticsSystems_files/icon_block_1951308442.svg" name="Lshaped Intersection" refid="_17_0_4_2_937029c_1471893022446_479024_27586"/><block classType="Class" humanType="Block" icon="DiscreteEventLogisticsSystems_files/icon_block_1951308442.svg" name="Rectangular Path Intersection" refid="_17_0_4_2_937029c_1471893022448_939329_27590"/><block classType="Class" humanType="Block" icon="DiscreteEventLogisticsSystems_files/icon_block_1951308442.svg" name="Tshaped Intersection" refid="_17_0_4_2_937029c_1471893022447_879836_27589"/><block classType="Class" humanType="Block" icon="DiscreteEventLogisticsSystems_files/icon_block_1951308442.svg" name="Two Rectangular Path Intersection" refid="_17_0_4_2_937029c_1471893022447_880922_27588"/></ownedType><owner classType="Package" humanName="Owner" humanType="Package" icon="DiscreteEventLogisticsSystems_files/icon_package_1622863652.svg" mode="s,e" name="LayoutSemanticsToAbstractANetwork" refid="_17_0_4_2_937029c_1471893021782_779879_27360"/><owningPackage classType="Package" humanName="Owning Package" humanType="Package" icon="DiscreteEventLogisticsSystems_files/icon_package_1622863652.svg" name="LayoutSemanticsToAbstractANetwork" refid="_17_0_4_2_937029c_1471893021782_779879_27360"/><packagedElement humanName="Packaged Element"><block classType="Class" humanType="Block" icon="DiscreteEventLogisticsSystems_files/icon_block_1951308442.svg" name="+shaped Intersection" refid="_17_0_4_2_937029c_1471893022448_256705_27592"/><association classType="Association" humanType="Association" icon="DiscreteEventLogisticsSystems_files/icon_association_1390942857.svg" isRelationship="true" name="Association[+_intersection:DiscreteEventLogisticsSystems::PLANT::Facility::Layout::LayoutSemanticsToAbstractANetwork::PathIntersection::+shaped Intersection - endpoint:DiscreteEventLogisticsSystems::PLANT::Facility::Layout::LayoutSemanticsToAbstractANetwork::Endpoint Node]" refid="_17_0_4_2_937029c_1471893022448_891855_27591"/><association classType="Association" humanType="Association" icon="DiscreteEventLogisticsSystems_files/icon_association_1390942857.svg" isRelationship="true" name="Association[L_Intersection:DiscreteEventLogisticsSystems::PLANT::Facility::Layout::LayoutSemanticsToAbstractANetwork::PathIntersection::Lshaped Intersection - endpoint:DiscreteEventLogisticsSystems::PLANT::Facility::Layout::LayoutSemanticsToAbstractANetwork::Endpoint Node]" refid="_17_0_4_2_937029c_1471893022446_922514_27585"/><association classType="Association" humanType="Association" icon="DiscreteEventLogisticsSystems_files/icon_association_1390942857.svg" isRelationship="true" name="Association[T_intersection:DiscreteEventLogisticsSystems::PLANT::Facility::Layout::LayoutSemanticsToAbstractANetwork::PathIntersection::Tshaped Intersection - endpoint:DiscreteEventLogisticsSystems::PLANT::Facility::Layout::LayoutSemanticsToAbstractANetwork::Endpoint Node]" refid="_17_0_4_2_937029c_1471893022447_941848_27587"/><block classType="Class" humanType="Block" icon="DiscreteEventLogisticsSystems_files/icon_block_1951308442.svg" name="Lshaped Intersection" refid="_17_0_4_2_937029c_1471893022446_479024_27586"/><block classType="Class" humanType="Block" icon="DiscreteEventLogisticsSystems_files/icon_block_1951308442.svg" name="Rectangular Path Intersection" refid="_17_0_4_2_937029c_1471893022448_939329_27590"/><block classType="Class" humanType="Block" icon="DiscreteEventLogisticsSystems_files/icon_block_1951308442.svg" name="Tshaped Intersection" refid="_17_0_4_2_937029c_1471893022447_879836_27589"/><block classType="Class" humanType="Block" icon="DiscreteEventLogisticsSystems_files/icon_block_1951308442.svg" name="Two Rectangular Path Intersection" refid="_17_0_4_2_937029c_1471893022447_880922_27588"/></packagedElement><qualifiedName humanName="Qualified Name" mode="e">DiscreteEventLogisticsSystems::PLANT::Facility::Layout::LayoutSemanticsToAbstractANetwork::PathIntersection</qualifiedName><TO_DO humanName="To Do" mode="s,e"/><URI humanName="URI" mode="s,e"/><visibility humanName="Visibility">public</visibility></package></magicdraw>