<?xml version="1.0" encoding="UTF-8"?><magicdraw><literalinteger classType="LiteralInteger" humanType="Literal Integer" icon="DiscreteEventLogisticsSystems_files/icon_literalinteger_213415401.svg" id="_17_0_4_2_937029c_1471893022480_673249_27722"><documentation humanName="Documentation"/><name humanName="Name"/><owner classType="Property" humanName="Owner" humanType="Property" icon="DiscreteEventLogisticsSystems_files/icon_property_1353393023.svg" mode="e" name="baseCase" refid="_17_0_4_2_937029c_1471893022462_627195_27624"/><owningLower classType="Property" humanName="Owning Lower" humanType="Property" icon="DiscreteEventLogisticsSystems_files/icon_property_1353393023.svg" name="baseCase" refid="_17_0_4_2_937029c_1471893022462_627195_27624"/><qualifiedName humanName="Qualified Name">DiscreteEventLogisticsSystems::PLANT::Facility::Layout::Geometry::ReferenceFrame::2DreferenceFrame::baseCase::</qualifiedName><text humanName="Text" mode="standard">0</text><TO_DO humanName="To Do"/><TYPE_MODIFIER humanName="Type Modifier"/><value humanName="Value" mode="s,e">0</value><visibility humanName="Visibility">public</visibility></literalinteger></magicdraw>