<?xml version="1.0" encoding="UTF-8"?><magicdraw><association classType="Association" humanType="Association" icon="DiscreteEventLogisticsSystems_files/icon_association_1353675987.svg" id="_17_0_4_2_937029c_1468359614874_565285_17772"><documentation humanName="Documentation"/><endType humanName="End Type"><block classType="Class" humanType="Block" icon="DiscreteEventLogisticsSystems_files/icon_block_1372204263.svg" name="DELS" refid="_18_0_2_f95033a_1447099702589_667150_29711"/><class classType="Class" humanType="Class" icon="DiscreteEventLogisticsSystems_files/icon_class_1682619279.svg" name="OperationalController" refid="_18_0_2_f95033a_1447092792409_500510_29070"/></endType><feature humanName="Feature"><property classType="Property" humanType="Property" icon="DiscreteEventLogisticsSystems_files/icon_property_1353393023.svg" name=" : DELS" refid="_17_0_4_2_937029c_1468359614875_569965_17774"/></feature><isAbstract humanName="Is Abstract">false</isAbstract><isDerived humanName="Is Derived">false</isDerived><isFinalSpecialization humanName="Is Final Specialization">false</isFinalSpecialization><isLeaf humanName="Is Leaf">false</isLeaf><member humanName="Member"><property classType="Property" humanType="Property" icon="DiscreteEventLogisticsSystems_files/icon_property_1353393023.svg" name=" : DELS" refid="_17_0_4_2_937029c_1468359614875_569965_17774"/><partproperty classType="Property" humanType="Part Property" icon="DiscreteEventLogisticsSystems_files/icon_partproperty_2110785692.svg" name="controller" refid="_17_0_4_2_937029c_1468359614875_742831_17773"/></member><memberEnd humanName="Member End"><property classType="Property" humanType="Property" icon="DiscreteEventLogisticsSystems_files/icon_property_1353393023.svg" name=" : DELS" refid="_17_0_4_2_937029c_1468359614875_569965_17774"/><partproperty classType="Property" humanType="Part Property" icon="DiscreteEventLogisticsSystems_files/icon_partproperty_2110785692.svg" name="controller" refid="_17_0_4_2_937029c_1468359614875_742831_17773"/></memberEnd><name humanName="Name" mode="s,e"/><namespace classType="Model" humanName="Namespace" humanType="Model" icon="DiscreteEventLogisticsSystems_files/icon_model_62531940.svg" name="DiscreteEventLogisticsSystems" refid="_18_0_2_f95033a_1415043921451_496524_18951"/><ownedElement humanName="Owned Element"><property classType="Property" humanType="Property" icon="DiscreteEventLogisticsSystems_files/icon_property_1353393023.svg" name=" : DELS" refid="_17_0_4_2_937029c_1468359614875_569965_17774"/></ownedElement><ownedEnd humanName="Owned End"><property classType="Property" humanType="Property" icon="DiscreteEventLogisticsSystems_files/icon_property_1353393023.svg" name=" : DELS" refid="_17_0_4_2_937029c_1468359614875_569965_17774"/></ownedEnd><ownedMember humanName="Owned Member"><property classType="Property" humanType="Property" icon="DiscreteEventLogisticsSystems_files/icon_property_1353393023.svg" name=" : DELS" refid="_17_0_4_2_937029c_1468359614875_569965_17774"/></ownedMember><owner classType="Model" humanName="Owner" humanType="Model" icon="DiscreteEventLogisticsSystems_files/icon_model_62531940.svg" mode="s,e" name="DiscreteEventLogisticsSystems" refid="_18_0_2_f95033a_1415043921451_496524_18951"/><owningPackage classType="Model" humanName="Owning Package" humanType="Model" icon="DiscreteEventLogisticsSystems_files/icon_model_62531940.svg" name="DiscreteEventLogisticsSystems" refid="_18_0_2_f95033a_1415043921451_496524_18951"/><package classType="Model" humanName="Package" humanType="Model" icon="DiscreteEventLogisticsSystems_files/icon_model_62531940.svg" name="DiscreteEventLogisticsSystems" refid="_18_0_2_f95033a_1415043921451_496524_18951"/><qualifiedName humanName="Qualified Name" mode="e">DiscreteEventLogisticsSystems::</qualifiedName><relatedElement humanName="Related Element"><block classType="Class" humanType="Block" icon="DiscreteEventLogisticsSystems_files/icon_block_1372204263.svg" name="DELS" refid="_18_0_2_f95033a_1447099702589_667150_29711"/><class classType="Class" humanType="Class" icon="DiscreteEventLogisticsSystems_files/icon_class_1682619279.svg" name="OperationalController" refid="_18_0_2_f95033a_1447092792409_500510_29070"/></relatedElement><TO_DO humanName="To Do"/><visibility humanName="Visibility" mode="s,e">public</visibility><appearsIn><diagram classType="Diagram" humanType="Diagram" icon="DiscreteEventLogisticsSystems_files/icon_Class Diagram_1882064289.svg" name="DELS_Controller" refid="_18_0_2_f95033a_1447092766158_753774_29010"/></appearsIn></association></magicdraw>