<?xml version="1.0" encoding="UTF-8"?><magicdraw><enumerationliteral classType="EnumerationLiteral" humanType="Enumeration Literal" icon="DiscreteEventLogisticsSystems_files/icon_enumerationliteral_533766696.svg" id="_17_0_4_2_937029c_1471893022426_367764_27521"><classifier humanName="Classifier"><enumeration classType="Enumeration" humanType="Enumeration" icon="DiscreteEventLogisticsSystems_files/icon_enumeration_1832284192.svg" name="2DmatrixElementOrdering" refid="_17_0_4_2_937029c_1471893021786_684848_27375"/></classifier><documentation humanName="Documentation"/><enumeration classType="Enumeration" humanName="Enumeration" humanType="Enumeration" icon="DiscreteEventLogisticsSystems_files/icon_enumeration_1832284192.svg" name="2DmatrixElementOrdering" refid="_17_0_4_2_937029c_1471893021786_684848_27375"/><name humanName="Name" mode="s,e">row-major</name><namespace classType="Enumeration" humanName="Namespace" humanType="Enumeration" icon="DiscreteEventLogisticsSystems_files/icon_enumeration_1832284192.svg" name="2DmatrixElementOrdering" refid="_17_0_4_2_937029c_1471893021786_684848_27375"/><owner classType="Enumeration" humanName="Owner" humanType="Enumeration" icon="DiscreteEventLogisticsSystems_files/icon_enumeration_1832284192.svg" mode="s,e" name="2DmatrixElementOrdering" refid="_17_0_4_2_937029c_1471893021786_684848_27375"/><qualifiedName humanName="Qualified Name" mode="e">DiscreteEventLogisticsSystems::PLANT::Facility::Layout::Geometry::2DmatrixElementOrdering::row-major</qualifiedName><TO_DO humanName="To Do" mode="s,e"/><visibility humanName="Visibility">public</visibility><appearsIn><diagram classType="Diagram" humanType="Diagram" icon="DiscreteEventLogisticsSystems_files/icon_SysML Block Definition Diagram_1080813915.svg" name="Geometry" refid="_17_0_4_2_937029c_1471893022060_530983_27387"/></appearsIn></enumerationliteral></magicdraw>