<?xml version="1.0" encoding="UTF-8"?><magicdraw><package classType="Package" humanType="Package" icon="DiscreteEventLogisticsSystems_files/icon_package_1622863652.svg" id="_17_0_4_2_937029c_1471893021769_49586_27346"><documentation humanName="Documentation"/><member humanName="Member"><association classType="Association" humanType="Association" icon="DiscreteEventLogisticsSystems_files/icon_association_1032095639.svg" isRelationship="true" name="Association[actualLayoutOfSpace:DiscreteEventLogisticsSystems::PLANT::Facility::Facility - hasActualLayout:DiscreteEventLogisticsSystems::PLANT::Facility::Layout::Layout]" refid="_17_0_4_2_937029c_1471893021784_562158_27364"/><association classType="Association" humanType="Association" icon="DiscreteEventLogisticsSystems_files/icon_association_1390942857.svg" isRelationship="true" name="Association[DiscreteEventLogisticsSystems::PLANT::Facility::Layout::Layout Object For Movement - incidentTo:DiscreteEventLogisticsSystems::PLANT::Facility::Layout::Interface Point]" refid="_17_0_4_2_937029c_1471893021781_509267_27358"/><association classType="Association" humanType="Association" icon="DiscreteEventLogisticsSystems_files/icon_association_1091860900.svg" isRelationship="true" name="Association[DiscreteEventLogisticsSystems::PLANT::Facility::Layout::Layout Object With Access - accessAt:DiscreteEventLogisticsSystems::PLANT::Facility::Layout::Interface Point]" refid="_17_0_4_2_937029c_1471893021780_444_27357"/><association classType="Association" humanType="Association" icon="DiscreteEventLogisticsSystems_files/icon_association_1353675987.svg" isRelationship="true" name="Association[geometry:DiscreteEventLogisticsSystems::PLANT::Facility::Layout::Geometry::2Dgeometry &lt;- DiscreteEventLogisticsSystems::PLANT::Facility::Layout::Physical Space]" refid="_17_0_4_2_937029c_1471893021784_674441_27363"/><association classType="Association" humanType="Association" icon="DiscreteEventLogisticsSystems_files/icon_association_1032095639.svg" isRelationship="true" name="Association[layoutForSpace:DiscreteEventLogisticsSystems::PLANT::Facility::Layout::Physical Space - hasLayout:DiscreteEventLogisticsSystems::PLANT::Facility::Layout::Layout]" refid="_17_0_4_2_937029c_1471893021783_206257_27362"/><association classType="Association" humanType="Association" icon="DiscreteEventLogisticsSystems_files/icon_association_866202742.svg" isRelationship="true" name="Association[object:DiscreteEventLogisticsSystems::PLANT::Facility::Layout::Layout Object &lt;- DiscreteEventLogisticsSystems::PLANT::Facility::Layout::Placement]" refid="_17_0_4_2_937029c_1471893021777_409172_27354"/><association classType="Association" humanType="Association" icon="DiscreteEventLogisticsSystems_files/icon_association_866202742.svg" isRelationship="true" name="Association[parentFacility:DiscreteEventLogisticsSystems::PLANT::Facility::Facility &lt;- DiscreteEventLogisticsSystems::PLANT::Facility::Layout::Physical Space]" refid="_18_5_1_412017e_1580505024055_79359_21980"/><association classType="Association" humanType="Association" icon="DiscreteEventLogisticsSystems_files/icon_association_1032095639.svg" isRelationship="true" name="Association[parentLayout:DiscreteEventLogisticsSystems::PLANT::Facility::Layout::Layout - placements:DiscreteEventLogisticsSystems::PLANT::Facility::Layout::Placement]" refid="_17_0_4_2_937029c_1471893021777_246256_27353"/><package classType="Package" humanType="Package" icon="DiscreteEventLogisticsSystems_files/icon_package_1622863652.svg" name="Geometry" refid="_17_0_4_2_937029c_1471893021770_138532_27347"/><block classType="Class" humanType="Block" icon="DiscreteEventLogisticsSystems_files/icon_block_1951308442.svg" name="Interface Point" refid="_17_0_4_2_937029c_1471893021782_373515_27359"/><block classType="Class" humanType="Block" icon="DiscreteEventLogisticsSystems_files/icon_block_1951308442.svg" name="Layout" refid="_17_0_4_2_937029c_1471893021772_756030_27350"/><block classType="Class" humanType="Block" icon="DiscreteEventLogisticsSystems_files/icon_block_1951308442.svg" name="Layout Object" refid="_17_0_4_2_937029c_1471893021776_679355_27352"/><block classType="Class" humanType="Block" icon="DiscreteEventLogisticsSystems_files/icon_block_1951308442.svg" name="Layout Object For Movement" refid="_17_0_4_2_937029c_1471893021779_96919_27356"/><block classType="Class" humanType="Block" icon="DiscreteEventLogisticsSystems_files/icon_block_1951308442.svg" name="Layout Object With Access" refid="_17_0_4_2_937029c_1471893021778_308440_27355"/><package classType="Package" humanType="Package" icon="DiscreteEventLogisticsSystems_files/icon_package_1622863652.svg" name="LayoutSemanticsToAbstractANetwork" refid="_17_0_4_2_937029c_1471893021782_779879_27360"/><block classType="Class" humanType="Block" icon="DiscreteEventLogisticsSystems_files/icon_block_1951308442.svg" name="Physical Space" refid="_17_0_4_2_937029c_1471893021783_925099_27361"/><block classType="Class" humanType="Block" icon="DiscreteEventLogisticsSystems_files/icon_block_1951308442.svg" name="Placement" refid="_17_0_4_2_937029c_1471893021771_63663_27348"/><block classType="Class" humanType="Block" icon="DiscreteEventLogisticsSystems_files/icon_block_1951308442.svg" name="Process-Oriented Layout" refid="_17_0_4_2_937029c_1471893021771_819111_27349"/><block classType="Class" humanType="Block" icon="DiscreteEventLogisticsSystems_files/icon_block_1951308442.svg" name="Product-Oriented Layout" refid="_17_0_4_2_937029c_1471893021773_884152_27351"/></member><name humanName="Name" mode="s,e">Layout</name><namespace classType="Package" humanName="Namespace" humanType="Package" icon="DiscreteEventLogisticsSystems_files/icon_package_1622863652.svg" name="Facility" refid="_17_0_4_2_937029c_1470406927288_55624_30925"/><nestedPackage humanName="Nested Package"><package classType="Package" humanType="Package" icon="DiscreteEventLogisticsSystems_files/icon_package_1622863652.svg" name="Geometry" refid="_17_0_4_2_937029c_1471893021770_138532_27347"/><package classType="Package" humanType="Package" icon="DiscreteEventLogisticsSystems_files/icon_package_1622863652.svg" name="LayoutSemanticsToAbstractANetwork" refid="_17_0_4_2_937029c_1471893021782_779879_27360"/></nestedPackage><nestingPackage classType="Package" humanName="Nesting Package" humanType="Package" icon="DiscreteEventLogisticsSystems_files/icon_package_1622863652.svg" name="Facility" refid="_17_0_4_2_937029c_1470406927288_55624_30925"/><ownedElement humanName="Owned Element"><association classType="Association" humanType="Association" icon="DiscreteEventLogisticsSystems_files/icon_association_1032095639.svg" isRelationship="true" name="Association[actualLayoutOfSpace:DiscreteEventLogisticsSystems::PLANT::Facility::Facility - hasActualLayout:DiscreteEventLogisticsSystems::PLANT::Facility::Layout::Layout]" refid="_17_0_4_2_937029c_1471893021784_562158_27364"/><association classType="Association" humanType="Association" icon="DiscreteEventLogisticsSystems_files/icon_association_1390942857.svg" isRelationship="true" name="Association[DiscreteEventLogisticsSystems::PLANT::Facility::Layout::Layout Object For Movement - incidentTo:DiscreteEventLogisticsSystems::PLANT::Facility::Layout::Interface Point]" refid="_17_0_4_2_937029c_1471893021781_509267_27358"/><association classType="Association" humanType="Association" icon="DiscreteEventLogisticsSystems_files/icon_association_1091860900.svg" isRelationship="true" name="Association[DiscreteEventLogisticsSystems::PLANT::Facility::Layout::Layout Object With Access - accessAt:DiscreteEventLogisticsSystems::PLANT::Facility::Layout::Interface Point]" refid="_17_0_4_2_937029c_1471893021780_444_27357"/><association classType="Association" humanType="Association" icon="DiscreteEventLogisticsSystems_files/icon_association_1353675987.svg" isRelationship="true" name="Association[geometry:DiscreteEventLogisticsSystems::PLANT::Facility::Layout::Geometry::2Dgeometry &lt;- DiscreteEventLogisticsSystems::PLANT::Facility::Layout::Physical Space]" refid="_17_0_4_2_937029c_1471893021784_674441_27363"/><association classType="Association" humanType="Association" icon="DiscreteEventLogisticsSystems_files/icon_association_1032095639.svg" isRelationship="true" name="Association[layoutForSpace:DiscreteEventLogisticsSystems::PLANT::Facility::Layout::Physical Space - hasLayout:DiscreteEventLogisticsSystems::PLANT::Facility::Layout::Layout]" refid="_17_0_4_2_937029c_1471893021783_206257_27362"/><association classType="Association" humanType="Association" icon="DiscreteEventLogisticsSystems_files/icon_association_866202742.svg" isRelationship="true" name="Association[object:DiscreteEventLogisticsSystems::PLANT::Facility::Layout::Layout Object &lt;- DiscreteEventLogisticsSystems::PLANT::Facility::Layout::Placement]" refid="_17_0_4_2_937029c_1471893021777_409172_27354"/><association classType="Association" humanType="Association" icon="DiscreteEventLogisticsSystems_files/icon_association_866202742.svg" isRelationship="true" name="Association[parentFacility:DiscreteEventLogisticsSystems::PLANT::Facility::Facility &lt;- DiscreteEventLogisticsSystems::PLANT::Facility::Layout::Physical Space]" refid="_18_5_1_412017e_1580505024055_79359_21980"/><association classType="Association" humanType="Association" icon="DiscreteEventLogisticsSystems_files/icon_association_1032095639.svg" isRelationship="true" name="Association[parentLayout:DiscreteEventLogisticsSystems::PLANT::Facility::Layout::Layout - placements:DiscreteEventLogisticsSystems::PLANT::Facility::Layout::Placement]" refid="_17_0_4_2_937029c_1471893021777_246256_27353"/><package classType="Package" humanType="Package" icon="DiscreteEventLogisticsSystems_files/icon_package_1622863652.svg" name="Geometry" refid="_17_0_4_2_937029c_1471893021770_138532_27347"/><block classType="Class" humanType="Block" icon="DiscreteEventLogisticsSystems_files/icon_block_1951308442.svg" name="Interface Point" refid="_17_0_4_2_937029c_1471893021782_373515_27359"/><block classType="Class" humanType="Block" icon="DiscreteEventLogisticsSystems_files/icon_block_1951308442.svg" name="Layout" refid="_17_0_4_2_937029c_1471893021772_756030_27350"/><block classType="Class" humanType="Block" icon="DiscreteEventLogisticsSystems_files/icon_block_1951308442.svg" name="Layout Object" refid="_17_0_4_2_937029c_1471893021776_679355_27352"/><block classType="Class" humanType="Block" icon="DiscreteEventLogisticsSystems_files/icon_block_1951308442.svg" name="Layout Object For Movement" refid="_17_0_4_2_937029c_1471893021779_96919_27356"/><block classType="Class" humanType="Block" icon="DiscreteEventLogisticsSystems_files/icon_block_1951308442.svg" name="Layout Object With Access" refid="_17_0_4_2_937029c_1471893021778_308440_27355"/><package classType="Package" humanType="Package" icon="DiscreteEventLogisticsSystems_files/icon_package_1622863652.svg" name="LayoutSemanticsToAbstractANetwork" refid="_17_0_4_2_937029c_1471893021782_779879_27360"/><block classType="Class" humanType="Block" icon="DiscreteEventLogisticsSystems_files/icon_block_1951308442.svg" name="Physical Space" refid="_17_0_4_2_937029c_1471893021783_925099_27361"/><block classType="Class" humanType="Block" icon="DiscreteEventLogisticsSystems_files/icon_block_1951308442.svg" name="Placement" refid="_17_0_4_2_937029c_1471893021771_63663_27348"/><block classType="Class" humanType="Block" icon="DiscreteEventLogisticsSystems_files/icon_block_1951308442.svg" name="Process-Oriented Layout" refid="_17_0_4_2_937029c_1471893021771_819111_27349"/><block classType="Class" humanType="Block" icon="DiscreteEventLogisticsSystems_files/icon_block_1951308442.svg" name="Product-Oriented Layout" refid="_17_0_4_2_937029c_1471893021773_884152_27351"/></ownedElement><ownedMember humanName="Owned Member"><association classType="Association" humanType="Association" icon="DiscreteEventLogisticsSystems_files/icon_association_1032095639.svg" isRelationship="true" name="Association[actualLayoutOfSpace:DiscreteEventLogisticsSystems::PLANT::Facility::Facility - hasActualLayout:DiscreteEventLogisticsSystems::PLANT::Facility::Layout::Layout]" refid="_17_0_4_2_937029c_1471893021784_562158_27364"/><association classType="Association" humanType="Association" icon="DiscreteEventLogisticsSystems_files/icon_association_1390942857.svg" isRelationship="true" name="Association[DiscreteEventLogisticsSystems::PLANT::Facility::Layout::Layout Object For Movement - incidentTo:DiscreteEventLogisticsSystems::PLANT::Facility::Layout::Interface Point]" refid="_17_0_4_2_937029c_1471893021781_509267_27358"/><association classType="Association" humanType="Association" icon="DiscreteEventLogisticsSystems_files/icon_association_1091860900.svg" isRelationship="true" name="Association[DiscreteEventLogisticsSystems::PLANT::Facility::Layout::Layout Object With Access - accessAt:DiscreteEventLogisticsSystems::PLANT::Facility::Layout::Interface Point]" refid="_17_0_4_2_937029c_1471893021780_444_27357"/><association classType="Association" humanType="Association" icon="DiscreteEventLogisticsSystems_files/icon_association_1353675987.svg" isRelationship="true" name="Association[geometry:DiscreteEventLogisticsSystems::PLANT::Facility::Layout::Geometry::2Dgeometry &lt;- DiscreteEventLogisticsSystems::PLANT::Facility::Layout::Physical Space]" refid="_17_0_4_2_937029c_1471893021784_674441_27363"/><association classType="Association" humanType="Association" icon="DiscreteEventLogisticsSystems_files/icon_association_1032095639.svg" isRelationship="true" name="Association[layoutForSpace:DiscreteEventLogisticsSystems::PLANT::Facility::Layout::Physical Space - hasLayout:DiscreteEventLogisticsSystems::PLANT::Facility::Layout::Layout]" refid="_17_0_4_2_937029c_1471893021783_206257_27362"/><association classType="Association" humanType="Association" icon="DiscreteEventLogisticsSystems_files/icon_association_866202742.svg" isRelationship="true" name="Association[object:DiscreteEventLogisticsSystems::PLANT::Facility::Layout::Layout Object &lt;- DiscreteEventLogisticsSystems::PLANT::Facility::Layout::Placement]" refid="_17_0_4_2_937029c_1471893021777_409172_27354"/><association classType="Association" humanType="Association" icon="DiscreteEventLogisticsSystems_files/icon_association_866202742.svg" isRelationship="true" name="Association[parentFacility:DiscreteEventLogisticsSystems::PLANT::Facility::Facility &lt;- DiscreteEventLogisticsSystems::PLANT::Facility::Layout::Physical Space]" refid="_18_5_1_412017e_1580505024055_79359_21980"/><association classType="Association" humanType="Association" icon="DiscreteEventLogisticsSystems_files/icon_association_1032095639.svg" isRelationship="true" name="Association[parentLayout:DiscreteEventLogisticsSystems::PLANT::Facility::Layout::Layout - placements:DiscreteEventLogisticsSystems::PLANT::Facility::Layout::Placement]" refid="_17_0_4_2_937029c_1471893021777_246256_27353"/><package classType="Package" humanType="Package" icon="DiscreteEventLogisticsSystems_files/icon_package_1622863652.svg" name="Geometry" refid="_17_0_4_2_937029c_1471893021770_138532_27347"/><block classType="Class" humanType="Block" icon="DiscreteEventLogisticsSystems_files/icon_block_1951308442.svg" name="Interface Point" refid="_17_0_4_2_937029c_1471893021782_373515_27359"/><block classType="Class" humanType="Block" icon="DiscreteEventLogisticsSystems_files/icon_block_1951308442.svg" name="Layout" refid="_17_0_4_2_937029c_1471893021772_756030_27350"/><block classType="Class" humanType="Block" icon="DiscreteEventLogisticsSystems_files/icon_block_1951308442.svg" name="Layout Object" refid="_17_0_4_2_937029c_1471893021776_679355_27352"/><block classType="Class" humanType="Block" icon="DiscreteEventLogisticsSystems_files/icon_block_1951308442.svg" name="Layout Object For Movement" refid="_17_0_4_2_937029c_1471893021779_96919_27356"/><block classType="Class" humanType="Block" icon="DiscreteEventLogisticsSystems_files/icon_block_1951308442.svg" name="Layout Object With Access" refid="_17_0_4_2_937029c_1471893021778_308440_27355"/><package classType="Package" humanType="Package" icon="DiscreteEventLogisticsSystems_files/icon_package_1622863652.svg" name="LayoutSemanticsToAbstractANetwork" refid="_17_0_4_2_937029c_1471893021782_779879_27360"/><block classType="Class" humanType="Block" icon="DiscreteEventLogisticsSystems_files/icon_block_1951308442.svg" name="Physical Space" refid="_17_0_4_2_937029c_1471893021783_925099_27361"/><block classType="Class" humanType="Block" icon="DiscreteEventLogisticsSystems_files/icon_block_1951308442.svg" name="Placement" refid="_17_0_4_2_937029c_1471893021771_63663_27348"/><block classType="Class" humanType="Block" icon="DiscreteEventLogisticsSystems_files/icon_block_1951308442.svg" name="Process-Oriented Layout" refid="_17_0_4_2_937029c_1471893021771_819111_27349"/><block classType="Class" humanType="Block" icon="DiscreteEventLogisticsSystems_files/icon_block_1951308442.svg" name="Product-Oriented Layout" refid="_17_0_4_2_937029c_1471893021773_884152_27351"/></ownedMember><ownedType humanName="Owned Type"><association classType="Association" humanType="Association" icon="DiscreteEventLogisticsSystems_files/icon_association_1032095639.svg" isRelationship="true" name="Association[actualLayoutOfSpace:DiscreteEventLogisticsSystems::PLANT::Facility::Facility - hasActualLayout:DiscreteEventLogisticsSystems::PLANT::Facility::Layout::Layout]" refid="_17_0_4_2_937029c_1471893021784_562158_27364"/><association classType="Association" humanType="Association" icon="DiscreteEventLogisticsSystems_files/icon_association_1390942857.svg" isRelationship="true" name="Association[DiscreteEventLogisticsSystems::PLANT::Facility::Layout::Layout Object For Movement - incidentTo:DiscreteEventLogisticsSystems::PLANT::Facility::Layout::Interface Point]" refid="_17_0_4_2_937029c_1471893021781_509267_27358"/><association classType="Association" humanType="Association" icon="DiscreteEventLogisticsSystems_files/icon_association_1091860900.svg" isRelationship="true" name="Association[DiscreteEventLogisticsSystems::PLANT::Facility::Layout::Layout Object With Access - accessAt:DiscreteEventLogisticsSystems::PLANT::Facility::Layout::Interface Point]" refid="_17_0_4_2_937029c_1471893021780_444_27357"/><association classType="Association" humanType="Association" icon="DiscreteEventLogisticsSystems_files/icon_association_1353675987.svg" isRelationship="true" name="Association[geometry:DiscreteEventLogisticsSystems::PLANT::Facility::Layout::Geometry::2Dgeometry &lt;- DiscreteEventLogisticsSystems::PLANT::Facility::Layout::Physical Space]" refid="_17_0_4_2_937029c_1471893021784_674441_27363"/><association classType="Association" humanType="Association" icon="DiscreteEventLogisticsSystems_files/icon_association_1032095639.svg" isRelationship="true" name="Association[layoutForSpace:DiscreteEventLogisticsSystems::PLANT::Facility::Layout::Physical Space - hasLayout:DiscreteEventLogisticsSystems::PLANT::Facility::Layout::Layout]" refid="_17_0_4_2_937029c_1471893021783_206257_27362"/><association classType="Association" humanType="Association" icon="DiscreteEventLogisticsSystems_files/icon_association_866202742.svg" isRelationship="true" name="Association[object:DiscreteEventLogisticsSystems::PLANT::Facility::Layout::Layout Object &lt;- DiscreteEventLogisticsSystems::PLANT::Facility::Layout::Placement]" refid="_17_0_4_2_937029c_1471893021777_409172_27354"/><association classType="Association" humanType="Association" icon="DiscreteEventLogisticsSystems_files/icon_association_866202742.svg" isRelationship="true" name="Association[parentFacility:DiscreteEventLogisticsSystems::PLANT::Facility::Facility &lt;- DiscreteEventLogisticsSystems::PLANT::Facility::Layout::Physical Space]" refid="_18_5_1_412017e_1580505024055_79359_21980"/><association classType="Association" humanType="Association" icon="DiscreteEventLogisticsSystems_files/icon_association_1032095639.svg" isRelationship="true" name="Association[parentLayout:DiscreteEventLogisticsSystems::PLANT::Facility::Layout::Layout - placements:DiscreteEventLogisticsSystems::PLANT::Facility::Layout::Placement]" refid="_17_0_4_2_937029c_1471893021777_246256_27353"/><block classType="Class" humanType="Block" icon="DiscreteEventLogisticsSystems_files/icon_block_1951308442.svg" name="Interface Point" refid="_17_0_4_2_937029c_1471893021782_373515_27359"/><block classType="Class" humanType="Block" icon="DiscreteEventLogisticsSystems_files/icon_block_1951308442.svg" name="Layout" refid="_17_0_4_2_937029c_1471893021772_756030_27350"/><block classType="Class" humanType="Block" icon="DiscreteEventLogisticsSystems_files/icon_block_1951308442.svg" name="Layout Object" refid="_17_0_4_2_937029c_1471893021776_679355_27352"/><block classType="Class" humanType="Block" icon="DiscreteEventLogisticsSystems_files/icon_block_1951308442.svg" name="Layout Object For Movement" refid="_17_0_4_2_937029c_1471893021779_96919_27356"/><block classType="Class" humanType="Block" icon="DiscreteEventLogisticsSystems_files/icon_block_1951308442.svg" name="Layout Object With Access" refid="_17_0_4_2_937029c_1471893021778_308440_27355"/><block classType="Class" humanType="Block" icon="DiscreteEventLogisticsSystems_files/icon_block_1951308442.svg" name="Physical Space" refid="_17_0_4_2_937029c_1471893021783_925099_27361"/><block classType="Class" humanType="Block" icon="DiscreteEventLogisticsSystems_files/icon_block_1951308442.svg" name="Placement" refid="_17_0_4_2_937029c_1471893021771_63663_27348"/><block classType="Class" humanType="Block" icon="DiscreteEventLogisticsSystems_files/icon_block_1951308442.svg" name="Process-Oriented Layout" refid="_17_0_4_2_937029c_1471893021771_819111_27349"/><block classType="Class" humanType="Block" icon="DiscreteEventLogisticsSystems_files/icon_block_1951308442.svg" name="Product-Oriented Layout" refid="_17_0_4_2_937029c_1471893021773_884152_27351"/></ownedType><owner classType="Package" humanName="Owner" humanType="Package" icon="DiscreteEventLogisticsSystems_files/icon_package_1622863652.svg" mode="s,e" name="Facility" refid="_17_0_4_2_937029c_1470406927288_55624_30925"/><owningPackage classType="Package" humanName="Owning Package" humanType="Package" icon="DiscreteEventLogisticsSystems_files/icon_package_1622863652.svg" name="Facility" refid="_17_0_4_2_937029c_1470406927288_55624_30925"/><packagedElement humanName="Packaged Element"><association classType="Association" humanType="Association" icon="DiscreteEventLogisticsSystems_files/icon_association_1032095639.svg" isRelationship="true" name="Association[actualLayoutOfSpace:DiscreteEventLogisticsSystems::PLANT::Facility::Facility - hasActualLayout:DiscreteEventLogisticsSystems::PLANT::Facility::Layout::Layout]" refid="_17_0_4_2_937029c_1471893021784_562158_27364"/><association classType="Association" humanType="Association" icon="DiscreteEventLogisticsSystems_files/icon_association_1390942857.svg" isRelationship="true" name="Association[DiscreteEventLogisticsSystems::PLANT::Facility::Layout::Layout Object For Movement - incidentTo:DiscreteEventLogisticsSystems::PLANT::Facility::Layout::Interface Point]" refid="_17_0_4_2_937029c_1471893021781_509267_27358"/><association classType="Association" humanType="Association" icon="DiscreteEventLogisticsSystems_files/icon_association_1091860900.svg" isRelationship="true" name="Association[DiscreteEventLogisticsSystems::PLANT::Facility::Layout::Layout Object With Access - accessAt:DiscreteEventLogisticsSystems::PLANT::Facility::Layout::Interface Point]" refid="_17_0_4_2_937029c_1471893021780_444_27357"/><association classType="Association" humanType="Association" icon="DiscreteEventLogisticsSystems_files/icon_association_1353675987.svg" isRelationship="true" name="Association[geometry:DiscreteEventLogisticsSystems::PLANT::Facility::Layout::Geometry::2Dgeometry &lt;- DiscreteEventLogisticsSystems::PLANT::Facility::Layout::Physical Space]" refid="_17_0_4_2_937029c_1471893021784_674441_27363"/><association classType="Association" humanType="Association" icon="DiscreteEventLogisticsSystems_files/icon_association_1032095639.svg" isRelationship="true" name="Association[layoutForSpace:DiscreteEventLogisticsSystems::PLANT::Facility::Layout::Physical Space - hasLayout:DiscreteEventLogisticsSystems::PLANT::Facility::Layout::Layout]" refid="_17_0_4_2_937029c_1471893021783_206257_27362"/><association classType="Association" humanType="Association" icon="DiscreteEventLogisticsSystems_files/icon_association_866202742.svg" isRelationship="true" name="Association[object:DiscreteEventLogisticsSystems::PLANT::Facility::Layout::Layout Object &lt;- DiscreteEventLogisticsSystems::PLANT::Facility::Layout::Placement]" refid="_17_0_4_2_937029c_1471893021777_409172_27354"/><association classType="Association" humanType="Association" icon="DiscreteEventLogisticsSystems_files/icon_association_866202742.svg" isRelationship="true" name="Association[parentFacility:DiscreteEventLogisticsSystems::PLANT::Facility::Facility &lt;- DiscreteEventLogisticsSystems::PLANT::Facility::Layout::Physical Space]" refid="_18_5_1_412017e_1580505024055_79359_21980"/><association classType="Association" humanType="Association" icon="DiscreteEventLogisticsSystems_files/icon_association_1032095639.svg" isRelationship="true" name="Association[parentLayout:DiscreteEventLogisticsSystems::PLANT::Facility::Layout::Layout - placements:DiscreteEventLogisticsSystems::PLANT::Facility::Layout::Placement]" refid="_17_0_4_2_937029c_1471893021777_246256_27353"/><package classType="Package" humanType="Package" icon="DiscreteEventLogisticsSystems_files/icon_package_1622863652.svg" name="Geometry" refid="_17_0_4_2_937029c_1471893021770_138532_27347"/><block classType="Class" humanType="Block" icon="DiscreteEventLogisticsSystems_files/icon_block_1951308442.svg" name="Interface Point" refid="_17_0_4_2_937029c_1471893021782_373515_27359"/><block classType="Class" humanType="Block" icon="DiscreteEventLogisticsSystems_files/icon_block_1951308442.svg" name="Layout" refid="_17_0_4_2_937029c_1471893021772_756030_27350"/><block classType="Class" humanType="Block" icon="DiscreteEventLogisticsSystems_files/icon_block_1951308442.svg" name="Layout Object" refid="_17_0_4_2_937029c_1471893021776_679355_27352"/><block classType="Class" humanType="Block" icon="DiscreteEventLogisticsSystems_files/icon_block_1951308442.svg" name="Layout Object For Movement" refid="_17_0_4_2_937029c_1471893021779_96919_27356"/><block classType="Class" humanType="Block" icon="DiscreteEventLogisticsSystems_files/icon_block_1951308442.svg" name="Layout Object With Access" refid="_17_0_4_2_937029c_1471893021778_308440_27355"/><package classType="Package" humanType="Package" icon="DiscreteEventLogisticsSystems_files/icon_package_1622863652.svg" name="LayoutSemanticsToAbstractANetwork" refid="_17_0_4_2_937029c_1471893021782_779879_27360"/><block classType="Class" humanType="Block" icon="DiscreteEventLogisticsSystems_files/icon_block_1951308442.svg" name="Physical Space" refid="_17_0_4_2_937029c_1471893021783_925099_27361"/><block classType="Class" humanType="Block" icon="DiscreteEventLogisticsSystems_files/icon_block_1951308442.svg" name="Placement" refid="_17_0_4_2_937029c_1471893021771_63663_27348"/><block classType="Class" humanType="Block" icon="DiscreteEventLogisticsSystems_files/icon_block_1951308442.svg" name="Process-Oriented Layout" refid="_17_0_4_2_937029c_1471893021771_819111_27349"/><block classType="Class" humanType="Block" icon="DiscreteEventLogisticsSystems_files/icon_block_1951308442.svg" name="Product-Oriented Layout" refid="_17_0_4_2_937029c_1471893021773_884152_27351"/></packagedElement><qualifiedName humanName="Qualified Name" mode="e">DiscreteEventLogisticsSystems::PLANT::Facility::Layout</qualifiedName><TO_DO humanName="To Do" mode="s,e"/><URI humanName="URI" mode="s,e"/><visibility humanName="Visibility">public</visibility></package></magicdraw>