<?xml version="1.0" encoding="UTF-8"?><magicdraw><literalstring classType="LiteralString" humanType="Literal String" icon="DiscreteEventLogisticsSystems_files/icon_literalstring_741790983.svg" id="_17_0_4_2_937029c_1471893022468_37786_27649"><documentation humanName="Documentation"/><name humanName="Name"/><owner classType="Property" humanName="Owner" humanType="Property" icon="DiscreteEventLogisticsSystems_files/icon_property_1353393023.svg" mode="e" name="elements" refid="_17_0_4_2_937029c_1471893022422_412697_27515"/><owningLower classType="Property" humanName="Owning Lower" humanType="Property" icon="DiscreteEventLogisticsSystems_files/icon_property_1353393023.svg" name="elements" refid="_17_0_4_2_937029c_1471893022422_412697_27515"/><qualifiedName humanName="Qualified Name">DiscreteEventLogisticsSystems::PLANT::Facility::Layout::Geometry::SquareMatrixOfReals::elements::</qualifiedName><text humanName="Text" mode="standard">self.nDims * self.nDims</text><TO_DO humanName="To Do"/><TYPE_MODIFIER humanName="Type Modifier"/><value humanName="Value" mode="s,e">self.nDims * self.nDims</value><visibility humanName="Visibility">public</visibility></literalstring></magicdraw>