<?xml version="1.0" encoding="UTF-8"?><magicdraw><association classType="Association" humanType="Association" icon="DiscreteEventLogisticsSystems_files/icon_association_1032095639.svg" id="_17_0_4_2_937029c_1470406510350_326791_30827"><documentation humanName="Documentation"/><endType humanName="End Type"><block classType="Class" humanType="Block" icon="DiscreteEventLogisticsSystems_files/icon_block_1372204263.svg" name="ActiveResource" refid="_18_5_1_412017e_1522783922344_887890_38219"/><activity classType="Activity" humanType="Activity" icon="DiscreteEventLogisticsSystems_files/icon_activity_1996581403.svg" name="Process" refid="_18_4_1_412017e_1490794719441_381967_28457"/></endType><isAbstract humanName="Is Abstract">false</isAbstract><isDerived humanName="Is Derived">false</isDerived><isFinalSpecialization humanName="Is Final Specialization">false</isFinalSpecialization><isLeaf humanName="Is Leaf">false</isLeaf><member humanName="Member"><property classType="Property" humanType="Property" icon="DiscreteEventLogisticsSystems_files/icon_property_1353393023.svg" name="canBeExecutedBy" refid="_17_0_4_2_937029c_1470406510351_177184_30829"/><property classType="Property" humanType="Property" icon="DiscreteEventLogisticsSystems_files/icon_property_1353393023.svg" name="canExecute" refid="_17_0_4_2_937029c_1470406510351_218002_30828"/></member><memberEnd humanName="Member End"><property classType="Property" humanType="Property" icon="DiscreteEventLogisticsSystems_files/icon_property_1353393023.svg" name="canBeExecutedBy" refid="_17_0_4_2_937029c_1470406510351_177184_30829"/><property classType="Property" humanType="Property" icon="DiscreteEventLogisticsSystems_files/icon_property_1353393023.svg" name="canExecute" refid="_17_0_4_2_937029c_1470406510351_218002_30828"/></memberEnd><name humanName="Name" mode="s,e"/><namespace classType="Package" humanName="Namespace" humanType="Package" icon="DiscreteEventLogisticsSystems_files/icon_package_1622863652.svg" name="Resource" refid="_18_0_2_f95033a_1444425225508_860050_20903"/><owner classType="Package" humanName="Owner" humanType="Package" icon="DiscreteEventLogisticsSystems_files/icon_package_1622863652.svg" mode="s,e" name="Resource" refid="_18_0_2_f95033a_1444425225508_860050_20903"/><owningPackage classType="Package" humanName="Owning Package" humanType="Package" icon="DiscreteEventLogisticsSystems_files/icon_package_1622863652.svg" name="Resource" refid="_18_0_2_f95033a_1444425225508_860050_20903"/><package classType="Package" humanName="Package" humanType="Package" icon="DiscreteEventLogisticsSystems_files/icon_package_1622863652.svg" name="Resource" refid="_18_0_2_f95033a_1444425225508_860050_20903"/><qualifiedName humanName="Qualified Name" mode="e">DiscreteEventLogisticsSystems::PLANT::Resource::</qualifiedName><relatedElement humanName="Related Element"><block classType="Class" humanType="Block" icon="DiscreteEventLogisticsSystems_files/icon_block_1372204263.svg" name="ActiveResource" refid="_18_5_1_412017e_1522783922344_887890_38219"/><activity classType="Activity" humanType="Activity" icon="DiscreteEventLogisticsSystems_files/icon_activity_1996581403.svg" name="Process" refid="_18_4_1_412017e_1490794719441_381967_28457"/></relatedElement><TO_DO humanName="To Do"/><visibility humanName="Visibility" mode="s,e">public</visibility><appearsIn><diagram classType="Diagram" humanType="Diagram" icon="DiscreteEventLogisticsSystems_files/icon_SysML Block Definition Diagram_1080813915.svg" name="DELS_Ontology_extended" refid="_18_5_1_412017e_1540296652000_628704_66263"/></appearsIn></association></magicdraw>