<?xml version="1.0" encoding="UTF-8"?><magicdraw><constraint classType="Constraint" humanType="Constraint" icon="DiscreteEventLogisticsSystems_files/icon_constraint_1917161212.svg" id="_17_0_4_2_937029c_1471893022482_108759_27740"><constrainedElement humanName="Constrained Element" mode="s,e"><valuetype classType="DataType" humanType="Value Type" icon="DiscreteEventLogisticsSystems_files/icon_valuetype_766030553.svg" name="2DBoundaryPoints" refid="_17_0_4_2_937029c_1471893022467_118250_27643"/></constrainedElement><context classType="DataType" humanName="Context" humanType="Value Type" icon="DiscreteEventLogisticsSystems_files/icon_valuetype_766030553.svg" name="2DBoundaryPoints" refid="_17_0_4_2_937029c_1471893022467_118250_27643"/><documentation humanName="Documentation"/><name humanName="Name" mode="s,e">PointDimension</name><namespace classType="DataType" humanName="Namespace" humanType="Value Type" icon="DiscreteEventLogisticsSystems_files/icon_valuetype_766030553.svg" name="2DBoundaryPoints" refid="_17_0_4_2_937029c_1471893022467_118250_27643"/><ownedElement humanName="Owned Element"><opaqueexpression classType="OpaqueExpression" humanType="Opaque Expression" icon="DiscreteEventLogisticsSystems_files/icon_opaqueexpression_106113013.svg" name="self.points.nDims == 2" refid="_17_0_4_2_937029c_1471893022485_594014_27775" text="self.points.nDims == 2"/></ownedElement><owner classType="DataType" humanName="Owner" humanType="Value Type" icon="DiscreteEventLogisticsSystems_files/icon_valuetype_766030553.svg" mode="s,e" name="2DBoundaryPoints" refid="_17_0_4_2_937029c_1471893022467_118250_27643"/><qualifiedName humanName="Qualified Name" mode="e">DiscreteEventLogisticsSystems::PLANT::Facility::Layout::Geometry::Boundary::BoundaryByPoints::2DBoundaryPoints::PointDimension</qualifiedName><specification classType="OpaqueExpression" humanName="Specification" humanType="Opaque Expression" icon="DiscreteEventLogisticsSystems_files/icon_opaqueexpression_106113013.svg" mode="s,e" name="self.points.nDims == 2" refid="_17_0_4_2_937029c_1471893022485_594014_27775" text="self.points.nDims == 2"/><TO_DO humanName="To Do" mode="s,e"/><visibility humanName="Visibility">public</visibility></constraint></magicdraw>