<?xml version="1.0" encoding="UTF-8"?><magicdraw><literalunlimitednatural classType="LiteralUnlimitedNatural" humanType="Literal Unlimited Natural" icon="DiscreteEventLogisticsSystems_files/icon_literalunlimitednatural_580911462.svg" id="_17_0_4_2_937029c_1468431196723_190841_18723"><documentation humanName="Documentation"/><name humanName="Name"/><owner classType="Property" humanName="Owner" humanType="Reference Property" icon="DiscreteEventLogisticsSystems_files/icon_referenceproperty_1515069432.svg" mode="e" name="completedTasks" refid="_18_4_1_412017e_1497962819304_176330_32651"/><owningUpper classType="Property" humanName="Owning Upper" humanType="Reference Property" icon="DiscreteEventLogisticsSystems_files/icon_referenceproperty_1515069432.svg" name="completedTasks" refid="_18_4_1_412017e_1497962819304_176330_32651"/><qualifiedName humanName="Qualified Name">DiscreteEventLogisticsSystems::DELS::completedTasks::</qualifiedName><text humanName="Text" mode="standard">*</text><TO_DO humanName="To Do"/><TYPE_MODIFIER humanName="Type Modifier"/><value humanName="Value" mode="s,e">-1</value><visibility humanName="Visibility">public</visibility></literalunlimitednatural></magicdraw>