<?xml version="1.0" encoding="UTF-8"?><magicdraw><literalinteger classType="LiteralInteger" humanType="Literal Integer" icon="DiscreteEventLogisticsSystems_files/icon_literalinteger_213415401.svg" id="_17_0_4_2_937029c_1469545480883_112847_20667"><documentation humanName="Documentation"/><name humanName="Name"/><owner classType="Property" humanName="Owner" humanType="Property" icon="DiscreteEventLogisticsSystems_files/icon_property_1353393023.svg" mode="e" name="equipmentCapability" refid="_17_0_4_2_937029c_1469545427771_975395_20618"/><owningLower classType="Property" humanName="Owning Lower" humanType="Property" icon="DiscreteEventLogisticsSystems_files/icon_property_1353393023.svg" name="equipmentCapability" refid="_17_0_4_2_937029c_1469545427771_975395_20618"/><qualifiedName humanName="Qualified Name">DiscreteEventLogisticsSystems::PLANT::Process::Process::equipmentCapability::</qualifiedName><text humanName="Text" mode="standard">0</text><TO_DO humanName="To Do"/><TYPE_MODIFIER humanName="Type Modifier"/><value humanName="Value" mode="s,e">0</value><visibility humanName="Visibility">public</visibility></literalinteger></magicdraw>