<?xml version="1.0" encoding="UTF-8"?><magicdraw><literalinteger classType="LiteralInteger" humanType="Literal Integer" icon="DiscreteEventLogisticsSystems_files/icon_literalinteger_213415401.svg" id="_17_0_4_2_937029c_1471893022435_536862_27544"><documentation humanName="Documentation"/><name humanName="Name"/><owner classType="Property" humanName="Owner" humanType="Value Property" icon="DiscreteEventLogisticsSystems_files/icon_valueproperty_1845313987.svg" mode="e" name="dimensions" refid="_17_0_4_2_937029c_1471893022084_820893_27423"/><owningProperty classType="Property" humanName="Owning Property" humanType="Value Property" icon="DiscreteEventLogisticsSystems_files/icon_valueproperty_1845313987.svg" name="dimensions" refid="_17_0_4_2_937029c_1471893022084_820893_27423"/><qualifiedName humanName="Qualified Name">DiscreteEventLogisticsSystems::PLANT::Facility::Layout::Layout::dimensions::</qualifiedName><text humanName="Text" mode="standard">2</text><TO_DO humanName="To Do"/><TYPE_MODIFIER humanName="Type Modifier"/><value humanName="Value" mode="s,e">2</value><visibility humanName="Visibility">public</visibility></literalinteger></magicdraw>