<?xml version="1.0" encoding="UTF-8"?><magicdraw><association classType="Association" humanType="Association" icon="DiscreteEventLogisticsSystems_files/icon_association_1032095639.svg" id="_17_0_4_2_937029c_1471893021777_246256_27353"><documentation humanName="Documentation"/><endType humanName="End Type"><block classType="Class" humanType="Block" icon="DiscreteEventLogisticsSystems_files/icon_block_1951308442.svg" name="Layout" refid="_17_0_4_2_937029c_1471893021772_756030_27350"/><block classType="Class" humanType="Block" icon="DiscreteEventLogisticsSystems_files/icon_block_1951308442.svg" name="Placement" refid="_17_0_4_2_937029c_1471893021771_63663_27348"/></endType><isAbstract humanName="Is Abstract">false</isAbstract><isDerived humanName="Is Derived">false</isDerived><isFinalSpecialization humanName="Is Final Specialization">false</isFinalSpecialization><isLeaf humanName="Is Leaf">false</isLeaf><member humanName="Member"><referenceproperty classType="Property" humanType="Reference Property" icon="DiscreteEventLogisticsSystems_files/icon_referenceproperty_111028426.svg" name="parentLayout" refid="_17_0_4_2_937029c_1471893022083_468120_27415"/><referenceproperty classType="Property" humanType="Reference Property" icon="DiscreteEventLogisticsSystems_files/icon_referenceproperty_111028426.svg" name="placements" refid="_17_0_4_2_937029c_1471893022085_554605_27424"/></member><memberEnd humanName="Member End"><referenceproperty classType="Property" humanType="Reference Property" icon="DiscreteEventLogisticsSystems_files/icon_referenceproperty_111028426.svg" name="parentLayout" refid="_17_0_4_2_937029c_1471893022083_468120_27415"/><referenceproperty classType="Property" humanType="Reference Property" icon="DiscreteEventLogisticsSystems_files/icon_referenceproperty_111028426.svg" name="placements" refid="_17_0_4_2_937029c_1471893022085_554605_27424"/></memberEnd><name humanName="Name" mode="s,e"/><namespace classType="Package" humanName="Namespace" humanType="Package" icon="DiscreteEventLogisticsSystems_files/icon_package_1622863652.svg" name="Layout" refid="_17_0_4_2_937029c_1471893021769_49586_27346"/><owner classType="Package" humanName="Owner" humanType="Package" icon="DiscreteEventLogisticsSystems_files/icon_package_1622863652.svg" mode="s,e" name="Layout" refid="_17_0_4_2_937029c_1471893021769_49586_27346"/><owningPackage classType="Package" humanName="Owning Package" humanType="Package" icon="DiscreteEventLogisticsSystems_files/icon_package_1622863652.svg" name="Layout" refid="_17_0_4_2_937029c_1471893021769_49586_27346"/><package classType="Package" humanName="Package" humanType="Package" icon="DiscreteEventLogisticsSystems_files/icon_package_1622863652.svg" name="Layout" refid="_17_0_4_2_937029c_1471893021769_49586_27346"/><qualifiedName humanName="Qualified Name" mode="e">DiscreteEventLogisticsSystems::PLANT::Facility::Layout::</qualifiedName><relatedElement humanName="Related Element"><block classType="Class" humanType="Block" icon="DiscreteEventLogisticsSystems_files/icon_block_1951308442.svg" name="Layout" refid="_17_0_4_2_937029c_1471893021772_756030_27350"/><block classType="Class" humanType="Block" icon="DiscreteEventLogisticsSystems_files/icon_block_1951308442.svg" name="Placement" refid="_17_0_4_2_937029c_1471893021771_63663_27348"/></relatedElement><TO_DO humanName="To Do"/><visibility humanName="Visibility" mode="s,e">public</visibility><appearsIn><diagram classType="Diagram" humanType="Diagram" icon="DiscreteEventLogisticsSystems_files/icon_SysML Block Definition Diagram_1080813915.svg" name="Facility" refid="_18_5_1_412017e_1580483326935_184764_21700"/></appearsIn></association></magicdraw>