<?xml version="1.0" encoding="UTF-8"?><magicdraw><constraint classType="Constraint" humanType="Constraint" icon="DiscreteEventLogisticsSystems_files/icon_constraint_1917161212.svg" id="_17_0_4_2_937029c_1471893022463_611674_27627"><constrainedElement humanName="Constrained Element" mode="s,e"><valuetype classType="DataType" humanType="Value Type" icon="DiscreteEventLogisticsSystems_files/icon_valuetype_766030553.svg" name="3DRefFrameNesting" refid="_17_0_4_2_937029c_1471893022419_785215_27500"/></constrainedElement><context classType="DataType" humanName="Context" humanType="Value Type" icon="DiscreteEventLogisticsSystems_files/icon_valuetype_766030553.svg" name="3DRefFrameNesting" refid="_17_0_4_2_937029c_1471893022419_785215_27500"/><documentation humanName="Documentation"/><name humanName="Name" mode="s,e">OrientationDimension</name><namespace classType="DataType" humanName="Namespace" humanType="Value Type" icon="DiscreteEventLogisticsSystems_files/icon_valuetype_766030553.svg" name="3DRefFrameNesting" refid="_17_0_4_2_937029c_1471893022419_785215_27500"/><ownedElement humanName="Owned Element"><opaqueexpression classType="OpaqueExpression" humanType="Opaque Expression" icon="DiscreteEventLogisticsSystems_files/icon_opaqueexpression_106113013.svg" name="self.orientation.nDims == 3" refid="_17_0_4_2_937029c_1471893022480_397387_27724" text="self.orientation.nDims == 3"/></ownedElement><owner classType="DataType" humanName="Owner" humanType="Value Type" icon="DiscreteEventLogisticsSystems_files/icon_valuetype_766030553.svg" mode="s,e" name="3DRefFrameNesting" refid="_17_0_4_2_937029c_1471893022419_785215_27500"/><qualifiedName humanName="Qualified Name" mode="e">DiscreteEventLogisticsSystems::PLANT::Facility::Layout::Geometry::ReferenceFrame::3DRefFrameNesting::OrientationDimension</qualifiedName><specification classType="OpaqueExpression" humanName="Specification" humanType="Opaque Expression" icon="DiscreteEventLogisticsSystems_files/icon_opaqueexpression_106113013.svg" mode="s,e" name="self.orientation.nDims == 3" refid="_17_0_4_2_937029c_1471893022480_397387_27724" text="self.orientation.nDims == 3"/><TO_DO humanName="To Do" mode="s,e"/><visibility humanName="Visibility">public</visibility></constraint></magicdraw>