<?xml version="1.0" encoding="UTF-8"?><magicdraw><constraint classType="Constraint" humanType="Constraint" icon="DiscreteEventLogisticsSystems_files/icon_constraint_1917161212.svg" id="_17_0_4_2_937029c_1471893022446_914486_27582"><constrainedElement humanName="Constrained Element" mode="s,e"><block classType="Class" humanType="Block" icon="DiscreteEventLogisticsSystems_files/icon_block_1951308442.svg" name="Internal Node" refid="_17_0_4_2_937029c_1471893022090_731274_27450"/></constrainedElement><context classType="Class" humanName="Context" humanType="Block" icon="DiscreteEventLogisticsSystems_files/icon_block_1951308442.svg" name="Internal Node" refid="_17_0_4_2_937029c_1471893022090_731274_27450"/><documentation humanName="Documentation"/><name humanName="Name" mode="s,e"/><namespace classType="Class" humanName="Namespace" humanType="Block" icon="DiscreteEventLogisticsSystems_files/icon_block_1951308442.svg" name="Internal Node" refid="_17_0_4_2_937029c_1471893022090_731274_27450"/><ownedElement humanName="Owned Element"><opaqueexpression classType="OpaqueExpression" humanType="Opaque Expression" icon="DiscreteEventLogisticsSystems_files/icon_opaqueexpression_106113013.svg" name="self.point.nDims == StaticLayout.dimensionality" refid="_17_0_4_2_937029c_1471893022472_309718_27682" text="self.point.nDims == StaticLayout.dimensionality"/></ownedElement><owner classType="Class" humanName="Owner" humanType="Block" icon="DiscreteEventLogisticsSystems_files/icon_block_1951308442.svg" mode="s,e" name="Internal Node" refid="_17_0_4_2_937029c_1471893022090_731274_27450"/><qualifiedName humanName="Qualified Name" mode="e">DiscreteEventLogisticsSystems::PLANT::Facility::Layout::LayoutSemanticsToAbstractANetwork::Internal Node::</qualifiedName><specification classType="OpaqueExpression" humanName="Specification" humanType="Opaque Expression" icon="DiscreteEventLogisticsSystems_files/icon_opaqueexpression_106113013.svg" mode="s,e" name="self.point.nDims == StaticLayout.dimensionality" refid="_17_0_4_2_937029c_1471893022472_309718_27682" text="self.point.nDims == StaticLayout.dimensionality"/><TO_DO humanName="To Do" mode="s,e"/><visibility humanName="Visibility">public</visibility><appearsIn><diagram classType="Diagram" humanType="Diagram" icon="DiscreteEventLogisticsSystems_files/icon_SysML Block Definition Diagram_1080813915.svg" name="LayoutSemanticsToAbstractANetwork" refid="_17_0_4_2_937029c_1471893022401_953771_27466"/></appearsIn></constraint></magicdraw>