<?xml version="1.0" encoding="UTF-8"?><magicdraw><package classType="Package" humanType="Package" icon="DiscreteEventLogisticsSystems_files/icon_package_1622863652.svg" id="_17_0_4_2_937029c_1471893021782_779879_27360"><documentation humanName="Documentation"/><member humanName="Member"><association classType="Association" humanType="Association" icon="DiscreteEventLogisticsSystems_files/icon_association_1091860900.svg" isRelationship="true" name="Association[DiscreteEventLogisticsSystems::PLANT::Facility::Layout::LayoutSemanticsToAbstractANetwork::Rectangular Path Segment - internalNode:DiscreteEventLogisticsSystems::PLANT::Facility::Layout::LayoutSemanticsToAbstractANetwork::Internal Node]" refid="_17_0_4_2_937029c_1471893022088_726768_27448"/><association classType="Association" humanType="Association" icon="DiscreteEventLogisticsSystems_files/icon_association_1390942857.svg" isRelationship="true" name="Association[endpointOfSegment:DiscreteEventLogisticsSystems::PLANT::Facility::Layout::LayoutSemanticsToAbstractANetwork::Rectangular Path Segment - endpoint:DiscreteEventLogisticsSystems::PLANT::Facility::Layout::LayoutSemanticsToAbstractANetwork::Endpoint Node]" refid="_17_0_4_2_937029c_1471893022092_518987_27452"/><association classType="Association" humanType="Association" icon="DiscreteEventLogisticsSystems_files/icon_association_1390942857.svg" isRelationship="true" name="Association[intersectingObject:DiscreteEventLogisticsSystems::PLANT::Facility::Layout::LayoutSemanticsToAbstractANetwork::Rectangular Path - sharedSegment:DiscreteEventLogisticsSystems::PLANT::Facility::Layout::LayoutSemanticsToAbstractANetwork::PathIntersection::Rectangular Path Intersection]" refid="_17_0_4_2_937029c_1471893022094_327836_27455"/><association classType="Association" humanType="Association" icon="DiscreteEventLogisticsSystems_files/icon_association_1091860900.svg" isRelationship="true" name="Association[owningPath:DiscreteEventLogisticsSystems::PLANT::Facility::Layout::LayoutSemanticsToAbstractANetwork::Rectangular Path - ownedSegment:DiscreteEventLogisticsSystems::PLANT::Facility::Layout::LayoutSemanticsToAbstractANetwork::Rectangular Path Segment]" refid="_17_0_4_2_937029c_1471893022094_537806_27454"/><block classType="Class" humanType="Block" icon="DiscreteEventLogisticsSystems_files/icon_block_1951308442.svg" name="Endpoint Node" refid="_17_0_4_2_937029c_1471893022088_847674_27447"/><block classType="Class" humanType="Block" icon="DiscreteEventLogisticsSystems_files/icon_block_1951308442.svg" name="Internal Node" refid="_17_0_4_2_937029c_1471893022090_731274_27450"/><diagram classType="Diagram" humanType="Diagram" icon="DiscreteEventLogisticsSystems_files/icon_SysML Block Definition Diagram_1080813915.svg" name="LayoutSemanticsToAbstractANetwork" refid="_17_0_4_2_937029c_1471893022401_953771_27466"/><package classType="Package" humanType="Package" icon="DiscreteEventLogisticsSystems_files/icon_package_1622863652.svg" name="PathIntersection" refid="_17_0_4_2_937029c_1471893022092_866907_27451"/><block classType="Class" humanType="Block" icon="DiscreteEventLogisticsSystems_files/icon_block_1951308442.svg" name="Rectangular Path" refid="_17_0_4_2_937029c_1471893022093_648141_27453"/><block classType="Class" humanType="Block" icon="DiscreteEventLogisticsSystems_files/icon_block_1951308442.svg" name="Rectangular Path Segment" refid="_17_0_4_2_937029c_1471893022089_900203_27449"/></member><name humanName="Name" mode="s,e">LayoutSemanticsToAbstractANetwork</name><namespace classType="Package" humanName="Namespace" humanType="Package" icon="DiscreteEventLogisticsSystems_files/icon_package_1622863652.svg" name="Layout" refid="_17_0_4_2_937029c_1471893021769_49586_27346"/><nestedPackage humanName="Nested Package"><package classType="Package" humanType="Package" icon="DiscreteEventLogisticsSystems_files/icon_package_1622863652.svg" name="PathIntersection" refid="_17_0_4_2_937029c_1471893022092_866907_27451"/></nestedPackage><nestingPackage classType="Package" humanName="Nesting Package" humanType="Package" icon="DiscreteEventLogisticsSystems_files/icon_package_1622863652.svg" name="Layout" refid="_17_0_4_2_937029c_1471893021769_49586_27346"/><ownedComment humanName="Owned Comment"><problem classType="Comment" humanType="Problem" icon="DiscreteEventLogisticsSystems_files/icon_problem_1844792711.svg" refid="_17_0_4_2_937029c_1471893022416_861816_27487"/></ownedComment><ownedDiagram humanName="Owned Diagram"><diagram classType="Diagram" humanType="Diagram" icon="DiscreteEventLogisticsSystems_files/icon_SysML Block Definition Diagram_1080813915.svg" name="LayoutSemanticsToAbstractANetwork" refid="_17_0_4_2_937029c_1471893022401_953771_27466"/></ownedDiagram><ownedElement humanName="Owned Element"><problem classType="Comment" humanType="Problem" icon="DiscreteEventLogisticsSystems_files/icon_problem_1844792711.svg" refid="_17_0_4_2_937029c_1471893022416_861816_27487"/><association classType="Association" humanType="Association" icon="DiscreteEventLogisticsSystems_files/icon_association_1091860900.svg" isRelationship="true" name="Association[DiscreteEventLogisticsSystems::PLANT::Facility::Layout::LayoutSemanticsToAbstractANetwork::Rectangular Path Segment - internalNode:DiscreteEventLogisticsSystems::PLANT::Facility::Layout::LayoutSemanticsToAbstractANetwork::Internal Node]" refid="_17_0_4_2_937029c_1471893022088_726768_27448"/><association classType="Association" humanType="Association" icon="DiscreteEventLogisticsSystems_files/icon_association_1390942857.svg" isRelationship="true" name="Association[endpointOfSegment:DiscreteEventLogisticsSystems::PLANT::Facility::Layout::LayoutSemanticsToAbstractANetwork::Rectangular Path Segment - endpoint:DiscreteEventLogisticsSystems::PLANT::Facility::Layout::LayoutSemanticsToAbstractANetwork::Endpoint Node]" refid="_17_0_4_2_937029c_1471893022092_518987_27452"/><association classType="Association" humanType="Association" icon="DiscreteEventLogisticsSystems_files/icon_association_1390942857.svg" isRelationship="true" name="Association[intersectingObject:DiscreteEventLogisticsSystems::PLANT::Facility::Layout::LayoutSemanticsToAbstractANetwork::Rectangular Path - sharedSegment:DiscreteEventLogisticsSystems::PLANT::Facility::Layout::LayoutSemanticsToAbstractANetwork::PathIntersection::Rectangular Path Intersection]" refid="_17_0_4_2_937029c_1471893022094_327836_27455"/><association classType="Association" humanType="Association" icon="DiscreteEventLogisticsSystems_files/icon_association_1091860900.svg" isRelationship="true" name="Association[owningPath:DiscreteEventLogisticsSystems::PLANT::Facility::Layout::LayoutSemanticsToAbstractANetwork::Rectangular Path - ownedSegment:DiscreteEventLogisticsSystems::PLANT::Facility::Layout::LayoutSemanticsToAbstractANetwork::Rectangular Path Segment]" refid="_17_0_4_2_937029c_1471893022094_537806_27454"/><block classType="Class" humanType="Block" icon="DiscreteEventLogisticsSystems_files/icon_block_1951308442.svg" name="Endpoint Node" refid="_17_0_4_2_937029c_1471893022088_847674_27447"/><block classType="Class" humanType="Block" icon="DiscreteEventLogisticsSystems_files/icon_block_1951308442.svg" name="Internal Node" refid="_17_0_4_2_937029c_1471893022090_731274_27450"/><diagram classType="Diagram" humanType="Diagram" icon="DiscreteEventLogisticsSystems_files/icon_SysML Block Definition Diagram_1080813915.svg" name="LayoutSemanticsToAbstractANetwork" refid="_17_0_4_2_937029c_1471893022401_953771_27466"/><package classType="Package" humanType="Package" icon="DiscreteEventLogisticsSystems_files/icon_package_1622863652.svg" name="PathIntersection" refid="_17_0_4_2_937029c_1471893022092_866907_27451"/><block classType="Class" humanType="Block" icon="DiscreteEventLogisticsSystems_files/icon_block_1951308442.svg" name="Rectangular Path" refid="_17_0_4_2_937029c_1471893022093_648141_27453"/><block classType="Class" humanType="Block" icon="DiscreteEventLogisticsSystems_files/icon_block_1951308442.svg" name="Rectangular Path Segment" refid="_17_0_4_2_937029c_1471893022089_900203_27449"/></ownedElement><ownedMember humanName="Owned Member"><association classType="Association" humanType="Association" icon="DiscreteEventLogisticsSystems_files/icon_association_1091860900.svg" isRelationship="true" name="Association[DiscreteEventLogisticsSystems::PLANT::Facility::Layout::LayoutSemanticsToAbstractANetwork::Rectangular Path Segment - internalNode:DiscreteEventLogisticsSystems::PLANT::Facility::Layout::LayoutSemanticsToAbstractANetwork::Internal Node]" refid="_17_0_4_2_937029c_1471893022088_726768_27448"/><association classType="Association" humanType="Association" icon="DiscreteEventLogisticsSystems_files/icon_association_1390942857.svg" isRelationship="true" name="Association[endpointOfSegment:DiscreteEventLogisticsSystems::PLANT::Facility::Layout::LayoutSemanticsToAbstractANetwork::Rectangular Path Segment - endpoint:DiscreteEventLogisticsSystems::PLANT::Facility::Layout::LayoutSemanticsToAbstractANetwork::Endpoint Node]" refid="_17_0_4_2_937029c_1471893022092_518987_27452"/><association classType="Association" humanType="Association" icon="DiscreteEventLogisticsSystems_files/icon_association_1390942857.svg" isRelationship="true" name="Association[intersectingObject:DiscreteEventLogisticsSystems::PLANT::Facility::Layout::LayoutSemanticsToAbstractANetwork::Rectangular Path - sharedSegment:DiscreteEventLogisticsSystems::PLANT::Facility::Layout::LayoutSemanticsToAbstractANetwork::PathIntersection::Rectangular Path Intersection]" refid="_17_0_4_2_937029c_1471893022094_327836_27455"/><association classType="Association" humanType="Association" icon="DiscreteEventLogisticsSystems_files/icon_association_1091860900.svg" isRelationship="true" name="Association[owningPath:DiscreteEventLogisticsSystems::PLANT::Facility::Layout::LayoutSemanticsToAbstractANetwork::Rectangular Path - ownedSegment:DiscreteEventLogisticsSystems::PLANT::Facility::Layout::LayoutSemanticsToAbstractANetwork::Rectangular Path Segment]" refid="_17_0_4_2_937029c_1471893022094_537806_27454"/><block classType="Class" humanType="Block" icon="DiscreteEventLogisticsSystems_files/icon_block_1951308442.svg" name="Endpoint Node" refid="_17_0_4_2_937029c_1471893022088_847674_27447"/><block classType="Class" humanType="Block" icon="DiscreteEventLogisticsSystems_files/icon_block_1951308442.svg" name="Internal Node" refid="_17_0_4_2_937029c_1471893022090_731274_27450"/><diagram classType="Diagram" humanType="Diagram" icon="DiscreteEventLogisticsSystems_files/icon_SysML Block Definition Diagram_1080813915.svg" name="LayoutSemanticsToAbstractANetwork" refid="_17_0_4_2_937029c_1471893022401_953771_27466"/><package classType="Package" humanType="Package" icon="DiscreteEventLogisticsSystems_files/icon_package_1622863652.svg" name="PathIntersection" refid="_17_0_4_2_937029c_1471893022092_866907_27451"/><block classType="Class" humanType="Block" icon="DiscreteEventLogisticsSystems_files/icon_block_1951308442.svg" name="Rectangular Path" refid="_17_0_4_2_937029c_1471893022093_648141_27453"/><block classType="Class" humanType="Block" icon="DiscreteEventLogisticsSystems_files/icon_block_1951308442.svg" name="Rectangular Path Segment" refid="_17_0_4_2_937029c_1471893022089_900203_27449"/></ownedMember><ownedType humanName="Owned Type"><association classType="Association" humanType="Association" icon="DiscreteEventLogisticsSystems_files/icon_association_1091860900.svg" isRelationship="true" name="Association[DiscreteEventLogisticsSystems::PLANT::Facility::Layout::LayoutSemanticsToAbstractANetwork::Rectangular Path Segment - internalNode:DiscreteEventLogisticsSystems::PLANT::Facility::Layout::LayoutSemanticsToAbstractANetwork::Internal Node]" refid="_17_0_4_2_937029c_1471893022088_726768_27448"/><association classType="Association" humanType="Association" icon="DiscreteEventLogisticsSystems_files/icon_association_1390942857.svg" isRelationship="true" name="Association[endpointOfSegment:DiscreteEventLogisticsSystems::PLANT::Facility::Layout::LayoutSemanticsToAbstractANetwork::Rectangular Path Segment - endpoint:DiscreteEventLogisticsSystems::PLANT::Facility::Layout::LayoutSemanticsToAbstractANetwork::Endpoint Node]" refid="_17_0_4_2_937029c_1471893022092_518987_27452"/><association classType="Association" humanType="Association" icon="DiscreteEventLogisticsSystems_files/icon_association_1390942857.svg" isRelationship="true" name="Association[intersectingObject:DiscreteEventLogisticsSystems::PLANT::Facility::Layout::LayoutSemanticsToAbstractANetwork::Rectangular Path - sharedSegment:DiscreteEventLogisticsSystems::PLANT::Facility::Layout::LayoutSemanticsToAbstractANetwork::PathIntersection::Rectangular Path Intersection]" refid="_17_0_4_2_937029c_1471893022094_327836_27455"/><association classType="Association" humanType="Association" icon="DiscreteEventLogisticsSystems_files/icon_association_1091860900.svg" isRelationship="true" name="Association[owningPath:DiscreteEventLogisticsSystems::PLANT::Facility::Layout::LayoutSemanticsToAbstractANetwork::Rectangular Path - ownedSegment:DiscreteEventLogisticsSystems::PLANT::Facility::Layout::LayoutSemanticsToAbstractANetwork::Rectangular Path Segment]" refid="_17_0_4_2_937029c_1471893022094_537806_27454"/><block classType="Class" humanType="Block" icon="DiscreteEventLogisticsSystems_files/icon_block_1951308442.svg" name="Endpoint Node" refid="_17_0_4_2_937029c_1471893022088_847674_27447"/><block classType="Class" humanType="Block" icon="DiscreteEventLogisticsSystems_files/icon_block_1951308442.svg" name="Internal Node" refid="_17_0_4_2_937029c_1471893022090_731274_27450"/><block classType="Class" humanType="Block" icon="DiscreteEventLogisticsSystems_files/icon_block_1951308442.svg" name="Rectangular Path" refid="_17_0_4_2_937029c_1471893022093_648141_27453"/><block classType="Class" humanType="Block" icon="DiscreteEventLogisticsSystems_files/icon_block_1951308442.svg" name="Rectangular Path Segment" refid="_17_0_4_2_937029c_1471893022089_900203_27449"/></ownedType><owner classType="Package" humanName="Owner" humanType="Package" icon="DiscreteEventLogisticsSystems_files/icon_package_1622863652.svg" mode="s,e" name="Layout" refid="_17_0_4_2_937029c_1471893021769_49586_27346"/><owningPackage classType="Package" humanName="Owning Package" humanType="Package" icon="DiscreteEventLogisticsSystems_files/icon_package_1622863652.svg" name="Layout" refid="_17_0_4_2_937029c_1471893021769_49586_27346"/><packagedElement humanName="Packaged Element"><association classType="Association" humanType="Association" icon="DiscreteEventLogisticsSystems_files/icon_association_1091860900.svg" isRelationship="true" name="Association[DiscreteEventLogisticsSystems::PLANT::Facility::Layout::LayoutSemanticsToAbstractANetwork::Rectangular Path Segment - internalNode:DiscreteEventLogisticsSystems::PLANT::Facility::Layout::LayoutSemanticsToAbstractANetwork::Internal Node]" refid="_17_0_4_2_937029c_1471893022088_726768_27448"/><association classType="Association" humanType="Association" icon="DiscreteEventLogisticsSystems_files/icon_association_1390942857.svg" isRelationship="true" name="Association[endpointOfSegment:DiscreteEventLogisticsSystems::PLANT::Facility::Layout::LayoutSemanticsToAbstractANetwork::Rectangular Path Segment - endpoint:DiscreteEventLogisticsSystems::PLANT::Facility::Layout::LayoutSemanticsToAbstractANetwork::Endpoint Node]" refid="_17_0_4_2_937029c_1471893022092_518987_27452"/><association classType="Association" humanType="Association" icon="DiscreteEventLogisticsSystems_files/icon_association_1390942857.svg" isRelationship="true" name="Association[intersectingObject:DiscreteEventLogisticsSystems::PLANT::Facility::Layout::LayoutSemanticsToAbstractANetwork::Rectangular Path - sharedSegment:DiscreteEventLogisticsSystems::PLANT::Facility::Layout::LayoutSemanticsToAbstractANetwork::PathIntersection::Rectangular Path Intersection]" refid="_17_0_4_2_937029c_1471893022094_327836_27455"/><association classType="Association" humanType="Association" icon="DiscreteEventLogisticsSystems_files/icon_association_1091860900.svg" isRelationship="true" name="Association[owningPath:DiscreteEventLogisticsSystems::PLANT::Facility::Layout::LayoutSemanticsToAbstractANetwork::Rectangular Path - ownedSegment:DiscreteEventLogisticsSystems::PLANT::Facility::Layout::LayoutSemanticsToAbstractANetwork::Rectangular Path Segment]" refid="_17_0_4_2_937029c_1471893022094_537806_27454"/><block classType="Class" humanType="Block" icon="DiscreteEventLogisticsSystems_files/icon_block_1951308442.svg" name="Endpoint Node" refid="_17_0_4_2_937029c_1471893022088_847674_27447"/><block classType="Class" humanType="Block" icon="DiscreteEventLogisticsSystems_files/icon_block_1951308442.svg" name="Internal Node" refid="_17_0_4_2_937029c_1471893022090_731274_27450"/><package classType="Package" humanType="Package" icon="DiscreteEventLogisticsSystems_files/icon_package_1622863652.svg" name="PathIntersection" refid="_17_0_4_2_937029c_1471893022092_866907_27451"/><block classType="Class" humanType="Block" icon="DiscreteEventLogisticsSystems_files/icon_block_1951308442.svg" name="Rectangular Path" refid="_17_0_4_2_937029c_1471893022093_648141_27453"/><block classType="Class" humanType="Block" icon="DiscreteEventLogisticsSystems_files/icon_block_1951308442.svg" name="Rectangular Path Segment" refid="_17_0_4_2_937029c_1471893022089_900203_27449"/></packagedElement><qualifiedName humanName="Qualified Name" mode="e">DiscreteEventLogisticsSystems::PLANT::Facility::Layout::LayoutSemanticsToAbstractANetwork</qualifiedName><TO_DO humanName="To Do" mode="s,e"/><URI humanName="URI" mode="s,e"/><visibility humanName="Visibility">public</visibility></package></magicdraw>