<?xml version="1.0" encoding="UTF-8"?><magicdraw><block classType="Class" humanType="Block" icon="DiscreteEventLogisticsSystems_files/icon_block_1951308442.svg" id="_17_0_4_2_937029c_1471893021782_373515_27359"><APPLIED_STEREOTYPES humanName="Applied Stereotype" mode="e"><stereotype classType="Stereotype" humanType="Stereotype" icon="DiscreteEventLogisticsSystems_files/icon_stereotype_1951308442.svg" name="Block" refid="_11_5EAPbeta_be00301_1147424179914_458922_958"/></APPLIED_STEREOTYPES><appliedStereotype humanName="Applied Stereotype" mode="e"><stereotype classType="Stereotype" humanType="Stereotype" icon="DiscreteEventLogisticsSystems_files/icon_stereotype_1951308442.svg" name="Block" refid="_11_5EAPbeta_be00301_1147424179914_458922_958"><property classType="Property" humanName="Base_ Class" humanType="Property" icon="DiscreteEventLogisticsSystems_files/icon_property_1353393023.svg" name="base_Class" refid="_11_5EAPbeta_be00301_1147424181797_326831_961"/><property classType="Property" humanName="Is Encapsulated" humanType="Property" icon="DiscreteEventLogisticsSystems_files/icon_property_1353393023.svg" name="isEncapsulated" refid="_11_5EAPbeta_be00301_1147424201876_860708_1049"/></stereotype></appliedStereotype><appliedStereotypeInstance classType="InstanceSpecification" humanName="Applied Stereotype Instance" humanType="Instance Specification" icon="DiscreteEventLogisticsSystems_files/icon_instancespecification_13643661.svg" name=" : SysML::Blocks::Block" refid="_17_0_4_2_937029c_1471893022088_27040_27446"/><attribute humanName="Attribute"><referenceproperty classType="Property" humanType="Reference Property" icon="DiscreteEventLogisticsSystems_files/icon_referenceproperty_111028426.svg" name=" : PLANT::Facility::Layout::Layout Object For Movement" refid="_17_0_4_2_937029c_1471893022087_663430_27441"/><referenceproperty classType="Property" humanType="Reference Property" icon="DiscreteEventLogisticsSystems_files/icon_referenceproperty_111028426.svg" name=" : PLANT::Facility::Layout::Layout Object With Access" refid="_17_0_4_2_937029c_1471893022087_665422_27440"/><referenceproperty classType="Property" humanType="Reference Property" icon="DiscreteEventLogisticsSystems_files/icon_referenceproperty_111028426.svg" name=" : PLANT::Facility::Layout::LayoutSemanticsToAbstractANetwork::Rectangular Path Segment" refid="_17_0_4_2_937029c_1471893022087_143506_27444"/><valueproperty classType="Property" humanType="Value Property" icon="DiscreteEventLogisticsSystems_files/icon_valueproperty_1845313987.svg" name="point" refid="_17_0_4_2_937029c_1471893022087_31957_27445"/></attribute><derivedExplanation humanName="Derived Explanation"/><documentation humanName="Documentation" mode="standard">An Interface Point is a simplification of the notion of "access" to a single point.  It is a composite part of a Layout Object With Access, and its location is defined in that object's reference frame.  An Interface Point is the interface between 'withAccess' and 'forMovement' Layout Objects, and any Layout Object For Movement should reference all incident Interface Points.</documentation><effectiveIRI humanName="Effective IRI"/><feature humanName="Feature"><referenceproperty classType="Property" humanType="Reference Property" icon="DiscreteEventLogisticsSystems_files/icon_referenceproperty_111028426.svg" name=" : PLANT::Facility::Layout::Layout Object For Movement" refid="_17_0_4_2_937029c_1471893022087_663430_27441"/><referenceproperty classType="Property" humanType="Reference Property" icon="DiscreteEventLogisticsSystems_files/icon_referenceproperty_111028426.svg" name=" : PLANT::Facility::Layout::Layout Object With Access" refid="_17_0_4_2_937029c_1471893022087_665422_27440"/><referenceproperty classType="Property" humanType="Reference Property" icon="DiscreteEventLogisticsSystems_files/icon_referenceproperty_111028426.svg" name=" : PLANT::Facility::Layout::LayoutSemanticsToAbstractANetwork::Rectangular Path Segment" refid="_17_0_4_2_937029c_1471893022087_143506_27444"/><valueproperty classType="Property" humanType="Value Property" icon="DiscreteEventLogisticsSystems_files/icon_valueproperty_1845313987.svg" name="point" refid="_17_0_4_2_937029c_1471893022087_31957_27445"/></feature><isAbstract humanName="Is Abstract">false</isAbstract><isActive humanName="Is Active" mode="e">false</isActive><isFinalSpecialization humanName="Is Final Specialization">false</isFinalSpecialization><isLeaf humanName="Is Leaf">false</isLeaf><member humanName="Member"><referenceproperty classType="Property" humanType="Reference Property" icon="DiscreteEventLogisticsSystems_files/icon_referenceproperty_111028426.svg" name=" : PLANT::Facility::Layout::Layout Object For Movement" refid="_17_0_4_2_937029c_1471893022087_663430_27441"/><referenceproperty classType="Property" humanType="Reference Property" icon="DiscreteEventLogisticsSystems_files/icon_referenceproperty_111028426.svg" name=" : PLANT::Facility::Layout::Layout Object With Access" refid="_17_0_4_2_937029c_1471893022087_665422_27440"/><referenceproperty classType="Property" humanType="Reference Property" icon="DiscreteEventLogisticsSystems_files/icon_referenceproperty_111028426.svg" name=" : PLANT::Facility::Layout::LayoutSemanticsToAbstractANetwork::Rectangular Path Segment" refid="_17_0_4_2_937029c_1471893022087_143506_27444"/><valueproperty classType="Property" humanType="Value Property" icon="DiscreteEventLogisticsSystems_files/icon_valueproperty_1845313987.svg" name="point" refid="_17_0_4_2_937029c_1471893022087_31957_27445"/><constraint classType="Constraint" humanType="Constraint" icon="DiscreteEventLogisticsSystems_files/icon_constraint_1917161212.svg" name="PointsDimension" refid="_17_0_4_2_937029c_1471893022087_95137_27442"/></member><name humanName="Name" mode="s,e">Interface Point</name><namespace classType="Package" humanName="Namespace" humanType="Package" icon="DiscreteEventLogisticsSystems_files/icon_package_1622863652.svg" name="Layout" refid="_17_0_4_2_937029c_1471893021769_49586_27346"/><ownedAttribute humanName="Owned Attribute"><referenceproperty classType="Property" humanType="Reference Property" icon="DiscreteEventLogisticsSystems_files/icon_referenceproperty_111028426.svg" name=" : PLANT::Facility::Layout::Layout Object For Movement" refid="_17_0_4_2_937029c_1471893022087_663430_27441"/><referenceproperty classType="Property" humanType="Reference Property" icon="DiscreteEventLogisticsSystems_files/icon_referenceproperty_111028426.svg" name=" : PLANT::Facility::Layout::Layout Object With Access" refid="_17_0_4_2_937029c_1471893022087_665422_27440"/><referenceproperty classType="Property" humanType="Reference Property" icon="DiscreteEventLogisticsSystems_files/icon_referenceproperty_111028426.svg" name=" : PLANT::Facility::Layout::LayoutSemanticsToAbstractANetwork::Rectangular Path Segment" refid="_17_0_4_2_937029c_1471893022087_143506_27444"/><valueproperty classType="Property" humanType="Value Property" icon="DiscreteEventLogisticsSystems_files/icon_valueproperty_1845313987.svg" name="point" refid="_17_0_4_2_937029c_1471893022087_31957_27445"/></ownedAttribute><ownedComment humanName="Owned Comment"><comment classType="Comment" humanType="Comment" icon="DiscreteEventLogisticsSystems_files/icon_comment_911849686.svg" refid="_17_0_4_2_937029c_1471893022087_986988_27443"/></ownedComment><ownedElement humanName="Owned Element"><comment classType="Comment" humanType="Comment" icon="DiscreteEventLogisticsSystems_files/icon_comment_911849686.svg" refid="_17_0_4_2_937029c_1471893022087_986988_27443"/><referenceproperty classType="Property" humanType="Reference Property" icon="DiscreteEventLogisticsSystems_files/icon_referenceproperty_111028426.svg" name=" : PLANT::Facility::Layout::Layout Object For Movement" refid="_17_0_4_2_937029c_1471893022087_663430_27441"/><referenceproperty classType="Property" humanType="Reference Property" icon="DiscreteEventLogisticsSystems_files/icon_referenceproperty_111028426.svg" name=" : PLANT::Facility::Layout::Layout Object With Access" refid="_17_0_4_2_937029c_1471893022087_665422_27440"/><referenceproperty classType="Property" humanType="Reference Property" icon="DiscreteEventLogisticsSystems_files/icon_referenceproperty_111028426.svg" name=" : PLANT::Facility::Layout::LayoutSemanticsToAbstractANetwork::Rectangular Path Segment" refid="_17_0_4_2_937029c_1471893022087_143506_27444"/><instancespecification classType="InstanceSpecification" humanType="Instance Specification" icon="DiscreteEventLogisticsSystems_files/icon_instancespecification_13643661.svg" name=" : SysML::Blocks::Block" refid="_17_0_4_2_937029c_1471893022088_27040_27446"/><valueproperty classType="Property" humanType="Value Property" icon="DiscreteEventLogisticsSystems_files/icon_valueproperty_1845313987.svg" name="point" refid="_17_0_4_2_937029c_1471893022087_31957_27445"/><constraint classType="Constraint" humanType="Constraint" icon="DiscreteEventLogisticsSystems_files/icon_constraint_1917161212.svg" name="PointsDimension" refid="_17_0_4_2_937029c_1471893022087_95137_27442"/></ownedElement><ownedMember humanName="Owned Member"><referenceproperty classType="Property" humanType="Reference Property" icon="DiscreteEventLogisticsSystems_files/icon_referenceproperty_111028426.svg" name=" : PLANT::Facility::Layout::Layout Object For Movement" refid="_17_0_4_2_937029c_1471893022087_663430_27441"/><referenceproperty classType="Property" humanType="Reference Property" icon="DiscreteEventLogisticsSystems_files/icon_referenceproperty_111028426.svg" name=" : PLANT::Facility::Layout::Layout Object With Access" refid="_17_0_4_2_937029c_1471893022087_665422_27440"/><referenceproperty classType="Property" humanType="Reference Property" icon="DiscreteEventLogisticsSystems_files/icon_referenceproperty_111028426.svg" name=" : PLANT::Facility::Layout::LayoutSemanticsToAbstractANetwork::Rectangular Path Segment" refid="_17_0_4_2_937029c_1471893022087_143506_27444"/><valueproperty classType="Property" humanType="Value Property" icon="DiscreteEventLogisticsSystems_files/icon_valueproperty_1845313987.svg" name="point" refid="_17_0_4_2_937029c_1471893022087_31957_27445"/><constraint classType="Constraint" humanType="Constraint" icon="DiscreteEventLogisticsSystems_files/icon_constraint_1917161212.svg" name="PointsDimension" refid="_17_0_4_2_937029c_1471893022087_95137_27442"/></ownedMember><ownedRule humanName="Owned Rule"><constraint classType="Constraint" humanType="Constraint" icon="DiscreteEventLogisticsSystems_files/icon_constraint_1917161212.svg" name="PointsDimension" refid="_17_0_4_2_937029c_1471893022087_95137_27442"/></ownedRule><owner classType="Package" humanName="Owner" humanType="Package" icon="DiscreteEventLogisticsSystems_files/icon_package_1622863652.svg" mode="s,e" name="Layout" refid="_17_0_4_2_937029c_1471893021769_49586_27346"/><owningPackage classType="Package" humanName="Owning Package" humanType="Package" icon="DiscreteEventLogisticsSystems_files/icon_package_1622863652.svg" name="Layout" refid="_17_0_4_2_937029c_1471893021769_49586_27346"/><package classType="Package" humanName="Package" humanType="Package" icon="DiscreteEventLogisticsSystems_files/icon_package_1622863652.svg" name="Layout" refid="_17_0_4_2_937029c_1471893021769_49586_27346"/><part humanName="Part"><valueproperty classType="Property" humanType="Value Property" icon="DiscreteEventLogisticsSystems_files/icon_valueproperty_1845313987.svg" name="point" refid="_17_0_4_2_937029c_1471893022087_31957_27445"/></part><qualifiedName humanName="Qualified Name" mode="e">DiscreteEventLogisticsSystems::PLANT::Facility::Layout::Interface Point</qualifiedName><role humanName="Role"><referenceproperty classType="Property" humanType="Reference Property" icon="DiscreteEventLogisticsSystems_files/icon_referenceproperty_111028426.svg" name=" : PLANT::Facility::Layout::Layout Object For Movement" refid="_17_0_4_2_937029c_1471893022087_663430_27441"/><referenceproperty classType="Property" humanType="Reference Property" icon="DiscreteEventLogisticsSystems_files/icon_referenceproperty_111028426.svg" name=" : PLANT::Facility::Layout::Layout Object With Access" refid="_17_0_4_2_937029c_1471893022087_665422_27440"/><referenceproperty classType="Property" humanType="Reference Property" icon="DiscreteEventLogisticsSystems_files/icon_referenceproperty_111028426.svg" name=" : PLANT::Facility::Layout::LayoutSemanticsToAbstractANetwork::Rectangular Path Segment" refid="_17_0_4_2_937029c_1471893022087_143506_27444"/><valueproperty classType="Property" humanType="Value Property" icon="DiscreteEventLogisticsSystems_files/icon_valueproperty_1845313987.svg" name="point" refid="_17_0_4_2_937029c_1471893022087_31957_27445"/></role><TO_DO humanName="To Do"/><usedAsType humanName="Used As Type"><partproperty classType="Property" humanType="Part Property" icon="DiscreteEventLogisticsSystems_files/icon_partproperty_936966797.svg" name="accessAt" refid="_17_0_4_2_937029c_1471893022086_448251_27435"/><referenceproperty classType="Property" humanType="Reference Property" icon="DiscreteEventLogisticsSystems_files/icon_referenceproperty_111028426.svg" name="incidentTo" refid="_17_0_4_2_937029c_1471893022444_821293_27579"/><referenceproperty classType="Property" humanType="Reference Property" icon="DiscreteEventLogisticsSystems_files/icon_referenceproperty_111028426.svg" name="incidentTo" refid="_17_0_4_2_937029c_1471893022086_463710_27438"/></usedAsType><visibility humanName="Visibility">public</visibility></block></magicdraw>