<?xml version="1.0" encoding="UTF-8"?><magicdraw><instancespecification classType="InstanceSpecification" humanType="Instance Specification" icon="DiscreteEventLogisticsSystems_files/icon_instancespecification_13643661.svg" id="_17_0_4_2_937029c_1468432366957_939139_18768"><classifier humanName="Classifier" mode="s,e"><stereotype classType="Stereotype" humanType="Stereotype" icon="DiscreteEventLogisticsSystems_files/icon_stereotype_1016402075.svg" name="InterfaceBlock" refid="_17_0_3_17530432_1320213059640_259248_2362"/></classifier><documentation humanName="Documentation"/><name humanName="Name" mode="s,e"/><owner classType="Class" humanName="Owner" humanType="Interface Block" icon="DiscreteEventLogisticsSystems_files/icon_interfaceblock_1016402075.svg" mode="s,e" name="inDELSResource" refid="_17_0_4_2_937029c_1468432366956_513690_18767"/><qualifiedName humanName="Qualified Name" mode="e">DiscreteEventLogisticsSystems::CONTEXT::inDELSResource::</qualifiedName><stereotypedElement classType="Class" humanName="Stereotyped Element" humanType="Interface Block" icon="DiscreteEventLogisticsSystems_files/icon_interfaceblock_1016402075.svg" name="inDELSResource" refid="_17_0_4_2_937029c_1468432366956_513690_18767"/><TO_DO humanName="To Do" mode="s,e"/><visibility humanName="Visibility">public</visibility></instancespecification></magicdraw>