<?xml version="1.0" encoding="UTF-8"?><magicdraw><diagram classType="Diagram" diagramType="SysML Block Definition Diagram" height="498" humanType="Diagram" icon="DiscreteEventLogisticsSystems_files/icon_SysML Block Definition Diagram_1080813915.svg" id="_17_0_4_2_937029c_1469191589493_573667_17789" src="DiscreteEventLogisticsSystems_files/_17_0_4_2_937029c_1469191589493_573667_17789.svg" width="604"><APPLIED_STEREOTYPES humanName="Applied Stereotype" mode="s,e"><stereotype classType="Stereotype" humanType="Stereotype" icon="DiscreteEventLogisticsSystems_files/icon_stereotype_918307166.svg" name="complete" refid="_19_0_1_8ca0285_1532415865804_574455_4606"/><stereotype classType="Stereotype" humanType="Stereotype" icon="DiscreteEventLogisticsSystems_files/icon_stereotype_918307166.svg" name="DiagramInfo" refid="_9_0_be00301_1108044380615_150487_0"/></APPLIED_STEREOTYPES><appliedStereotype humanName="Applied Stereotype" mode="s,e"><stereotype classType="Stereotype" humanType="Stereotype" icon="DiscreteEventLogisticsSystems_files/icon_stereotype_918307166.svg" name="complete" refid="_19_0_1_8ca0285_1532415865804_574455_4606"><property classType="Property" humanName="Base_ Diagram" humanType="Property" icon="DiscreteEventLogisticsSystems_files/icon_property_1353393023.svg" name="base_Diagram" refid="_19_0_1_8ca0285_1532415878123_281673_4613"/></stereotype><stereotype classType="Stereotype" humanType="Stereotype" icon="DiscreteEventLogisticsSystems_files/icon_stereotype_918307166.svg" name="DiagramInfo" refid="_9_0_be00301_1108044380615_150487_0"><property classType="Property" humanName="Author" humanType="Property" icon="DiscreteEventLogisticsSystems_files/icon_property_1353393023.svg" name="Author" refid="_be00301_1077726770128_871366_1"><String>sproct</String></property><property classType="Property" humanName="Base_ Diagram" humanType="Property" icon="DiscreteEventLogisticsSystems_files/icon_property_1353393023.svg" name="base_Diagram" refid="_10_0EAPbeta_be00301_1123081772498_901864_356"/><property classType="Property" humanName="Base_ Element" humanType="Property" icon="DiscreteEventLogisticsSystems_files/icon_property_1353393023.svg" name="base_Element" refid="_10_0EAPbeta_be00301_1123081772098_411862_275"/><property classType="Property" humanName="Creation Date" humanType="Property" icon="DiscreteEventLogisticsSystems_files/icon_property_1353393023.svg" name="Creation date" refid="_be00301_1073306188629_537791_2"><String>7/22/16 8:46 AM</String></property><property classType="Property" humanName="Last modified by" humanType="Property" icon="DiscreteEventLogisticsSystems_files/icon_property_1353393023.svg" name="Last modified by" refid="_16_8beta_8ca0285_1257244649124_794756_344"><String>tas5</String></property><property classType="Property" humanName="Modification Date" humanType="Property" icon="DiscreteEventLogisticsSystems_files/icon_property_1353393023.svg" name="Modification date" refid="_be00301_1073394345322_922552_1"><String>6/16/20 1:20 PM</String></property></stereotype></appliedStereotype><appliedStereotypeInstance classType="InstanceSpecification" humanName="Applied Stereotype Instance" humanType="Instance Specification" icon="DiscreteEventLogisticsSystems_files/icon_instancespecification_13643661.svg" name=" : UML Standard Profile::MagicDraw Profile::DiagramInfo, UML Standard Profile::MagicDraw Profile::complete" refid="_17_0_4_2_937029c_1469191589505_394774_17800"/><documentation humanName="Documentation"/><map><area isNotContentShape="false" name="Reference Property components" refid="_17_0_4_2_937029c_1469198935896_92080_18517" shape="rect" type="0"><point x="2024" y="528"/><point x="2068" y="528"/><point x="2068" y="572"/><point x="2024" y="572"/></area><area isNotContentShape="false" name="Property" refid="_17_0_4_2_937029c_1469198935897_912505_18518" shape="rect" type="0"><point x="1816" y="748"/><point x="1860" y="748"/><point x="1860" y="792"/><point x="1816" y="792"/></area><area isNotContentShape="false" name="Reference Property components" refid="_17_0_4_2_937029c_1469198935896_92080_18517" shape="rect" type="0"><point x="2036" y="484"/><point x="2320" y="484"/><point x="2320" y="540"/><point x="2036" y="540"/></area><area isNotContentShape="false" name="Generalization" refid="_17_0_4_2_937029c_1469191671519_927223_17846" shape="poly" type="0"><point x="576" y="864"/><point x="576" y="976"/><point x="568" y="984"/><point x="568" y="872"/></area><area isNotContentShape="false" name="Generalization" refid="_17_0_4_2_937029c_1469191854571_950264_17921" shape="poly" type="0"><point x="1344" y="864"/><point x="1344" y="976"/><point x="1336" y="984"/><point x="1336" y="872"/></area><area isNotContentShape="false" name="Generalization" refid="_17_0_4_2_937029c_1469192278901_244376_18011" shape="poly" type="0"><point x="520" y="1384"/><point x="520" y="1536"/><point x="512" y="1544"/><point x="512" y="1392"/></area><area isNotContentShape="false" name="Generalization" refid="_17_0_4_2_937029c_1469192320515_282274_18015" shape="poly" type="0"><point x="1692" y="1384"/><point x="1692" y="1536"/><point x="1684" y="1544"/><point x="1684" y="1392"/></area><area isNotContentShape="false" name="Association" refid="_17_0_4_2_937029c_1469198935896_513912_18516" shape="poly" type="0"><point x="2028" y="544"/><point x="2288" y="544"/><point x="2288" y="880"/><point x="1840" y="880"/><point x="1840" y="744"/><point x="1832" y="752"/><point x="1832" y="888"/><point x="2280" y="888"/><point x="2280" y="552"/><point x="2020" y="552"/></area><area isNotContentShape="false" name="Block AssembledProduct" refid="_17_0_4_2_937029c_1469191671490_75676_17845" shape="rect" type="0"><point x="280" y="980"/><point x="872" y="980"/><point x="872" y="1252"/><point x="280" y="1252"/></area><area isNotContentShape="false" name="Block AggregatedProduct" refid="_17_0_4_2_937029c_1469191784736_359826_17895" shape="rect" type="0"><point x="1036" y="980"/><point x="1648" y="980"/><point x="1648" y="1252"/><point x="1036" y="1252"/></area><area isNotContentShape="false" name="Block HomogeneousAggregatedProduct" refid="_17_0_4_2_937029c_1469192278886_493413_18010" shape="rect" type="0"><point x="140" y="1540"/><point x="1120" y="1540"/><point x="1120" y="1684"/><point x="140" y="1684"/></area><area isNotContentShape="false" name="Block HeterogeneousAggregatedProduct" refid="_17_0_4_2_937029c_1469192320487_568093_18014" shape="rect" type="0"><point x="1288" y="1540"/><point x="2296" y="1540"/><point x="2296" y="1684"/><point x="1288" y="1684"/></area><area isNotContentShape="false" name="Property createdBy" refid="_18_5_1_412017e_1539970021754_532740_58497" shape="rect" type="0"><point x="404" y="388"/><point x="2016" y="388"/><point x="2016" y="444"/><point x="404" y="444"/></area><area isNotContentShape="false" name="Reference Property billOfMaterial" refid="_17_0_4_2_937029c_1469195805047_218189_18130" shape="rect" type="0"><point x="404" y="516"/><point x="2016" y="516"/><point x="2016" y="572"/><point x="404" y="572"/></area><area isNotContentShape="false" name="Reference Property authorizedBy" refid="_17_0_4_2_937029c_1469212574919_691473_18625" shape="rect" type="0"><point x="404" y="568"/><point x="2016" y="568"/><point x="2016" y="624"/><point x="404" y="624"/></area><area isNotContentShape="false" name="Reference Property requiredInputResources" refid="_18_5_1_412017e_1539954461860_728928_73696" shape="rect" type="0"><point x="404" y="620"/><point x="2016" y="620"/><point x="2016" y="676"/><point x="404" y="676"/></area><area isNotContentShape="false" name="Block Product" refid="_17_0_4_2_937029c_1469191616424_55074_17823" shape="rect" type="0"><point x="392" y="196"/><point x="2028" y="196"/><point x="2028" y="752"/><point x="392" y="752"/></area></map><name humanName="Name" mode="s,e">DELS_ProductTaxonomy</name><namespace classType="Package" humanName="Namespace" humanType="Package" icon="DiscreteEventLogisticsSystems_files/icon_package_1622863652.svg" name="Product" refid="_18_0_2_f95033a_1445109813520_101541_29905"/><ownedElement humanName="Owned Element"><instancespecification classType="InstanceSpecification" humanType="Instance Specification" icon="DiscreteEventLogisticsSystems_files/icon_instancespecification_13643661.svg" name=" : UML Standard Profile::MagicDraw Profile::DiagramInfo, UML Standard Profile::MagicDraw Profile::complete" refid="_17_0_4_2_937029c_1469191589505_394774_17800"/></ownedElement><owner classType="Package" humanName="Owner" humanType="Package" icon="DiscreteEventLogisticsSystems_files/icon_package_1622863652.svg" mode="s,e" name="Product" refid="_18_0_2_f95033a_1445109813520_101541_29905"/><ownerOfDiagram classType="Package" humanName="Owner Of Diagram" humanType="Package" icon="DiscreteEventLogisticsSystems_files/icon_package_1622863652.svg" name="Product" refid="_18_0_2_f95033a_1445109813520_101541_29905"/><qualifiedName humanName="Qualified Name" mode="e">DiscreteEventLogisticsSystems::PLANT::Product::DELS_ProductTaxonomy</qualifiedName><TO_DO humanName="To Do" mode="s,e"/><DIAGRAM_TYPE_DERIVED_PROPERTY humanName="Type">SysML Block Definition Diagram</DIAGRAM_TYPE_DERIVED_PROPERTY><visibility humanName="Visibility">public</visibility></diagram></magicdraw>