<?xml version="1.0" encoding="UTF-8"?><magicdraw><instancespecification classType="InstanceSpecification" humanType="Instance Specification" icon="DiscreteEventLogisticsSystems_files/icon_instancespecification_13643661.svg" id="_17_0_4_2_937029c_1471893022460_926023_27619"><classifier humanName="Classifier" mode="s,e"><stereotype classType="Stereotype" humanType="Stereotype" icon="DiscreteEventLogisticsSystems_files/icon_stereotype_766030553.svg" name="ValueType" refid="_11_5EAPbeta_be00301_1147430239267_179145_1189"/></classifier><documentation humanName="Documentation"/><name humanName="Name" mode="s,e"/><owner classType="DataType" humanName="Owner" humanType="Value Type" icon="DiscreteEventLogisticsSystems_files/icon_valuetype_766030553.svg" mode="s,e" name="2DRefFrameNesting" refid="_17_0_4_2_937029c_1471893022418_811914_27497"/><qualifiedName humanName="Qualified Name" mode="e">DiscreteEventLogisticsSystems::PLANT::Facility::Layout::Geometry::ReferenceFrame::2DRefFrameNesting::</qualifiedName><stereotypedElement classType="DataType" humanName="Stereotyped Element" humanType="Value Type" icon="DiscreteEventLogisticsSystems_files/icon_valuetype_766030553.svg" name="2DRefFrameNesting" refid="_17_0_4_2_937029c_1471893022418_811914_27497"/><TO_DO humanName="To Do" mode="s,e"/><visibility humanName="Visibility">public</visibility></instancespecification></magicdraw>