<?xml version="1.0" encoding="UTF-8"?><magicdraw><opaqueexpression classType="OpaqueExpression" humanType="Opaque Expression" icon="DiscreteEventLogisticsSystems_files/icon_opaqueexpression_106113013.svg" id="_17_0_4_2_937029c_1471893022486_310996_27778"><body humanName="Body" mode="e"><String>self.points.nDims == 3</String></body><documentation humanName="Documentation"/><name humanName="Name"/><owner classType="Constraint" humanName="Owner" humanType="Constraint" icon="DiscreteEventLogisticsSystems_files/icon_constraint_1917161212.svg" mode="s,e" name="PointDimension" refid="_17_0_4_2_937029c_1471893022483_333440_27744"/><owningConstraint classType="Constraint" humanName="Owning Constraint" humanType="Constraint" icon="DiscreteEventLogisticsSystems_files/icon_constraint_1917161212.svg" name="PointDimension" refid="_17_0_4_2_937029c_1471893022483_333440_27744"/><qualifiedName humanName="Qualified Name">DiscreteEventLogisticsSystems::PLANT::Facility::Layout::Geometry::Boundary::BoundaryByPoints::3DBoundaryPoints::PointDimension::</qualifiedName><text humanName="Text" mode="standard">self.points.nDims == 3</text><TO_DO humanName="To Do" mode="s,e"/><TYPE_MODIFIER humanName="Type Modifier"/><visibility humanName="Visibility">public</visibility></opaqueexpression></magicdraw>