<?xml version="1.0" encoding="UTF-8"?><magicdraw><property classType="Property" humanType="Property" icon="DiscreteEventLogisticsSystems_files/icon_property_1353393023.svg" id="_17_0_4_2_937029c_1474572591011_215601_16900"><aggregation humanName="Aggregation" mode="s,e">none</aggregation><association classType="Association" humanName="Association" humanType="Association" icon="DiscreteEventLogisticsSystems_files/icon_association_1353675987.svg" isRelationship="true" name="Association[availableTaskStore:DiscreteEventLogisticsSystems::PLANT::Resource::ControlActuator::Queue &lt;- DiscreteEventLogisticsSystems::DELS]" refid="_17_0_4_2_937029c_1474572591011_178211_16899"/><documentation humanName="Documentation"/><effectiveIRI humanName="Effective IRI"/><featuringClassifier classType="Association" humanName="Featuring Classifier" humanType="Association" icon="DiscreteEventLogisticsSystems_files/icon_association_1353675987.svg" isRelationship="true" name="Association[availableTaskStore:DiscreteEventLogisticsSystems::PLANT::Resource::ControlActuator::Queue &lt;- DiscreteEventLogisticsSystems::DELS]" refid="_17_0_4_2_937029c_1474572591011_178211_16899"/><isComposite humanName="Is Composite">false</isComposite><isDerived humanName="Is Derived" mode="s,e">false</isDerived><isDerivedUnion humanName="Is Derived Union" mode="e">false</isDerivedUnion><isID humanName="Is ID" mode="e">false</isID><isLeaf humanName="Is Leaf">false</isLeaf><isOrdered humanName="Is Ordered" mode="e">false</isOrdered><isReadOnly humanName="Is Read Only" mode="s,e">false</isReadOnly><isStatic humanName="Is Static" mode="s,e">false</isStatic><isUnique humanName="Is Unique" mode="e">true</isUnique><lower humanName="Lower">1</lower><multiplicity humanName="Multiplicity" mode="s,e"/><multiplicity humanName="Multiplicity" mode="s,e"/><name humanName="Name" mode="s,e"/><namespace classType="Association" humanName="Namespace" humanType="Association" icon="DiscreteEventLogisticsSystems_files/icon_association_1353675987.svg" isRelationship="true" name="Association[availableTaskStore:DiscreteEventLogisticsSystems::PLANT::Resource::ControlActuator::Queue &lt;- DiscreteEventLogisticsSystems::DELS]" refid="_17_0_4_2_937029c_1474572591011_178211_16899"/><navigable humanName="Navigable">false</navigable><opposite classType="Property" humanName="Opposite" humanType="Part Property" icon="DiscreteEventLogisticsSystems_files/icon_partproperty_2110785692.svg" name="availableTaskStore" refid="_18_0_2_f95033a_1447100183535_636005_29892"/><ownedBy classType="Association" humanName="Owned By" humanType="Association" icon="DiscreteEventLogisticsSystems_files/icon_association_1353675987.svg" isRelationship="true" name="Association[availableTaskStore:DiscreteEventLogisticsSystems::PLANT::Resource::ControlActuator::Queue &lt;- DiscreteEventLogisticsSystems::DELS]" refid="_17_0_4_2_937029c_1474572591011_178211_16899"/><owner classType="Association" humanName="Owner" humanType="Association" icon="DiscreteEventLogisticsSystems_files/icon_association_1353675987.svg" isRelationship="true" name="Association[availableTaskStore:DiscreteEventLogisticsSystems::PLANT::Resource::ControlActuator::Queue &lt;- DiscreteEventLogisticsSystems::DELS]" refid="_17_0_4_2_937029c_1474572591011_178211_16899"/><owningAssociation classType="Association" humanName="Owning Association" humanType="Association" icon="DiscreteEventLogisticsSystems_files/icon_association_1353675987.svg" isRelationship="true" name="Association[availableTaskStore:DiscreteEventLogisticsSystems::PLANT::Resource::ControlActuator::Queue &lt;- DiscreteEventLogisticsSystems::DELS]" refid="_17_0_4_2_937029c_1474572591011_178211_16899"/><qualifiedName humanName="Qualified Name" mode="e">DiscreteEventLogisticsSystems::::</qualifiedName><redefinitionContext humanName="Redefinition Context"><association classType="Association" humanType="Association" icon="DiscreteEventLogisticsSystems_files/icon_association_1353675987.svg" isRelationship="true" name="Association[availableTaskStore:DiscreteEventLogisticsSystems::PLANT::Resource::ControlActuator::Queue &lt;- DiscreteEventLogisticsSystems::DELS]" refid="_17_0_4_2_937029c_1474572591011_178211_16899"/></redefinitionContext><TO_DO humanName="To Do" mode="s,e"/><type classType="Class" humanName="Type" humanType="Block" icon="DiscreteEventLogisticsSystems_files/icon_block_1372204263.svg" mode="s,e" name="DELS" refid="_18_0_2_f95033a_1447099702589_667150_29711"/><TYPE_MODIFIER humanName="Type Modifier" mode="e"/><upper humanName="Upper">1</upper><visibility humanName="Visibility" mode="e">private</visibility></property></magicdraw>