<?xml version="1.0" encoding="UTF-8"?><magicdraw><comment classType="Comment" humanType="Comment" icon="DiscreteEventLogisticsSystems_files/icon_comment_911849686.svg" id="_17_0_4_2_937029c_1471893022087_986988_27443"><annotatedElement humanName="Annotated Element" mode="s,e"><block classType="Class" humanType="Block" icon="DiscreteEventLogisticsSystems_files/icon_block_1951308442.svg" name="Interface Point" refid="_17_0_4_2_937029c_1471893021782_373515_27359"/></annotatedElement><body humanName="Body" mode="s,e">An Interface Point is a simplification of the notion of "access" to a single point.  It is a composite part of a Layout Object With Access, and its location is defined in that object's reference frame.  An Interface Point is the interface between 'withAccess' and 'forMovement' Layout Objects, and any Layout Object For Movement should reference all incident Interface Points.</body><documentation humanName="Documentation"/><owner classType="Class" humanName="Owner" humanType="Block" icon="DiscreteEventLogisticsSystems_files/icon_block_1951308442.svg" mode="s,e" name="Interface Point" refid="_17_0_4_2_937029c_1471893021782_373515_27359"/><owningElement classType="Class" humanName="Owning Element" humanType="Block" icon="DiscreteEventLogisticsSystems_files/icon_block_1951308442.svg" name="Interface Point" refid="_17_0_4_2_937029c_1471893021782_373515_27359"/><TO_DO humanName="To Do" mode="s,e"/></comment></magicdraw>