<?xml version="1.0" encoding="UTF-8"?><magicdraw><constraint classType="Constraint" humanType="Constraint" icon="DiscreteEventLogisticsSystems_files/icon_constraint_1917161212.svg" id="_17_0_4_2_937029c_1471893022483_333440_27744"><constrainedElement humanName="Constrained Element" mode="s,e"><valuetype classType="DataType" humanType="Value Type" icon="DiscreteEventLogisticsSystems_files/icon_valuetype_766030553.svg" name="3DBoundaryPoints" refid="_17_0_4_2_937029c_1471893022467_376041_27644"/></constrainedElement><context classType="DataType" humanName="Context" humanType="Value Type" icon="DiscreteEventLogisticsSystems_files/icon_valuetype_766030553.svg" name="3DBoundaryPoints" refid="_17_0_4_2_937029c_1471893022467_376041_27644"/><documentation humanName="Documentation"/><name humanName="Name" mode="s,e">PointDimension</name><namespace classType="DataType" humanName="Namespace" humanType="Value Type" icon="DiscreteEventLogisticsSystems_files/icon_valuetype_766030553.svg" name="3DBoundaryPoints" refid="_17_0_4_2_937029c_1471893022467_376041_27644"/><ownedElement humanName="Owned Element"><opaqueexpression classType="OpaqueExpression" humanType="Opaque Expression" icon="DiscreteEventLogisticsSystems_files/icon_opaqueexpression_106113013.svg" name="self.points.nDims == 3" refid="_17_0_4_2_937029c_1471893022486_310996_27778" text="self.points.nDims == 3"/></ownedElement><owner classType="DataType" humanName="Owner" humanType="Value Type" icon="DiscreteEventLogisticsSystems_files/icon_valuetype_766030553.svg" mode="s,e" name="3DBoundaryPoints" refid="_17_0_4_2_937029c_1471893022467_376041_27644"/><qualifiedName humanName="Qualified Name" mode="e">DiscreteEventLogisticsSystems::PLANT::Facility::Layout::Geometry::Boundary::BoundaryByPoints::3DBoundaryPoints::PointDimension</qualifiedName><specification classType="OpaqueExpression" humanName="Specification" humanType="Opaque Expression" icon="DiscreteEventLogisticsSystems_files/icon_opaqueexpression_106113013.svg" mode="s,e" name="self.points.nDims == 3" refid="_17_0_4_2_937029c_1471893022486_310996_27778" text="self.points.nDims == 3"/><TO_DO humanName="To Do" mode="s,e"/><visibility humanName="Visibility">public</visibility></constraint></magicdraw>