<?xml version="1.0" encoding="UTF-8"?><magicdraw><connector classType="Connector" humanType="Connector" icon="DiscreteEventLogisticsSystems_files/icon_connector_1226298219.svg" id="_17_0_4_2_937029c_1469555397397_964689_21209"><documentation humanName="Documentation"/><end humanName="End"><connectorend classType="ConnectorEnd" humanType="Connector End" icon="DiscreteEventLogisticsSystems_files/icon_connectorend_864205596.svg" refid="_17_0_4_2_937029c_1469555397398_75617_21210"/><connectorend classType="ConnectorEnd" humanType="Connector End" icon="DiscreteEventLogisticsSystems_files/icon_connectorend_864205596.svg" refid="_17_0_4_2_937029c_1469555397398_999641_21211"/></end><featuringClassifier classType="Class" humanName="Featuring Classifier" humanType="Block" icon="DiscreteEventLogisticsSystems_files/icon_block_1372204263.svg" name="DELS" refid="_18_0_2_f95033a_1447099702589_667150_29711"/><isLeaf humanName="Is Leaf" mode="e">false</isLeaf><isStatic humanName="Is Static" mode="e">false</isStatic><kind humanName="Kind" mode="s,e">assembly</kind><name humanName="Name" mode="s,e"/><namespace classType="Class" humanName="Namespace" humanType="Block" icon="DiscreteEventLogisticsSystems_files/icon_block_1372204263.svg" name="DELS" refid="_18_0_2_f95033a_1447099702589_667150_29711"/><ownedElement humanName="Owned Element"><connectorend classType="ConnectorEnd" humanType="Connector End" icon="DiscreteEventLogisticsSystems_files/icon_connectorend_864205596.svg" refid="_17_0_4_2_937029c_1469555397398_75617_21210"/><connectorend classType="ConnectorEnd" humanType="Connector End" icon="DiscreteEventLogisticsSystems_files/icon_connectorend_864205596.svg" refid="_17_0_4_2_937029c_1469555397398_999641_21211"/></ownedElement><owner classType="Class" humanName="Owner" humanType="Block" icon="DiscreteEventLogisticsSystems_files/icon_block_1372204263.svg" mode="s,e" name="DELS" refid="_18_0_2_f95033a_1447099702589_667150_29711"/><qualifiedName humanName="Qualified Name" mode="e">DiscreteEventLogisticsSystems::DELS::</qualifiedName><redefinitionContext humanName="Redefinition Context"><block classType="Class" humanType="Block" icon="DiscreteEventLogisticsSystems_files/icon_block_1372204263.svg" name="DELS" refid="_18_0_2_f95033a_1447099702589_667150_29711"/></redefinitionContext><TO_DO humanName="To Do" mode="s,e"/><visibility humanName="Visibility">public</visibility></connector></magicdraw>