<?xml version="1.0" encoding="UTF-8"?><magicdraw><comment classType="Comment" humanType="Comment" icon="DiscreteEventLogisticsSystems_files/icon_comment_911849686.svg" id="_17_0_4_2_937029c_1471893022086_3441_27434"><annotatedElement humanName="Annotated Element" mode="s,e"><block classType="Class" humanType="Block" icon="DiscreteEventLogisticsSystems_files/icon_block_1951308442.svg" name="Layout Object With Access" refid="_17_0_4_2_937029c_1471893021778_308440_27355"/></annotatedElement><body humanName="Body" mode="s,e">A Layout Object With Access may be a department or a workstation ... any object which has input/output of material moving from/to other such objects.  The interface between a Layout Object For Movement (e.g. aisle) and a Layout Object With Access (e.g. department) is modeled by an INTERFACE POINT.</body><documentation humanName="Documentation"/><owner classType="Class" humanName="Owner" humanType="Block" icon="DiscreteEventLogisticsSystems_files/icon_block_1951308442.svg" mode="s,e" name="Layout Object With Access" refid="_17_0_4_2_937029c_1471893021778_308440_27355"/><owningElement classType="Class" humanName="Owning Element" humanType="Block" icon="DiscreteEventLogisticsSystems_files/icon_block_1951308442.svg" name="Layout Object With Access" refid="_17_0_4_2_937029c_1471893021778_308440_27355"/><TO_DO humanName="To Do" mode="s,e"/></comment></magicdraw>