<?xml version="1.0" encoding="UTF-8"?><magicdraw><diagram classType="Diagram" diagramType="SysML Block Definition Diagram" height="770" humanType="Diagram" icon="DiscreteEventLogisticsSystems_files/icon_SysML Block Definition Diagram_1080813915.svg" id="_17_0_4_2_937029c_1471893022060_530983_27387" src="DiscreteEventLogisticsSystems_files/_17_0_4_2_937029c_1471893022060_530983_27387.svg" width="1455"><APPLIED_STEREOTYPES humanName="Applied Stereotype" mode="s,e"><stereotype classType="Stereotype" humanType="Stereotype" icon="DiscreteEventLogisticsSystems_files/icon_stereotype_918307166.svg" name="DiagramInfo" refid="_9_0_be00301_1108044380615_150487_0"/></APPLIED_STEREOTYPES><appliedStereotype humanName="Applied Stereotype" mode="s,e"><stereotype classType="Stereotype" humanType="Stereotype" icon="DiscreteEventLogisticsSystems_files/icon_stereotype_918307166.svg" name="DiagramInfo" refid="_9_0_be00301_1108044380615_150487_0"><property classType="Property" humanName="Author" humanType="Property" icon="DiscreteEventLogisticsSystems_files/icon_property_1353393023.svg" name="Author" refid="_be00301_1077726770128_871366_1"><String>sproct</String></property><property classType="Property" humanName="Base_ Diagram" humanType="Property" icon="DiscreteEventLogisticsSystems_files/icon_property_1353393023.svg" name="base_Diagram" refid="_10_0EAPbeta_be00301_1123081772498_901864_356"/><property classType="Property" humanName="Base_ Element" humanType="Property" icon="DiscreteEventLogisticsSystems_files/icon_property_1353393023.svg" name="base_Element" refid="_10_0EAPbeta_be00301_1123081772098_411862_275"/><property classType="Property" humanName="Creation Date" humanType="Property" icon="DiscreteEventLogisticsSystems_files/icon_property_1353393023.svg" name="Creation date" refid="_be00301_1073306188629_537791_2"><String>8/22/16 3:10 PM</String></property><property classType="Property" humanName="Last modified by" humanType="Property" icon="DiscreteEventLogisticsSystems_files/icon_property_1353393023.svg" name="Last modified by" refid="_16_8beta_8ca0285_1257244649124_794756_344"><String>tas5</String></property><property classType="Property" humanName="Modification Date" humanType="Property" icon="DiscreteEventLogisticsSystems_files/icon_property_1353393023.svg" name="Modification date" refid="_be00301_1073394345322_922552_1"><String>6/16/20 1:17 PM</String></property></stereotype></appliedStereotype><appliedStereotypeInstance classType="InstanceSpecification" humanName="Applied Stereotype Instance" humanType="Instance Specification" icon="DiscreteEventLogisticsSystems_files/icon_instancespecification_13643661.svg" name=" : UML Standard Profile::MagicDraw Profile::DiagramInfo" refid="_17_0_4_2_937029c_1471893022427_338293_27524"/><documentation humanName="Documentation"/><map><area isNotContentShape="false" name="Property" refid="_17_0_4_2_937029c_1471893022464_99247_27632" shape="rect" type="0"><point x="1748" y="964"/><point x="1792" y="964"/><point x="1792" y="1008"/><point x="1748" y="1008"/></area><area isNotContentShape="false" name="Property" refid="_17_0_4_2_937029c_1471893022464_993692_27633" shape="rect" type="0"><point x="1748" y="2364"/><point x="1792" y="2364"/><point x="1792" y="2408"/><point x="1748" y="2408"/></area><area isNotContentShape="false" name="Property" refid="_17_0_4_2_937029c_1471893022421_901001_27510" shape="rect" type="0"><point x="984" y="752"/><point x="1028" y="752"/><point x="1028" y="796"/><point x="984" y="796"/></area><area isNotContentShape="false" name="Property" refid="_17_0_4_2_937029c_1471893022421_741118_27511" shape="rect" type="0"><point x="984" y="652"/><point x="1028" y="652"/><point x="1028" y="696"/><point x="984" y="696"/></area><area isNotContentShape="false" name="Property" refid="_17_0_4_2_937029c_1471893022421_998316_27512" shape="rect" type="0"><point x="984" y="2152"/><point x="1028" y="2152"/><point x="1028" y="2196"/><point x="984" y="2196"/></area><area isNotContentShape="false" name="Property" refid="_17_0_4_2_937029c_1471893022421_158520_27513" shape="rect" type="0"><point x="984" y="2052"/><point x="1028" y="2052"/><point x="1028" y="2096"/><point x="984" y="2096"/></area><area isNotContentShape="false" name="Property" refid="_17_0_4_2_937029c_1471893022427_944953_27523" shape="rect" type="0"><point x="5300" y="1320"/><point x="5344" y="1320"/><point x="5344" y="1364"/><point x="5300" y="1364"/></area><area isNotContentShape="false" name="Property parentRefFrame" refid="_17_0_4_2_937029c_1471893022462_515564_27623" shape="rect" type="0"><point x="1748" y="1024"/><point x="1792" y="1024"/><point x="1792" y="1068"/><point x="1748" y="1068"/></area><area isNotContentShape="false" name="Property parentRefFrame" refid="_17_0_4_2_937029c_1471893022460_564807_27620" shape="rect" type="0"><point x="1748" y="2452"/><point x="1792" y="2452"/><point x="1792" y="2496"/><point x="1748" y="2496"/></area><area isNotContentShape="false" name="Property referenceFrame" refid="_17_0_4_2_937029c_1471893022419_43598_27503" shape="rect" type="0"><point x="1360" y="752"/><point x="1404" y="752"/><point x="1404" y="796"/><point x="1360" y="796"/></area><area isNotContentShape="false" name="Property boundary" refid="_17_0_4_2_937029c_1471893022420_227959_27504" shape="rect" type="0"><point x="2900" y="652"/><point x="2944" y="652"/><point x="2944" y="696"/><point x="2900" y="696"/></area><area isNotContentShape="false" name="Property referenceFrame" refid="_17_0_4_2_937029c_1471893022417_964537_27494" shape="rect" type="0"><point x="1360" y="2152"/><point x="1404" y="2152"/><point x="1404" y="2196"/><point x="1360" y="2196"/></area><area isNotContentShape="false" name="Property boundary" refid="_17_0_4_2_937029c_1471893022417_883954_27495" shape="rect" type="0"><point x="2900" y="2052"/><point x="2944" y="2052"/><point x="2944" y="2096"/><point x="2900" y="2096"/></area><area isNotContentShape="false" name="Property elementOrdering" refid="_17_0_4_2_937029c_1471893022422_500493_27516" shape="rect" type="0"><point x="5300" y="1360"/><point x="5344" y="1360"/><point x="5344" y="1404"/><point x="5300" y="1404"/></area><area isNotContentShape="false" name="Property boundary" refid="_17_0_4_2_937029c_1471893022420_227959_27504" shape="rect" type="0"><point x="2708" y="608"/><point x="2932" y="608"/><point x="2932" y="664"/><point x="2708" y="664"/></area><area isNotContentShape="false" name="Property boundary" refid="_17_0_4_2_937029c_1471893022417_883954_27495" shape="rect" type="0"><point x="2708" y="2008"/><point x="2932" y="2008"/><point x="2932" y="2064"/><point x="2708" y="2064"/></area><area isNotContentShape="false" name="Property referenceFrame" refid="_17_0_4_2_937029c_1471893022419_43598_27503" shape="rect" type="0"><point x="1020" y="708"/><point x="1392" y="708"/><point x="1392" y="764"/><point x="1020" y="764"/></area><area isNotContentShape="false" name="Property referenceFrame" refid="_17_0_4_2_937029c_1471893022417_964537_27494" shape="rect" type="0"><point x="1020" y="2108"/><point x="1392" y="2108"/><point x="1392" y="2164"/><point x="1020" y="2164"/></area><area isNotContentShape="false" name="Property parentRefFrame" refid="_17_0_4_2_937029c_1471893022462_515564_27623" shape="rect" type="0"><point x="1384" y="1000"/><point x="1760" y="1000"/><point x="1760" y="1056"/><point x="1384" y="1056"/></area><area isNotContentShape="false" name="Property parentRefFrame" refid="_17_0_4_2_937029c_1471893022460_564807_27620" shape="rect" type="0"><point x="1384" y="2428"/><point x="1760" y="2428"/><point x="1760" y="2484"/><point x="1384" y="2484"/></area><area isNotContentShape="false" name="Property elementOrdering" refid="_17_0_4_2_937029c_1471893022422_500493_27516" shape="rect" type="0"><point x="4920" y="1336"/><point x="5312" y="1336"/><point x="5312" y="1392"/><point x="4920" y="1392"/></area><area isNotContentShape="false" name="Association" refid="_17_0_4_2_937029c_1471893021786_737468_27376" shape="poly" type="0"><point x="5324" y="1316"/><point x="5324" y="1396"/><point x="5316" y="1404"/><point x="5316" y="1324"/></area><area isNotContentShape="false" name="Association" refid="_17_0_4_2_937029c_1471893022419_327265_27501" shape="poly" type="0"><point x="1772" y="960"/><point x="1772" y="1060"/><point x="1764" y="1068"/><point x="1764" y="968"/></area><area isNotContentShape="false" name="Association" refid="_17_0_4_2_937029c_1471893022419_390163_27502" shape="poly" type="0"><point x="1772" y="2360"/><point x="1772" y="2488"/><point x="1764" y="2496"/><point x="1764" y="2368"/></area><area isNotContentShape="false" name="Association" refid="_17_0_4_2_937029c_1471893021785_865536_27369" shape="poly" type="0"><point x="988" y="768"/><point x="1404" y="768"/><point x="1396" y="776"/><point x="980" y="776"/></area><area isNotContentShape="false" name="Association" refid="_17_0_4_2_937029c_1471893021785_392527_27371" shape="poly" type="0"><point x="988" y="2168"/><point x="1404" y="2168"/><point x="1396" y="2176"/><point x="980" y="2176"/></area><area isNotContentShape="false" name="Association" refid="_17_0_4_2_937029c_1471893021785_416492_27370" shape="poly" type="0"><point x="988" y="668"/><point x="2944" y="668"/><point x="2936" y="676"/><point x="980" y="676"/></area><area isNotContentShape="false" name="Association" refid="_17_0_4_2_937029c_1471893021785_592170_27372" shape="poly" type="0"><point x="988" y="2068"/><point x="2944" y="2068"/><point x="2936" y="2076"/><point x="980" y="2076"/></area><area isNotContentShape="false" name="Value Type 3Dgeometry" refid="_17_0_4_2_937029c_1471893021784_303594_27365" shape="rect" type="0"><point x="560" y="1960"/><point x="988" y="1960"/><point x="988" y="2244"/><point x="560" y="2244"/></area><area isNotContentShape="false" name="Value Type 2Dgeometry" refid="_17_0_4_2_937029c_1471893021784_377627_27367" shape="rect" type="0"><point x="560" y="560"/><point x="988" y="560"/><point x="988" y="844"/><point x="560" y="844"/></area><area isNotContentShape="false" name="Property length" refid="_17_0_4_2_937029c_1471893022481_132537_27729" shape="rect" type="0"><point x="3548" y="1788"/><point x="3996" y="1788"/><point x="3996" y="1840"/><point x="3548" y="1840"/></area><area isNotContentShape="false" name="Property width" refid="_17_0_4_2_937029c_1471893022481_889292_27730" shape="rect" type="0"><point x="3548" y="1836"/><point x="3996" y="1836"/><point x="3996" y="1888"/><point x="3548" y="1888"/></area><area isNotContentShape="false" name="Property sphere" refid="_17_0_4_2_937029c_1471893022482_561777_27734" shape="rect" type="0"><point x="3484" y="2616"/><point x="3936" y="2616"/><point x="3936" y="2668"/><point x="3484" y="2668"/></area><area isNotContentShape="false" name="Property radius" refid="_17_0_4_2_937029c_1471893022480_213683_27725" shape="rect" type="0"><point x="3548" y="1536"/><point x="4000" y="1536"/><point x="4000" y="1588"/><point x="3548" y="1588"/></area><area isNotContentShape="false" name="Property radius" refid="_17_0_4_2_937029c_1471893022480_870389_27727" shape="rect" type="0"><point x="3540" y="2908"/><point x="3992" y="2908"/><point x="3992" y="2960"/><point x="3540" y="2960"/></area><area isNotContentShape="false" name="Value Type Rectangle" refid="_17_0_4_2_937029c_1471893022465_629738_27636" shape="rect" type="0"><point x="3536" y="1596"/><point x="4008" y="1596"/><point x="4008" y="1912"/><point x="3536" y="1912"/></area><area isNotContentShape="false" name="Value Type Circle" refid="_17_0_4_2_937029c_1471893022465_949327_27634" shape="rect" type="0"><point x="3536" y="1344"/><point x="4012" y="1344"/><point x="4012" y="1612"/><point x="3536" y="1612"/></area><area isNotContentShape="false" name="Value Type Sphere" refid="_17_0_4_2_937029c_1471893022465_646197_27635" shape="rect" type="0"><point x="3528" y="2716"/><point x="4004" y="2716"/><point x="4004" y="2984"/><point x="3528" y="2984"/></area><area isNotContentShape="false" name="Enumeration 3Dshape" refid="_17_0_4_2_937029c_1471893022466_816293_27638" shape="rect" type="0"><point x="3472" y="2464"/><point x="3948" y="2464"/><point x="3948" y="2692"/><point x="3472" y="2692"/></area><area isNotContentShape="false" name="Property nDims" refid="_17_0_4_2_937029c_1471893022423_22750_27518" shape="rect" type="0"><point x="4772" y="892"/><point x="5308" y="892"/><point x="5308" y="944"/><point x="4772" y="944"/></area><area isNotContentShape="false" name="Property elements" refid="_17_0_4_2_937029c_1471893022423_744564_27519" shape="rect" type="0"><point x="4772" y="940"/><point x="5308" y="940"/><point x="5308" y="992"/><point x="4772" y="992"/></area><area isNotContentShape="false" name="Enumeration Literal linear" refid="_17_0_4_2_937029c_1471893022482_138419_27739" shape="rect" type="0"><point x="2848" y="1552"/><point x="3388" y="1552"/><point x="3388" y="1604"/><point x="2848" y="1604"/></area><area isNotContentShape="false" name="Property circle" refid="_17_0_4_2_937029c_1471893022481_553231_27732" shape="rect" type="0"><point x="3492" y="1188"/><point x="4040" y="1188"/><point x="4040" y="1240"/><point x="3492" y="1240"/></area><area isNotContentShape="false" name="Property rectangle" refid="_17_0_4_2_937029c_1471893022481_237060_27733" shape="rect" type="0"><point x="3492" y="1236"/><point x="4040" y="1236"/><point x="4040" y="1288"/><point x="3492" y="1288"/></area><area isNotContentShape="false" name="Value Type VectorOfReals" refid="_17_0_4_2_937029c_1471893021786_974976_27374" shape="rect" type="0"><point x="4760" y="700"/><point x="5320" y="700"/><point x="5320" y="1016"/><point x="4760" y="1016"/></area><area isNotContentShape="false" name="Enumeration InterpolationMethod" refid="_17_0_4_2_937029c_1471893022467_52813_27642" shape="rect" type="0"><point x="2836" y="1400"/><point x="3400" y="1400"/><point x="3400" y="1628"/><point x="2836" y="1628"/></area><area isNotContentShape="false" name="Enumeration 2Dshape" refid="_17_0_4_2_937029c_1471893022465_920826_27637" shape="rect" type="0"><point x="3480" y="1036"/><point x="4052" y="1036"/><point x="4052" y="1312"/><point x="3480" y="1312"/></area><area isNotContentShape="false" name="Property points" refid="_17_0_4_2_937029c_1471893022482_529272_27741" shape="rect" type="0"><point x="2652" y="1292"/><point x="3316" y="1292"/><point x="3316" y="1344"/><point x="2652" y="1344"/></area><area isNotContentShape="false" name="Property points" refid="_17_0_4_2_937029c_1471893022483_743621_27745" shape="rect" type="0"><point x="2644" y="2720"/><point x="3308" y="2720"/><point x="3308" y="2772"/><point x="2644" y="2772"/></area><area isNotContentShape="false" name="Property interpolation" refid="_17_0_4_2_937029c_1471893022483_598473_27742" shape="rect" type="0"><point x="2652" y="1340"/><point x="3316" y="1340"/><point x="3316" y="1392"/><point x="2652" y="1392"/></area><area isNotContentShape="false" name="Property interpolation" refid="_17_0_4_2_937029c_1471893022483_755610_27746" shape="rect" type="0"><point x="2644" y="2768"/><point x="3308" y="2768"/><point x="3308" y="2820"/><point x="2644" y="2820"/></area><area isNotContentShape="false" name="Enumeration Literal row-major" refid="_17_0_4_2_937029c_1471893022426_367764_27521" shape="rect" type="0"><point x="5024" y="1552"/><point x="5712" y="1552"/><point x="5712" y="1604"/><point x="5024" y="1604"/></area><area isNotContentShape="false" name="Enumeration Literal column-major" refid="_17_0_4_2_937029c_1471893022426_465472_27522" shape="rect" type="0"><point x="5024" y="1600"/><point x="5712" y="1600"/><point x="5712" y="1652"/><point x="5024" y="1652"/></area><area isNotContentShape="false" name="Value Type 2DBoundaryPoints" refid="_17_0_4_2_937029c_1471893022467_118250_27643" shape="rect" type="0"><point x="2640" y="1036"/><point x="3328" y="1036"/><point x="3328" y="1416"/><point x="2640" y="1416"/></area><area isNotContentShape="false" name="Value Type 3DBoundaryPoints" refid="_17_0_4_2_937029c_1471893022467_376041_27644" shape="rect" type="0"><point x="2632" y="2464"/><point x="3320" y="2464"/><point x="3320" y="2844"/><point x="2632" y="2844"/></area><area isNotContentShape="false" name="Property baseCase" refid="_17_0_4_2_937029c_1471893022461_92524_27621" shape="rect" type="0"><point x="1412" y="2292"/><point x="2120" y="2292"/><point x="2120" y="2344"/><point x="1412" y="2344"/></area><area isNotContentShape="false" name="Property baseCase" refid="_17_0_4_2_937029c_1471893022462_627195_27624" shape="rect" type="0"><point x="1412" y="892"/><point x="2120" y="892"/><point x="2120" y="944"/><point x="1412" y="944"/></area><area isNotContentShape="false" name="Enumeration 2DmatrixElementOrdering" refid="_17_0_4_2_937029c_1471893021786_684848_27375" shape="rect" type="0"><point x="5012" y="1400"/><point x="5724" y="1400"/><point x="5724" y="1676"/><point x="5012" y="1676"/></area><area isNotContentShape="false" name="Property shape" refid="_17_0_4_2_937029c_1471893022467_402825_27645" shape="rect" type="0"><point x="2952" y="836"/><point x="3684" y="836"/><point x="3684" y="888"/><point x="2952" y="888"/></area><area isNotContentShape="false" name="Property shape" refid="_17_0_4_2_937029c_1471893022466_276832_27639" shape="rect" type="0"><point x="2952" y="2236"/><point x="3684" y="2236"/><point x="3684" y="2288"/><point x="2952" y="2288"/></area><area isNotContentShape="false" name="Value Type 3DreferenceFrame" refid="_17_0_4_2_937029c_1471893022418_665096_27498" shape="rect" type="0"><point x="1400" y="2100"/><point x="2132" y="2100"/><point x="2132" y="2368"/><point x="1400" y="2368"/></area><area isNotContentShape="false" name="Property setOfPoints" refid="_17_0_4_2_937029c_1471893022467_621275_27646" shape="rect" type="0"><point x="2952" y="884"/><point x="3684" y="884"/><point x="3684" y="936"/><point x="2952" y="936"/></area><area isNotContentShape="false" name="Property setOfPoints" refid="_17_0_4_2_937029c_1471893022466_704464_27640" shape="rect" type="0"><point x="2952" y="2284"/><point x="3684" y="2284"/><point x="3684" y="2336"/><point x="2952" y="2336"/></area><area isNotContentShape="false" name="Value Type 2DreferenceFrame" refid="_17_0_4_2_937029c_1471893022418_316106_27499" shape="rect" type="0"><point x="1400" y="700"/><point x="2132" y="700"/><point x="2132" y="968"/><point x="1400" y="968"/></area><area isNotContentShape="false" name="Property whichRefFrame" refid="_17_0_4_2_937029c_1471893022463_820345_27628" shape="rect" type="0"><point x="1412" y="2800"/><point x="2156" y="2800"/><point x="2156" y="2852"/><point x="1412" y="2852"/></area><area isNotContentShape="false" name="Property whichRefFrame" refid="_17_0_4_2_937029c_1471893022456_557202_27616" shape="rect" type="0"><point x="1412" y="1372"/><point x="2156" y="1372"/><point x="2156" y="1424"/><point x="1412" y="1424"/></area><area isNotContentShape="false" name="Property offset" refid="_17_0_4_2_937029c_1471893022464_286757_27629" shape="rect" type="0"><point x="1412" y="2848"/><point x="2156" y="2848"/><point x="2156" y="2900"/><point x="1412" y="2900"/></area><area isNotContentShape="false" name="Property offset" refid="_17_0_4_2_937029c_1471893022457_799478_27617" shape="rect" type="0"><point x="1412" y="1420"/><point x="2156" y="1420"/><point x="2156" y="1472"/><point x="1412" y="1472"/></area><area isNotContentShape="false" name="Property orientation" refid="_17_0_4_2_937029c_1471893022464_540591_27630" shape="rect" type="0"><point x="1412" y="2896"/><point x="2156" y="2896"/><point x="2156" y="2948"/><point x="1412" y="2948"/></area><area isNotContentShape="false" name="Property orientation" refid="_17_0_4_2_937029c_1471893022459_946166_27618" shape="rect" type="0"><point x="1412" y="1468"/><point x="2156" y="1468"/><point x="2156" y="1520"/><point x="1412" y="1520"/></area><area isNotContentShape="false" name="Value Type 2Dboundary" refid="_17_0_4_2_937029c_1471893022421_41066_27509" shape="rect" type="0"><point x="2940" y="644"/><point x="3696" y="644"/><point x="3696" y="960"/><point x="2940" y="960"/></area><area isNotContentShape="false" name="Value Type 3Dboundary" refid="_17_0_4_2_937029c_1471893022420_390187_27507" shape="rect" type="0"><point x="2940" y="2044"/><point x="3696" y="2044"/><point x="3696" y="2360"/><point x="2940" y="2360"/></area><area isNotContentShape="false" name="Value Type 3DRefFrameNesting" refid="_17_0_4_2_937029c_1471893022419_785215_27500" shape="rect" type="0"><point x="1400" y="2492"/><point x="2168" y="2492"/><point x="2168" y="2972"/><point x="1400" y="2972"/></area><area isNotContentShape="false" name="Value Type 2DRefFrameNesting" refid="_17_0_4_2_937029c_1471893022418_811914_27497" shape="rect" type="0"><point x="1400" y="1064"/><point x="2168" y="1064"/><point x="2168" y="1544"/><point x="1400" y="1544"/></area><area isNotContentShape="false" name="Property nDims" refid="_17_0_4_2_937029c_1471893022422_460168_27514" shape="rect" type="0"><point x="4772" y="1200"/><point x="5592" y="1200"/><point x="5592" y="1252"/><point x="4772" y="1252"/></area><area isNotContentShape="false" name="Property elements" refid="_17_0_4_2_937029c_1471893022422_412697_27515" shape="rect" type="0"><point x="4772" y="1248"/><point x="5592" y="1248"/><point x="5592" y="1300"/><point x="4772" y="1300"/></area><area isNotContentShape="false" name="Value Type SquareMatrixOfReals" refid="_17_0_4_2_937029c_1471893021785_998880_27373" shape="rect" type="0"><point x="4760" y="1008"/><point x="5604" y="1008"/><point x="5604" y="1324"/><point x="4760" y="1324"/></area></map><name humanName="Name" mode="s,e">Geometry</name><namespace classType="Package" humanName="Namespace" humanType="Package" icon="DiscreteEventLogisticsSystems_files/icon_package_1622863652.svg" name="Geometry" refid="_17_0_4_2_937029c_1471893021770_138532_27347"/><ownedElement humanName="Owned Element"><instancespecification classType="InstanceSpecification" humanType="Instance Specification" icon="DiscreteEventLogisticsSystems_files/icon_instancespecification_13643661.svg" name=" : UML Standard Profile::MagicDraw Profile::DiagramInfo" refid="_17_0_4_2_937029c_1471893022427_338293_27524"/></ownedElement><owner classType="Package" humanName="Owner" humanType="Package" icon="DiscreteEventLogisticsSystems_files/icon_package_1622863652.svg" mode="s,e" name="Geometry" refid="_17_0_4_2_937029c_1471893021770_138532_27347"/><ownerOfDiagram classType="Package" humanName="Owner Of Diagram" humanType="Package" icon="DiscreteEventLogisticsSystems_files/icon_package_1622863652.svg" name="Geometry" refid="_17_0_4_2_937029c_1471893021770_138532_27347"/><qualifiedName humanName="Qualified Name" mode="e">DiscreteEventLogisticsSystems::PLANT::Facility::Layout::Geometry::Geometry</qualifiedName><TO_DO humanName="To Do" mode="s,e"/><DIAGRAM_TYPE_DERIVED_PROPERTY humanName="Type">SysML Block Definition Diagram</DIAGRAM_TYPE_DERIVED_PROPERTY><visibility humanName="Visibility">public</visibility></diagram></magicdraw>