<?xml version="1.0" encoding="UTF-8"?><magicdraw><constraint classType="Constraint" humanType="Constraint" icon="DiscreteEventLogisticsSystems_files/icon_constraint_1917161212.svg" id="_17_0_4_2_937029c_1471893022081_890032_27409"><constrainedElement humanName="Constrained Element" mode="s,e"><block classType="Class" humanType="Block" icon="DiscreteEventLogisticsSystems_files/icon_block_1951308442.svg" name="Placement" refid="_17_0_4_2_937029c_1471893021771_63663_27348"/></constrainedElement><context classType="Class" humanName="Context" humanType="Block" icon="DiscreteEventLogisticsSystems_files/icon_block_1951308442.svg" name="Placement" refid="_17_0_4_2_937029c_1471893021771_63663_27348"/><documentation humanName="Documentation"/><name humanName="Name" mode="s,e">OrientationDimension_imported</name><namespace classType="Class" humanName="Namespace" humanType="Block" icon="DiscreteEventLogisticsSystems_files/icon_block_1951308442.svg" name="Placement" refid="_17_0_4_2_937029c_1471893021771_63663_27348"/><ownedElement humanName="Owned Element"><opaqueexpression classType="OpaqueExpression" humanType="Opaque Expression" icon="DiscreteEventLogisticsSystems_files/icon_opaqueexpression_106113013.svg" name="self.orientation.nDims == Layout.dimensions" refid="_17_0_4_2_937029c_1471893022433_795282_27526" text="self.orientation.nDims == Layout.dimensions"/></ownedElement><owner classType="Class" humanName="Owner" humanType="Block" icon="DiscreteEventLogisticsSystems_files/icon_block_1951308442.svg" mode="s,e" name="Placement" refid="_17_0_4_2_937029c_1471893021771_63663_27348"/><qualifiedName humanName="Qualified Name" mode="e">DiscreteEventLogisticsSystems::PLANT::Facility::Layout::Placement::OrientationDimension_imported</qualifiedName><specification classType="OpaqueExpression" humanName="Specification" humanType="Opaque Expression" icon="DiscreteEventLogisticsSystems_files/icon_opaqueexpression_106113013.svg" mode="s,e" name="self.orientation.nDims == Layout.dimensions" refid="_17_0_4_2_937029c_1471893022433_795282_27526" text="self.orientation.nDims == Layout.dimensions"/><TO_DO humanName="To Do" mode="s,e"/><visibility humanName="Visibility">public</visibility></constraint></magicdraw>