<?xml version="1.0" encoding="UTF-8"?><magicdraw><block classType="Class" humanType="Block" icon="DiscreteEventLogisticsSystems_files/icon_block_1951308442.svg" id="_17_0_4_2_937029c_1471893021776_679355_27352"><allSpecificClassifiers humanName="All Specific Classifiers"><block classType="Class" humanType="Block" icon="DiscreteEventLogisticsSystems_files/icon_block_1951308442.svg" name="Layout Object For Movement" refid="_17_0_4_2_937029c_1471893021779_96919_27356"/><block classType="Class" humanType="Block" icon="DiscreteEventLogisticsSystems_files/icon_block_1951308442.svg" name="Layout Object With Access" refid="_17_0_4_2_937029c_1471893021778_308440_27355"/><block classType="Class" humanType="Block" icon="DiscreteEventLogisticsSystems_files/icon_block_1951308442.svg" name="Rectangular Path" refid="_17_0_4_2_937029c_1471893022093_648141_27453"/></allSpecificClassifiers><APPLIED_STEREOTYPES humanName="Applied Stereotype" mode="e"><stereotype classType="Stereotype" humanType="Stereotype" icon="DiscreteEventLogisticsSystems_files/icon_stereotype_1951308442.svg" name="Block" refid="_11_5EAPbeta_be00301_1147424179914_458922_958"/></APPLIED_STEREOTYPES><appliedStereotype humanName="Applied Stereotype" mode="e"><stereotype classType="Stereotype" humanType="Stereotype" icon="DiscreteEventLogisticsSystems_files/icon_stereotype_1951308442.svg" name="Block" refid="_11_5EAPbeta_be00301_1147424179914_458922_958"><property classType="Property" humanName="Base_ Class" humanType="Property" icon="DiscreteEventLogisticsSystems_files/icon_property_1353393023.svg" name="base_Class" refid="_11_5EAPbeta_be00301_1147424181797_326831_961"/><property classType="Property" humanName="Is Encapsulated" humanType="Property" icon="DiscreteEventLogisticsSystems_files/icon_property_1353393023.svg" name="isEncapsulated" refid="_11_5EAPbeta_be00301_1147424201876_860708_1049"/></stereotype></appliedStereotype><appliedStereotypeInstance classType="InstanceSpecification" humanName="Applied Stereotype Instance" humanType="Instance Specification" icon="DiscreteEventLogisticsSystems_files/icon_instancespecification_13643661.svg" name=" : SysML::Blocks::Block" refid="_17_0_4_2_937029c_1471893022086_794023_27432"/><attribute humanName="Attribute"><valueproperty classType="Property" humanType="Value Property" icon="DiscreteEventLogisticsSystems_files/icon_valueproperty_1845313987.svg" name="2Dgeometry" refid="_17_0_4_2_937029c_1471893022085_149714_27430"/><valueproperty classType="Property" humanType="Value Property" icon="DiscreteEventLogisticsSystems_files/icon_valueproperty_1845313987.svg" name="3Dgeometry" refid="_17_0_4_2_937029c_1471893022085_34477_27431"/></attribute><derivedExplanation humanName="Derived Explanation"/><documentation humanName="Documentation" mode="standard">In the context of a Layout for Movement and Access, LAYOUT OBJECT is an abstract superclass for its 'forMovement' and 'withAccess' subclasses.  It is one of two layout ingredients - these are objects requesting space allocation.  Any Layout Object has a GEOMETRY, which comes with a reference frame, needed for the placement.</documentation><effectiveIRI humanName="Effective IRI"/><feature humanName="Feature"><valueproperty classType="Property" humanType="Value Property" icon="DiscreteEventLogisticsSystems_files/icon_valueproperty_1845313987.svg" name="2Dgeometry" refid="_17_0_4_2_937029c_1471893022085_149714_27430"/><valueproperty classType="Property" humanType="Value Property" icon="DiscreteEventLogisticsSystems_files/icon_valueproperty_1845313987.svg" name="3Dgeometry" refid="_17_0_4_2_937029c_1471893022085_34477_27431"/></feature><isAbstract humanName="Is Abstract">true</isAbstract><isActive humanName="Is Active" mode="e">false</isActive><isFinalSpecialization humanName="Is Final Specialization">false</isFinalSpecialization><isLeaf humanName="Is Leaf">false</isLeaf><member humanName="Member"><valueproperty classType="Property" humanType="Value Property" icon="DiscreteEventLogisticsSystems_files/icon_valueproperty_1845313987.svg" name="2Dgeometry" refid="_17_0_4_2_937029c_1471893022085_149714_27430"/><valueproperty classType="Property" humanType="Value Property" icon="DiscreteEventLogisticsSystems_files/icon_valueproperty_1845313987.svg" name="3Dgeometry" refid="_17_0_4_2_937029c_1471893022085_34477_27431"/></member><name humanName="Name" mode="s,e">Layout Object</name><namespace classType="Package" humanName="Namespace" humanType="Package" icon="DiscreteEventLogisticsSystems_files/icon_package_1622863652.svg" name="Layout" refid="_17_0_4_2_937029c_1471893021769_49586_27346"/><ownedAttribute humanName="Owned Attribute"><valueproperty classType="Property" humanType="Value Property" icon="DiscreteEventLogisticsSystems_files/icon_valueproperty_1845313987.svg" name="2Dgeometry" refid="_17_0_4_2_937029c_1471893022085_149714_27430"/><valueproperty classType="Property" humanType="Value Property" icon="DiscreteEventLogisticsSystems_files/icon_valueproperty_1845313987.svg" name="3Dgeometry" refid="_17_0_4_2_937029c_1471893022085_34477_27431"/></ownedAttribute><ownedComment humanName="Owned Comment"><comment classType="Comment" humanType="Comment" icon="DiscreteEventLogisticsSystems_files/icon_comment_911849686.svg" refid="_17_0_4_2_937029c_1471893022085_857889_27429"/></ownedComment><ownedElement humanName="Owned Element"><comment classType="Comment" humanType="Comment" icon="DiscreteEventLogisticsSystems_files/icon_comment_911849686.svg" refid="_17_0_4_2_937029c_1471893022085_857889_27429"/><instancespecification classType="InstanceSpecification" humanType="Instance Specification" icon="DiscreteEventLogisticsSystems_files/icon_instancespecification_13643661.svg" name=" : SysML::Blocks::Block" refid="_17_0_4_2_937029c_1471893022086_794023_27432"/><valueproperty classType="Property" humanType="Value Property" icon="DiscreteEventLogisticsSystems_files/icon_valueproperty_1845313987.svg" name="2Dgeometry" refid="_17_0_4_2_937029c_1471893022085_149714_27430"/><valueproperty classType="Property" humanType="Value Property" icon="DiscreteEventLogisticsSystems_files/icon_valueproperty_1845313987.svg" name="3Dgeometry" refid="_17_0_4_2_937029c_1471893022085_34477_27431"/></ownedElement><ownedMember humanName="Owned Member"><valueproperty classType="Property" humanType="Value Property" icon="DiscreteEventLogisticsSystems_files/icon_valueproperty_1845313987.svg" name="2Dgeometry" refid="_17_0_4_2_937029c_1471893022085_149714_27430"/><valueproperty classType="Property" humanType="Value Property" icon="DiscreteEventLogisticsSystems_files/icon_valueproperty_1845313987.svg" name="3Dgeometry" refid="_17_0_4_2_937029c_1471893022085_34477_27431"/></ownedMember><owner classType="Package" humanName="Owner" humanType="Package" icon="DiscreteEventLogisticsSystems_files/icon_package_1622863652.svg" mode="s,e" name="Layout" refid="_17_0_4_2_937029c_1471893021769_49586_27346"/><owningPackage classType="Package" humanName="Owning Package" humanType="Package" icon="DiscreteEventLogisticsSystems_files/icon_package_1622863652.svg" name="Layout" refid="_17_0_4_2_937029c_1471893021769_49586_27346"/><package classType="Package" humanName="Package" humanType="Package" icon="DiscreteEventLogisticsSystems_files/icon_package_1622863652.svg" name="Layout" refid="_17_0_4_2_937029c_1471893021769_49586_27346"/><part humanName="Part"><valueproperty classType="Property" humanType="Value Property" icon="DiscreteEventLogisticsSystems_files/icon_valueproperty_1845313987.svg" name="2Dgeometry" refid="_17_0_4_2_937029c_1471893022085_149714_27430"/><valueproperty classType="Property" humanType="Value Property" icon="DiscreteEventLogisticsSystems_files/icon_valueproperty_1845313987.svg" name="3Dgeometry" refid="_17_0_4_2_937029c_1471893022085_34477_27431"/></part><qualifiedName humanName="Qualified Name" mode="e">DiscreteEventLogisticsSystems::PLANT::Facility::Layout::Layout Object</qualifiedName><role humanName="Role"><valueproperty classType="Property" humanType="Value Property" icon="DiscreteEventLogisticsSystems_files/icon_valueproperty_1845313987.svg" name="2Dgeometry" refid="_17_0_4_2_937029c_1471893022085_149714_27430"/><valueproperty classType="Property" humanType="Value Property" icon="DiscreteEventLogisticsSystems_files/icon_valueproperty_1845313987.svg" name="3Dgeometry" refid="_17_0_4_2_937029c_1471893022085_34477_27431"/></role><specificClassifier humanName="Specific Classifier"><block classType="Class" humanType="Block" icon="DiscreteEventLogisticsSystems_files/icon_block_1951308442.svg" name="Layout Object For Movement" refid="_17_0_4_2_937029c_1471893021779_96919_27356"/><block classType="Class" humanType="Block" icon="DiscreteEventLogisticsSystems_files/icon_block_1951308442.svg" name="Layout Object With Access" refid="_17_0_4_2_937029c_1471893021778_308440_27355"/></specificClassifier><TO_DO humanName="To Do"/><usedAsType humanName="Used As Type"><referenceproperty classType="Property" humanType="Reference Property" icon="DiscreteEventLogisticsSystems_files/icon_referenceproperty_111028426.svg" name="object" refid="_17_0_4_2_937029c_1471893022082_951255_27411"/></usedAsType><visibility humanName="Visibility">public</visibility></block></magicdraw>