<?xml version="1.0" encoding="UTF-8"?><magicdraw><property classType="Property" humanType="Property" icon="DiscreteEventLogisticsSystems_files/icon_property_1353393023.svg" id="_17_0_4_2_937029c_1468359614875_569965_17774"><aggregation humanName="Aggregation" mode="s,e">none</aggregation><association classType="Association" humanName="Association" humanType="Association" icon="DiscreteEventLogisticsSystems_files/icon_association_1353675987.svg" isRelationship="true" name="Association[DiscreteEventLogisticsSystems::DELS -&gt; controller:DiscreteEventLogisticsSystems::CONTROL::OperationalController]" refid="_17_0_4_2_937029c_1468359614874_565285_17772"/><documentation humanName="Documentation"/><effectiveIRI humanName="Effective IRI"/><featuringClassifier classType="Association" humanName="Featuring Classifier" humanType="Association" icon="DiscreteEventLogisticsSystems_files/icon_association_1353675987.svg" isRelationship="true" name="Association[DiscreteEventLogisticsSystems::DELS -&gt; controller:DiscreteEventLogisticsSystems::CONTROL::OperationalController]" refid="_17_0_4_2_937029c_1468359614874_565285_17772"/><isComposite humanName="Is Composite">false</isComposite><isDerived humanName="Is Derived" mode="s,e">false</isDerived><isDerivedUnion humanName="Is Derived Union" mode="e">false</isDerivedUnion><isID humanName="Is ID" mode="e">false</isID><isLeaf humanName="Is Leaf">false</isLeaf><isOrdered humanName="Is Ordered" mode="e">false</isOrdered><isReadOnly humanName="Is Read Only" mode="s,e">false</isReadOnly><isStatic humanName="Is Static" mode="s,e">false</isStatic><isUnique humanName="Is Unique" mode="e">true</isUnique><lower humanName="Lower">1</lower><multiplicity humanName="Multiplicity" mode="s,e"/><multiplicity humanName="Multiplicity" mode="s,e"/><name humanName="Name" mode="s,e"/><namespace classType="Association" humanName="Namespace" humanType="Association" icon="DiscreteEventLogisticsSystems_files/icon_association_1353675987.svg" isRelationship="true" name="Association[DiscreteEventLogisticsSystems::DELS -&gt; controller:DiscreteEventLogisticsSystems::CONTROL::OperationalController]" refid="_17_0_4_2_937029c_1468359614874_565285_17772"/><navigable humanName="Navigable">false</navigable><opposite classType="Property" humanName="Opposite" humanType="Part Property" icon="DiscreteEventLogisticsSystems_files/icon_partproperty_2110785692.svg" name="controller" refid="_17_0_4_2_937029c_1468359614875_742831_17773"/><ownedBy classType="Association" humanName="Owned By" humanType="Association" icon="DiscreteEventLogisticsSystems_files/icon_association_1353675987.svg" isRelationship="true" name="Association[DiscreteEventLogisticsSystems::DELS -&gt; controller:DiscreteEventLogisticsSystems::CONTROL::OperationalController]" refid="_17_0_4_2_937029c_1468359614874_565285_17772"/><owner classType="Association" humanName="Owner" humanType="Association" icon="DiscreteEventLogisticsSystems_files/icon_association_1353675987.svg" isRelationship="true" name="Association[DiscreteEventLogisticsSystems::DELS -&gt; controller:DiscreteEventLogisticsSystems::CONTROL::OperationalController]" refid="_17_0_4_2_937029c_1468359614874_565285_17772"/><owningAssociation classType="Association" humanName="Owning Association" humanType="Association" icon="DiscreteEventLogisticsSystems_files/icon_association_1353675987.svg" isRelationship="true" name="Association[DiscreteEventLogisticsSystems::DELS -&gt; controller:DiscreteEventLogisticsSystems::CONTROL::OperationalController]" refid="_17_0_4_2_937029c_1468359614874_565285_17772"/><qualifiedName humanName="Qualified Name" mode="e">DiscreteEventLogisticsSystems::::</qualifiedName><redefinitionContext humanName="Redefinition Context"><association classType="Association" humanType="Association" icon="DiscreteEventLogisticsSystems_files/icon_association_1353675987.svg" isRelationship="true" name="Association[DiscreteEventLogisticsSystems::DELS -&gt; controller:DiscreteEventLogisticsSystems::CONTROL::OperationalController]" refid="_17_0_4_2_937029c_1468359614874_565285_17772"/></redefinitionContext><TO_DO humanName="To Do" mode="s,e"/><type classType="Class" humanName="Type" humanType="Block" icon="DiscreteEventLogisticsSystems_files/icon_block_1372204263.svg" mode="s,e" name="DELS" refid="_18_0_2_f95033a_1447099702589_667150_29711"/><TYPE_MODIFIER humanName="Type Modifier" mode="e"/><upper humanName="Upper">1</upper><visibility humanName="Visibility" mode="e">public</visibility><appearsIn><diagram classType="Diagram" humanType="Diagram" icon="DiscreteEventLogisticsSystems_files/icon_Class Diagram_1882064289.svg" name="DELS_Controller" refid="_18_0_2_f95033a_1447092766158_753774_29010"/></appearsIn></property></magicdraw>