<?xml version="1.0" encoding="UTF-8"?><magicdraw><literalinteger classType="LiteralInteger" humanType="Literal Integer" icon="DiscreteEventLogisticsSystems_files/icon_literalinteger_213415401.svg" id="_17_0_4_2_937029c_1471893022484_197026_27760"><documentation humanName="Documentation"/><name humanName="Name"/><owner classType="Property" humanName="Owner" humanType="Reference Property" icon="DiscreteEventLogisticsSystems_files/icon_referenceproperty_111028426.svg" mode="e" name="endpoint" refid="_17_0_4_2_937029c_1471893022473_616594_27687"/><owningLower classType="Property" humanName="Owning Lower" humanType="Reference Property" icon="DiscreteEventLogisticsSystems_files/icon_referenceproperty_111028426.svg" name="endpoint" refid="_17_0_4_2_937029c_1471893022473_616594_27687"/><qualifiedName humanName="Qualified Name">DiscreteEventLogisticsSystems::PLANT::Facility::Layout::LayoutSemanticsToAbstractANetwork::PathIntersection::Tshaped Intersection::endpoint::</qualifiedName><text humanName="Text" mode="standard">3</text><TO_DO humanName="To Do"/><TYPE_MODIFIER humanName="Type Modifier"/><value humanName="Value" mode="s,e">3</value><visibility humanName="Visibility">public</visibility></literalinteger></magicdraw>