<?xml version="1.0" encoding="UTF-8"?><magicdraw><proxyport classType="Port" humanType="Proxy Port" icon="DiscreteEventLogisticsSystems_files/icon_proxyport_931911789.svg" id="_17_0_4_2_937029c_1468430795790_899055_18648"><aggregation humanName="Aggregation">composite</aggregation><APPLIED_STEREOTYPES humanName="Applied Stereotype" mode="s,e"><stereotype classType="Stereotype" humanType="Stereotype" icon="DiscreteEventLogisticsSystems_files/icon_stereotype_918307166.svg" name="ProxyPort" refid="_17_0_3_17530432_1320213131032_5397_2410"/></APPLIED_STEREOTYPES><appliedStereotype humanName="Applied Stereotype" mode="s,e"><stereotype classType="Stereotype" humanType="Stereotype" icon="DiscreteEventLogisticsSystems_files/icon_stereotype_918307166.svg" name="ProxyPort" refid="_17_0_3_17530432_1320213131032_5397_2410"><property classType="Property" humanName="Base_ Port" humanType="Property" icon="DiscreteEventLogisticsSystems_files/icon_property_1353393023.svg" name="base_Port" refid="_17_0_3_17530432_1320213133500_711583_2413"/></stereotype></appliedStereotype><appliedStereotypeInstance classType="InstanceSpecification" humanName="Applied Stereotype Instance" humanType="Instance Specification" icon="DiscreteEventLogisticsSystems_files/icon_instancespecification_13643661.svg" name=" : SysML::Ports&amp;Flows::ProxyPort" refid="_18_5_1_412017e_1502714979615_635656_29301"/><association classType="Association" humanName="Association" humanType="Association" icon="DiscreteEventLogisticsSystems_files/icon_association_1353675987.svg" isRelationship="true" name="Association[outgoingTasks:DiscreteEventLogisticsSystems::CONTEXT::outDELSTask &lt;- DiscreteEventLogisticsSystems::DELS]" refid="_18_4_1_412017e_1480523679965_320720_31148"/><UMLClass classType="Class" humanName="Class" humanType="Block" icon="DiscreteEventLogisticsSystems_files/icon_block_1372204263.svg" name="DELS" refid="_18_0_2_f95033a_1447099702589_667150_29711"/><classifier classType="Class" humanName="Classifier" humanType="Block" icon="DiscreteEventLogisticsSystems_files/icon_block_1372204263.svg" name="DELS" refid="_18_0_2_f95033a_1447099702589_667150_29711"/><direction classType="EnumerationLiteral" humanName="Direction" humanType="Enumeration Literal" icon="DiscreteEventLogisticsSystems_files/icon_enumerationliteral_533766696.svg" name="out" refid="_11_0_be00301_1147682911522_704155_3"/><documentation humanName="Documentation"/><effectiveIRI humanName="Effective IRI"/><end humanName="End"><connectorend classType="ConnectorEnd" humanType="Connector End" icon="DiscreteEventLogisticsSystems_files/icon_connectorend_864205596.svg" refid="_18_4_1_412017e_1499886978488_272692_29745"/></end><featuringClassifier classType="Class" humanName="Featuring Classifier" humanType="Block" icon="DiscreteEventLogisticsSystems_files/icon_block_1372204263.svg" name="DELS" refid="_18_0_2_f95033a_1447099702589_667150_29711"/><isBehavior humanName="Is Behavior" mode="s,e">false</isBehavior><isComposite humanName="Is Composite">true</isComposite><isConjugated humanName="Is Conjugated" mode="s,e">false</isConjugated><isDerived humanName="Is Derived">false</isDerived><isDerivedUnion humanName="Is Derived Union">false</isDerivedUnion><isID humanName="Is ID" mode="s,e">false</isID><isLeaf humanName="Is Leaf">false</isLeaf><isOrdered humanName="Is Ordered">false</isOrdered><isReadOnly humanName="Is Read Only">false</isReadOnly><isService humanName="Is Service" mode="s,e">true</isService><isStatic humanName="Is Static">false</isStatic><isUnique humanName="Is Unique">true</isUnique><lower humanName="Lower">1</lower><lowerValue classType="LiteralInteger" humanName="Lower Value" humanType="Literal Integer" icon="DiscreteEventLogisticsSystems_files/icon_literalinteger_213415401.svg" name="1" refid="_17_0_4_2_937029c_1468431118040_160068_18706" text="1"/><multiplicity humanName="Multiplicity" mode="e">1..*</multiplicity><multiplicity humanName="Multiplicity" mode="e">1..*</multiplicity><name humanName="Name" mode="s,e">outgoingTasks</name><namespace classType="Class" humanName="Namespace" humanType="Block" icon="DiscreteEventLogisticsSystems_files/icon_block_1372204263.svg" name="DELS" refid="_18_0_2_f95033a_1447099702589_667150_29711"/><navigable humanName="Navigable">true</navigable><opposite classType="Property" humanName="Opposite" humanType="Property" icon="DiscreteEventLogisticsSystems_files/icon_property_1353393023.svg" name=" : DELS" refid="_18_4_1_412017e_1480523679965_876456_31149"/><ownedBy classType="Class" humanName="Owned By" humanType="Block" icon="DiscreteEventLogisticsSystems_files/icon_block_1372204263.svg" name="DELS" refid="_18_0_2_f95033a_1447099702589_667150_29711"/><ownedElement humanName="Owned Element"><instancespecification classType="InstanceSpecification" humanType="Instance Specification" icon="DiscreteEventLogisticsSystems_files/icon_instancespecification_13643661.svg" name=" : SysML::Ports&amp;Flows::ProxyPort" refid="_18_5_1_412017e_1502714979615_635656_29301"/><literalunlimitednatural classType="LiteralUnlimitedNatural" humanType="Literal Unlimited Natural" icon="DiscreteEventLogisticsSystems_files/icon_literalunlimitednatural_580911462.svg" name="*" refid="_17_0_4_2_937029c_1468431118040_386390_18707" text="*"/><literalinteger classType="LiteralInteger" humanType="Literal Integer" icon="DiscreteEventLogisticsSystems_files/icon_literalinteger_213415401.svg" name="1" refid="_17_0_4_2_937029c_1468431118040_160068_18706" text="1"/></ownedElement><owner classType="Class" humanName="Owner" humanType="Block" icon="DiscreteEventLogisticsSystems_files/icon_block_1372204263.svg" mode="s,e" name="DELS" refid="_18_0_2_f95033a_1447099702589_667150_29711"/><qualifiedName humanName="Qualified Name" mode="e">DiscreteEventLogisticsSystems::DELS::outgoingTasks</qualifiedName><redefinitionContext humanName="Redefinition Context"><block classType="Class" humanType="Block" icon="DiscreteEventLogisticsSystems_files/icon_block_1372204263.svg" name="DELS" refid="_18_0_2_f95033a_1447099702589_667150_29711"/></redefinitionContext><TO_DO humanName="To Do" mode="s,e"/><type classType="Class" humanName="Type" humanType="Interface Block" icon="DiscreteEventLogisticsSystems_files/icon_interfaceblock_1400582292.svg" mode="s,e" name="outDELSTask" refid="_18_4_1_412017e_1497976952837_135469_32969"/><TYPE_MODIFIER humanName="Type Modifier" mode="e"/><upper humanName="Upper">-1</upper><upperValue classType="LiteralUnlimitedNatural" humanName="Upper Value" humanType="Literal Unlimited Natural" icon="DiscreteEventLogisticsSystems_files/icon_literalunlimitednatural_580911462.svg" name="*" refid="_17_0_4_2_937029c_1468431118040_386390_18707" text="*"/><visibility humanName="Visibility" mode="s,e">public</visibility><appearsIn><diagram classType="Diagram" humanType="Diagram" icon="DiscreteEventLogisticsSystems_files/icon_SysML Internal Block Diagram_1195506736.svg" name="ControlFlowPattern" refid="_18_0_2_f95033a_1447099784417_146274_29745"/><diagram classType="Diagram" humanType="Diagram" icon="DiscreteEventLogisticsSystems_files/icon_SysML Block Definition Diagram_1080813915.svg" name="DELS_Interface" refid="_18_4_1_412017e_1480523563259_232012_30968"/><diagram classType="Diagram" humanType="Diagram" icon="DiscreteEventLogisticsSystems_files/icon_SysML Internal Block Diagram_1195506736.svg" name="ControlFlowPattern_simple" refid="_18_5_1_412017e_1521221640746_313638_37810"/></appearsIn></proxyport></magicdraw>