<?xml version="1.0" encoding="UTF-8"?><magicdraw><property classType="Property" humanType="Property" icon="DiscreteEventLogisticsSystems_files/icon_property_1353393023.svg" id="_17_0_4_2_937029c_1471893022086_694464_27433"><aggregation humanName="Aggregation" mode="s,e">none</aggregation><association classType="Association" humanName="Association" humanType="Association" icon="DiscreteEventLogisticsSystems_files/icon_association_866202742.svg" isRelationship="true" name="Association[object:DiscreteEventLogisticsSystems::PLANT::Facility::Layout::Layout Object &lt;- DiscreteEventLogisticsSystems::PLANT::Facility::Layout::Placement]" refid="_17_0_4_2_937029c_1471893021777_409172_27354"/><documentation humanName="Documentation"/><effectiveIRI humanName="Effective IRI"/><featuringClassifier classType="Association" humanName="Featuring Classifier" humanType="Association" icon="DiscreteEventLogisticsSystems_files/icon_association_866202742.svg" isRelationship="true" name="Association[object:DiscreteEventLogisticsSystems::PLANT::Facility::Layout::Layout Object &lt;- DiscreteEventLogisticsSystems::PLANT::Facility::Layout::Placement]" refid="_17_0_4_2_937029c_1471893021777_409172_27354"/><isComposite humanName="Is Composite">false</isComposite><isDerived humanName="Is Derived" mode="s,e">false</isDerived><isDerivedUnion humanName="Is Derived Union" mode="e">false</isDerivedUnion><isID humanName="Is ID" mode="e">false</isID><isLeaf humanName="Is Leaf">false</isLeaf><isOrdered humanName="Is Ordered" mode="e">false</isOrdered><isReadOnly humanName="Is Read Only" mode="s,e">false</isReadOnly><isStatic humanName="Is Static" mode="s,e">false</isStatic><isUnique humanName="Is Unique" mode="e">true</isUnique><lower humanName="Lower">1</lower><multiplicity humanName="Multiplicity" mode="s,e"/><multiplicity humanName="Multiplicity" mode="s,e"/><name humanName="Name" mode="s,e"/><namespace classType="Association" humanName="Namespace" humanType="Association" icon="DiscreteEventLogisticsSystems_files/icon_association_866202742.svg" isRelationship="true" name="Association[object:DiscreteEventLogisticsSystems::PLANT::Facility::Layout::Layout Object &lt;- DiscreteEventLogisticsSystems::PLANT::Facility::Layout::Placement]" refid="_17_0_4_2_937029c_1471893021777_409172_27354"/><navigable humanName="Navigable">false</navigable><opposite classType="Property" humanName="Opposite" humanType="Reference Property" icon="DiscreteEventLogisticsSystems_files/icon_referenceproperty_111028426.svg" name="object" refid="_17_0_4_2_937029c_1471893022082_951255_27411"/><ownedBy classType="Association" humanName="Owned By" humanType="Association" icon="DiscreteEventLogisticsSystems_files/icon_association_866202742.svg" isRelationship="true" name="Association[object:DiscreteEventLogisticsSystems::PLANT::Facility::Layout::Layout Object &lt;- DiscreteEventLogisticsSystems::PLANT::Facility::Layout::Placement]" refid="_17_0_4_2_937029c_1471893021777_409172_27354"/><owner classType="Association" humanName="Owner" humanType="Association" icon="DiscreteEventLogisticsSystems_files/icon_association_866202742.svg" isRelationship="true" name="Association[object:DiscreteEventLogisticsSystems::PLANT::Facility::Layout::Layout Object &lt;- DiscreteEventLogisticsSystems::PLANT::Facility::Layout::Placement]" refid="_17_0_4_2_937029c_1471893021777_409172_27354"/><owningAssociation classType="Association" humanName="Owning Association" humanType="Association" icon="DiscreteEventLogisticsSystems_files/icon_association_866202742.svg" isRelationship="true" name="Association[object:DiscreteEventLogisticsSystems::PLANT::Facility::Layout::Layout Object &lt;- DiscreteEventLogisticsSystems::PLANT::Facility::Layout::Placement]" refid="_17_0_4_2_937029c_1471893021777_409172_27354"/><qualifiedName humanName="Qualified Name" mode="e">DiscreteEventLogisticsSystems::PLANT::Facility::Layout::::</qualifiedName><redefinitionContext humanName="Redefinition Context"><association classType="Association" humanType="Association" icon="DiscreteEventLogisticsSystems_files/icon_association_866202742.svg" isRelationship="true" name="Association[object:DiscreteEventLogisticsSystems::PLANT::Facility::Layout::Layout Object &lt;- DiscreteEventLogisticsSystems::PLANT::Facility::Layout::Placement]" refid="_17_0_4_2_937029c_1471893021777_409172_27354"/></redefinitionContext><TO_DO humanName="To Do" mode="s,e"/><type classType="Class" humanName="Type" humanType="Block" icon="DiscreteEventLogisticsSystems_files/icon_block_1951308442.svg" mode="s,e" name="Placement" refid="_17_0_4_2_937029c_1471893021771_63663_27348"/><TYPE_MODIFIER humanName="Type Modifier" mode="e"/><upper humanName="Upper">1</upper><visibility humanName="Visibility" mode="e">private</visibility></property></magicdraw>