<?xml version="1.0" encoding="UTF-8"?><magicdraw><connectorend classType="ConnectorEnd" humanType="Connector End" icon="DiscreteEventLogisticsSystems_files/icon_connectorend_864205596.svg" id="_17_0_4_2_937029c_1469555397398_999641_21211"><documentation humanName="Documentation"/><isOrdered humanName="Is Ordered">false</isOrdered><isUnique humanName="Is Unique">true</isUnique><lower humanName="Lower">1</lower><multiplicity humanName="Multiplicity" mode="s,e"/><multiplicity humanName="Multiplicity" mode="s,e"/><owner classType="Connector" humanName="Owner" humanType="Connector" icon="DiscreteEventLogisticsSystems_files/icon_connector_1226298219.svg" isRelationship="true" mode="s,e" name="Connector[DiscreteEventLogisticsSystems::DELS::setUp - DiscreteEventLogisticsSystems::DELS::acquireResources]" refid="_17_0_4_2_937029c_1469555397397_964689_21209"/><role classType="Property" humanName="Role" humanType="Part Property" icon="DiscreteEventLogisticsSystems_files/icon_partproperty_2110785692.svg" mode="s,e" name="acquireResources" refid="_18_0_2_f95033a_1447100450907_469439_29955"/><TO_DO humanName="To Do" mode="s,e"/><upper humanName="Upper">1</upper></connectorend></magicdraw>