<?xml version="1.0" encoding="UTF-8"?><magicdraw><comment classType="Comment" humanType="Comment" icon="DiscreteEventLogisticsSystems_files/icon_comment_911849686.svg" id="_17_0_4_2_937029c_1471893022085_857889_27429"><annotatedElement humanName="Annotated Element" mode="s,e"><block classType="Class" humanType="Block" icon="DiscreteEventLogisticsSystems_files/icon_block_1951308442.svg" name="Layout Object" refid="_17_0_4_2_937029c_1471893021776_679355_27352"/></annotatedElement><body humanName="Body" mode="s,e">In the context of a Layout for Movement and Access, LAYOUT OBJECT is an abstract superclass for its 'forMovement' and 'withAccess' subclasses.  It is one of two layout ingredients - these are objects requesting space allocation.  Any Layout Object has a GEOMETRY, which comes with a reference frame, needed for the placement.</body><documentation humanName="Documentation"/><owner classType="Class" humanName="Owner" humanType="Block" icon="DiscreteEventLogisticsSystems_files/icon_block_1951308442.svg" mode="s,e" name="Layout Object" refid="_17_0_4_2_937029c_1471893021776_679355_27352"/><owningElement classType="Class" humanName="Owning Element" humanType="Block" icon="DiscreteEventLogisticsSystems_files/icon_block_1951308442.svg" name="Layout Object" refid="_17_0_4_2_937029c_1471893021776_679355_27352"/><TO_DO humanName="To Do" mode="s,e"/></comment></magicdraw>