<?xml version="1.0" encoding="UTF-8"?><magicdraw><comment classType="Comment" humanType="Comment" icon="DiscreteEventLogisticsSystems_files/icon_comment_911849686.svg" id="_17_0_4_2_937029c_1471893022084_646214_27420"><annotatedElement humanName="Annotated Element" mode="s,e"><block classType="Class" humanType="Block" icon="DiscreteEventLogisticsSystems_files/icon_block_1951308442.svg" name="Layout" refid="_17_0_4_2_937029c_1471893021772_756030_27350"/></annotatedElement><body humanName="Body" mode="s,e">A LAYOUT requires two ingredients: Space, and objects requesting space allocation.  An example may be 5000 square feet within a facility, and various machines needing arrangement.

Given these ingredients, a layout is a collection of placements - a reference frame attached to each layout object is offset and oriented within a reference frame attached to the space.

A boundary decision was to focus exclusively on manufacturing, so we care about movement of physical goods throughout a manufacturing process, hence the semantic LAYOUT FOR MOVEMENT AND ACCESS.</body><documentation humanName="Documentation"/><owner classType="Class" humanName="Owner" humanType="Block" icon="DiscreteEventLogisticsSystems_files/icon_block_1951308442.svg" mode="s,e" name="Layout" refid="_17_0_4_2_937029c_1471893021772_756030_27350"/><owningElement classType="Class" humanName="Owning Element" humanType="Block" icon="DiscreteEventLogisticsSystems_files/icon_block_1951308442.svg" name="Layout" refid="_17_0_4_2_937029c_1471893021772_756030_27350"/><TO_DO humanName="To Do" mode="s,e"/></comment></magicdraw>