<?xml version="1.0" encoding="UTF-8"?><magicdraw><association classType="Association" humanType="Association" icon="DiscreteEventLogisticsSystems_files/icon_association_866202742.svg" id="_17_0_4_2_937029c_1471893021785_392527_27371"><documentation humanName="Documentation"/><endType humanName="End Type"><valuetype classType="DataType" humanType="Value Type" icon="DiscreteEventLogisticsSystems_files/icon_valuetype_766030553.svg" name="3Dgeometry" refid="_17_0_4_2_937029c_1471893021784_303594_27365"/><valuetype classType="DataType" humanType="Value Type" icon="DiscreteEventLogisticsSystems_files/icon_valuetype_766030553.svg" name="3DreferenceFrame" refid="_17_0_4_2_937029c_1471893022418_665096_27498"/></endType><feature humanName="Feature"><property classType="Property" humanType="Property" icon="DiscreteEventLogisticsSystems_files/icon_property_1353393023.svg" name=" : PLANT::Facility::Layout::Geometry::3Dgeometry" refid="_17_0_4_2_937029c_1471893022421_998316_27512"/></feature><isAbstract humanName="Is Abstract">false</isAbstract><isDerived humanName="Is Derived">false</isDerived><isFinalSpecialization humanName="Is Final Specialization">false</isFinalSpecialization><isLeaf humanName="Is Leaf">false</isLeaf><member humanName="Member"><property classType="Property" humanType="Property" icon="DiscreteEventLogisticsSystems_files/icon_property_1353393023.svg" name=" : PLANT::Facility::Layout::Geometry::3Dgeometry" refid="_17_0_4_2_937029c_1471893022421_998316_27512"/><property classType="Property" humanType="Property" icon="DiscreteEventLogisticsSystems_files/icon_property_1353393023.svg" name="referenceFrame" refid="_17_0_4_2_937029c_1471893022417_964537_27494"/></member><memberEnd humanName="Member End"><property classType="Property" humanType="Property" icon="DiscreteEventLogisticsSystems_files/icon_property_1353393023.svg" name=" : PLANT::Facility::Layout::Geometry::3Dgeometry" refid="_17_0_4_2_937029c_1471893022421_998316_27512"/><property classType="Property" humanType="Property" icon="DiscreteEventLogisticsSystems_files/icon_property_1353393023.svg" name="referenceFrame" refid="_17_0_4_2_937029c_1471893022417_964537_27494"/></memberEnd><name humanName="Name" mode="s,e"/><namespace classType="Package" humanName="Namespace" humanType="Package" icon="DiscreteEventLogisticsSystems_files/icon_package_1622863652.svg" name="Geometry" refid="_17_0_4_2_937029c_1471893021770_138532_27347"/><ownedElement humanName="Owned Element"><property classType="Property" humanType="Property" icon="DiscreteEventLogisticsSystems_files/icon_property_1353393023.svg" name=" : PLANT::Facility::Layout::Geometry::3Dgeometry" refid="_17_0_4_2_937029c_1471893022421_998316_27512"/></ownedElement><ownedEnd humanName="Owned End"><property classType="Property" humanType="Property" icon="DiscreteEventLogisticsSystems_files/icon_property_1353393023.svg" name=" : PLANT::Facility::Layout::Geometry::3Dgeometry" refid="_17_0_4_2_937029c_1471893022421_998316_27512"/></ownedEnd><ownedMember humanName="Owned Member"><property classType="Property" humanType="Property" icon="DiscreteEventLogisticsSystems_files/icon_property_1353393023.svg" name=" : PLANT::Facility::Layout::Geometry::3Dgeometry" refid="_17_0_4_2_937029c_1471893022421_998316_27512"/></ownedMember><owner classType="Package" humanName="Owner" humanType="Package" icon="DiscreteEventLogisticsSystems_files/icon_package_1622863652.svg" mode="s,e" name="Geometry" refid="_17_0_4_2_937029c_1471893021770_138532_27347"/><owningPackage classType="Package" humanName="Owning Package" humanType="Package" icon="DiscreteEventLogisticsSystems_files/icon_package_1622863652.svg" name="Geometry" refid="_17_0_4_2_937029c_1471893021770_138532_27347"/><package classType="Package" humanName="Package" humanType="Package" icon="DiscreteEventLogisticsSystems_files/icon_package_1622863652.svg" name="Geometry" refid="_17_0_4_2_937029c_1471893021770_138532_27347"/><qualifiedName humanName="Qualified Name" mode="e">DiscreteEventLogisticsSystems::PLANT::Facility::Layout::Geometry::</qualifiedName><relatedElement humanName="Related Element"><valuetype classType="DataType" humanType="Value Type" icon="DiscreteEventLogisticsSystems_files/icon_valuetype_766030553.svg" name="3Dgeometry" refid="_17_0_4_2_937029c_1471893021784_303594_27365"/><valuetype classType="DataType" humanType="Value Type" icon="DiscreteEventLogisticsSystems_files/icon_valuetype_766030553.svg" name="3DreferenceFrame" refid="_17_0_4_2_937029c_1471893022418_665096_27498"/></relatedElement><TO_DO humanName="To Do"/><visibility humanName="Visibility" mode="s,e">public</visibility><appearsIn><diagram classType="Diagram" humanType="Diagram" icon="DiscreteEventLogisticsSystems_files/icon_SysML Block Definition Diagram_1080813915.svg" name="Geometry" refid="_17_0_4_2_937029c_1471893022060_530983_27387"/></appearsIn></association></magicdraw>