<?xml version="1.0" encoding="UTF-8"?><magicdraw><instancespecification classType="InstanceSpecification" humanType="Instance Specification" icon="DiscreteEventLogisticsSystems_files/icon_instancespecification_13643661.svg" id="_17_0_4_2_937029c_1471893022464_386853_27631"><classifier humanName="Classifier" mode="s,e"><stereotype classType="Stereotype" humanType="Stereotype" icon="DiscreteEventLogisticsSystems_files/icon_stereotype_766030553.svg" name="ValueType" refid="_11_5EAPbeta_be00301_1147430239267_179145_1189"/></classifier><documentation humanName="Documentation"/><name humanName="Name" mode="s,e"/><owner classType="DataType" humanName="Owner" humanType="Value Type" icon="DiscreteEventLogisticsSystems_files/icon_valuetype_766030553.svg" mode="s,e" name="3DRefFrameNesting" refid="_17_0_4_2_937029c_1471893022419_785215_27500"/><qualifiedName humanName="Qualified Name" mode="e">DiscreteEventLogisticsSystems::PLANT::Facility::Layout::Geometry::ReferenceFrame::3DRefFrameNesting::</qualifiedName><stereotypedElement classType="DataType" humanName="Stereotyped Element" humanType="Value Type" icon="DiscreteEventLogisticsSystems_files/icon_valuetype_766030553.svg" name="3DRefFrameNesting" refid="_17_0_4_2_937029c_1471893022419_785215_27500"/><TO_DO humanName="To Do" mode="s,e"/><visibility humanName="Visibility">public</visibility></instancespecification></magicdraw>