<?xml version="1.0" encoding="UTF-8"?><magicdraw><association classType="Association" humanType="Association" icon="DiscreteEventLogisticsSystems_files/icon_association_866202742.svg" id="_17_0_4_2_937029c_1471893022419_327265_27501"><documentation humanName="Documentation"/><endType humanName="End Type"><valuetype classType="DataType" humanType="Value Type" icon="DiscreteEventLogisticsSystems_files/icon_valuetype_766030553.svg" name="2DreferenceFrame" refid="_17_0_4_2_937029c_1471893022418_316106_27499"/><valuetype classType="DataType" humanType="Value Type" icon="DiscreteEventLogisticsSystems_files/icon_valuetype_766030553.svg" name="2DRefFrameNesting" refid="_17_0_4_2_937029c_1471893022418_811914_27497"/></endType><feature humanName="Feature"><property classType="Property" humanType="Property" icon="DiscreteEventLogisticsSystems_files/icon_property_1353393023.svg" name=" : PLANT::Facility::Layout::Geometry::ReferenceFrame::2DreferenceFrame" refid="_17_0_4_2_937029c_1471893022464_99247_27632"/></feature><isAbstract humanName="Is Abstract">false</isAbstract><isDerived humanName="Is Derived">false</isDerived><isFinalSpecialization humanName="Is Final Specialization">false</isFinalSpecialization><isLeaf humanName="Is Leaf">false</isLeaf><member humanName="Member"><property classType="Property" humanType="Property" icon="DiscreteEventLogisticsSystems_files/icon_property_1353393023.svg" name=" : PLANT::Facility::Layout::Geometry::ReferenceFrame::2DreferenceFrame" refid="_17_0_4_2_937029c_1471893022464_99247_27632"/><property classType="Property" humanType="Property" icon="DiscreteEventLogisticsSystems_files/icon_property_1353393023.svg" name="parentRefFrame" refid="_17_0_4_2_937029c_1471893022462_515564_27623"/></member><memberEnd humanName="Member End"><property classType="Property" humanType="Property" icon="DiscreteEventLogisticsSystems_files/icon_property_1353393023.svg" name=" : PLANT::Facility::Layout::Geometry::ReferenceFrame::2DreferenceFrame" refid="_17_0_4_2_937029c_1471893022464_99247_27632"/><property classType="Property" humanType="Property" icon="DiscreteEventLogisticsSystems_files/icon_property_1353393023.svg" name="parentRefFrame" refid="_17_0_4_2_937029c_1471893022462_515564_27623"/></memberEnd><name humanName="Name" mode="s,e"/><namespace classType="Package" humanName="Namespace" humanType="Package" icon="DiscreteEventLogisticsSystems_files/icon_package_1622863652.svg" name="ReferenceFrame" refid="_17_0_4_2_937029c_1471893021784_550517_27366"/><ownedElement humanName="Owned Element"><property classType="Property" humanType="Property" icon="DiscreteEventLogisticsSystems_files/icon_property_1353393023.svg" name=" : PLANT::Facility::Layout::Geometry::ReferenceFrame::2DreferenceFrame" refid="_17_0_4_2_937029c_1471893022464_99247_27632"/></ownedElement><ownedEnd humanName="Owned End"><property classType="Property" humanType="Property" icon="DiscreteEventLogisticsSystems_files/icon_property_1353393023.svg" name=" : PLANT::Facility::Layout::Geometry::ReferenceFrame::2DreferenceFrame" refid="_17_0_4_2_937029c_1471893022464_99247_27632"/></ownedEnd><ownedMember humanName="Owned Member"><property classType="Property" humanType="Property" icon="DiscreteEventLogisticsSystems_files/icon_property_1353393023.svg" name=" : PLANT::Facility::Layout::Geometry::ReferenceFrame::2DreferenceFrame" refid="_17_0_4_2_937029c_1471893022464_99247_27632"/></ownedMember><owner classType="Package" humanName="Owner" humanType="Package" icon="DiscreteEventLogisticsSystems_files/icon_package_1622863652.svg" mode="s,e" name="ReferenceFrame" refid="_17_0_4_2_937029c_1471893021784_550517_27366"/><owningPackage classType="Package" humanName="Owning Package" humanType="Package" icon="DiscreteEventLogisticsSystems_files/icon_package_1622863652.svg" name="ReferenceFrame" refid="_17_0_4_2_937029c_1471893021784_550517_27366"/><package classType="Package" humanName="Package" humanType="Package" icon="DiscreteEventLogisticsSystems_files/icon_package_1622863652.svg" name="ReferenceFrame" refid="_17_0_4_2_937029c_1471893021784_550517_27366"/><qualifiedName humanName="Qualified Name" mode="e">DiscreteEventLogisticsSystems::PLANT::Facility::Layout::Geometry::ReferenceFrame::</qualifiedName><relatedElement humanName="Related Element"><valuetype classType="DataType" humanType="Value Type" icon="DiscreteEventLogisticsSystems_files/icon_valuetype_766030553.svg" name="2DreferenceFrame" refid="_17_0_4_2_937029c_1471893022418_316106_27499"/><valuetype classType="DataType" humanType="Value Type" icon="DiscreteEventLogisticsSystems_files/icon_valuetype_766030553.svg" name="2DRefFrameNesting" refid="_17_0_4_2_937029c_1471893022418_811914_27497"/></relatedElement><TO_DO humanName="To Do"/><visibility humanName="Visibility" mode="s,e">public</visibility><appearsIn><diagram classType="Diagram" humanType="Diagram" icon="DiscreteEventLogisticsSystems_files/icon_SysML Block Definition Diagram_1080813915.svg" name="Geometry" refid="_17_0_4_2_937029c_1471893022060_530983_27387"/></appearsIn></association></magicdraw>