<?xml version="1.0" encoding="UTF-8"?><magicdraw><block classType="Class" humanType="Block" icon="DiscreteEventLogisticsSystems_files/icon_block_1951308442.svg" id="_17_0_4_2_937029c_1471893022446_479024_27586"><allGeneralClassifiers humanName="All General Classifiers"><block classType="Class" humanType="Block" icon="DiscreteEventLogisticsSystems_files/icon_block_1951308442.svg" name="Rectangular Path Intersection" refid="_17_0_4_2_937029c_1471893022448_939329_27590"/><block classType="Class" humanType="Block" icon="DiscreteEventLogisticsSystems_files/icon_block_1951308442.svg" name="Two Rectangular Path Intersection" refid="_17_0_4_2_937029c_1471893022447_880922_27588"/></allGeneralClassifiers><APPLIED_STEREOTYPES humanName="Applied Stereotype" mode="e"><stereotype classType="Stereotype" humanType="Stereotype" icon="DiscreteEventLogisticsSystems_files/icon_stereotype_1951308442.svg" name="Block" refid="_11_5EAPbeta_be00301_1147424179914_458922_958"/></APPLIED_STEREOTYPES><appliedStereotype humanName="Applied Stereotype" mode="e"><stereotype classType="Stereotype" humanType="Stereotype" icon="DiscreteEventLogisticsSystems_files/icon_stereotype_1951308442.svg" name="Block" refid="_11_5EAPbeta_be00301_1147424179914_458922_958"><property classType="Property" humanName="Base_ Class" humanType="Property" icon="DiscreteEventLogisticsSystems_files/icon_property_1353393023.svg" name="base_Class" refid="_11_5EAPbeta_be00301_1147424181797_326831_961"/><property classType="Property" humanName="Is Encapsulated" humanType="Property" icon="DiscreteEventLogisticsSystems_files/icon_property_1353393023.svg" name="isEncapsulated" refid="_11_5EAPbeta_be00301_1147424201876_860708_1049"/></stereotype></appliedStereotype><appliedStereotypeInstance classType="InstanceSpecification" humanName="Applied Stereotype Instance" humanType="Instance Specification" icon="DiscreteEventLogisticsSystems_files/icon_instancespecification_13643661.svg" name=" : SysML::Blocks::Block" refid="_17_0_4_2_937029c_1471893022473_798273_27686"/><attribute humanName="Attribute"><referenceproperty classType="Property" humanType="Reference Property" icon="DiscreteEventLogisticsSystems_files/icon_referenceproperty_111028426.svg" name="endpoint" refid="_17_0_4_2_937029c_1471893022473_183297_27684"/></attribute><derivedExplanation humanName="Derived Explanation"/><documentation humanName="Documentation"/><effectiveIRI humanName="Effective IRI"/><feature humanName="Feature"><referenceproperty classType="Property" humanType="Reference Property" icon="DiscreteEventLogisticsSystems_files/icon_referenceproperty_111028426.svg" name="endpoint" refid="_17_0_4_2_937029c_1471893022473_183297_27684"/></feature><general humanName="General"><block classType="Class" humanType="Block" icon="DiscreteEventLogisticsSystems_files/icon_block_1951308442.svg" name="Two Rectangular Path Intersection" refid="_17_0_4_2_937029c_1471893022447_880922_27588"/></general><generalization humanName="Generalization"><generalization classType="Generalization" humanType="Generalization" icon="DiscreteEventLogisticsSystems_files/icon_generalization_1702478809.svg" isRelationship="true" refid="_17_0_4_2_937029c_1471893022473_863104_27685"/></generalization><inheritedMember humanName="Inherited Member"><referenceproperty classType="Property" humanType="Reference Property" icon="DiscreteEventLogisticsSystems_files/icon_referenceproperty_111028426.svg" name="intersectingObject" refid="_17_0_4_2_937029c_1471893022450_307168_27600"/></inheritedMember><isAbstract humanName="Is Abstract">false</isAbstract><isActive humanName="Is Active" mode="e">false</isActive><isFinalSpecialization humanName="Is Final Specialization">false</isFinalSpecialization><isLeaf humanName="Is Leaf">false</isLeaf><member humanName="Member"><referenceproperty classType="Property" humanType="Reference Property" icon="DiscreteEventLogisticsSystems_files/icon_referenceproperty_111028426.svg" name="endpoint" refid="_17_0_4_2_937029c_1471893022473_183297_27684"/><referenceproperty classType="Property" humanType="Reference Property" icon="DiscreteEventLogisticsSystems_files/icon_referenceproperty_111028426.svg" name="intersectingObject" refid="_17_0_4_2_937029c_1471893022450_307168_27600"/></member><name humanName="Name" mode="s,e">Lshaped Intersection</name><namespace classType="Package" humanName="Namespace" humanType="Package" icon="DiscreteEventLogisticsSystems_files/icon_package_1622863652.svg" name="PathIntersection" refid="_17_0_4_2_937029c_1471893022092_866907_27451"/><ownedAttribute humanName="Owned Attribute"><referenceproperty classType="Property" humanType="Reference Property" icon="DiscreteEventLogisticsSystems_files/icon_referenceproperty_111028426.svg" name="endpoint" refid="_17_0_4_2_937029c_1471893022473_183297_27684"/></ownedAttribute><ownedElement humanName="Owned Element"><generalization classType="Generalization" humanType="Generalization" icon="DiscreteEventLogisticsSystems_files/icon_generalization_1702478809.svg" isRelationship="true" refid="_17_0_4_2_937029c_1471893022473_863104_27685"/><instancespecification classType="InstanceSpecification" humanType="Instance Specification" icon="DiscreteEventLogisticsSystems_files/icon_instancespecification_13643661.svg" name=" : SysML::Blocks::Block" refid="_17_0_4_2_937029c_1471893022473_798273_27686"/><referenceproperty classType="Property" humanType="Reference Property" icon="DiscreteEventLogisticsSystems_files/icon_referenceproperty_111028426.svg" name="endpoint" refid="_17_0_4_2_937029c_1471893022473_183297_27684"/></ownedElement><ownedMember humanName="Owned Member"><referenceproperty classType="Property" humanType="Reference Property" icon="DiscreteEventLogisticsSystems_files/icon_referenceproperty_111028426.svg" name="endpoint" refid="_17_0_4_2_937029c_1471893022473_183297_27684"/></ownedMember><owner classType="Package" humanName="Owner" humanType="Package" icon="DiscreteEventLogisticsSystems_files/icon_package_1622863652.svg" mode="s,e" name="PathIntersection" refid="_17_0_4_2_937029c_1471893022092_866907_27451"/><owningPackage classType="Package" humanName="Owning Package" humanType="Package" icon="DiscreteEventLogisticsSystems_files/icon_package_1622863652.svg" name="PathIntersection" refid="_17_0_4_2_937029c_1471893022092_866907_27451"/><package classType="Package" humanName="Package" humanType="Package" icon="DiscreteEventLogisticsSystems_files/icon_package_1622863652.svg" name="PathIntersection" refid="_17_0_4_2_937029c_1471893022092_866907_27451"/><qualifiedName humanName="Qualified Name" mode="e">DiscreteEventLogisticsSystems::PLANT::Facility::Layout::LayoutSemanticsToAbstractANetwork::PathIntersection::Lshaped Intersection</qualifiedName><role humanName="Role"><referenceproperty classType="Property" humanType="Reference Property" icon="DiscreteEventLogisticsSystems_files/icon_referenceproperty_111028426.svg" name="endpoint" refid="_17_0_4_2_937029c_1471893022473_183297_27684"/></role><superClass humanName="Super Class"><block classType="Class" humanType="Block" icon="DiscreteEventLogisticsSystems_files/icon_block_1951308442.svg" name="Two Rectangular Path Intersection" refid="_17_0_4_2_937029c_1471893022447_880922_27588"/></superClass><TO_DO humanName="To Do"/><usedAsType humanName="Used As Type"><referenceproperty classType="Property" humanType="Reference Property" icon="DiscreteEventLogisticsSystems_files/icon_referenceproperty_111028426.svg" name="L_Intersection" refid="_17_0_4_2_937029c_1471893022438_536616_27569"/></usedAsType><visibility humanName="Visibility">public</visibility><appearsIn><diagram classType="Diagram" humanType="Diagram" icon="DiscreteEventLogisticsSystems_files/icon_SysML Block Definition Diagram_1080813915.svg" name="LayoutSemanticsToAbstractANetwork" refid="_17_0_4_2_937029c_1471893022401_953771_27466"/></appearsIn></block></magicdraw>