<?xml version="1.0" encoding="UTF-8"?><magicdraw><opaqueexpression classType="OpaqueExpression" humanType="Opaque Expression" icon="DiscreteEventLogisticsSystems_files/icon_opaqueexpression_106113013.svg" id="_17_0_4_2_937029c_1471893022471_214042_27672"><body humanName="Body" mode="e"><String>self.width == RectangularAisle.width</String></body><documentation humanName="Documentation"/><name humanName="Name"/><owner classType="Constraint" humanName="Owner" humanType="Constraint" icon="DiscreteEventLogisticsSystems_files/icon_constraint_1917161212.svg" mode="s,e" name="self.width == RectangularAisle.width" refid="_17_0_4_2_937029c_1471893022441_398694_27575"/><owningConstraint classType="Constraint" humanName="Owning Constraint" humanType="Constraint" icon="DiscreteEventLogisticsSystems_files/icon_constraint_1917161212.svg" name="self.width == RectangularAisle.width" refid="_17_0_4_2_937029c_1471893022441_398694_27575"/><qualifiedName humanName="Qualified Name">DiscreteEventLogisticsSystems::PLANT::Facility::Layout::LayoutSemanticsToAbstractANetwork::Rectangular Path Segment::::</qualifiedName><text humanName="Text" mode="standard">self.width == RectangularAisle.width</text><TO_DO humanName="To Do" mode="s,e"/><TYPE_MODIFIER humanName="Type Modifier"/><visibility humanName="Visibility">public</visibility></opaqueexpression></magicdraw>