<?xml version="1.0" encoding="UTF-8"?><magicdraw><property classType="Property" humanType="Property" icon="DiscreteEventLogisticsSystems_files/icon_property_1353393023.svg" id="_17_0_4_2_937029c_1471893022482_561777_27734"><aggregation humanName="Aggregation" mode="s,e">none</aggregation><classifier classType="Enumeration" humanName="Classifier" humanType="Enumeration" icon="DiscreteEventLogisticsSystems_files/icon_enumeration_1832284192.svg" name="3Dshape" refid="_17_0_4_2_937029c_1471893022466_816293_27638"/><datatype classType="Enumeration" humanName="Datatype" humanType="Enumeration" icon="DiscreteEventLogisticsSystems_files/icon_enumeration_1832284192.svg" name="3Dshape" refid="_17_0_4_2_937029c_1471893022466_816293_27638"/><documentation humanName="Documentation"/><effectiveIRI humanName="Effective IRI"/><featuringClassifier classType="Enumeration" humanName="Featuring Classifier" humanType="Enumeration" icon="DiscreteEventLogisticsSystems_files/icon_enumeration_1832284192.svg" name="3Dshape" refid="_17_0_4_2_937029c_1471893022466_816293_27638"/><isComposite humanName="Is Composite">false</isComposite><isDerived humanName="Is Derived" mode="s,e">false</isDerived><isDerivedUnion humanName="Is Derived Union" mode="e">false</isDerivedUnion><isID humanName="Is ID" mode="e">false</isID><isLeaf humanName="Is Leaf">false</isLeaf><isOrdered humanName="Is Ordered" mode="e">false</isOrdered><isReadOnly humanName="Is Read Only" mode="s,e">false</isReadOnly><isStatic humanName="Is Static" mode="s,e">false</isStatic><isUnique humanName="Is Unique" mode="e">true</isUnique><lower humanName="Lower">0</lower><lowerValue classType="LiteralInteger" humanName="Lower Value" humanType="Literal Integer" icon="DiscreteEventLogisticsSystems_files/icon_literalinteger_213415401.svg" name="0" refid="_17_0_4_2_937029c_1471893022485_883871_27774" text="0"/><multiplicity humanName="Multiplicity" mode="s,e">0..1</multiplicity><multiplicity humanName="Multiplicity" mode="s,e">0..1</multiplicity><name humanName="Name" mode="s,e">sphere</name><namespace classType="Enumeration" humanName="Namespace" humanType="Enumeration" icon="DiscreteEventLogisticsSystems_files/icon_enumeration_1832284192.svg" name="3Dshape" refid="_17_0_4_2_937029c_1471893022466_816293_27638"/><navigable humanName="Navigable">true</navigable><ownedBy classType="Enumeration" humanName="Owned By" humanType="Enumeration" icon="DiscreteEventLogisticsSystems_files/icon_enumeration_1832284192.svg" name="3Dshape" refid="_17_0_4_2_937029c_1471893022466_816293_27638"/><ownedElement humanName="Owned Element"><literalinteger classType="LiteralInteger" humanType="Literal Integer" icon="DiscreteEventLogisticsSystems_files/icon_literalinteger_213415401.svg" name="0" refid="_17_0_4_2_937029c_1471893022485_883871_27774" text="0"/><literalunlimitednatural classType="LiteralUnlimitedNatural" humanType="Literal Unlimited Natural" icon="DiscreteEventLogisticsSystems_files/icon_literalunlimitednatural_580911462.svg" name="1" refid="_17_0_4_2_937029c_1471893022485_55845_27773" text="1"/></ownedElement><owner classType="Enumeration" humanName="Owner" humanType="Enumeration" icon="DiscreteEventLogisticsSystems_files/icon_enumeration_1832284192.svg" name="3Dshape" refid="_17_0_4_2_937029c_1471893022466_816293_27638"/><qualifiedName humanName="Qualified Name" mode="e">DiscreteEventLogisticsSystems::PLANT::Facility::Layout::Geometry::Boundary::BoundaryByShapes::3Dshape::sphere</qualifiedName><redefinitionContext humanName="Redefinition Context"><enumeration classType="Enumeration" humanType="Enumeration" icon="DiscreteEventLogisticsSystems_files/icon_enumeration_1832284192.svg" name="3Dshape" refid="_17_0_4_2_937029c_1471893022466_816293_27638"/></redefinitionContext><TO_DO humanName="To Do" mode="s,e"/><type classType="DataType" humanName="Type" humanType="Value Type" icon="DiscreteEventLogisticsSystems_files/icon_valuetype_766030553.svg" mode="s,e" name="Sphere" refid="_17_0_4_2_937029c_1471893022465_646197_27635"/><TYPE_MODIFIER humanName="Type Modifier" mode="e"/><upper humanName="Upper">1</upper><upperValue classType="LiteralUnlimitedNatural" humanName="Upper Value" humanType="Literal Unlimited Natural" icon="DiscreteEventLogisticsSystems_files/icon_literalunlimitednatural_580911462.svg" name="1" refid="_17_0_4_2_937029c_1471893022485_55845_27773" text="1"/><visibility humanName="Visibility" mode="e">public</visibility><appearsIn><diagram classType="Diagram" humanType="Diagram" icon="DiscreteEventLogisticsSystems_files/icon_SysML Block Definition Diagram_1080813915.svg" name="Geometry" refid="_17_0_4_2_937029c_1471893022060_530983_27387"/></appearsIn></property></magicdraw>