<?xml version="1.0" encoding="UTF-8"?><magicdraw><comment classType="Comment" humanType="Comment" icon="DiscreteEventLogisticsSystems_files/icon_comment_911849686.svg" id="_17_0_4_2_937029c_1471893022086_608011_27437"><annotatedElement humanName="Annotated Element" mode="s,e"><block classType="Class" humanType="Block" icon="DiscreteEventLogisticsSystems_files/icon_block_1951308442.svg" name="Layout Object For Movement" refid="_17_0_4_2_937029c_1471893021779_96919_27356"/></annotatedElement><body humanName="Body" mode="s,e">A Layout Object For Movement may be an aisle, conveyor, overhead crane path ... any object enabling material movement among Layout Objects With Access.  The interface between a Layout Object For Movement (e.g. aisle) and a Layout Object With Access (e.g. department) is modeled by an INTERFACE POINT.</body><documentation humanName="Documentation"/><owner classType="Class" humanName="Owner" humanType="Block" icon="DiscreteEventLogisticsSystems_files/icon_block_1951308442.svg" mode="s,e" name="Layout Object For Movement" refid="_17_0_4_2_937029c_1471893021779_96919_27356"/><owningElement classType="Class" humanName="Owning Element" humanType="Block" icon="DiscreteEventLogisticsSystems_files/icon_block_1951308442.svg" name="Layout Object For Movement" refid="_17_0_4_2_937029c_1471893021779_96919_27356"/><TO_DO humanName="To Do" mode="s,e"/></comment></magicdraw>