<?xml version="1.0" encoding="UTF-8"?><magicdraw><opaqueexpression classType="OpaqueExpression" humanType="Opaque Expression" icon="DiscreteEventLogisticsSystems_files/icon_opaqueexpression_106113013.svg" id="_17_0_4_2_937029c_1471893022472_604061_27673"><body humanName="Body" mode="e"><String>size(set(self.internalNode)) == size(set(self.incidentTo))</String></body><documentation humanName="Documentation"/><name humanName="Name"/><owner classType="Constraint" humanName="Owner" humanType="Constraint" icon="DiscreteEventLogisticsSystems_files/icon_constraint_1917161212.svg" mode="s,e" name="size(set(self.internalNode)) == size(set(self.inci..." refid="_17_0_4_2_937029c_1471893022442_945071_27576"/><owningConstraint classType="Constraint" humanName="Owning Constraint" humanType="Constraint" icon="DiscreteEventLogisticsSystems_files/icon_constraint_1917161212.svg" name="size(set(self.internalNode)) == size(set(self.inci..." refid="_17_0_4_2_937029c_1471893022442_945071_27576"/><qualifiedName humanName="Qualified Name">DiscreteEventLogisticsSystems::PLANT::Facility::Layout::LayoutSemanticsToAbstractANetwork::Rectangular Path Segment::::</qualifiedName><text humanName="Text" mode="standard">size(set(self.internalNode)) == size(set(self.incidentTo))</text><TO_DO humanName="To Do" mode="s,e"/><TYPE_MODIFIER humanName="Type Modifier"/><visibility humanName="Visibility">public</visibility></opaqueexpression></magicdraw>