<?xml version="1.0" encoding="UTF-8"?><magicdraw><block classType="Class" humanType="Block" icon="DiscreteEventLogisticsSystems_files/icon_block_1951308442.svg" id="_17_0_4_2_937029c_1471893022089_900203_27449"><APPLIED_STEREOTYPES humanName="Applied Stereotype" mode="e"><stereotype classType="Stereotype" humanType="Stereotype" icon="DiscreteEventLogisticsSystems_files/icon_stereotype_1951308442.svg" name="Block" refid="_11_5EAPbeta_be00301_1147424179914_458922_958"/></APPLIED_STEREOTYPES><appliedStereotype humanName="Applied Stereotype" mode="e"><stereotype classType="Stereotype" humanType="Stereotype" icon="DiscreteEventLogisticsSystems_files/icon_stereotype_1951308442.svg" name="Block" refid="_11_5EAPbeta_be00301_1147424179914_458922_958"><property classType="Property" humanName="Base_ Class" humanType="Property" icon="DiscreteEventLogisticsSystems_files/icon_property_1353393023.svg" name="base_Class" refid="_11_5EAPbeta_be00301_1147424181797_326831_961"/><property classType="Property" humanName="Is Encapsulated" humanType="Property" icon="DiscreteEventLogisticsSystems_files/icon_property_1353393023.svg" name="isEncapsulated" refid="_11_5EAPbeta_be00301_1147424201876_860708_1049"/></stereotype></appliedStereotype><appliedStereotypeInstance classType="InstanceSpecification" humanName="Applied Stereotype Instance" humanType="Instance Specification" icon="DiscreteEventLogisticsSystems_files/icon_instancespecification_13643661.svg" name=" : SysML::Blocks::Block" refid="_17_0_4_2_937029c_1471893022445_19450_27581"/><attribute humanName="Attribute"><referenceproperty classType="Property" humanType="Reference Property" icon="DiscreteEventLogisticsSystems_files/icon_referenceproperty_111028426.svg" name="endpoint" refid="_17_0_4_2_937029c_1471893022443_178821_27578"/><referenceproperty classType="Property" humanType="Reference Property" icon="DiscreteEventLogisticsSystems_files/icon_referenceproperty_111028426.svg" name="incidentTo" refid="_17_0_4_2_937029c_1471893022444_821293_27579"/><partproperty classType="Property" humanType="Part Property" icon="DiscreteEventLogisticsSystems_files/icon_partproperty_936966797.svg" name="internalNode" refid="_17_0_4_2_937029c_1471893022439_619325_27573"/><referenceproperty classType="Property" humanType="Reference Property" icon="DiscreteEventLogisticsSystems_files/icon_referenceproperty_111028426.svg" name="owningPath" refid="_17_0_4_2_937029c_1471893022443_232555_27577"/><valueproperty classType="Property" humanType="Value Property" icon="DiscreteEventLogisticsSystems_files/icon_valueproperty_1845313987.svg" name="width" refid="_17_0_4_2_937029c_1471893022445_166657_27580"/></attribute><derivedExplanation humanName="Derived Explanation"/><documentation humanName="Documentation"/><effectiveIRI humanName="Effective IRI"/><feature humanName="Feature"><referenceproperty classType="Property" humanType="Reference Property" icon="DiscreteEventLogisticsSystems_files/icon_referenceproperty_111028426.svg" name="endpoint" refid="_17_0_4_2_937029c_1471893022443_178821_27578"/><referenceproperty classType="Property" humanType="Reference Property" icon="DiscreteEventLogisticsSystems_files/icon_referenceproperty_111028426.svg" name="incidentTo" refid="_17_0_4_2_937029c_1471893022444_821293_27579"/><partproperty classType="Property" humanType="Part Property" icon="DiscreteEventLogisticsSystems_files/icon_partproperty_936966797.svg" name="internalNode" refid="_17_0_4_2_937029c_1471893022439_619325_27573"/><referenceproperty classType="Property" humanType="Reference Property" icon="DiscreteEventLogisticsSystems_files/icon_referenceproperty_111028426.svg" name="owningPath" refid="_17_0_4_2_937029c_1471893022443_232555_27577"/><valueproperty classType="Property" humanType="Value Property" icon="DiscreteEventLogisticsSystems_files/icon_valueproperty_1845313987.svg" name="width" refid="_17_0_4_2_937029c_1471893022445_166657_27580"/></feature><isAbstract humanName="Is Abstract">false</isAbstract><isActive humanName="Is Active" mode="e">false</isActive><isFinalSpecialization humanName="Is Final Specialization">false</isFinalSpecialization><isLeaf humanName="Is Leaf">false</isLeaf><member humanName="Member"><referenceproperty classType="Property" humanType="Reference Property" icon="DiscreteEventLogisticsSystems_files/icon_referenceproperty_111028426.svg" name="endpoint" refid="_17_0_4_2_937029c_1471893022443_178821_27578"/><referenceproperty classType="Property" humanType="Reference Property" icon="DiscreteEventLogisticsSystems_files/icon_referenceproperty_111028426.svg" name="incidentTo" refid="_17_0_4_2_937029c_1471893022444_821293_27579"/><partproperty classType="Property" humanType="Part Property" icon="DiscreteEventLogisticsSystems_files/icon_partproperty_936966797.svg" name="internalNode" refid="_17_0_4_2_937029c_1471893022439_619325_27573"/><referenceproperty classType="Property" humanType="Reference Property" icon="DiscreteEventLogisticsSystems_files/icon_referenceproperty_111028426.svg" name="owningPath" refid="_17_0_4_2_937029c_1471893022443_232555_27577"/><constraint classType="Constraint" humanType="Constraint" icon="DiscreteEventLogisticsSystems_files/icon_constraint_1917161212.svg" name="self.width == RectangularAisle.width" refid="_17_0_4_2_937029c_1471893022441_398694_27575"/><constraint classType="Constraint" humanType="Constraint" icon="DiscreteEventLogisticsSystems_files/icon_constraint_1917161212.svg" name="size(set(self.internalNode)) == size(set(self.inci..." refid="_17_0_4_2_937029c_1471893022442_945071_27576"/><valueproperty classType="Property" humanType="Value Property" icon="DiscreteEventLogisticsSystems_files/icon_valueproperty_1845313987.svg" name="width" refid="_17_0_4_2_937029c_1471893022445_166657_27580"/></member><name humanName="Name" mode="s,e">Rectangular Path Segment</name><namespace classType="Package" humanName="Namespace" humanType="Package" icon="DiscreteEventLogisticsSystems_files/icon_package_1622863652.svg" name="LayoutSemanticsToAbstractANetwork" refid="_17_0_4_2_937029c_1471893021782_779879_27360"/><ownedAttribute humanName="Owned Attribute"><referenceproperty classType="Property" humanType="Reference Property" icon="DiscreteEventLogisticsSystems_files/icon_referenceproperty_111028426.svg" name="endpoint" refid="_17_0_4_2_937029c_1471893022443_178821_27578"/><referenceproperty classType="Property" humanType="Reference Property" icon="DiscreteEventLogisticsSystems_files/icon_referenceproperty_111028426.svg" name="incidentTo" refid="_17_0_4_2_937029c_1471893022444_821293_27579"/><partproperty classType="Property" humanType="Part Property" icon="DiscreteEventLogisticsSystems_files/icon_partproperty_936966797.svg" name="internalNode" refid="_17_0_4_2_937029c_1471893022439_619325_27573"/><referenceproperty classType="Property" humanType="Reference Property" icon="DiscreteEventLogisticsSystems_files/icon_referenceproperty_111028426.svg" name="owningPath" refid="_17_0_4_2_937029c_1471893022443_232555_27577"/><valueproperty classType="Property" humanType="Value Property" icon="DiscreteEventLogisticsSystems_files/icon_valueproperty_1845313987.svg" name="width" refid="_17_0_4_2_937029c_1471893022445_166657_27580"/></ownedAttribute><ownedElement humanName="Owned Element"><instancespecification classType="InstanceSpecification" humanType="Instance Specification" icon="DiscreteEventLogisticsSystems_files/icon_instancespecification_13643661.svg" name=" : SysML::Blocks::Block" refid="_17_0_4_2_937029c_1471893022445_19450_27581"/><referenceproperty classType="Property" humanType="Reference Property" icon="DiscreteEventLogisticsSystems_files/icon_referenceproperty_111028426.svg" name="endpoint" refid="_17_0_4_2_937029c_1471893022443_178821_27578"/><referenceproperty classType="Property" humanType="Reference Property" icon="DiscreteEventLogisticsSystems_files/icon_referenceproperty_111028426.svg" name="incidentTo" refid="_17_0_4_2_937029c_1471893022444_821293_27579"/><partproperty classType="Property" humanType="Part Property" icon="DiscreteEventLogisticsSystems_files/icon_partproperty_936966797.svg" name="internalNode" refid="_17_0_4_2_937029c_1471893022439_619325_27573"/><referenceproperty classType="Property" humanType="Reference Property" icon="DiscreteEventLogisticsSystems_files/icon_referenceproperty_111028426.svg" name="owningPath" refid="_17_0_4_2_937029c_1471893022443_232555_27577"/><constraint classType="Constraint" humanType="Constraint" icon="DiscreteEventLogisticsSystems_files/icon_constraint_1917161212.svg" name="self.width == RectangularAisle.width" refid="_17_0_4_2_937029c_1471893022441_398694_27575"/><constraint classType="Constraint" humanType="Constraint" icon="DiscreteEventLogisticsSystems_files/icon_constraint_1917161212.svg" name="size(set(self.internalNode)) == size(set(self.inci..." refid="_17_0_4_2_937029c_1471893022442_945071_27576"/><valueproperty classType="Property" humanType="Value Property" icon="DiscreteEventLogisticsSystems_files/icon_valueproperty_1845313987.svg" name="width" refid="_17_0_4_2_937029c_1471893022445_166657_27580"/></ownedElement><ownedMember humanName="Owned Member"><referenceproperty classType="Property" humanType="Reference Property" icon="DiscreteEventLogisticsSystems_files/icon_referenceproperty_111028426.svg" name="endpoint" refid="_17_0_4_2_937029c_1471893022443_178821_27578"/><referenceproperty classType="Property" humanType="Reference Property" icon="DiscreteEventLogisticsSystems_files/icon_referenceproperty_111028426.svg" name="incidentTo" refid="_17_0_4_2_937029c_1471893022444_821293_27579"/><partproperty classType="Property" humanType="Part Property" icon="DiscreteEventLogisticsSystems_files/icon_partproperty_936966797.svg" name="internalNode" refid="_17_0_4_2_937029c_1471893022439_619325_27573"/><referenceproperty classType="Property" humanType="Reference Property" icon="DiscreteEventLogisticsSystems_files/icon_referenceproperty_111028426.svg" name="owningPath" refid="_17_0_4_2_937029c_1471893022443_232555_27577"/><constraint classType="Constraint" humanType="Constraint" icon="DiscreteEventLogisticsSystems_files/icon_constraint_1917161212.svg" name="self.width == RectangularAisle.width" refid="_17_0_4_2_937029c_1471893022441_398694_27575"/><constraint classType="Constraint" humanType="Constraint" icon="DiscreteEventLogisticsSystems_files/icon_constraint_1917161212.svg" name="size(set(self.internalNode)) == size(set(self.inci..." refid="_17_0_4_2_937029c_1471893022442_945071_27576"/><valueproperty classType="Property" humanType="Value Property" icon="DiscreteEventLogisticsSystems_files/icon_valueproperty_1845313987.svg" name="width" refid="_17_0_4_2_937029c_1471893022445_166657_27580"/></ownedMember><ownedRule humanName="Owned Rule"><constraint classType="Constraint" humanType="Constraint" icon="DiscreteEventLogisticsSystems_files/icon_constraint_1917161212.svg" name="self.width == RectangularAisle.width" refid="_17_0_4_2_937029c_1471893022441_398694_27575"/><constraint classType="Constraint" humanType="Constraint" icon="DiscreteEventLogisticsSystems_files/icon_constraint_1917161212.svg" name="size(set(self.internalNode)) == size(set(self.inci..." refid="_17_0_4_2_937029c_1471893022442_945071_27576"/></ownedRule><owner classType="Package" humanName="Owner" humanType="Package" icon="DiscreteEventLogisticsSystems_files/icon_package_1622863652.svg" mode="s,e" name="LayoutSemanticsToAbstractANetwork" refid="_17_0_4_2_937029c_1471893021782_779879_27360"/><owningPackage classType="Package" humanName="Owning Package" humanType="Package" icon="DiscreteEventLogisticsSystems_files/icon_package_1622863652.svg" name="LayoutSemanticsToAbstractANetwork" refid="_17_0_4_2_937029c_1471893021782_779879_27360"/><package classType="Package" humanName="Package" humanType="Package" icon="DiscreteEventLogisticsSystems_files/icon_package_1622863652.svg" name="LayoutSemanticsToAbstractANetwork" refid="_17_0_4_2_937029c_1471893021782_779879_27360"/><part humanName="Part"><partproperty classType="Property" humanType="Part Property" icon="DiscreteEventLogisticsSystems_files/icon_partproperty_936966797.svg" name="internalNode" refid="_17_0_4_2_937029c_1471893022439_619325_27573"/><valueproperty classType="Property" humanType="Value Property" icon="DiscreteEventLogisticsSystems_files/icon_valueproperty_1845313987.svg" name="width" refid="_17_0_4_2_937029c_1471893022445_166657_27580"/></part><qualifiedName humanName="Qualified Name" mode="e">DiscreteEventLogisticsSystems::PLANT::Facility::Layout::LayoutSemanticsToAbstractANetwork::Rectangular Path Segment</qualifiedName><role humanName="Role"><referenceproperty classType="Property" humanType="Reference Property" icon="DiscreteEventLogisticsSystems_files/icon_referenceproperty_111028426.svg" name="endpoint" refid="_17_0_4_2_937029c_1471893022443_178821_27578"/><referenceproperty classType="Property" humanType="Reference Property" icon="DiscreteEventLogisticsSystems_files/icon_referenceproperty_111028426.svg" name="incidentTo" refid="_17_0_4_2_937029c_1471893022444_821293_27579"/><partproperty classType="Property" humanType="Part Property" icon="DiscreteEventLogisticsSystems_files/icon_partproperty_936966797.svg" name="internalNode" refid="_17_0_4_2_937029c_1471893022439_619325_27573"/><referenceproperty classType="Property" humanType="Reference Property" icon="DiscreteEventLogisticsSystems_files/icon_referenceproperty_111028426.svg" name="owningPath" refid="_17_0_4_2_937029c_1471893022443_232555_27577"/><valueproperty classType="Property" humanType="Value Property" icon="DiscreteEventLogisticsSystems_files/icon_valueproperty_1845313987.svg" name="width" refid="_17_0_4_2_937029c_1471893022445_166657_27580"/></role><TO_DO humanName="To Do"/><usedAsType humanName="Used As Type"><referenceproperty classType="Property" humanType="Reference Property" icon="DiscreteEventLogisticsSystems_files/icon_referenceproperty_111028426.svg" name=" : PLANT::Facility::Layout::LayoutSemanticsToAbstractANetwork::Rectangular Path Segment" refid="_17_0_4_2_937029c_1471893022440_363246_27574"/><referenceproperty classType="Property" humanType="Reference Property" icon="DiscreteEventLogisticsSystems_files/icon_referenceproperty_111028426.svg" name=" : PLANT::Facility::Layout::LayoutSemanticsToAbstractANetwork::Rectangular Path Segment" refid="_17_0_4_2_937029c_1471893022087_143506_27444"/><referenceproperty classType="Property" humanType="Reference Property" icon="DiscreteEventLogisticsSystems_files/icon_referenceproperty_111028426.svg" name="endpointOfSegment" refid="_17_0_4_2_937029c_1471893022437_398864_27568"/><partproperty classType="Property" humanType="Part Property" icon="DiscreteEventLogisticsSystems_files/icon_partproperty_936966797.svg" name="ownedSegment" refid="_17_0_4_2_937029c_1471893022449_652434_27597"/></usedAsType><visibility humanName="Visibility">public</visibility><appearsIn><diagram classType="Diagram" humanType="Diagram" icon="DiscreteEventLogisticsSystems_files/icon_SysML Block Definition Diagram_1080813915.svg" name="LayoutSemanticsToAbstractANetwork" refid="_17_0_4_2_937029c_1471893022401_953771_27466"/></appearsIn></block></magicdraw>