<?xml version="1.0" encoding="UTF-8"?><magicdraw><literalinteger classType="LiteralInteger" humanType="Literal Integer" icon="DiscreteEventLogisticsSystems_files/icon_literalinteger_213415401.svg" id="_17_0_4_2_937029c_1468430727489_758163_18645"><documentation humanName="Documentation"/><name humanName="Name"/><owner classType="Port" humanName="Owner" humanType="Proxy Port" icon="DiscreteEventLogisticsSystems_files/icon_proxyport_931911789.svg" mode="e" name="incomingTasks" refid="_17_0_4_2_937029c_1468430676204_9754_18633"/><owningLower classType="Port" humanName="Owning Lower" humanType="Proxy Port" icon="DiscreteEventLogisticsSystems_files/icon_proxyport_931911789.svg" name="incomingTasks" refid="_17_0_4_2_937029c_1468430676204_9754_18633"/><qualifiedName humanName="Qualified Name">DiscreteEventLogisticsSystems::DELS::incomingTasks::</qualifiedName><text humanName="Text" mode="standard">1</text><TO_DO humanName="To Do"/><TYPE_MODIFIER humanName="Type Modifier"/><value humanName="Value" mode="s,e">1</value><visibility humanName="Visibility">public</visibility></literalinteger></magicdraw>