<?xml version="1.0" encoding="UTF-8"?><magicdraw><association classType="Association" humanType="Association" icon="DiscreteEventLogisticsSystems_files/icon_association_1390942857.svg" id="_17_0_4_2_937029c_1471893022446_922514_27585"><documentation humanName="Documentation"/><endType humanName="End Type"><block classType="Class" humanType="Block" icon="DiscreteEventLogisticsSystems_files/icon_block_1951308442.svg" name="Endpoint Node" refid="_17_0_4_2_937029c_1471893022088_847674_27447"/><block classType="Class" humanType="Block" icon="DiscreteEventLogisticsSystems_files/icon_block_1951308442.svg" name="Lshaped Intersection" refid="_17_0_4_2_937029c_1471893022446_479024_27586"/></endType><isAbstract humanName="Is Abstract">false</isAbstract><isDerived humanName="Is Derived">false</isDerived><isFinalSpecialization humanName="Is Final Specialization">false</isFinalSpecialization><isLeaf humanName="Is Leaf">false</isLeaf><member humanName="Member"><referenceproperty classType="Property" humanType="Reference Property" icon="DiscreteEventLogisticsSystems_files/icon_referenceproperty_111028426.svg" name="endpoint" refid="_17_0_4_2_937029c_1471893022473_183297_27684"/><referenceproperty classType="Property" humanType="Reference Property" icon="DiscreteEventLogisticsSystems_files/icon_referenceproperty_111028426.svg" name="L_Intersection" refid="_17_0_4_2_937029c_1471893022438_536616_27569"/></member><memberEnd humanName="Member End"><referenceproperty classType="Property" humanType="Reference Property" icon="DiscreteEventLogisticsSystems_files/icon_referenceproperty_111028426.svg" name="endpoint" refid="_17_0_4_2_937029c_1471893022473_183297_27684"/><referenceproperty classType="Property" humanType="Reference Property" icon="DiscreteEventLogisticsSystems_files/icon_referenceproperty_111028426.svg" name="L_Intersection" refid="_17_0_4_2_937029c_1471893022438_536616_27569"/></memberEnd><name humanName="Name" mode="s,e"/><namespace classType="Package" humanName="Namespace" humanType="Package" icon="DiscreteEventLogisticsSystems_files/icon_package_1622863652.svg" name="PathIntersection" refid="_17_0_4_2_937029c_1471893022092_866907_27451"/><owner classType="Package" humanName="Owner" humanType="Package" icon="DiscreteEventLogisticsSystems_files/icon_package_1622863652.svg" mode="s,e" name="PathIntersection" refid="_17_0_4_2_937029c_1471893022092_866907_27451"/><owningPackage classType="Package" humanName="Owning Package" humanType="Package" icon="DiscreteEventLogisticsSystems_files/icon_package_1622863652.svg" name="PathIntersection" refid="_17_0_4_2_937029c_1471893022092_866907_27451"/><package classType="Package" humanName="Package" humanType="Package" icon="DiscreteEventLogisticsSystems_files/icon_package_1622863652.svg" name="PathIntersection" refid="_17_0_4_2_937029c_1471893022092_866907_27451"/><qualifiedName humanName="Qualified Name" mode="e">DiscreteEventLogisticsSystems::PLANT::Facility::Layout::LayoutSemanticsToAbstractANetwork::PathIntersection::</qualifiedName><relatedElement humanName="Related Element"><block classType="Class" humanType="Block" icon="DiscreteEventLogisticsSystems_files/icon_block_1951308442.svg" name="Endpoint Node" refid="_17_0_4_2_937029c_1471893022088_847674_27447"/><block classType="Class" humanType="Block" icon="DiscreteEventLogisticsSystems_files/icon_block_1951308442.svg" name="Lshaped Intersection" refid="_17_0_4_2_937029c_1471893022446_479024_27586"/></relatedElement><TO_DO humanName="To Do"/><visibility humanName="Visibility" mode="s,e">public</visibility><appearsIn><diagram classType="Diagram" humanType="Diagram" icon="DiscreteEventLogisticsSystems_files/icon_SysML Block Definition Diagram_1080813915.svg" name="LayoutSemanticsToAbstractANetwork" refid="_17_0_4_2_937029c_1471893022401_953771_27466"/></appearsIn></association></magicdraw>