<?xml version="1.0" encoding="UTF-8"?><magicdraw><instancespecification classType="InstanceSpecification" humanType="Instance Specification" icon="DiscreteEventLogisticsSystems_files/icon_instancespecification_13643661.svg" id="_17_0_4_2_937029c_1469191589505_394774_17800"><classifier humanName="Classifier" mode="s,e"><stereotype classType="Stereotype" humanType="Stereotype" icon="DiscreteEventLogisticsSystems_files/icon_stereotype_918307166.svg" name="complete" refid="_19_0_1_8ca0285_1532415865804_574455_4606"/><stereotype classType="Stereotype" humanType="Stereotype" icon="DiscreteEventLogisticsSystems_files/icon_stereotype_918307166.svg" name="DiagramInfo" refid="_9_0_be00301_1108044380615_150487_0"/></classifier><documentation humanName="Documentation"/><name humanName="Name" mode="s,e"/><ownedElement humanName="Owned Element"><slot classType="Slot" humanType="Slot" icon="DiscreteEventLogisticsSystems_files/icon_slot_1477912881.svg" refid="_19_0_3_412017e_1592328421588_282472_13596"/><slot classType="Slot" humanType="Slot" icon="DiscreteEventLogisticsSystems_files/icon_slot_1477912881.svg" refid="_19_0_3_412017e_1592328421588_195287_13598"/><slot classType="Slot" humanType="Slot" icon="DiscreteEventLogisticsSystems_files/icon_slot_1477912881.svg" refid="_19_0_3_412017e_1592328421588_107365_13600"/><slot classType="Slot" humanType="Slot" icon="DiscreteEventLogisticsSystems_files/icon_slot_1477912881.svg" refid="_19_0_3_412017e_1592328421589_749199_13602"/></ownedElement><owner classType="Diagram" humanName="Owner" humanType="Diagram" icon="DiscreteEventLogisticsSystems_files/icon_SysML Block Definition Diagram_1080813915.svg" mode="s,e" name="DELS_ProductTaxonomy" refid="_17_0_4_2_937029c_1469191589493_573667_17789"/><qualifiedName humanName="Qualified Name" mode="e">DiscreteEventLogisticsSystems::PLANT::Product::DELS_ProductTaxonomy::</qualifiedName><slot humanName="Slot"><slot classType="Slot" humanType="Slot" icon="DiscreteEventLogisticsSystems_files/icon_slot_1477912881.svg" refid="_19_0_3_412017e_1592328421588_282472_13596"/><slot classType="Slot" humanType="Slot" icon="DiscreteEventLogisticsSystems_files/icon_slot_1477912881.svg" refid="_19_0_3_412017e_1592328421588_195287_13598"/><slot classType="Slot" humanType="Slot" icon="DiscreteEventLogisticsSystems_files/icon_slot_1477912881.svg" refid="_19_0_3_412017e_1592328421588_107365_13600"/><slot classType="Slot" humanType="Slot" icon="DiscreteEventLogisticsSystems_files/icon_slot_1477912881.svg" refid="_19_0_3_412017e_1592328421589_749199_13602"/></slot><stereotypedElement classType="Diagram" humanName="Stereotyped Element" humanType="Diagram" icon="DiscreteEventLogisticsSystems_files/icon_SysML Block Definition Diagram_1080813915.svg" name="DELS_ProductTaxonomy" refid="_17_0_4_2_937029c_1469191589493_573667_17789"/><TO_DO humanName="To Do" mode="s,e"/><visibility humanName="Visibility">public</visibility></instancespecification></magicdraw>