<?xml version="1.0" encoding="UTF-8"?><magicdraw><literalinteger classType="LiteralInteger" humanType="Literal Integer" icon="DiscreteEventLogisticsSystems_files/icon_literalinteger_213415401.svg" id="_17_0_4_2_937029c_1468431118040_160068_18706"><documentation humanName="Documentation"/><name humanName="Name"/><owner classType="Port" humanName="Owner" humanType="Proxy Port" icon="DiscreteEventLogisticsSystems_files/icon_proxyport_931911789.svg" mode="e" name="outgoingTasks" refid="_17_0_4_2_937029c_1468430795790_899055_18648"/><owningLower classType="Port" humanName="Owning Lower" humanType="Proxy Port" icon="DiscreteEventLogisticsSystems_files/icon_proxyport_931911789.svg" name="outgoingTasks" refid="_17_0_4_2_937029c_1468430795790_899055_18648"/><qualifiedName humanName="Qualified Name">DiscreteEventLogisticsSystems::DELS::outgoingTasks::</qualifiedName><text humanName="Text" mode="standard">1</text><TO_DO humanName="To Do"/><TYPE_MODIFIER humanName="Type Modifier"/><value humanName="Value" mode="s,e">1</value><visibility humanName="Visibility">public</visibility></literalinteger></magicdraw>