<?xml version="1.0" encoding="UTF-8"?><magicdraw><property classType="Property" humanType="Property" icon="DiscreteEventLogisticsSystems_files/icon_property_1353393023.svg" id="_17_0_4_2_937029c_1469545427774_152350_20619"><aggregation humanName="Aggregation" mode="s,e">none</aggregation><association classType="Association" humanName="Association" humanType="Association" icon="DiscreteEventLogisticsSystems_files/icon_association_866202742.svg" isRelationship="true" name="Association[DiscreteEventLogisticsSystems::PLANT::Process::Process -&gt; equipmentCapability:DiscreteEventLogisticsSystems::PLANT::Resource::ISA95ResourceDef::Equipment]" refid="_17_0_4_2_937029c_1469545427771_553400_20617"/><documentation humanName="Documentation"/><effectiveIRI humanName="Effective IRI"/><featuringClassifier classType="Association" humanName="Featuring Classifier" humanType="Association" icon="DiscreteEventLogisticsSystems_files/icon_association_866202742.svg" isRelationship="true" name="Association[DiscreteEventLogisticsSystems::PLANT::Process::Process -&gt; equipmentCapability:DiscreteEventLogisticsSystems::PLANT::Resource::ISA95ResourceDef::Equipment]" refid="_17_0_4_2_937029c_1469545427771_553400_20617"/><isComposite humanName="Is Composite">false</isComposite><isDerived humanName="Is Derived" mode="s,e">false</isDerived><isDerivedUnion humanName="Is Derived Union" mode="e">false</isDerivedUnion><isID humanName="Is ID" mode="e">false</isID><isLeaf humanName="Is Leaf">false</isLeaf><isOrdered humanName="Is Ordered" mode="e">false</isOrdered><isReadOnly humanName="Is Read Only" mode="s,e">false</isReadOnly><isStatic humanName="Is Static" mode="s,e">false</isStatic><isUnique humanName="Is Unique" mode="e">true</isUnique><lower humanName="Lower">1</lower><multiplicity humanName="Multiplicity" mode="s,e"/><multiplicity humanName="Multiplicity" mode="s,e"/><name humanName="Name" mode="s,e"/><namespace classType="Association" humanName="Namespace" humanType="Association" icon="DiscreteEventLogisticsSystems_files/icon_association_866202742.svg" isRelationship="true" name="Association[DiscreteEventLogisticsSystems::PLANT::Process::Process -&gt; equipmentCapability:DiscreteEventLogisticsSystems::PLANT::Resource::ISA95ResourceDef::Equipment]" refid="_17_0_4_2_937029c_1469545427771_553400_20617"/><navigable humanName="Navigable">false</navigable><opposite classType="Property" humanName="Opposite" humanType="Property" icon="DiscreteEventLogisticsSystems_files/icon_property_1353393023.svg" name="equipmentCapability" refid="_17_0_4_2_937029c_1469545427771_975395_20618"/><ownedBy classType="Association" humanName="Owned By" humanType="Association" icon="DiscreteEventLogisticsSystems_files/icon_association_866202742.svg" isRelationship="true" name="Association[DiscreteEventLogisticsSystems::PLANT::Process::Process -&gt; equipmentCapability:DiscreteEventLogisticsSystems::PLANT::Resource::ISA95ResourceDef::Equipment]" refid="_17_0_4_2_937029c_1469545427771_553400_20617"/><owner classType="Association" humanName="Owner" humanType="Association" icon="DiscreteEventLogisticsSystems_files/icon_association_866202742.svg" isRelationship="true" name="Association[DiscreteEventLogisticsSystems::PLANT::Process::Process -&gt; equipmentCapability:DiscreteEventLogisticsSystems::PLANT::Resource::ISA95ResourceDef::Equipment]" refid="_17_0_4_2_937029c_1469545427771_553400_20617"/><owningAssociation classType="Association" humanName="Owning Association" humanType="Association" icon="DiscreteEventLogisticsSystems_files/icon_association_866202742.svg" isRelationship="true" name="Association[DiscreteEventLogisticsSystems::PLANT::Process::Process -&gt; equipmentCapability:DiscreteEventLogisticsSystems::PLANT::Resource::ISA95ResourceDef::Equipment]" refid="_17_0_4_2_937029c_1469545427771_553400_20617"/><qualifiedName humanName="Qualified Name" mode="e">DiscreteEventLogisticsSystems::PLANT::Process::::</qualifiedName><redefinitionContext humanName="Redefinition Context"><association classType="Association" humanType="Association" icon="DiscreteEventLogisticsSystems_files/icon_association_866202742.svg" isRelationship="true" name="Association[DiscreteEventLogisticsSystems::PLANT::Process::Process -&gt; equipmentCapability:DiscreteEventLogisticsSystems::PLANT::Resource::ISA95ResourceDef::Equipment]" refid="_17_0_4_2_937029c_1469545427771_553400_20617"/></redefinitionContext><TO_DO humanName="To Do" mode="s,e"/><type classType="Activity" humanName="Type" humanType="Activity" icon="DiscreteEventLogisticsSystems_files/icon_activity_1996581403.svg" mode="s,e" name="Process" refid="_18_4_1_412017e_1490794719441_381967_28457"/><TYPE_MODIFIER humanName="Type Modifier" mode="e"/><upper humanName="Upper">1</upper><visibility humanName="Visibility" mode="e">public</visibility></property></magicdraw>