<?xml version="1.0" encoding="UTF-8"?><magicdraw><opaqueexpression classType="OpaqueExpression" humanType="Opaque Expression" icon="DiscreteEventLogisticsSystems_files/icon_opaqueexpression_106113013.svg" id="_17_0_4_2_937029c_1471893022436_60756_27563"><body humanName="Body" mode="e"><String>self.point.nDims == LayoutForMovementAndAccess.dimensionality</String></body><documentation humanName="Documentation"/><language humanName="Language" mode="e"><String>English</String></language><name humanName="Name"/><owner classType="Constraint" humanName="Owner" humanType="Constraint" icon="DiscreteEventLogisticsSystems_files/icon_constraint_1917161212.svg" mode="s,e" name="PointsDimension" refid="_17_0_4_2_937029c_1471893022087_95137_27442"/><owningConstraint classType="Constraint" humanName="Owning Constraint" humanType="Constraint" icon="DiscreteEventLogisticsSystems_files/icon_constraint_1917161212.svg" name="PointsDimension" refid="_17_0_4_2_937029c_1471893022087_95137_27442"/><qualifiedName humanName="Qualified Name">DiscreteEventLogisticsSystems::PLANT::Facility::Layout::Interface Point::PointsDimension::</qualifiedName><text humanName="Text" mode="standard">self.point.nDims == LayoutForMovementAndAccess.dimensionality</text><TO_DO humanName="To Do" mode="s,e"/><TYPE_MODIFIER humanName="Type Modifier"/><visibility humanName="Visibility">public</visibility></opaqueexpression></magicdraw>