<?xml version="1.0" encoding="UTF-8"?><magicdraw><partproperty classType="Property" humanType="Part Property" icon="DiscreteEventLogisticsSystems_files/icon_partproperty_2110785692.svg" id="_17_0_4_2_937029c_1468359614875_742831_17773"><aggregation humanName="Aggregation" mode="s,e">composite</aggregation><APPLIED_STEREOTYPES humanName="Applied Stereotype" mode="s,e"><stereotype classType="Stereotype" humanType="Stereotype" icon="DiscreteEventLogisticsSystems_files/icon_stereotype_2110785692.svg" name="PartProperty" refid="_15_0_be00301_1199377756297_348405_2678"/></APPLIED_STEREOTYPES><appliedStereotype humanName="Applied Stereotype" mode="s,e"><stereotype classType="Stereotype" humanType="Stereotype" icon="DiscreteEventLogisticsSystems_files/icon_stereotype_2110785692.svg" name="PartProperty" refid="_15_0_be00301_1199377756297_348405_2678"><property classType="Property" humanName="Base_ Element" humanType="Property" icon="DiscreteEventLogisticsSystems_files/icon_property_1353393023.svg" name="base_Element" refid="_10_0EAPbeta_be00301_1123081772098_411862_275"/><property classType="Property" humanName="Base_ Property" humanType="Property" icon="DiscreteEventLogisticsSystems_files/icon_property_1353393023.svg" name="base_Property" refid="_11_5EAPbeta_be00301_1147424449672_715796_1055"/><property classType="Property" humanName="Base_ Property" humanType="Property" icon="DiscreteEventLogisticsSystems_files/icon_property_1353393023.svg" name="base_Property" refid="_15_0_be00301_1199377759595_851315_2681"/></stereotype></appliedStereotype><appliedStereotypeInstance classType="InstanceSpecification" humanName="Applied Stereotype Instance" humanType="Instance Specification" icon="DiscreteEventLogisticsSystems_files/icon_instancespecification_13643661.svg" name=" : MD Customization for SysML::additional_stereotypes::PartProperty" refid="_18_5_1_412017e_1582119018749_453628_23375"/><association classType="Association" humanName="Association" humanType="Association" icon="DiscreteEventLogisticsSystems_files/icon_association_1353675987.svg" isRelationship="true" name="Association[DiscreteEventLogisticsSystems::DELS -&gt; controller:DiscreteEventLogisticsSystems::CONTROL::OperationalController]" refid="_17_0_4_2_937029c_1468359614874_565285_17772"/><UMLClass classType="Class" humanName="Class" humanType="Block" icon="DiscreteEventLogisticsSystems_files/icon_block_1372204263.svg" name="DELS" refid="_18_0_2_f95033a_1447099702589_667150_29711"/><classifier classType="Class" humanName="Classifier" humanType="Block" icon="DiscreteEventLogisticsSystems_files/icon_block_1372204263.svg" name="DELS" refid="_18_0_2_f95033a_1447099702589_667150_29711"/><documentation humanName="Documentation"/><effectiveIRI humanName="Effective IRI"/><featuringClassifier classType="Class" humanName="Featuring Classifier" humanType="Block" icon="DiscreteEventLogisticsSystems_files/icon_block_1372204263.svg" name="DELS" refid="_18_0_2_f95033a_1447099702589_667150_29711"/><isComposite humanName="Is Composite">true</isComposite><isDerived humanName="Is Derived" mode="s,e">false</isDerived><isDerivedUnion humanName="Is Derived Union" mode="e">false</isDerivedUnion><isID humanName="Is ID" mode="e">false</isID><isLeaf humanName="Is Leaf">false</isLeaf><isOrdered humanName="Is Ordered" mode="e">false</isOrdered><isReadOnly humanName="Is Read Only" mode="s,e">false</isReadOnly><isStatic humanName="Is Static" mode="s,e">false</isStatic><isUnique humanName="Is Unique" mode="e">true</isUnique><lower humanName="Lower">1</lower><lowerValue classType="LiteralInteger" humanName="Lower Value" humanType="Literal Integer" icon="DiscreteEventLogisticsSystems_files/icon_literalinteger_213415401.svg" name="1" refid="_17_0_4_2_937029c_1468359631032_472814_17796" text="1"/><multiplicity humanName="Multiplicity" mode="s,e">1</multiplicity><multiplicity humanName="Multiplicity" mode="s,e">1</multiplicity><name humanName="Name" mode="s,e">controller</name><namespace classType="Class" humanName="Namespace" humanType="Block" icon="DiscreteEventLogisticsSystems_files/icon_block_1372204263.svg" name="DELS" refid="_18_0_2_f95033a_1447099702589_667150_29711"/><navigable humanName="Navigable">true</navigable><opposite classType="Property" humanName="Opposite" humanType="Property" icon="DiscreteEventLogisticsSystems_files/icon_property_1353393023.svg" name=" : DELS" refid="_17_0_4_2_937029c_1468359614875_569965_17774"/><ownedBy classType="Class" humanName="Owned By" humanType="Block" icon="DiscreteEventLogisticsSystems_files/icon_block_1372204263.svg" name="DELS" refid="_18_0_2_f95033a_1447099702589_667150_29711"/><ownedElement humanName="Owned Element"><instancespecification classType="InstanceSpecification" humanType="Instance Specification" icon="DiscreteEventLogisticsSystems_files/icon_instancespecification_13643661.svg" name=" : MD Customization for SysML::additional_stereotypes::PartProperty" refid="_18_5_1_412017e_1582119018749_453628_23375"/><literalinteger classType="LiteralInteger" humanType="Literal Integer" icon="DiscreteEventLogisticsSystems_files/icon_literalinteger_213415401.svg" name="1" refid="_17_0_4_2_937029c_1468359631032_472814_17796" text="1"/><literalunlimitednatural classType="LiteralUnlimitedNatural" humanType="Literal Unlimited Natural" icon="DiscreteEventLogisticsSystems_files/icon_literalunlimitednatural_580911462.svg" name="1" refid="_17_0_4_2_937029c_1468359631033_72584_17797" text="1"/></ownedElement><owner classType="Class" humanName="Owner" humanType="Block" icon="DiscreteEventLogisticsSystems_files/icon_block_1372204263.svg" name="DELS" refid="_18_0_2_f95033a_1447099702589_667150_29711"/><qualifiedName humanName="Qualified Name" mode="e">DiscreteEventLogisticsSystems::DELS::controller</qualifiedName><redefinedElement humanName="Redefined Element"><partproperty classType="Property" humanType="Part Property" icon="DiscreteEventLogisticsSystems_files/icon_partproperty_2110785692.svg" name="controller" refid="_18_5_1_412017e_1555007722222_302604_20121"/></redefinedElement><redefinedProperty humanName="Redefined Property" mode="e"><partproperty classType="Property" humanType="Part Property" icon="DiscreteEventLogisticsSystems_files/icon_partproperty_2110785692.svg" name="controller" refid="_18_5_1_412017e_1555007722222_302604_20121"/></redefinedProperty><redefinitionContext humanName="Redefinition Context"><block classType="Class" humanType="Block" icon="DiscreteEventLogisticsSystems_files/icon_block_1372204263.svg" name="DELS" refid="_18_0_2_f95033a_1447099702589_667150_29711"/></redefinitionContext><TO_DO humanName="To Do" mode="s,e"/><type classType="Class" humanName="Type" humanType="Class" icon="DiscreteEventLogisticsSystems_files/icon_class_1682619279.svg" mode="s,e" name="OperationalController" refid="_18_0_2_f95033a_1447092792409_500510_29070"/><TYPE_MODIFIER humanName="Type Modifier" mode="e"/><upper humanName="Upper">1</upper><upperValue classType="LiteralUnlimitedNatural" humanName="Upper Value" humanType="Literal Unlimited Natural" icon="DiscreteEventLogisticsSystems_files/icon_literalunlimitednatural_580911462.svg" name="1" refid="_17_0_4_2_937029c_1468359631033_72584_17797" text="1"/><visibility humanName="Visibility" mode="e">public</visibility><appearsIn><diagram classType="Diagram" humanType="Diagram" icon="DiscreteEventLogisticsSystems_files/icon_SysML Block Definition Diagram_1080813915.svg" name="DELS_isa_Resource" refid="_18_5_1_412017e_1540218986012_445166_65189"/><diagram classType="Diagram" humanType="Diagram" icon="DiscreteEventLogisticsSystems_files/icon_Class Diagram_1882064289.svg" name="DELS_Controller" refid="_18_0_2_f95033a_1447092766158_753774_29010"/><diagram classType="Diagram" humanType="Diagram" icon="DiscreteEventLogisticsSystems_files/icon_SysML Block Definition Diagram_1080813915.svg" name="DELS_Ontology_extended" refid="_18_5_1_412017e_1540296652000_628704_66263"/></appearsIn></partproperty></magicdraw>