<?xml version="1.0" encoding="UTF-8"?><magicdraw><literalunlimitednatural classType="LiteralUnlimitedNatural" humanType="Literal Unlimited Natural" icon="DiscreteEventLogisticsSystems_files/icon_literalunlimitednatural_580911462.svg" id="_17_0_4_2_937029c_1471893022479_402731_27715"><documentation humanName="Documentation"/><name humanName="Name"/><owner classType="Property" humanName="Owner" humanType="Property" icon="DiscreteEventLogisticsSystems_files/icon_property_1353393023.svg" mode="e" name="parentRefFrame" refid="_17_0_4_2_937029c_1471893022460_564807_27620"/><owningUpper classType="Property" humanName="Owning Upper" humanType="Property" icon="DiscreteEventLogisticsSystems_files/icon_property_1353393023.svg" name="parentRefFrame" refid="_17_0_4_2_937029c_1471893022460_564807_27620"/><qualifiedName humanName="Qualified Name">DiscreteEventLogisticsSystems::PLANT::Facility::Layout::Geometry::ReferenceFrame::3DreferenceFrame::parentRefFrame::</qualifiedName><text humanName="Text" mode="standard">1</text><TO_DO humanName="To Do"/><TYPE_MODIFIER humanName="Type Modifier"/><value humanName="Value" mode="s,e">1</value><visibility humanName="Visibility">public</visibility></literalunlimitednatural></magicdraw>