<?xml version="1.0" encoding="UTF-8"?><magicdraw><package classType="Package" humanType="Package" icon="DiscreteEventLogisticsSystems_files/icon_package_1622863652.svg" id="_17_0_4_2_937029c_1470406927288_55624_30925"><documentation humanName="Documentation"/><member humanName="Member"><association classType="Association" humanType="Association" icon="DiscreteEventLogisticsSystems_files/icon_association_1032095639.svg" isRelationship="true" name="Association[isLocatedIn:DiscreteEventLogisticsSystems::PLANT::Facility::Facility - containedResources:DiscreteEventLogisticsSystems::PLANT::Resource::Resource]" refid="_17_0_4_2_937029c_1470406961702_388472_30951"/><block classType="Class" humanType="Block" icon="DiscreteEventLogisticsSystems_files/icon_block_1951308442.svg" name="Facility" refid="_17_0_4_2_937029c_1470406946565_442659_30927"/><package classType="Package" humanType="Package" icon="DiscreteEventLogisticsSystems_files/icon_package_1622863652.svg" name="Layout" refid="_17_0_4_2_937029c_1471893021769_49586_27346"/><valuetype classType="DataType" humanType="Value Type" icon="DiscreteEventLogisticsSystems_files/icon_valuetype_766030553.svg" name="Location" refid="_18_0_1_f95033a_1411569016753_585534_63875"/></member><name humanName="Name" mode="s,e">Facility</name><namespace classType="Package" humanName="Namespace" humanType="Package" icon="DiscreteEventLogisticsSystems_files/icon_package_1622863652.svg" name="PLANT" refid="_18_0_2_f95033a_1415043951159_683975_18956"/><nestedPackage humanName="Nested Package"><package classType="Package" humanType="Package" icon="DiscreteEventLogisticsSystems_files/icon_package_1622863652.svg" name="Layout" refid="_17_0_4_2_937029c_1471893021769_49586_27346"/></nestedPackage><nestingPackage classType="Package" humanName="Nesting Package" humanType="Package" icon="DiscreteEventLogisticsSystems_files/icon_package_1622863652.svg" name="PLANT" refid="_18_0_2_f95033a_1415043951159_683975_18956"/><ownedElement humanName="Owned Element"><association classType="Association" humanType="Association" icon="DiscreteEventLogisticsSystems_files/icon_association_1032095639.svg" isRelationship="true" name="Association[isLocatedIn:DiscreteEventLogisticsSystems::PLANT::Facility::Facility - containedResources:DiscreteEventLogisticsSystems::PLANT::Resource::Resource]" refid="_17_0_4_2_937029c_1470406961702_388472_30951"/><block classType="Class" humanType="Block" icon="DiscreteEventLogisticsSystems_files/icon_block_1951308442.svg" name="Facility" refid="_17_0_4_2_937029c_1470406946565_442659_30927"/><package classType="Package" humanType="Package" icon="DiscreteEventLogisticsSystems_files/icon_package_1622863652.svg" name="Layout" refid="_17_0_4_2_937029c_1471893021769_49586_27346"/><valuetype classType="DataType" humanType="Value Type" icon="DiscreteEventLogisticsSystems_files/icon_valuetype_766030553.svg" name="Location" refid="_18_0_1_f95033a_1411569016753_585534_63875"/></ownedElement><ownedMember humanName="Owned Member"><association classType="Association" humanType="Association" icon="DiscreteEventLogisticsSystems_files/icon_association_1032095639.svg" isRelationship="true" name="Association[isLocatedIn:DiscreteEventLogisticsSystems::PLANT::Facility::Facility - containedResources:DiscreteEventLogisticsSystems::PLANT::Resource::Resource]" refid="_17_0_4_2_937029c_1470406961702_388472_30951"/><block classType="Class" humanType="Block" icon="DiscreteEventLogisticsSystems_files/icon_block_1951308442.svg" name="Facility" refid="_17_0_4_2_937029c_1470406946565_442659_30927"/><package classType="Package" humanType="Package" icon="DiscreteEventLogisticsSystems_files/icon_package_1622863652.svg" name="Layout" refid="_17_0_4_2_937029c_1471893021769_49586_27346"/><valuetype classType="DataType" humanType="Value Type" icon="DiscreteEventLogisticsSystems_files/icon_valuetype_766030553.svg" name="Location" refid="_18_0_1_f95033a_1411569016753_585534_63875"/></ownedMember><ownedType humanName="Owned Type"><association classType="Association" humanType="Association" icon="DiscreteEventLogisticsSystems_files/icon_association_1032095639.svg" isRelationship="true" name="Association[isLocatedIn:DiscreteEventLogisticsSystems::PLANT::Facility::Facility - containedResources:DiscreteEventLogisticsSystems::PLANT::Resource::Resource]" refid="_17_0_4_2_937029c_1470406961702_388472_30951"/><block classType="Class" humanType="Block" icon="DiscreteEventLogisticsSystems_files/icon_block_1951308442.svg" name="Facility" refid="_17_0_4_2_937029c_1470406946565_442659_30927"/><valuetype classType="DataType" humanType="Value Type" icon="DiscreteEventLogisticsSystems_files/icon_valuetype_766030553.svg" name="Location" refid="_18_0_1_f95033a_1411569016753_585534_63875"/></ownedType><owner classType="Package" humanName="Owner" humanType="Package" icon="DiscreteEventLogisticsSystems_files/icon_package_1622863652.svg" mode="s,e" name="PLANT" refid="_18_0_2_f95033a_1415043951159_683975_18956"/><owningPackage classType="Package" humanName="Owning Package" humanType="Package" icon="DiscreteEventLogisticsSystems_files/icon_package_1622863652.svg" name="PLANT" refid="_18_0_2_f95033a_1415043951159_683975_18956"/><packagedElement humanName="Packaged Element"><association classType="Association" humanType="Association" icon="DiscreteEventLogisticsSystems_files/icon_association_1032095639.svg" isRelationship="true" name="Association[isLocatedIn:DiscreteEventLogisticsSystems::PLANT::Facility::Facility - containedResources:DiscreteEventLogisticsSystems::PLANT::Resource::Resource]" refid="_17_0_4_2_937029c_1470406961702_388472_30951"/><block classType="Class" humanType="Block" icon="DiscreteEventLogisticsSystems_files/icon_block_1951308442.svg" name="Facility" refid="_17_0_4_2_937029c_1470406946565_442659_30927"/><package classType="Package" humanType="Package" icon="DiscreteEventLogisticsSystems_files/icon_package_1622863652.svg" name="Layout" refid="_17_0_4_2_937029c_1471893021769_49586_27346"/><valuetype classType="DataType" humanType="Value Type" icon="DiscreteEventLogisticsSystems_files/icon_valuetype_766030553.svg" name="Location" refid="_18_0_1_f95033a_1411569016753_585534_63875"/></packagedElement><qualifiedName humanName="Qualified Name" mode="e">DiscreteEventLogisticsSystems::PLANT::Facility</qualifiedName><TO_DO humanName="To Do" mode="s,e"/><URI humanName="URI" mode="s,e"/><visibility humanName="Visibility">public</visibility></package></magicdraw>