<?xml version="1.0" encoding="UTF-8"?><magicdraw><package classType="Package" humanType="Package" icon="DiscreteEventLogisticsSystems_files/icon_package_1622863652.svg" id="_17_0_4_2_937029c_1471893021784_550517_27366"><documentation humanName="Documentation"/><member humanName="Member"><valuetype classType="DataType" humanType="Value Type" icon="DiscreteEventLogisticsSystems_files/icon_valuetype_766030553.svg" name="2DreferenceFrame" refid="_17_0_4_2_937029c_1471893022418_316106_27499"/><valuetype classType="DataType" humanType="Value Type" icon="DiscreteEventLogisticsSystems_files/icon_valuetype_766030553.svg" name="2DRefFrameNesting" refid="_17_0_4_2_937029c_1471893022418_811914_27497"/><valuetype classType="DataType" humanType="Value Type" icon="DiscreteEventLogisticsSystems_files/icon_valuetype_766030553.svg" name="3DreferenceFrame" refid="_17_0_4_2_937029c_1471893022418_665096_27498"/><valuetype classType="DataType" humanType="Value Type" icon="DiscreteEventLogisticsSystems_files/icon_valuetype_766030553.svg" name="3DRefFrameNesting" refid="_17_0_4_2_937029c_1471893022419_785215_27500"/><association classType="Association" humanType="Association" icon="DiscreteEventLogisticsSystems_files/icon_association_866202742.svg" isRelationship="true" name="Association[parentRefFrame:DiscreteEventLogisticsSystems::PLANT::Facility::Layout::Geometry::ReferenceFrame::2DRefFrameNesting &lt;- DiscreteEventLogisticsSystems::PLANT::Facility::Layout::Geometry::ReferenceFrame::2DreferenceFrame]" refid="_17_0_4_2_937029c_1471893022419_327265_27501"/><association classType="Association" humanType="Association" icon="DiscreteEventLogisticsSystems_files/icon_association_866202742.svg" isRelationship="true" name="Association[parentRefFrame:DiscreteEventLogisticsSystems::PLANT::Facility::Layout::Geometry::ReferenceFrame::3DRefFrameNesting &lt;- DiscreteEventLogisticsSystems::PLANT::Facility::Layout::Geometry::ReferenceFrame::3DreferenceFrame]" refid="_17_0_4_2_937029c_1471893022419_390163_27502"/></member><name humanName="Name" mode="s,e">ReferenceFrame</name><namespace classType="Package" humanName="Namespace" humanType="Package" icon="DiscreteEventLogisticsSystems_files/icon_package_1622863652.svg" name="Geometry" refid="_17_0_4_2_937029c_1471893021770_138532_27347"/><nestingPackage classType="Package" humanName="Nesting Package" humanType="Package" icon="DiscreteEventLogisticsSystems_files/icon_package_1622863652.svg" name="Geometry" refid="_17_0_4_2_937029c_1471893021770_138532_27347"/><ownedElement humanName="Owned Element"><valuetype classType="DataType" humanType="Value Type" icon="DiscreteEventLogisticsSystems_files/icon_valuetype_766030553.svg" name="2DreferenceFrame" refid="_17_0_4_2_937029c_1471893022418_316106_27499"/><valuetype classType="DataType" humanType="Value Type" icon="DiscreteEventLogisticsSystems_files/icon_valuetype_766030553.svg" name="2DRefFrameNesting" refid="_17_0_4_2_937029c_1471893022418_811914_27497"/><valuetype classType="DataType" humanType="Value Type" icon="DiscreteEventLogisticsSystems_files/icon_valuetype_766030553.svg" name="3DreferenceFrame" refid="_17_0_4_2_937029c_1471893022418_665096_27498"/><valuetype classType="DataType" humanType="Value Type" icon="DiscreteEventLogisticsSystems_files/icon_valuetype_766030553.svg" name="3DRefFrameNesting" refid="_17_0_4_2_937029c_1471893022419_785215_27500"/><association classType="Association" humanType="Association" icon="DiscreteEventLogisticsSystems_files/icon_association_866202742.svg" isRelationship="true" name="Association[parentRefFrame:DiscreteEventLogisticsSystems::PLANT::Facility::Layout::Geometry::ReferenceFrame::2DRefFrameNesting &lt;- DiscreteEventLogisticsSystems::PLANT::Facility::Layout::Geometry::ReferenceFrame::2DreferenceFrame]" refid="_17_0_4_2_937029c_1471893022419_327265_27501"/><association classType="Association" humanType="Association" icon="DiscreteEventLogisticsSystems_files/icon_association_866202742.svg" isRelationship="true" name="Association[parentRefFrame:DiscreteEventLogisticsSystems::PLANT::Facility::Layout::Geometry::ReferenceFrame::3DRefFrameNesting &lt;- DiscreteEventLogisticsSystems::PLANT::Facility::Layout::Geometry::ReferenceFrame::3DreferenceFrame]" refid="_17_0_4_2_937029c_1471893022419_390163_27502"/></ownedElement><ownedMember humanName="Owned Member"><valuetype classType="DataType" humanType="Value Type" icon="DiscreteEventLogisticsSystems_files/icon_valuetype_766030553.svg" name="2DreferenceFrame" refid="_17_0_4_2_937029c_1471893022418_316106_27499"/><valuetype classType="DataType" humanType="Value Type" icon="DiscreteEventLogisticsSystems_files/icon_valuetype_766030553.svg" name="2DRefFrameNesting" refid="_17_0_4_2_937029c_1471893022418_811914_27497"/><valuetype classType="DataType" humanType="Value Type" icon="DiscreteEventLogisticsSystems_files/icon_valuetype_766030553.svg" name="3DreferenceFrame" refid="_17_0_4_2_937029c_1471893022418_665096_27498"/><valuetype classType="DataType" humanType="Value Type" icon="DiscreteEventLogisticsSystems_files/icon_valuetype_766030553.svg" name="3DRefFrameNesting" refid="_17_0_4_2_937029c_1471893022419_785215_27500"/><association classType="Association" humanType="Association" icon="DiscreteEventLogisticsSystems_files/icon_association_866202742.svg" isRelationship="true" name="Association[parentRefFrame:DiscreteEventLogisticsSystems::PLANT::Facility::Layout::Geometry::ReferenceFrame::2DRefFrameNesting &lt;- DiscreteEventLogisticsSystems::PLANT::Facility::Layout::Geometry::ReferenceFrame::2DreferenceFrame]" refid="_17_0_4_2_937029c_1471893022419_327265_27501"/><association classType="Association" humanType="Association" icon="DiscreteEventLogisticsSystems_files/icon_association_866202742.svg" isRelationship="true" name="Association[parentRefFrame:DiscreteEventLogisticsSystems::PLANT::Facility::Layout::Geometry::ReferenceFrame::3DRefFrameNesting &lt;- DiscreteEventLogisticsSystems::PLANT::Facility::Layout::Geometry::ReferenceFrame::3DreferenceFrame]" refid="_17_0_4_2_937029c_1471893022419_390163_27502"/></ownedMember><ownedType humanName="Owned Type"><valuetype classType="DataType" humanType="Value Type" icon="DiscreteEventLogisticsSystems_files/icon_valuetype_766030553.svg" name="2DreferenceFrame" refid="_17_0_4_2_937029c_1471893022418_316106_27499"/><valuetype classType="DataType" humanType="Value Type" icon="DiscreteEventLogisticsSystems_files/icon_valuetype_766030553.svg" name="2DRefFrameNesting" refid="_17_0_4_2_937029c_1471893022418_811914_27497"/><valuetype classType="DataType" humanType="Value Type" icon="DiscreteEventLogisticsSystems_files/icon_valuetype_766030553.svg" name="3DreferenceFrame" refid="_17_0_4_2_937029c_1471893022418_665096_27498"/><valuetype classType="DataType" humanType="Value Type" icon="DiscreteEventLogisticsSystems_files/icon_valuetype_766030553.svg" name="3DRefFrameNesting" refid="_17_0_4_2_937029c_1471893022419_785215_27500"/><association classType="Association" humanType="Association" icon="DiscreteEventLogisticsSystems_files/icon_association_866202742.svg" isRelationship="true" name="Association[parentRefFrame:DiscreteEventLogisticsSystems::PLANT::Facility::Layout::Geometry::ReferenceFrame::2DRefFrameNesting &lt;- DiscreteEventLogisticsSystems::PLANT::Facility::Layout::Geometry::ReferenceFrame::2DreferenceFrame]" refid="_17_0_4_2_937029c_1471893022419_327265_27501"/><association classType="Association" humanType="Association" icon="DiscreteEventLogisticsSystems_files/icon_association_866202742.svg" isRelationship="true" name="Association[parentRefFrame:DiscreteEventLogisticsSystems::PLANT::Facility::Layout::Geometry::ReferenceFrame::3DRefFrameNesting &lt;- DiscreteEventLogisticsSystems::PLANT::Facility::Layout::Geometry::ReferenceFrame::3DreferenceFrame]" refid="_17_0_4_2_937029c_1471893022419_390163_27502"/></ownedType><owner classType="Package" humanName="Owner" humanType="Package" icon="DiscreteEventLogisticsSystems_files/icon_package_1622863652.svg" mode="s,e" name="Geometry" refid="_17_0_4_2_937029c_1471893021770_138532_27347"/><owningPackage classType="Package" humanName="Owning Package" humanType="Package" icon="DiscreteEventLogisticsSystems_files/icon_package_1622863652.svg" name="Geometry" refid="_17_0_4_2_937029c_1471893021770_138532_27347"/><packagedElement humanName="Packaged Element"><valuetype classType="DataType" humanType="Value Type" icon="DiscreteEventLogisticsSystems_files/icon_valuetype_766030553.svg" name="2DreferenceFrame" refid="_17_0_4_2_937029c_1471893022418_316106_27499"/><valuetype classType="DataType" humanType="Value Type" icon="DiscreteEventLogisticsSystems_files/icon_valuetype_766030553.svg" name="2DRefFrameNesting" refid="_17_0_4_2_937029c_1471893022418_811914_27497"/><valuetype classType="DataType" humanType="Value Type" icon="DiscreteEventLogisticsSystems_files/icon_valuetype_766030553.svg" name="3DreferenceFrame" refid="_17_0_4_2_937029c_1471893022418_665096_27498"/><valuetype classType="DataType" humanType="Value Type" icon="DiscreteEventLogisticsSystems_files/icon_valuetype_766030553.svg" name="3DRefFrameNesting" refid="_17_0_4_2_937029c_1471893022419_785215_27500"/><association classType="Association" humanType="Association" icon="DiscreteEventLogisticsSystems_files/icon_association_866202742.svg" isRelationship="true" name="Association[parentRefFrame:DiscreteEventLogisticsSystems::PLANT::Facility::Layout::Geometry::ReferenceFrame::2DRefFrameNesting &lt;- DiscreteEventLogisticsSystems::PLANT::Facility::Layout::Geometry::ReferenceFrame::2DreferenceFrame]" refid="_17_0_4_2_937029c_1471893022419_327265_27501"/><association classType="Association" humanType="Association" icon="DiscreteEventLogisticsSystems_files/icon_association_866202742.svg" isRelationship="true" name="Association[parentRefFrame:DiscreteEventLogisticsSystems::PLANT::Facility::Layout::Geometry::ReferenceFrame::3DRefFrameNesting &lt;- DiscreteEventLogisticsSystems::PLANT::Facility::Layout::Geometry::ReferenceFrame::3DreferenceFrame]" refid="_17_0_4_2_937029c_1471893022419_390163_27502"/></packagedElement><qualifiedName humanName="Qualified Name" mode="e">DiscreteEventLogisticsSystems::PLANT::Facility::Layout::Geometry::ReferenceFrame</qualifiedName><TO_DO humanName="To Do" mode="s,e"/><URI humanName="URI" mode="s,e"/><visibility humanName="Visibility">public</visibility></package></magicdraw>