<?xml version="1.0" encoding="UTF-8"?><magicdraw><association classType="Association" humanType="Association" icon="DiscreteEventLogisticsSystems_files/icon_association_866202742.svg" id="_17_0_4_2_937029c_1469545424461_670950_20596"><documentation humanName="Documentation"/><endType humanName="End Type"><block classType="Class" humanType="Block" icon="DiscreteEventLogisticsSystems_files/icon_block_1372204263.svg" name="Personnel" refid="_17_0_4_2_937029c_1469545275076_710615_20520"/><activity classType="Activity" humanType="Activity" icon="DiscreteEventLogisticsSystems_files/icon_activity_1996581403.svg" name="Process" refid="_18_4_1_412017e_1490794719441_381967_28457"/></endType><feature humanName="Feature"><property classType="Property" humanType="Property" icon="DiscreteEventLogisticsSystems_files/icon_property_1353393023.svg" name=" : PLANT::Process::Process" refid="_17_0_4_2_937029c_1469545424461_985450_20598"/></feature><isAbstract humanName="Is Abstract">false</isAbstract><isDerived humanName="Is Derived">false</isDerived><isFinalSpecialization humanName="Is Final Specialization">false</isFinalSpecialization><isLeaf humanName="Is Leaf">false</isLeaf><member humanName="Member"><property classType="Property" humanType="Property" icon="DiscreteEventLogisticsSystems_files/icon_property_1353393023.svg" name=" : PLANT::Process::Process" refid="_17_0_4_2_937029c_1469545424461_985450_20598"/><property classType="Property" humanType="Property" icon="DiscreteEventLogisticsSystems_files/icon_property_1353393023.svg" name="personnelCapability" refid="_17_0_4_2_937029c_1469545424461_875473_20597"/></member><memberEnd humanName="Member End"><property classType="Property" humanType="Property" icon="DiscreteEventLogisticsSystems_files/icon_property_1353393023.svg" name=" : PLANT::Process::Process" refid="_17_0_4_2_937029c_1469545424461_985450_20598"/><property classType="Property" humanType="Property" icon="DiscreteEventLogisticsSystems_files/icon_property_1353393023.svg" name="personnelCapability" refid="_17_0_4_2_937029c_1469545424461_875473_20597"/></memberEnd><name humanName="Name" mode="s,e"/><namespace classType="Package" humanName="Namespace" humanType="Package" icon="DiscreteEventLogisticsSystems_files/icon_package_1622863652.svg" name="Process" refid="_18_0_2_f95033a_1445098996573_256707_24806"/><ownedElement humanName="Owned Element"><property classType="Property" humanType="Property" icon="DiscreteEventLogisticsSystems_files/icon_property_1353393023.svg" name=" : PLANT::Process::Process" refid="_17_0_4_2_937029c_1469545424461_985450_20598"/></ownedElement><ownedEnd humanName="Owned End"><property classType="Property" humanType="Property" icon="DiscreteEventLogisticsSystems_files/icon_property_1353393023.svg" name=" : PLANT::Process::Process" refid="_17_0_4_2_937029c_1469545424461_985450_20598"/></ownedEnd><ownedMember humanName="Owned Member"><property classType="Property" humanType="Property" icon="DiscreteEventLogisticsSystems_files/icon_property_1353393023.svg" name=" : PLANT::Process::Process" refid="_17_0_4_2_937029c_1469545424461_985450_20598"/></ownedMember><owner classType="Package" humanName="Owner" humanType="Package" icon="DiscreteEventLogisticsSystems_files/icon_package_1622863652.svg" mode="s,e" name="Process" refid="_18_0_2_f95033a_1445098996573_256707_24806"/><owningPackage classType="Package" humanName="Owning Package" humanType="Package" icon="DiscreteEventLogisticsSystems_files/icon_package_1622863652.svg" name="Process" refid="_18_0_2_f95033a_1445098996573_256707_24806"/><package classType="Package" humanName="Package" humanType="Package" icon="DiscreteEventLogisticsSystems_files/icon_package_1622863652.svg" name="Process" refid="_18_0_2_f95033a_1445098996573_256707_24806"/><qualifiedName humanName="Qualified Name" mode="e">DiscreteEventLogisticsSystems::PLANT::Process::</qualifiedName><relatedElement humanName="Related Element"><block classType="Class" humanType="Block" icon="DiscreteEventLogisticsSystems_files/icon_block_1372204263.svg" name="Personnel" refid="_17_0_4_2_937029c_1469545275076_710615_20520"/><activity classType="Activity" humanType="Activity" icon="DiscreteEventLogisticsSystems_files/icon_activity_1996581403.svg" name="Process" refid="_18_4_1_412017e_1490794719441_381967_28457"/></relatedElement><TO_DO humanName="To Do"/><visibility humanName="Visibility" mode="s,e">public</visibility></association></magicdraw>