<?xml version="1.0" encoding="UTF-8"?><magicdraw><package classType="Package" humanType="Package" icon="DiscreteEventLogisticsSystems_files/icon_package_1622863652.svg" id="_17_0_4_2_937029c_1471893022420_376645_27506"><documentation humanName="Documentation"/><member humanName="Member"><enumeration classType="Enumeration" humanType="Enumeration" icon="DiscreteEventLogisticsSystems_files/icon_enumeration_1832284192.svg" name="2Dshape" refid="_17_0_4_2_937029c_1471893022465_920826_27637"/><enumeration classType="Enumeration" humanType="Enumeration" icon="DiscreteEventLogisticsSystems_files/icon_enumeration_1832284192.svg" name="3Dshape" refid="_17_0_4_2_937029c_1471893022466_816293_27638"/><valuetype classType="DataType" humanType="Value Type" icon="DiscreteEventLogisticsSystems_files/icon_valuetype_766030553.svg" name="Circle" refid="_17_0_4_2_937029c_1471893022465_949327_27634"/><valuetype classType="DataType" humanType="Value Type" icon="DiscreteEventLogisticsSystems_files/icon_valuetype_766030553.svg" name="Rectangle" refid="_17_0_4_2_937029c_1471893022465_629738_27636"/><valuetype classType="DataType" humanType="Value Type" icon="DiscreteEventLogisticsSystems_files/icon_valuetype_766030553.svg" name="Sphere" refid="_17_0_4_2_937029c_1471893022465_646197_27635"/></member><name humanName="Name" mode="s,e">BoundaryByShapes</name><namespace classType="Package" humanName="Namespace" humanType="Package" icon="DiscreteEventLogisticsSystems_files/icon_package_1622863652.svg" name="Boundary" refid="_17_0_4_2_937029c_1471893021785_693983_27368"/><nestingPackage classType="Package" humanName="Nesting Package" humanType="Package" icon="DiscreteEventLogisticsSystems_files/icon_package_1622863652.svg" name="Boundary" refid="_17_0_4_2_937029c_1471893021785_693983_27368"/><ownedElement humanName="Owned Element"><enumeration classType="Enumeration" humanType="Enumeration" icon="DiscreteEventLogisticsSystems_files/icon_enumeration_1832284192.svg" name="2Dshape" refid="_17_0_4_2_937029c_1471893022465_920826_27637"/><enumeration classType="Enumeration" humanType="Enumeration" icon="DiscreteEventLogisticsSystems_files/icon_enumeration_1832284192.svg" name="3Dshape" refid="_17_0_4_2_937029c_1471893022466_816293_27638"/><valuetype classType="DataType" humanType="Value Type" icon="DiscreteEventLogisticsSystems_files/icon_valuetype_766030553.svg" name="Circle" refid="_17_0_4_2_937029c_1471893022465_949327_27634"/><valuetype classType="DataType" humanType="Value Type" icon="DiscreteEventLogisticsSystems_files/icon_valuetype_766030553.svg" name="Rectangle" refid="_17_0_4_2_937029c_1471893022465_629738_27636"/><valuetype classType="DataType" humanType="Value Type" icon="DiscreteEventLogisticsSystems_files/icon_valuetype_766030553.svg" name="Sphere" refid="_17_0_4_2_937029c_1471893022465_646197_27635"/></ownedElement><ownedMember humanName="Owned Member"><enumeration classType="Enumeration" humanType="Enumeration" icon="DiscreteEventLogisticsSystems_files/icon_enumeration_1832284192.svg" name="2Dshape" refid="_17_0_4_2_937029c_1471893022465_920826_27637"/><enumeration classType="Enumeration" humanType="Enumeration" icon="DiscreteEventLogisticsSystems_files/icon_enumeration_1832284192.svg" name="3Dshape" refid="_17_0_4_2_937029c_1471893022466_816293_27638"/><valuetype classType="DataType" humanType="Value Type" icon="DiscreteEventLogisticsSystems_files/icon_valuetype_766030553.svg" name="Circle" refid="_17_0_4_2_937029c_1471893022465_949327_27634"/><valuetype classType="DataType" humanType="Value Type" icon="DiscreteEventLogisticsSystems_files/icon_valuetype_766030553.svg" name="Rectangle" refid="_17_0_4_2_937029c_1471893022465_629738_27636"/><valuetype classType="DataType" humanType="Value Type" icon="DiscreteEventLogisticsSystems_files/icon_valuetype_766030553.svg" name="Sphere" refid="_17_0_4_2_937029c_1471893022465_646197_27635"/></ownedMember><ownedType humanName="Owned Type"><enumeration classType="Enumeration" humanType="Enumeration" icon="DiscreteEventLogisticsSystems_files/icon_enumeration_1832284192.svg" name="2Dshape" refid="_17_0_4_2_937029c_1471893022465_920826_27637"/><enumeration classType="Enumeration" humanType="Enumeration" icon="DiscreteEventLogisticsSystems_files/icon_enumeration_1832284192.svg" name="3Dshape" refid="_17_0_4_2_937029c_1471893022466_816293_27638"/><valuetype classType="DataType" humanType="Value Type" icon="DiscreteEventLogisticsSystems_files/icon_valuetype_766030553.svg" name="Circle" refid="_17_0_4_2_937029c_1471893022465_949327_27634"/><valuetype classType="DataType" humanType="Value Type" icon="DiscreteEventLogisticsSystems_files/icon_valuetype_766030553.svg" name="Rectangle" refid="_17_0_4_2_937029c_1471893022465_629738_27636"/><valuetype classType="DataType" humanType="Value Type" icon="DiscreteEventLogisticsSystems_files/icon_valuetype_766030553.svg" name="Sphere" refid="_17_0_4_2_937029c_1471893022465_646197_27635"/></ownedType><owner classType="Package" humanName="Owner" humanType="Package" icon="DiscreteEventLogisticsSystems_files/icon_package_1622863652.svg" mode="s,e" name="Boundary" refid="_17_0_4_2_937029c_1471893021785_693983_27368"/><owningPackage classType="Package" humanName="Owning Package" humanType="Package" icon="DiscreteEventLogisticsSystems_files/icon_package_1622863652.svg" name="Boundary" refid="_17_0_4_2_937029c_1471893021785_693983_27368"/><packagedElement humanName="Packaged Element"><enumeration classType="Enumeration" humanType="Enumeration" icon="DiscreteEventLogisticsSystems_files/icon_enumeration_1832284192.svg" name="2Dshape" refid="_17_0_4_2_937029c_1471893022465_920826_27637"/><enumeration classType="Enumeration" humanType="Enumeration" icon="DiscreteEventLogisticsSystems_files/icon_enumeration_1832284192.svg" name="3Dshape" refid="_17_0_4_2_937029c_1471893022466_816293_27638"/><valuetype classType="DataType" humanType="Value Type" icon="DiscreteEventLogisticsSystems_files/icon_valuetype_766030553.svg" name="Circle" refid="_17_0_4_2_937029c_1471893022465_949327_27634"/><valuetype classType="DataType" humanType="Value Type" icon="DiscreteEventLogisticsSystems_files/icon_valuetype_766030553.svg" name="Rectangle" refid="_17_0_4_2_937029c_1471893022465_629738_27636"/><valuetype classType="DataType" humanType="Value Type" icon="DiscreteEventLogisticsSystems_files/icon_valuetype_766030553.svg" name="Sphere" refid="_17_0_4_2_937029c_1471893022465_646197_27635"/></packagedElement><qualifiedName humanName="Qualified Name" mode="e">DiscreteEventLogisticsSystems::PLANT::Facility::Layout::Geometry::Boundary::BoundaryByShapes</qualifiedName><TO_DO humanName="To Do" mode="s,e"/><URI humanName="URI" mode="s,e"/><visibility humanName="Visibility">public</visibility></package></magicdraw>