<?xml version="1.0" encoding="UTF-8"?><magicdraw><generalization classType="Generalization" humanType="Generalization" icon="DiscreteEventLogisticsSystems_files/icon_generalization_1702478809.svg" id="_17_0_4_2_937029c_1470159633463_260974_30437"><documentation humanName="Documentation"/><general classType="Class" humanName="General" humanType="Block" icon="DiscreteEventLogisticsSystems_files/icon_block_1372204263.svg" mode="s,e" name="DiscreteStateResource" refid="_18_0_2_f95033a_1444422468984_77572_20641"/><isSubstitutable humanName="Is Substitutable">true</isSubstitutable><owner classType="Class" humanName="Owner" humanType="Block" icon="DiscreteEventLogisticsSystems_files/icon_block_1372204263.svg" mode="s,e" name="StationaryResource" refid="_17_0_4_2_937029c_1470159602756_954476_30395"/><relatedElement humanName="Related Element"><block classType="Class" humanType="Block" icon="DiscreteEventLogisticsSystems_files/icon_block_1372204263.svg" name="DiscreteStateResource" refid="_18_0_2_f95033a_1444422468984_77572_20641"/><block classType="Class" humanType="Block" icon="DiscreteEventLogisticsSystems_files/icon_block_1372204263.svg" name="StationaryResource" refid="_17_0_4_2_937029c_1470159602756_954476_30395"/></relatedElement><source humanName="Source"><block classType="Class" humanType="Block" icon="DiscreteEventLogisticsSystems_files/icon_block_1372204263.svg" name="StationaryResource" refid="_17_0_4_2_937029c_1470159602756_954476_30395"/></source><specific classType="Class" humanName="Specific" humanType="Block" icon="DiscreteEventLogisticsSystems_files/icon_block_1372204263.svg" mode="s,e" name="StationaryResource" refid="_17_0_4_2_937029c_1470159602756_954476_30395"/><target humanName="Target"><block classType="Class" humanType="Block" icon="DiscreteEventLogisticsSystems_files/icon_block_1372204263.svg" name="DiscreteStateResource" refid="_18_0_2_f95033a_1444422468984_77572_20641"/></target><TO_DO humanName="To Do" mode="s,e"/><appearsIn><diagram classType="Diagram" humanType="Diagram" icon="DiscreteEventLogisticsSystems_files/icon_SysML Block Definition Diagram_1080813915.svg" name="DELS_ResourceTaxonomy_CapacitatedDiscreteState" refid="_18_4_1_412017e_1490797096713_843266_31630"/></appearsIn></generalization></magicdraw>