<?xml version="1.0" encoding="UTF-8"?><magicdraw><package classType="Package" humanType="Package" icon="DiscreteEventLogisticsSystems_files/icon_package_1622863652.svg" id="_17_0_4_2_937029c_1471893021785_693983_27368"><documentation humanName="Documentation"/><member humanName="Member"><valuetype classType="DataType" humanType="Value Type" icon="DiscreteEventLogisticsSystems_files/icon_valuetype_766030553.svg" name="2Dboundary" refid="_17_0_4_2_937029c_1471893022421_41066_27509"/><valuetype classType="DataType" humanType="Value Type" icon="DiscreteEventLogisticsSystems_files/icon_valuetype_766030553.svg" name="3Dboundary" refid="_17_0_4_2_937029c_1471893022420_390187_27507"/><package classType="Package" humanType="Package" icon="DiscreteEventLogisticsSystems_files/icon_package_1622863652.svg" name="BoundaryByPoints" refid="_17_0_4_2_937029c_1471893022420_601490_27508"/><package classType="Package" humanType="Package" icon="DiscreteEventLogisticsSystems_files/icon_package_1622863652.svg" name="BoundaryByShapes" refid="_17_0_4_2_937029c_1471893022420_376645_27506"/></member><name humanName="Name" mode="s,e">Boundary</name><namespace classType="Package" humanName="Namespace" humanType="Package" icon="DiscreteEventLogisticsSystems_files/icon_package_1622863652.svg" name="Geometry" refid="_17_0_4_2_937029c_1471893021770_138532_27347"/><nestedPackage humanName="Nested Package"><package classType="Package" humanType="Package" icon="DiscreteEventLogisticsSystems_files/icon_package_1622863652.svg" name="BoundaryByPoints" refid="_17_0_4_2_937029c_1471893022420_601490_27508"/><package classType="Package" humanType="Package" icon="DiscreteEventLogisticsSystems_files/icon_package_1622863652.svg" name="BoundaryByShapes" refid="_17_0_4_2_937029c_1471893022420_376645_27506"/></nestedPackage><nestingPackage classType="Package" humanName="Nesting Package" humanType="Package" icon="DiscreteEventLogisticsSystems_files/icon_package_1622863652.svg" name="Geometry" refid="_17_0_4_2_937029c_1471893021770_138532_27347"/><ownedElement humanName="Owned Element"><valuetype classType="DataType" humanType="Value Type" icon="DiscreteEventLogisticsSystems_files/icon_valuetype_766030553.svg" name="2Dboundary" refid="_17_0_4_2_937029c_1471893022421_41066_27509"/><valuetype classType="DataType" humanType="Value Type" icon="DiscreteEventLogisticsSystems_files/icon_valuetype_766030553.svg" name="3Dboundary" refid="_17_0_4_2_937029c_1471893022420_390187_27507"/><package classType="Package" humanType="Package" icon="DiscreteEventLogisticsSystems_files/icon_package_1622863652.svg" name="BoundaryByPoints" refid="_17_0_4_2_937029c_1471893022420_601490_27508"/><package classType="Package" humanType="Package" icon="DiscreteEventLogisticsSystems_files/icon_package_1622863652.svg" name="BoundaryByShapes" refid="_17_0_4_2_937029c_1471893022420_376645_27506"/></ownedElement><ownedMember humanName="Owned Member"><valuetype classType="DataType" humanType="Value Type" icon="DiscreteEventLogisticsSystems_files/icon_valuetype_766030553.svg" name="2Dboundary" refid="_17_0_4_2_937029c_1471893022421_41066_27509"/><valuetype classType="DataType" humanType="Value Type" icon="DiscreteEventLogisticsSystems_files/icon_valuetype_766030553.svg" name="3Dboundary" refid="_17_0_4_2_937029c_1471893022420_390187_27507"/><package classType="Package" humanType="Package" icon="DiscreteEventLogisticsSystems_files/icon_package_1622863652.svg" name="BoundaryByPoints" refid="_17_0_4_2_937029c_1471893022420_601490_27508"/><package classType="Package" humanType="Package" icon="DiscreteEventLogisticsSystems_files/icon_package_1622863652.svg" name="BoundaryByShapes" refid="_17_0_4_2_937029c_1471893022420_376645_27506"/></ownedMember><ownedType humanName="Owned Type"><valuetype classType="DataType" humanType="Value Type" icon="DiscreteEventLogisticsSystems_files/icon_valuetype_766030553.svg" name="2Dboundary" refid="_17_0_4_2_937029c_1471893022421_41066_27509"/><valuetype classType="DataType" humanType="Value Type" icon="DiscreteEventLogisticsSystems_files/icon_valuetype_766030553.svg" name="3Dboundary" refid="_17_0_4_2_937029c_1471893022420_390187_27507"/></ownedType><owner classType="Package" humanName="Owner" humanType="Package" icon="DiscreteEventLogisticsSystems_files/icon_package_1622863652.svg" mode="s,e" name="Geometry" refid="_17_0_4_2_937029c_1471893021770_138532_27347"/><owningPackage classType="Package" humanName="Owning Package" humanType="Package" icon="DiscreteEventLogisticsSystems_files/icon_package_1622863652.svg" name="Geometry" refid="_17_0_4_2_937029c_1471893021770_138532_27347"/><packagedElement humanName="Packaged Element"><valuetype classType="DataType" humanType="Value Type" icon="DiscreteEventLogisticsSystems_files/icon_valuetype_766030553.svg" name="2Dboundary" refid="_17_0_4_2_937029c_1471893022421_41066_27509"/><valuetype classType="DataType" humanType="Value Type" icon="DiscreteEventLogisticsSystems_files/icon_valuetype_766030553.svg" name="3Dboundary" refid="_17_0_4_2_937029c_1471893022420_390187_27507"/><package classType="Package" humanType="Package" icon="DiscreteEventLogisticsSystems_files/icon_package_1622863652.svg" name="BoundaryByPoints" refid="_17_0_4_2_937029c_1471893022420_601490_27508"/><package classType="Package" humanType="Package" icon="DiscreteEventLogisticsSystems_files/icon_package_1622863652.svg" name="BoundaryByShapes" refid="_17_0_4_2_937029c_1471893022420_376645_27506"/></packagedElement><qualifiedName humanName="Qualified Name" mode="e">DiscreteEventLogisticsSystems::PLANT::Facility::Layout::Geometry::Boundary</qualifiedName><TO_DO humanName="To Do" mode="s,e"/><URI humanName="URI" mode="s,e"/><visibility humanName="Visibility">public</visibility></package></magicdraw>