<?xml version="1.0" encoding="UTF-8"?><magicdraw><literalinteger classType="LiteralInteger" humanType="Literal Integer" icon="DiscreteEventLogisticsSystems_files/icon_literalinteger_213415401.svg" id="_17_0_4_2_937029c_1471893022435_655398_27539"><documentation humanName="Documentation"/><name humanName="Name"/><owner classType="Property" humanName="Owner" humanType="Reference Property" icon="DiscreteEventLogisticsSystems_files/icon_referenceproperty_111028426.svg" mode="e" name="layoutForSpace" refid="_17_0_4_2_937029c_1471893022084_81698_27421"/><owningLower classType="Property" humanName="Owning Lower" humanType="Reference Property" icon="DiscreteEventLogisticsSystems_files/icon_referenceproperty_111028426.svg" name="layoutForSpace" refid="_17_0_4_2_937029c_1471893022084_81698_27421"/><qualifiedName humanName="Qualified Name">DiscreteEventLogisticsSystems::PLANT::Facility::Layout::Layout::layoutForSpace::</qualifiedName><text humanName="Text" mode="standard">1</text><TO_DO humanName="To Do"/><TYPE_MODIFIER humanName="Type Modifier"/><value humanName="Value" mode="s,e">1</value><visibility humanName="Visibility">public</visibility></literalinteger></magicdraw>