<?xml version="1.0" encoding="UTF-8"?><magicdraw><block classType="Class" humanType="Block" icon="DiscreteEventLogisticsSystems_files/icon_block_1372204263.svg" id="_17_0_4_2_937029c_1469555286659_855579_21170"><allGeneralClassifiers humanName="All General Classifiers"><block classType="Class" humanType="Block" icon="DiscreteEventLogisticsSystems_files/icon_block_1372204263.svg" name="ActiveResource" refid="_18_5_1_412017e_1522783922344_887890_38219"/><block classType="Class" humanType="Block" icon="DiscreteEventLogisticsSystems_files/icon_block_1372204263.svg" name="Actuator" refid="_18_4_1_412017e_1493314537606_81111_31918"/><block classType="Class" humanType="Block" icon="DiscreteEventLogisticsSystems_files/icon_block_1372204263.svg" name="FlowNetwork" refid="_18_4_1_412017e_1480430023770_307416_22716"/><block classType="Class" humanType="Block" icon="DiscreteEventLogisticsSystems_files/icon_block_1372204263.svg" name="FlowNetworkElement" refid="_18_5_1_412017e_1569950967170_559775_21717"/><block classType="Class" humanType="Block" icon="DiscreteEventLogisticsSystems_files/icon_block_1372204263.svg" name="IdentifiableElement" refid="_18_5_1_412017e_1550599419049_374663_31602"/><block classType="Class" humanType="Block" icon="DiscreteEventLogisticsSystems_files/icon_block_1372204263.svg" name="Network" refid="_18_4_1_412017e_1480428292021_38215_21493"/><block classType="Class" humanType="Block" icon="DiscreteEventLogisticsSystems_files/icon_block_1372204263.svg" name="NetworkElement" refid="_18_5_1_412017e_1570105871470_979385_22666"/><block classType="Class" humanType="Block" icon="DiscreteEventLogisticsSystems_files/icon_block_1372204263.svg" name="Resource" refid="_18_0_2_f95033a_1444426522779_308554_21292"/></allGeneralClassifiers><APPLIED_STEREOTYPES humanName="Applied Stereotype" mode="e"><stereotype classType="Stereotype" humanType="Stereotype" icon="DiscreteEventLogisticsSystems_files/icon_stereotype_1372204263.svg" name="Block" refid="_11_5EAPbeta_be00301_1147424179914_458922_958"/></APPLIED_STEREOTYPES><appliedStereotype humanName="Applied Stereotype" mode="e"><stereotype classType="Stereotype" humanType="Stereotype" icon="DiscreteEventLogisticsSystems_files/icon_stereotype_1372204263.svg" name="Block" refid="_11_5EAPbeta_be00301_1147424179914_458922_958"><property classType="Property" humanName="Base_ Class" humanType="Property" icon="DiscreteEventLogisticsSystems_files/icon_property_1353393023.svg" name="base_Class" refid="_11_5EAPbeta_be00301_1147424181797_326831_961"/><property classType="Property" humanName="Is Encapsulated" humanType="Property" icon="DiscreteEventLogisticsSystems_files/icon_property_1353393023.svg" name="isEncapsulated" refid="_11_5EAPbeta_be00301_1147424201876_860708_1049"/></stereotype></appliedStereotype><appliedStereotypeInstance classType="InstanceSpecification" humanName="Applied Stereotype Instance" humanType="Instance Specification" icon="DiscreteEventLogisticsSystems_files/icon_instancespecification_13643661.svg" name=" : SysML::Blocks::Block" refid="_18_4_1_412017e_1490986252150_777684_33821"/><attribute humanName="Attribute"><port classType="Port" humanType="Port" icon="DiscreteEventLogisticsSystems_files/icon_port_931911789.svg" name="auxillaryResources" refid="_18_4_1_412017e_1481383009228_850424_78885"/><property classType="Property" humanType="Property" icon="DiscreteEventLogisticsSystems_files/icon_property_1353393023.svg" name="canExecute" refid="_18_4_1_412017e_1491333441036_752736_36461"/><port classType="Port" humanType="Port" icon="DiscreteEventLogisticsSystems_files/icon_port_931911789.svg" name="overheadTask" refid="_18_4_1_412017e_1500045966782_722615_30749"/><port classType="Port" humanType="Port" icon="DiscreteEventLogisticsSystems_files/icon_port_931911789.svg" name="releasedResources" refid="_18_4_1_412017e_1481383045817_13047_78901"/><port classType="Port" humanType="Port" icon="DiscreteEventLogisticsSystems_files/icon_port_931911789.svg" name="targetResource" refid="_18_4_1_412017e_1481382981509_101310_78869"/></attribute><derivedExplanation humanName="Derived Explanation"/><documentation humanName="Documentation"/><effectiveIRI humanName="Effective IRI"/><feature humanName="Feature"><port classType="Port" humanType="Port" icon="DiscreteEventLogisticsSystems_files/icon_port_931911789.svg" name="auxillaryResources" refid="_18_4_1_412017e_1481383009228_850424_78885"/><property classType="Property" humanType="Property" icon="DiscreteEventLogisticsSystems_files/icon_property_1353393023.svg" name="canExecute" refid="_18_4_1_412017e_1491333441036_752736_36461"/><operation classType="Operation" humanType="Operation" icon="DiscreteEventLogisticsSystems_files/icon_operation_1319832700.svg" name="ChangeState" refid="_18_5_1_412017e_1540495908230_757570_70055"/><port classType="Port" humanType="Port" icon="DiscreteEventLogisticsSystems_files/icon_port_931911789.svg" name="overheadTask" refid="_18_4_1_412017e_1500045966782_722615_30749"/><port classType="Port" humanType="Port" icon="DiscreteEventLogisticsSystems_files/icon_port_931911789.svg" name="releasedResources" refid="_18_4_1_412017e_1481383045817_13047_78901"/><port classType="Port" humanType="Port" icon="DiscreteEventLogisticsSystems_files/icon_port_931911789.svg" name="targetResource" refid="_18_4_1_412017e_1481382981509_101310_78869"/></feature><general humanName="General"><block classType="Class" humanType="Block" icon="DiscreteEventLogisticsSystems_files/icon_block_1372204263.svg" name="Actuator" refid="_18_4_1_412017e_1493314537606_81111_31918"/></general><generalization humanName="Generalization"><generalization classType="Generalization" humanType="Generalization" icon="DiscreteEventLogisticsSystems_files/icon_generalization_1702478809.svg" isRelationship="true" refid="_18_4_1_412017e_1480962268032_250572_75337"/></generalization><inheritedMember humanName="Inherited Member"><property classType="Property" humanType="Property" icon="DiscreteEventLogisticsSystems_files/icon_property_1353393023.svg" name="canExecute" refid="_17_0_4_2_937029c_1470406510351_218002_30828"/><valueproperty classType="Property" humanType="Value Property" icon="DiscreteEventLogisticsSystems_files/icon_valueproperty_1453643370.svg" name="capacityRegion" refid="_18_5_1_412017e_1555072164422_977314_22386"/><referenceproperty classType="Property" humanType="Reference Property" icon="DiscreteEventLogisticsSystems_files/icon_referenceproperty_1515069432.svg" name="consumes" refid="_18_5_1_412017e_1552326045705_830137_60604"/><valueproperty classType="Property" humanType="Value Property" icon="DiscreteEventLogisticsSystems_files/icon_valueproperty_1453643370.svg" name="consumptionRate" refid="_18_5_1_412017e_1516803841216_75498_35029"/><referenceproperty classType="Property" humanType="Reference Property" icon="DiscreteEventLogisticsSystems_files/icon_referenceproperty_1515069432.svg" name="consumptionType" refid="_18_5_1_412017e_1569952554947_172805_21848"/><partproperty classType="Property" humanType="Part Property" icon="DiscreteEventLogisticsSystems_files/icon_partproperty_2110785692.svg" name="controller" refid="_18_5_1_412017e_1555007722222_302604_20121"/><valueproperty classType="Property" humanType="Value Property" icon="DiscreteEventLogisticsSystems_files/icon_valueproperty_1453643370.svg" name="cost" refid="_18_5_1_412017e_1533905277155_825979_70908"/><referenceproperty classType="Property" humanType="Reference Property" icon="DiscreteEventLogisticsSystems_files/icon_referenceproperty_1515069432.svg" name="currentlyFlowingThrough" refid="_18_5_1_412017e_1555502817608_748608_23754"/><adjunctproperty classType="Property" humanType="Adjunct Property" icon="DiscreteEventLogisticsSystems_files/icon_adjunctproperty_181328714.svg" name="edge" refid="_18_5_1_412017e_1513190219530_869897_37060"/><connector classType="Connector" humanType="Connector" icon="DiscreteEventLogisticsSystems_files/icon_connector_1226298219.svg" isRelationship="true" name="edge" refid="_18_5_1_412017e_1513264357871_360474_39528"/><referenceproperty classType="Property" humanType="Reference Property" icon="DiscreteEventLogisticsSystems_files/icon_referenceproperty_1515069432.svg" name="endNetwork1" refid="_18_5_1_412017e_1513190186908_510822_36952"/><referenceproperty classType="Property" humanType="Reference Property" icon="DiscreteEventLogisticsSystems_files/icon_referenceproperty_1515069432.svg" name="endNetwork2" refid="_18_5_1_412017e_1513190186908_343394_36953"/><valueproperty classType="Property" humanType="Value Property" icon="DiscreteEventLogisticsSystems_files/icon_valueproperty_1453643370.svg" name="flowAmount" refid="_18_5_1_412017e_1513193951433_205060_38011"/><valueproperty classType="Property" humanType="Value Property" icon="DiscreteEventLogisticsSystems_files/icon_valueproperty_1453643370.svg" name="flowCapacity" refid="_18_5_1_412017e_1513193951434_557777_38012"/><partproperty classType="Property" humanType="Part Property" icon="DiscreteEventLogisticsSystems_files/icon_partproperty_2110785692.svg" name="flowEdge" refid="_18_5_1_412017e_1513191078480_901416_37791"/><connector classType="Connector" humanType="Connector" icon="DiscreteEventLogisticsSystems_files/icon_connector_1226298219.svg" isRelationship="true" name="flowEdge" refid="_18_5_1_412017e_1513362143618_808921_41457"/><valueproperty classType="Property" humanType="Value Property" icon="DiscreteEventLogisticsSystems_files/icon_valueproperty_1453643370.svg" name="flowFixedCost" refid="_18_5_1_412017e_1513193951434_150749_38014"/><diagram classType="Diagram" humanType="Diagram" icon="DiscreteEventLogisticsSystems_files/icon_SysML Internal Block Diagram_1195506736.svg" name="FlowNetwork" refid="_18_5_1_412017e_1513362123385_20245_41390"/><partproperty classType="Property" humanType="Part Property" icon="DiscreteEventLogisticsSystems_files/icon_partproperty_2110785692.svg" name="flowNode" refid="_18_5_1_412017e_1513192538972_225456_37849"/><referenceproperty classType="Property" humanType="Reference Property" icon="DiscreteEventLogisticsSystems_files/icon_referenceproperty_1515069432.svg" name="flowType" refid="_18_5_1_412017e_1513193951432_903472_38009"/><valueproperty classType="Property" humanType="Value Property" icon="DiscreteEventLogisticsSystems_files/icon_valueproperty_1453643370.svg" name="flowUnitCost" refid="_18_5_1_412017e_1513193951435_227961_38015"/><valueproperty classType="Property" humanType="Value Property" icon="DiscreteEventLogisticsSystems_files/icon_valueproperty_1453643370.svg" name="grossCapacity" refid="_18_5_1_412017e_1513193951434_287661_38013"/><valueproperty classType="Property" humanType="Value Property" icon="DiscreteEventLogisticsSystems_files/icon_valueproperty_1453643370.svg" name="inFlowRate" refid="_18_5_1_412017e_1555504034751_641856_23849"/><flowproperty classType="Property" humanType="Flow Property" icon="DiscreteEventLogisticsSystems_files/icon_flowproperty_1485801678.svg" name="inputResources" refid="_18_5_1_412017e_1535821164224_563339_75249"/><flowproperty classType="Property" humanType="Flow Property" icon="DiscreteEventLogisticsSystems_files/icon_flowproperty_1485801678.svg" name="inputs" refid="_18_5_1_412017e_1516804276976_159477_35115"/><valueproperty classType="Property" humanType="Value Property" icon="DiscreteEventLogisticsSystems_files/icon_valueproperty_1453643370.svg" name="instanceID" refid="_18_5_1_412017e_1550599541005_792237_31606"/><referenceproperty classType="Property" humanType="Reference Property" icon="DiscreteEventLogisticsSystems_files/icon_referenceproperty_1515069432.svg" name="isLocatedIn" refid="_17_0_4_2_937029c_1470406961703_708429_30953"/><valueproperty classType="Property" humanType="Value Property" icon="DiscreteEventLogisticsSystems_files/icon_valueproperty_1453643370.svg" name="label" refid="_18_4_1_412017e_1480428452786_373509_22094"/><valueproperty classType="Property" humanType="Value Property" icon="DiscreteEventLogisticsSystems_files/icon_valueproperty_1453643370.svg" name="measure" refid="_18_5_1_412017e_1536950347535_312772_78451"/><valueproperty classType="Property" humanType="Value Property" icon="DiscreteEventLogisticsSystems_files/icon_valueproperty_1453643370.svg" name="measure" refid="_18_4_1_412017e_1490186121808_887895_33128"/><partproperty classType="Property" humanType="Part Property" icon="DiscreteEventLogisticsSystems_files/icon_partproperty_2110785692.svg" name="memberActiveResource" refid="_18_5_1_412017e_1556131205032_574057_22953"/><partproperty classType="Property" humanType="Part Property" icon="DiscreteEventLogisticsSystems_files/icon_partproperty_2110785692.svg" name="memberResource" refid="_18_5_1_412017e_1513347155049_478782_41077"/><diagram classType="Diagram" humanType="Diagram" icon="DiscreteEventLogisticsSystems_files/icon_SysML Internal Block Diagram_1195506736.svg" name="Network" refid="_18_5_1_412017e_1513264180102_435102_39251"/><partproperty classType="Property" humanType="Part Property" icon="DiscreteEventLogisticsSystems_files/icon_partproperty_2110785692.svg" name="node" refid="_18_5_1_412017e_1513189146779_978407_36026"/><valueproperty classType="Property" humanType="Value Property" icon="DiscreteEventLogisticsSystems_files/icon_valueproperty_1453643370.svg" name="operatingState" refid="_18_4_1_412017e_1490797540351_223025_32699"/><valueproperty classType="Property" humanType="Value Property" icon="DiscreteEventLogisticsSystems_files/icon_valueproperty_1453643370.svg" name="outFlowRate" refid="_18_5_1_412017e_1555504061447_710445_23855"/><flowproperty classType="Property" humanType="Flow Property" icon="DiscreteEventLogisticsSystems_files/icon_flowproperty_1485801678.svg" name="outputResources" refid="_18_5_1_412017e_1535821150324_350965_75243"/><flowproperty classType="Property" humanType="Flow Property" icon="DiscreteEventLogisticsSystems_files/icon_flowproperty_1485801678.svg" name="outputs" refid="_18_5_1_412017e_1516804357021_942548_35124"/><referenceproperty classType="Property" humanType="Reference Property" icon="DiscreteEventLogisticsSystems_files/icon_referenceproperty_1515069432.svg" name="parentFlowNetwork" refid="_18_5_1_412017e_1513192538972_931633_37850"/><referenceproperty classType="Property" humanType="Reference Property" icon="DiscreteEventLogisticsSystems_files/icon_referenceproperty_1515069432.svg" name="parentNetwork" refid="_18_5_1_412017e_1513189146779_560277_36027"/><flowproperty classType="Property" humanType="Flow Property" icon="DiscreteEventLogisticsSystems_files/icon_flowproperty_1485801678.svg" name="produces" refid="_18_5_1_412017e_1535820993176_352548_75235"/><referenceproperty classType="Property" humanType="Reference Property" icon="DiscreteEventLogisticsSystems_files/icon_referenceproperty_1515069432.svg" name="produces" refid="_18_5_1_412017e_1552326004774_512809_60599"/><valueproperty classType="Property" humanType="Value Property" icon="DiscreteEventLogisticsSystems_files/icon_valueproperty_1453643370.svg" name="productionRate" refid="_18_5_1_412017e_1516803804302_71094_35023"/><referenceproperty classType="Property" humanType="Reference Property" icon="DiscreteEventLogisticsSystems_files/icon_referenceproperty_1515069432.svg" name="productionType" refid="_18_5_1_412017e_1569952454125_964807_21841"/><adjunctproperty classType="Property" humanType="Adjunct Property" icon="DiscreteEventLogisticsSystems_files/icon_adjunctproperty_181328714.svg" name="relationshipBetween" refid="_18_5_1_412017e_1513346846699_613197_40771"/><connector classType="Connector" humanType="Connector" icon="DiscreteEventLogisticsSystems_files/icon_connector_1226298219.svg" isRelationship="true" name="relationshipBetween" refid="_18_5_1_412017e_1513346956625_907362_40932"/><property classType="Property" humanType="Property" icon="DiscreteEventLogisticsSystems_files/icon_property_1353393023.svg" name="requiredByProcess" refid="_18_5_1_412017e_1523469728267_30411_42786"/><referenceproperty classType="Property" humanType="Reference Property" icon="DiscreteEventLogisticsSystems_files/icon_referenceproperty_1515069432.svg" name="requiredByProduct" refid="_18_5_1_412017e_1539954492662_205868_73702"/><referenceproperty classType="Property" humanType="Reference Property" icon="DiscreteEventLogisticsSystems_files/icon_referenceproperty_1515069432.svg" name="resource" refid="_18_5_1_412017e_1513346821609_235715_40602"/><referenceproperty classType="Property" humanType="Reference Property" icon="DiscreteEventLogisticsSystems_files/icon_referenceproperty_1515069432.svg" name="resource" refid="_18_5_1_412017e_1513346821610_288757_40603"/><diagram classType="Diagram" humanType="Diagram" icon="DiscreteEventLogisticsSystems_files/icon_SysML Internal Block Diagram_1195506736.svg" name="Resource" refid="_18_5_1_412017e_1513346936785_578177_40834"/><referenceproperty classType="Property" humanType="Reference Property" icon="DiscreteEventLogisticsSystems_files/icon_referenceproperty_1515069432.svg" name="resourceGroup" refid="_18_5_1_412017e_1513347155050_88697_41078"/><referenceproperty classType="Property" humanType="Reference Property" icon="DiscreteEventLogisticsSystems_files/icon_referenceproperty_1515069432.svg" name="sourceFlowNetwork" refid="_18_5_1_412017e_1513191054925_531915_37681"/><referenceproperty classType="Property" humanType="Reference Property" icon="DiscreteEventLogisticsSystems_files/icon_referenceproperty_1515069432.svg" name="sourceResource" refid="_18_5_1_412017e_1556132665394_77013_23152"/><referenceproperty classType="Property" humanType="Reference Property" icon="DiscreteEventLogisticsSystems_files/icon_referenceproperty_1515069432.svg" name="targetFlowNetwork" refid="_18_5_1_412017e_1513191054926_725262_37682"/><referenceproperty classType="Property" humanType="Reference Property" icon="DiscreteEventLogisticsSystems_files/icon_referenceproperty_1515069432.svg" name="targetResource" refid="_18_5_1_412017e_1556132665395_334887_23153"/><valueproperty classType="Property" humanType="Value Property" icon="DiscreteEventLogisticsSystems_files/icon_valueproperty_1453643370.svg" name="typeID" refid="_18_5_1_412017e_1550599573275_888863_31610"/><valueproperty classType="Property" humanType="Value Property" icon="DiscreteEventLogisticsSystems_files/icon_valueproperty_1453643370.svg" name="utilization" refid="_18_5_1_412017e_1530281115319_747162_119629"/></inheritedMember><isAbstract humanName="Is Abstract">true</isAbstract><isActive humanName="Is Active" mode="e">false</isActive><isFinalSpecialization humanName="Is Final Specialization">false</isFinalSpecialization><isLeaf humanName="Is Leaf">false</isLeaf><member humanName="Member"><port classType="Port" humanType="Port" icon="DiscreteEventLogisticsSystems_files/icon_port_931911789.svg" name="auxillaryResources" refid="_18_4_1_412017e_1481383009228_850424_78885"/><property classType="Property" humanType="Property" icon="DiscreteEventLogisticsSystems_files/icon_property_1353393023.svg" name="canExecute" refid="_18_4_1_412017e_1491333441036_752736_36461"/><property classType="Property" humanType="Property" icon="DiscreteEventLogisticsSystems_files/icon_property_1353393023.svg" name="canExecute" refid="_17_0_4_2_937029c_1470406510351_218002_30828"/><valueproperty classType="Property" humanType="Value Property" icon="DiscreteEventLogisticsSystems_files/icon_valueproperty_1453643370.svg" name="capacityRegion" refid="_18_5_1_412017e_1555072164422_977314_22386"/><operation classType="Operation" humanType="Operation" icon="DiscreteEventLogisticsSystems_files/icon_operation_1319832700.svg" name="ChangeState" refid="_18_5_1_412017e_1540495908230_757570_70055"/><referenceproperty classType="Property" humanType="Reference Property" icon="DiscreteEventLogisticsSystems_files/icon_referenceproperty_1515069432.svg" name="consumes" refid="_18_5_1_412017e_1552326045705_830137_60604"/><valueproperty classType="Property" humanType="Value Property" icon="DiscreteEventLogisticsSystems_files/icon_valueproperty_1453643370.svg" name="consumptionRate" refid="_18_5_1_412017e_1516803841216_75498_35029"/><referenceproperty classType="Property" humanType="Reference Property" icon="DiscreteEventLogisticsSystems_files/icon_referenceproperty_1515069432.svg" name="consumptionType" refid="_18_5_1_412017e_1569952554947_172805_21848"/><partproperty classType="Property" humanType="Part Property" icon="DiscreteEventLogisticsSystems_files/icon_partproperty_2110785692.svg" name="controller" refid="_18_5_1_412017e_1555007722222_302604_20121"/><valueproperty classType="Property" humanType="Value Property" icon="DiscreteEventLogisticsSystems_files/icon_valueproperty_1453643370.svg" name="cost" refid="_18_5_1_412017e_1533905277155_825979_70908"/><referenceproperty classType="Property" humanType="Reference Property" icon="DiscreteEventLogisticsSystems_files/icon_referenceproperty_1515069432.svg" name="currentlyFlowingThrough" refid="_18_5_1_412017e_1555502817608_748608_23754"/><adjunctproperty classType="Property" humanType="Adjunct Property" icon="DiscreteEventLogisticsSystems_files/icon_adjunctproperty_181328714.svg" name="edge" refid="_18_5_1_412017e_1513190219530_869897_37060"/><connector classType="Connector" humanType="Connector" icon="DiscreteEventLogisticsSystems_files/icon_connector_1226298219.svg" isRelationship="true" name="edge" refid="_18_5_1_412017e_1513264357871_360474_39528"/><referenceproperty classType="Property" humanType="Reference Property" icon="DiscreteEventLogisticsSystems_files/icon_referenceproperty_1515069432.svg" name="endNetwork1" refid="_18_5_1_412017e_1513190186908_510822_36952"/><referenceproperty classType="Property" humanType="Reference Property" icon="DiscreteEventLogisticsSystems_files/icon_referenceproperty_1515069432.svg" name="endNetwork2" refid="_18_5_1_412017e_1513190186908_343394_36953"/><valueproperty classType="Property" humanType="Value Property" icon="DiscreteEventLogisticsSystems_files/icon_valueproperty_1453643370.svg" name="flowAmount" refid="_18_5_1_412017e_1513193951433_205060_38011"/><valueproperty classType="Property" humanType="Value Property" icon="DiscreteEventLogisticsSystems_files/icon_valueproperty_1453643370.svg" name="flowCapacity" refid="_18_5_1_412017e_1513193951434_557777_38012"/><partproperty classType="Property" humanType="Part Property" icon="DiscreteEventLogisticsSystems_files/icon_partproperty_2110785692.svg" name="flowEdge" refid="_18_5_1_412017e_1513191078480_901416_37791"/><connector classType="Connector" humanType="Connector" icon="DiscreteEventLogisticsSystems_files/icon_connector_1226298219.svg" isRelationship="true" name="flowEdge" refid="_18_5_1_412017e_1513362143618_808921_41457"/><valueproperty classType="Property" humanType="Value Property" icon="DiscreteEventLogisticsSystems_files/icon_valueproperty_1453643370.svg" name="flowFixedCost" refid="_18_5_1_412017e_1513193951434_150749_38014"/><diagram classType="Diagram" humanType="Diagram" icon="DiscreteEventLogisticsSystems_files/icon_SysML Internal Block Diagram_1195506736.svg" name="FlowNetwork" refid="_18_5_1_412017e_1513362123385_20245_41390"/><partproperty classType="Property" humanType="Part Property" icon="DiscreteEventLogisticsSystems_files/icon_partproperty_2110785692.svg" name="flowNode" refid="_18_5_1_412017e_1513192538972_225456_37849"/><referenceproperty classType="Property" humanType="Reference Property" icon="DiscreteEventLogisticsSystems_files/icon_referenceproperty_1515069432.svg" name="flowType" refid="_18_5_1_412017e_1513193951432_903472_38009"/><valueproperty classType="Property" humanType="Value Property" icon="DiscreteEventLogisticsSystems_files/icon_valueproperty_1453643370.svg" name="flowUnitCost" refid="_18_5_1_412017e_1513193951435_227961_38015"/><valueproperty classType="Property" humanType="Value Property" icon="DiscreteEventLogisticsSystems_files/icon_valueproperty_1453643370.svg" name="grossCapacity" refid="_18_5_1_412017e_1513193951434_287661_38013"/><valueproperty classType="Property" humanType="Value Property" icon="DiscreteEventLogisticsSystems_files/icon_valueproperty_1453643370.svg" name="inFlowRate" refid="_18_5_1_412017e_1555504034751_641856_23849"/><flowproperty classType="Property" humanType="Flow Property" icon="DiscreteEventLogisticsSystems_files/icon_flowproperty_1485801678.svg" name="inputResources" refid="_18_5_1_412017e_1535821164224_563339_75249"/><flowproperty classType="Property" humanType="Flow Property" icon="DiscreteEventLogisticsSystems_files/icon_flowproperty_1485801678.svg" name="inputs" refid="_18_5_1_412017e_1516804276976_159477_35115"/><valueproperty classType="Property" humanType="Value Property" icon="DiscreteEventLogisticsSystems_files/icon_valueproperty_1453643370.svg" name="instanceID" refid="_18_5_1_412017e_1550599541005_792237_31606"/><referenceproperty classType="Property" humanType="Reference Property" icon="DiscreteEventLogisticsSystems_files/icon_referenceproperty_1515069432.svg" name="isLocatedIn" refid="_17_0_4_2_937029c_1470406961703_708429_30953"/><valueproperty classType="Property" humanType="Value Property" icon="DiscreteEventLogisticsSystems_files/icon_valueproperty_1453643370.svg" name="label" refid="_18_4_1_412017e_1480428452786_373509_22094"/><valueproperty classType="Property" humanType="Value Property" icon="DiscreteEventLogisticsSystems_files/icon_valueproperty_1453643370.svg" name="measure" refid="_18_5_1_412017e_1536950347535_312772_78451"/><valueproperty classType="Property" humanType="Value Property" icon="DiscreteEventLogisticsSystems_files/icon_valueproperty_1453643370.svg" name="measure" refid="_18_4_1_412017e_1490186121808_887895_33128"/><partproperty classType="Property" humanType="Part Property" icon="DiscreteEventLogisticsSystems_files/icon_partproperty_2110785692.svg" name="memberActiveResource" refid="_18_5_1_412017e_1556131205032_574057_22953"/><partproperty classType="Property" humanType="Part Property" icon="DiscreteEventLogisticsSystems_files/icon_partproperty_2110785692.svg" name="memberResource" refid="_18_5_1_412017e_1513347155049_478782_41077"/><diagram classType="Diagram" humanType="Diagram" icon="DiscreteEventLogisticsSystems_files/icon_SysML Internal Block Diagram_1195506736.svg" name="Network" refid="_18_5_1_412017e_1513264180102_435102_39251"/><partproperty classType="Property" humanType="Part Property" icon="DiscreteEventLogisticsSystems_files/icon_partproperty_2110785692.svg" name="node" refid="_18_5_1_412017e_1513189146779_978407_36026"/><valueproperty classType="Property" humanType="Value Property" icon="DiscreteEventLogisticsSystems_files/icon_valueproperty_1453643370.svg" name="operatingState" refid="_18_4_1_412017e_1490797540351_223025_32699"/><valueproperty classType="Property" humanType="Value Property" icon="DiscreteEventLogisticsSystems_files/icon_valueproperty_1453643370.svg" name="outFlowRate" refid="_18_5_1_412017e_1555504061447_710445_23855"/><flowproperty classType="Property" humanType="Flow Property" icon="DiscreteEventLogisticsSystems_files/icon_flowproperty_1485801678.svg" name="outputResources" refid="_18_5_1_412017e_1535821150324_350965_75243"/><flowproperty classType="Property" humanType="Flow Property" icon="DiscreteEventLogisticsSystems_files/icon_flowproperty_1485801678.svg" name="outputs" refid="_18_5_1_412017e_1516804357021_942548_35124"/><port classType="Port" humanType="Port" icon="DiscreteEventLogisticsSystems_files/icon_port_931911789.svg" name="overheadTask" refid="_18_4_1_412017e_1500045966782_722615_30749"/><referenceproperty classType="Property" humanType="Reference Property" icon="DiscreteEventLogisticsSystems_files/icon_referenceproperty_1515069432.svg" name="parentFlowNetwork" refid="_18_5_1_412017e_1513192538972_931633_37850"/><referenceproperty classType="Property" humanType="Reference Property" icon="DiscreteEventLogisticsSystems_files/icon_referenceproperty_1515069432.svg" name="parentNetwork" refid="_18_5_1_412017e_1513189146779_560277_36027"/><flowproperty classType="Property" humanType="Flow Property" icon="DiscreteEventLogisticsSystems_files/icon_flowproperty_1485801678.svg" name="produces" refid="_18_5_1_412017e_1535820993176_352548_75235"/><referenceproperty classType="Property" humanType="Reference Property" icon="DiscreteEventLogisticsSystems_files/icon_referenceproperty_1515069432.svg" name="produces" refid="_18_5_1_412017e_1552326004774_512809_60599"/><valueproperty classType="Property" humanType="Value Property" icon="DiscreteEventLogisticsSystems_files/icon_valueproperty_1453643370.svg" name="productionRate" refid="_18_5_1_412017e_1516803804302_71094_35023"/><referenceproperty classType="Property" humanType="Reference Property" icon="DiscreteEventLogisticsSystems_files/icon_referenceproperty_1515069432.svg" name="productionType" refid="_18_5_1_412017e_1569952454125_964807_21841"/><adjunctproperty classType="Property" humanType="Adjunct Property" icon="DiscreteEventLogisticsSystems_files/icon_adjunctproperty_181328714.svg" name="relationshipBetween" refid="_18_5_1_412017e_1513346846699_613197_40771"/><connector classType="Connector" humanType="Connector" icon="DiscreteEventLogisticsSystems_files/icon_connector_1226298219.svg" isRelationship="true" name="relationshipBetween" refid="_18_5_1_412017e_1513346956625_907362_40932"/><port classType="Port" humanType="Port" icon="DiscreteEventLogisticsSystems_files/icon_port_931911789.svg" name="releasedResources" refid="_18_4_1_412017e_1481383045817_13047_78901"/><property classType="Property" humanType="Property" icon="DiscreteEventLogisticsSystems_files/icon_property_1353393023.svg" name="requiredByProcess" refid="_18_5_1_412017e_1523469728267_30411_42786"/><referenceproperty classType="Property" humanType="Reference Property" icon="DiscreteEventLogisticsSystems_files/icon_referenceproperty_1515069432.svg" name="requiredByProduct" refid="_18_5_1_412017e_1539954492662_205868_73702"/><referenceproperty classType="Property" humanType="Reference Property" icon="DiscreteEventLogisticsSystems_files/icon_referenceproperty_1515069432.svg" name="resource" refid="_18_5_1_412017e_1513346821609_235715_40602"/><referenceproperty classType="Property" humanType="Reference Property" icon="DiscreteEventLogisticsSystems_files/icon_referenceproperty_1515069432.svg" name="resource" refid="_18_5_1_412017e_1513346821610_288757_40603"/><diagram classType="Diagram" humanType="Diagram" icon="DiscreteEventLogisticsSystems_files/icon_SysML Internal Block Diagram_1195506736.svg" name="Resource" refid="_18_5_1_412017e_1513346936785_578177_40834"/><referenceproperty classType="Property" humanType="Reference Property" icon="DiscreteEventLogisticsSystems_files/icon_referenceproperty_1515069432.svg" name="resourceGroup" refid="_18_5_1_412017e_1513347155050_88697_41078"/><referenceproperty classType="Property" humanType="Reference Property" icon="DiscreteEventLogisticsSystems_files/icon_referenceproperty_1515069432.svg" name="sourceFlowNetwork" refid="_18_5_1_412017e_1513191054925_531915_37681"/><referenceproperty classType="Property" humanType="Reference Property" icon="DiscreteEventLogisticsSystems_files/icon_referenceproperty_1515069432.svg" name="sourceResource" refid="_18_5_1_412017e_1556132665394_77013_23152"/><referenceproperty classType="Property" humanType="Reference Property" icon="DiscreteEventLogisticsSystems_files/icon_referenceproperty_1515069432.svg" name="targetFlowNetwork" refid="_18_5_1_412017e_1513191054926_725262_37682"/><port classType="Port" humanType="Port" icon="DiscreteEventLogisticsSystems_files/icon_port_931911789.svg" name="targetResource" refid="_18_4_1_412017e_1481382981509_101310_78869"/><referenceproperty classType="Property" humanType="Reference Property" icon="DiscreteEventLogisticsSystems_files/icon_referenceproperty_1515069432.svg" name="targetResource" refid="_18_5_1_412017e_1556132665395_334887_23153"/><valueproperty classType="Property" humanType="Value Property" icon="DiscreteEventLogisticsSystems_files/icon_valueproperty_1453643370.svg" name="typeID" refid="_18_5_1_412017e_1550599573275_888863_31610"/><valueproperty classType="Property" humanType="Value Property" icon="DiscreteEventLogisticsSystems_files/icon_valueproperty_1453643370.svg" name="utilization" refid="_18_5_1_412017e_1530281115319_747162_119629"/></member><name humanName="Name" mode="s,e">ChangeState</name><namespace classType="Package" humanName="Namespace" humanType="Package" icon="DiscreteEventLogisticsSystems_files/icon_package_1622863652.svg" name="ControlActuator" refid="_18_0_2_f95033a_1447100029642_211615_29869"/><ownedAttribute humanName="Owned Attribute"><port classType="Port" humanType="Port" icon="DiscreteEventLogisticsSystems_files/icon_port_931911789.svg" name="auxillaryResources" refid="_18_4_1_412017e_1481383009228_850424_78885"/><property classType="Property" humanType="Property" icon="DiscreteEventLogisticsSystems_files/icon_property_1353393023.svg" name="canExecute" refid="_18_4_1_412017e_1491333441036_752736_36461"/><port classType="Port" humanType="Port" icon="DiscreteEventLogisticsSystems_files/icon_port_931911789.svg" name="overheadTask" refid="_18_4_1_412017e_1500045966782_722615_30749"/><port classType="Port" humanType="Port" icon="DiscreteEventLogisticsSystems_files/icon_port_931911789.svg" name="releasedResources" refid="_18_4_1_412017e_1481383045817_13047_78901"/><port classType="Port" humanType="Port" icon="DiscreteEventLogisticsSystems_files/icon_port_931911789.svg" name="targetResource" refid="_18_4_1_412017e_1481382981509_101310_78869"/></ownedAttribute><ownedElement humanName="Owned Element"><generalization classType="Generalization" humanType="Generalization" icon="DiscreteEventLogisticsSystems_files/icon_generalization_1702478809.svg" isRelationship="true" refid="_18_4_1_412017e_1480962268032_250572_75337"/><instancespecification classType="InstanceSpecification" humanType="Instance Specification" icon="DiscreteEventLogisticsSystems_files/icon_instancespecification_13643661.svg" name=" : SysML::Blocks::Block" refid="_18_4_1_412017e_1490986252150_777684_33821"/><port classType="Port" humanType="Port" icon="DiscreteEventLogisticsSystems_files/icon_port_931911789.svg" name="auxillaryResources" refid="_18_4_1_412017e_1481383009228_850424_78885"/><property classType="Property" humanType="Property" icon="DiscreteEventLogisticsSystems_files/icon_property_1353393023.svg" name="canExecute" refid="_18_4_1_412017e_1491333441036_752736_36461"/><operation classType="Operation" humanType="Operation" icon="DiscreteEventLogisticsSystems_files/icon_operation_1319832700.svg" name="ChangeState" refid="_18_5_1_412017e_1540495908230_757570_70055"/><port classType="Port" humanType="Port" icon="DiscreteEventLogisticsSystems_files/icon_port_931911789.svg" name="overheadTask" refid="_18_4_1_412017e_1500045966782_722615_30749"/><port classType="Port" humanType="Port" icon="DiscreteEventLogisticsSystems_files/icon_port_931911789.svg" name="releasedResources" refid="_18_4_1_412017e_1481383045817_13047_78901"/><port classType="Port" humanType="Port" icon="DiscreteEventLogisticsSystems_files/icon_port_931911789.svg" name="targetResource" refid="_18_4_1_412017e_1481382981509_101310_78869"/></ownedElement><ownedMember humanName="Owned Member"><port classType="Port" humanType="Port" icon="DiscreteEventLogisticsSystems_files/icon_port_931911789.svg" name="auxillaryResources" refid="_18_4_1_412017e_1481383009228_850424_78885"/><property classType="Property" humanType="Property" icon="DiscreteEventLogisticsSystems_files/icon_property_1353393023.svg" name="canExecute" refid="_18_4_1_412017e_1491333441036_752736_36461"/><operation classType="Operation" humanType="Operation" icon="DiscreteEventLogisticsSystems_files/icon_operation_1319832700.svg" name="ChangeState" refid="_18_5_1_412017e_1540495908230_757570_70055"/><port classType="Port" humanType="Port" icon="DiscreteEventLogisticsSystems_files/icon_port_931911789.svg" name="overheadTask" refid="_18_4_1_412017e_1500045966782_722615_30749"/><port classType="Port" humanType="Port" icon="DiscreteEventLogisticsSystems_files/icon_port_931911789.svg" name="releasedResources" refid="_18_4_1_412017e_1481383045817_13047_78901"/><port classType="Port" humanType="Port" icon="DiscreteEventLogisticsSystems_files/icon_port_931911789.svg" name="targetResource" refid="_18_4_1_412017e_1481382981509_101310_78869"/></ownedMember><ownedOperation humanName="Owned Operation"><operation classType="Operation" humanType="Operation" icon="DiscreteEventLogisticsSystems_files/icon_operation_1319832700.svg" name="ChangeState" refid="_18_5_1_412017e_1540495908230_757570_70055"/></ownedOperation><ownedPort humanName="Owned Port"><port classType="Port" humanType="Port" icon="DiscreteEventLogisticsSystems_files/icon_port_931911789.svg" name="auxillaryResources" refid="_18_4_1_412017e_1481383009228_850424_78885"/><port classType="Port" humanType="Port" icon="DiscreteEventLogisticsSystems_files/icon_port_931911789.svg" name="overheadTask" refid="_18_4_1_412017e_1500045966782_722615_30749"/><port classType="Port" humanType="Port" icon="DiscreteEventLogisticsSystems_files/icon_port_931911789.svg" name="releasedResources" refid="_18_4_1_412017e_1481383045817_13047_78901"/><port classType="Port" humanType="Port" icon="DiscreteEventLogisticsSystems_files/icon_port_931911789.svg" name="targetResource" refid="_18_4_1_412017e_1481382981509_101310_78869"/></ownedPort><owner classType="Package" humanName="Owner" humanType="Package" icon="DiscreteEventLogisticsSystems_files/icon_package_1622863652.svg" mode="s,e" name="ControlActuator" refid="_18_0_2_f95033a_1447100029642_211615_29869"/><owningPackage classType="Package" humanName="Owning Package" humanType="Package" icon="DiscreteEventLogisticsSystems_files/icon_package_1622863652.svg" name="ControlActuator" refid="_18_0_2_f95033a_1447100029642_211615_29869"/><package classType="Package" humanName="Package" humanType="Package" icon="DiscreteEventLogisticsSystems_files/icon_package_1622863652.svg" name="ControlActuator" refid="_18_0_2_f95033a_1447100029642_211615_29869"/><part humanName="Part"><port classType="Port" humanType="Port" icon="DiscreteEventLogisticsSystems_files/icon_port_931911789.svg" name="auxillaryResources" refid="_18_4_1_412017e_1481383009228_850424_78885"/><port classType="Port" humanType="Port" icon="DiscreteEventLogisticsSystems_files/icon_port_931911789.svg" name="overheadTask" refid="_18_4_1_412017e_1500045966782_722615_30749"/><port classType="Port" humanType="Port" icon="DiscreteEventLogisticsSystems_files/icon_port_931911789.svg" name="releasedResources" refid="_18_4_1_412017e_1481383045817_13047_78901"/><port classType="Port" humanType="Port" icon="DiscreteEventLogisticsSystems_files/icon_port_931911789.svg" name="targetResource" refid="_18_4_1_412017e_1481382981509_101310_78869"/></part><qualifiedName humanName="Qualified Name" mode="e">DiscreteEventLogisticsSystems::PLANT::Resource::ControlActuator::ChangeState</qualifiedName><role humanName="Role"><port classType="Port" humanType="Port" icon="DiscreteEventLogisticsSystems_files/icon_port_931911789.svg" name="auxillaryResources" refid="_18_4_1_412017e_1481383009228_850424_78885"/><property classType="Property" humanType="Property" icon="DiscreteEventLogisticsSystems_files/icon_property_1353393023.svg" name="canExecute" refid="_18_4_1_412017e_1491333441036_752736_36461"/><port classType="Port" humanType="Port" icon="DiscreteEventLogisticsSystems_files/icon_port_931911789.svg" name="overheadTask" refid="_18_4_1_412017e_1500045966782_722615_30749"/><port classType="Port" humanType="Port" icon="DiscreteEventLogisticsSystems_files/icon_port_931911789.svg" name="releasedResources" refid="_18_4_1_412017e_1481383045817_13047_78901"/><port classType="Port" humanType="Port" icon="DiscreteEventLogisticsSystems_files/icon_port_931911789.svg" name="targetResource" refid="_18_4_1_412017e_1481382981509_101310_78869"/></role><superClass humanName="Super Class"><block classType="Class" humanType="Block" icon="DiscreteEventLogisticsSystems_files/icon_block_1372204263.svg" name="Actuator" refid="_18_4_1_412017e_1493314537606_81111_31918"/></superClass><TO_DO humanName="To Do"/><usedAsType humanName="Used As Type"><property classType="Property" humanType="Property" icon="DiscreteEventLogisticsSystems_files/icon_property_1353393023.svg" name=" : PLANT::Resource::ControlActuator::ChangeState" refid="_18_4_1_412017e_1491333451522_922226_36472"/><partproperty classType="Property" humanType="Part Property" icon="DiscreteEventLogisticsSystems_files/icon_partproperty_2110785692.svg" name="setUp" refid="_17_0_4_2_937029c_1469555312311_336251_21177"/></usedAsType><visibility humanName="Visibility">public</visibility><appearsIn><diagram classType="Diagram" humanType="Diagram" icon="DiscreteEventLogisticsSystems_files/icon_SysML Block Definition Diagram_1080813915.svg" name="ChangeStateActuator" refid="_18_4_1_412017e_1481382967165_31022_78815"/><diagram classType="Diagram" humanType="Diagram" icon="DiscreteEventLogisticsSystems_files/icon_SysML Block Definition Diagram_1080813915.svg" name="ControlProcessTaxonomy" refid="_18_4_1_412017e_1480960771359_391012_74930"/></appearsIn></block></magicdraw>