<?xml version="1.0" encoding="UTF-8"?><magicdraw><generalization classType="Generalization" humanType="Generalization" icon="DiscreteEventLogisticsSystems_files/icon_generalization_1702478809.svg" id="_17_0_4_2_937029c_1471893022084_520132_27419"><documentation humanName="Documentation"/><general classType="Class" humanName="General" humanType="Block" icon="DiscreteEventLogisticsSystems_files/icon_block_1951308442.svg" mode="s,e" name="Layout" refid="_17_0_4_2_937029c_1471893021772_756030_27350"/><isSubstitutable humanName="Is Substitutable">true</isSubstitutable><owner classType="Class" humanName="Owner" humanType="Block" icon="DiscreteEventLogisticsSystems_files/icon_block_1951308442.svg" mode="s,e" name="Product-Oriented Layout" refid="_17_0_4_2_937029c_1471893021773_884152_27351"/><relatedElement humanName="Related Element"><block classType="Class" humanType="Block" icon="DiscreteEventLogisticsSystems_files/icon_block_1951308442.svg" name="Layout" refid="_17_0_4_2_937029c_1471893021772_756030_27350"/><block classType="Class" humanType="Block" icon="DiscreteEventLogisticsSystems_files/icon_block_1951308442.svg" name="Product-Oriented Layout" refid="_17_0_4_2_937029c_1471893021773_884152_27351"/></relatedElement><source humanName="Source"><block classType="Class" humanType="Block" icon="DiscreteEventLogisticsSystems_files/icon_block_1951308442.svg" name="Product-Oriented Layout" refid="_17_0_4_2_937029c_1471893021773_884152_27351"/></source><specific classType="Class" humanName="Specific" humanType="Block" icon="DiscreteEventLogisticsSystems_files/icon_block_1951308442.svg" mode="s,e" name="Product-Oriented Layout" refid="_17_0_4_2_937029c_1471893021773_884152_27351"/><target humanName="Target"><block classType="Class" humanType="Block" icon="DiscreteEventLogisticsSystems_files/icon_block_1951308442.svg" name="Layout" refid="_17_0_4_2_937029c_1471893021772_756030_27350"/></target><TO_DO humanName="To Do" mode="s,e"/></generalization></magicdraw>