<?xml version="1.0" encoding="UTF-8"?><magicdraw><association classType="Association" humanType="Association" icon="DiscreteEventLogisticsSystems_files/icon_association_1353675987.svg" id="_17_0_4_2_937029c_1474572617857_711003_16985"><documentation humanName="Documentation"/><endType humanName="End Type"><block classType="Class" humanType="Block" icon="DiscreteEventLogisticsSystems_files/icon_block_1372204263.svg" name="DELS" refid="_18_0_2_f95033a_1447099702589_667150_29711"/><block classType="Class" humanType="Block" icon="DiscreteEventLogisticsSystems_files/icon_block_1372204263.svg" name="Router" refid="_18_0_2_f95033a_1447101325382_69571_30259"/></endType><feature humanName="Feature"><property classType="Property" humanType="Property" icon="DiscreteEventLogisticsSystems_files/icon_property_1353393023.svg" name=" : DELS" refid="_17_0_4_2_937029c_1474572617857_942760_16986"/></feature><isAbstract humanName="Is Abstract">false</isAbstract><isDerived humanName="Is Derived">false</isDerived><isFinalSpecialization humanName="Is Final Specialization">false</isFinalSpecialization><isLeaf humanName="Is Leaf">false</isLeaf><member humanName="Member"><property classType="Property" humanType="Property" icon="DiscreteEventLogisticsSystems_files/icon_property_1353393023.svg" name=" : DELS" refid="_17_0_4_2_937029c_1474572617857_942760_16986"/><partproperty classType="Property" humanType="Part Property" icon="DiscreteEventLogisticsSystems_files/icon_partproperty_2110785692.svg" name="routing" refid="_18_0_2_f95033a_1447101307753_819161_30245"/></member><memberEnd humanName="Member End"><property classType="Property" humanType="Property" icon="DiscreteEventLogisticsSystems_files/icon_property_1353393023.svg" name=" : DELS" refid="_17_0_4_2_937029c_1474572617857_942760_16986"/><partproperty classType="Property" humanType="Part Property" icon="DiscreteEventLogisticsSystems_files/icon_partproperty_2110785692.svg" name="routing" refid="_18_0_2_f95033a_1447101307753_819161_30245"/></memberEnd><name humanName="Name" mode="s,e"/><namespace classType="Model" humanName="Namespace" humanType="Model" icon="DiscreteEventLogisticsSystems_files/icon_model_62531940.svg" name="DiscreteEventLogisticsSystems" refid="_18_0_2_f95033a_1415043921451_496524_18951"/><ownedElement humanName="Owned Element"><property classType="Property" humanType="Property" icon="DiscreteEventLogisticsSystems_files/icon_property_1353393023.svg" name=" : DELS" refid="_17_0_4_2_937029c_1474572617857_942760_16986"/></ownedElement><ownedEnd humanName="Owned End"><property classType="Property" humanType="Property" icon="DiscreteEventLogisticsSystems_files/icon_property_1353393023.svg" name=" : DELS" refid="_17_0_4_2_937029c_1474572617857_942760_16986"/></ownedEnd><ownedMember humanName="Owned Member"><property classType="Property" humanType="Property" icon="DiscreteEventLogisticsSystems_files/icon_property_1353393023.svg" name=" : DELS" refid="_17_0_4_2_937029c_1474572617857_942760_16986"/></ownedMember><owner classType="Model" humanName="Owner" humanType="Model" icon="DiscreteEventLogisticsSystems_files/icon_model_62531940.svg" mode="s,e" name="DiscreteEventLogisticsSystems" refid="_18_0_2_f95033a_1415043921451_496524_18951"/><owningPackage classType="Model" humanName="Owning Package" humanType="Model" icon="DiscreteEventLogisticsSystems_files/icon_model_62531940.svg" name="DiscreteEventLogisticsSystems" refid="_18_0_2_f95033a_1415043921451_496524_18951"/><package classType="Model" humanName="Package" humanType="Model" icon="DiscreteEventLogisticsSystems_files/icon_model_62531940.svg" name="DiscreteEventLogisticsSystems" refid="_18_0_2_f95033a_1415043921451_496524_18951"/><qualifiedName humanName="Qualified Name" mode="e">DiscreteEventLogisticsSystems::</qualifiedName><relatedElement humanName="Related Element"><block classType="Class" humanType="Block" icon="DiscreteEventLogisticsSystems_files/icon_block_1372204263.svg" name="DELS" refid="_18_0_2_f95033a_1447099702589_667150_29711"/><block classType="Class" humanType="Block" icon="DiscreteEventLogisticsSystems_files/icon_block_1372204263.svg" name="Router" refid="_18_0_2_f95033a_1447101325382_69571_30259"/></relatedElement><TO_DO humanName="To Do"/><visibility humanName="Visibility" mode="s,e">public</visibility></association></magicdraw>