<?xml version="1.0" encoding="UTF-8"?><magicdraw><property classType="Property" humanType="Property" icon="DiscreteEventLogisticsSystems_files/icon_property_1353393023.svg" id="_17_0_4_2_937029c_1469545726747_133046_20757"><aggregation humanName="Aggregation" mode="s,e">none</aggregation><UMLClass classType="Activity" humanName="Class" humanType="Activity" icon="DiscreteEventLogisticsSystems_files/icon_activity_1996581403.svg" name="AutomatedProcess" refid="_18_4_1_412017e_1490796420505_617330_30923"/><classifier classType="Activity" humanName="Classifier" humanType="Activity" icon="DiscreteEventLogisticsSystems_files/icon_activity_1996581403.svg" name="AutomatedProcess" refid="_18_4_1_412017e_1490796420505_617330_30923"/><documentation humanName="Documentation"/><effectiveIRI humanName="Effective IRI"/><featuringClassifier classType="Activity" humanName="Featuring Classifier" humanType="Activity" icon="DiscreteEventLogisticsSystems_files/icon_activity_1996581403.svg" name="AutomatedProcess" refid="_18_4_1_412017e_1490796420505_617330_30923"/><isComposite humanName="Is Composite">false</isComposite><isDerived humanName="Is Derived" mode="s,e">false</isDerived><isDerivedUnion humanName="Is Derived Union" mode="e">false</isDerivedUnion><isID humanName="Is ID" mode="e">false</isID><isLeaf humanName="Is Leaf">false</isLeaf><isOrdered humanName="Is Ordered" mode="e">false</isOrdered><isReadOnly humanName="Is Read Only" mode="s,e">false</isReadOnly><isStatic humanName="Is Static" mode="s,e">false</isStatic><isUnique humanName="Is Unique" mode="e">true</isUnique><lower humanName="Lower">0</lower><lowerValue classType="LiteralInteger" humanName="Lower Value" humanType="Literal Integer" icon="DiscreteEventLogisticsSystems_files/icon_literalinteger_213415401.svg" name="0" refid="_17_0_4_2_937029c_1469545726748_917767_20759" text="0"/><multiplicity humanName="Multiplicity" mode="s,e">0</multiplicity><multiplicity humanName="Multiplicity" mode="s,e">0</multiplicity><name humanName="Name" mode="s,e">personnelCapability</name><namespace classType="Activity" humanName="Namespace" humanType="Activity" icon="DiscreteEventLogisticsSystems_files/icon_activity_1996581403.svg" name="AutomatedProcess" refid="_18_4_1_412017e_1490796420505_617330_30923"/><navigable humanName="Navigable">true</navigable><ownedBy classType="Activity" humanName="Owned By" humanType="Activity" icon="DiscreteEventLogisticsSystems_files/icon_activity_1996581403.svg" name="AutomatedProcess" refid="_18_4_1_412017e_1490796420505_617330_30923"/><ownedElement humanName="Owned Element"><literalinteger classType="LiteralInteger" humanType="Literal Integer" icon="DiscreteEventLogisticsSystems_files/icon_literalinteger_213415401.svg" name="0" refid="_17_0_4_2_937029c_1469545726748_917767_20759" text="0"/><literalunlimitednatural classType="LiteralUnlimitedNatural" humanType="Literal Unlimited Natural" icon="DiscreteEventLogisticsSystems_files/icon_literalunlimitednatural_580911462.svg" name="0" refid="_17_0_4_2_937029c_1469545726748_844104_20758" text="0"/></ownedElement><owner classType="Activity" humanName="Owner" humanType="Activity" icon="DiscreteEventLogisticsSystems_files/icon_activity_1996581403.svg" name="AutomatedProcess" refid="_18_4_1_412017e_1490796420505_617330_30923"/><qualifiedName humanName="Qualified Name" mode="e">DiscreteEventLogisticsSystems::PLANT::Process::ISA95ProcessDef::AutomatedProcess::personnelCapability</qualifiedName><redefinedElement humanName="Redefined Element"><property classType="Property" humanType="Property" icon="DiscreteEventLogisticsSystems_files/icon_property_1353393023.svg" name="personnelCapability" refid="_17_0_4_2_937029c_1469545424461_875473_20597"/></redefinedElement><redefinedProperty humanName="Redefined Property" mode="e"><property classType="Property" humanType="Property" icon="DiscreteEventLogisticsSystems_files/icon_property_1353393023.svg" name="personnelCapability" refid="_17_0_4_2_937029c_1469545424461_875473_20597"/></redefinedProperty><redefinitionContext humanName="Redefinition Context"><activity classType="Activity" humanType="Activity" icon="DiscreteEventLogisticsSystems_files/icon_activity_1996581403.svg" name="AutomatedProcess" refid="_18_4_1_412017e_1490796420505_617330_30923"/></redefinitionContext><TO_DO humanName="To Do" mode="s,e"/><type classType="Class" humanName="Type" humanType="Block" icon="DiscreteEventLogisticsSystems_files/icon_block_1951308442.svg" mode="s,e" name="Personnel" refid="_17_0_4_2_937029c_1469545275076_710615_20520"/><TYPE_MODIFIER humanName="Type Modifier" mode="e"/><upper humanName="Upper">0</upper><upperValue classType="LiteralUnlimitedNatural" humanName="Upper Value" humanType="Literal Unlimited Natural" icon="DiscreteEventLogisticsSystems_files/icon_literalunlimitednatural_580911462.svg" name="0" refid="_17_0_4_2_937029c_1469545726748_844104_20758" text="0"/><visibility humanName="Visibility" mode="e">public</visibility><appearsIn><diagram classType="Diagram" humanType="Diagram" icon="DiscreteEventLogisticsSystems_files/icon_SysML Block Definition Diagram_1080813915.svg" name="DELS_ProcessTaxonomy" refid="_17_0_4_2_937029c_1469212883634_378212_18727"/></appearsIn></property></magicdraw>