<?xml version="1.0" encoding="UTF-8"?><magicdraw><opaqueexpression classType="OpaqueExpression" humanType="Opaque Expression" icon="DiscreteEventLogisticsSystems_files/icon_opaqueexpression_106113013.svg" id="_17_0_4_2_937029c_1471893022432_907726_27525"><body humanName="Body" mode="e"><String>self.offset.nDims == Layout.dimensions</String></body><documentation humanName="Documentation"/><name humanName="Name"/><owner classType="Constraint" humanName="Owner" humanType="Constraint" icon="DiscreteEventLogisticsSystems_files/icon_constraint_1917161212.svg" mode="s,e" name="OffsetDimension_imported" refid="_17_0_4_2_937029c_1471893022081_536482_27408"/><owningConstraint classType="Constraint" humanName="Owning Constraint" humanType="Constraint" icon="DiscreteEventLogisticsSystems_files/icon_constraint_1917161212.svg" name="OffsetDimension_imported" refid="_17_0_4_2_937029c_1471893022081_536482_27408"/><qualifiedName humanName="Qualified Name">DiscreteEventLogisticsSystems::PLANT::Facility::Layout::Placement::OffsetDimension_imported::</qualifiedName><text humanName="Text" mode="standard">self.offset.nDims == Layout.dimensions</text><TO_DO humanName="To Do" mode="s,e"/><TYPE_MODIFIER humanName="Type Modifier"/><visibility humanName="Visibility">public</visibility></opaqueexpression></magicdraw>