<?xml version="1.0" encoding="UTF-8"?><magicdraw><instancespecification classType="InstanceSpecification" humanType="Instance Specification" icon="DiscreteEventLogisticsSystems_files/icon_instancespecification_13643661.svg" id="_17_0_4_2_937029c_1471893022484_821142_27761"><classifier humanName="Classifier" mode="s,e"><stereotype classType="Stereotype" humanType="Stereotype" icon="DiscreteEventLogisticsSystems_files/icon_stereotype_111028426.svg" name="ReferenceProperty" refid="_15_0_be00301_1199378032543_992832_3096"/></classifier><documentation humanName="Documentation"/><name humanName="Name" mode="s,e"/><owner classType="Property" humanName="Owner" humanType="Reference Property" icon="DiscreteEventLogisticsSystems_files/icon_referenceproperty_111028426.svg" mode="s,e" name="endpoint" refid="_17_0_4_2_937029c_1471893022473_616594_27687"/><qualifiedName humanName="Qualified Name" mode="e">DiscreteEventLogisticsSystems::PLANT::Facility::Layout::LayoutSemanticsToAbstractANetwork::PathIntersection::Tshaped Intersection::endpoint::</qualifiedName><stereotypedElement classType="Property" humanName="Stereotyped Element" humanType="Reference Property" icon="DiscreteEventLogisticsSystems_files/icon_referenceproperty_111028426.svg" name="endpoint" refid="_17_0_4_2_937029c_1471893022473_616594_27687"/><TO_DO humanName="To Do" mode="s,e"/><visibility humanName="Visibility">public</visibility></instancespecification></magicdraw>