<?xml version="1.0" encoding="UTF-8"?><magicdraw><property classType="Property" humanType="Property" icon="DiscreteEventLogisticsSystems_files/icon_property_1353393023.svg" id="_17_0_4_2_937029c_1471893022422_412697_27515"><aggregation humanName="Aggregation" mode="s,e">none</aggregation><classifier classType="DataType" humanName="Classifier" humanType="Value Type" icon="DiscreteEventLogisticsSystems_files/icon_valuetype_766030553.svg" name="SquareMatrixOfReals" refid="_17_0_4_2_937029c_1471893021785_998880_27373"/><datatype classType="DataType" humanName="Datatype" humanType="Value Type" icon="DiscreteEventLogisticsSystems_files/icon_valuetype_766030553.svg" name="SquareMatrixOfReals" refid="_17_0_4_2_937029c_1471893021785_998880_27373"/><documentation humanName="Documentation"/><effectiveIRI humanName="Effective IRI"/><featuringClassifier classType="DataType" humanName="Featuring Classifier" humanType="Value Type" icon="DiscreteEventLogisticsSystems_files/icon_valuetype_766030553.svg" name="SquareMatrixOfReals" refid="_17_0_4_2_937029c_1471893021785_998880_27373"/><isComposite humanName="Is Composite">false</isComposite><isDerived humanName="Is Derived" mode="s,e">false</isDerived><isDerivedUnion humanName="Is Derived Union" mode="e">false</isDerivedUnion><isID humanName="Is ID" mode="e">false</isID><isLeaf humanName="Is Leaf">false</isLeaf><isOrdered humanName="Is Ordered" mode="e">false</isOrdered><isReadOnly humanName="Is Read Only" mode="s,e">false</isReadOnly><isStatic humanName="Is Static" mode="s,e">false</isStatic><isUnique humanName="Is Unique" mode="e">true</isUnique><lower humanName="Lower">0</lower><lowerValue classType="LiteralString" humanName="Lower Value" humanType="Literal String" icon="DiscreteEventLogisticsSystems_files/icon_literalstring_741790983.svg" name="self.nDims * self.nDims" refid="_17_0_4_2_937029c_1471893022468_37786_27649" text="self.nDims * self.nDims"/><multiplicity humanName="Multiplicity" mode="s,e">self.nDims * self.nDims</multiplicity><multiplicity humanName="Multiplicity" mode="s,e">self.nDims * self.nDims</multiplicity><name humanName="Name" mode="s,e">elements</name><namespace classType="DataType" humanName="Namespace" humanType="Value Type" icon="DiscreteEventLogisticsSystems_files/icon_valuetype_766030553.svg" name="SquareMatrixOfReals" refid="_17_0_4_2_937029c_1471893021785_998880_27373"/><navigable humanName="Navigable">true</navigable><ownedBy classType="DataType" humanName="Owned By" humanType="Value Type" icon="DiscreteEventLogisticsSystems_files/icon_valuetype_766030553.svg" name="SquareMatrixOfReals" refid="_17_0_4_2_937029c_1471893021785_998880_27373"/><ownedElement humanName="Owned Element"><literalstring classType="LiteralString" humanType="Literal String" icon="DiscreteEventLogisticsSystems_files/icon_literalstring_741790983.svg" name="self.nDims * self.nDims" refid="_17_0_4_2_937029c_1471893022468_37786_27649" text="self.nDims * self.nDims"/><literalstring classType="LiteralString" humanType="Literal String" icon="DiscreteEventLogisticsSystems_files/icon_literalstring_741790983.svg" name="self.nDims * self.nDims" refid="_17_0_4_2_937029c_1471893022468_379004_27648" text="self.nDims * self.nDims"/></ownedElement><owner classType="DataType" humanName="Owner" humanType="Value Type" icon="DiscreteEventLogisticsSystems_files/icon_valuetype_766030553.svg" name="SquareMatrixOfReals" refid="_17_0_4_2_937029c_1471893021785_998880_27373"/><qualifiedName humanName="Qualified Name" mode="e">DiscreteEventLogisticsSystems::PLANT::Facility::Layout::Geometry::SquareMatrixOfReals::elements</qualifiedName><redefinitionContext humanName="Redefinition Context"><valuetype classType="DataType" humanType="Value Type" icon="DiscreteEventLogisticsSystems_files/icon_valuetype_766030553.svg" name="SquareMatrixOfReals" refid="_17_0_4_2_937029c_1471893021785_998880_27373"/></redefinitionContext><TO_DO humanName="To Do" mode="s,e"/><type classType="DataType" humanName="Type" humanType="Value Type" icon="DiscreteEventLogisticsSystems_files/icon_valuetype_766030553.svg" mode="s,e" name="Real" refid="_11_5EAPbeta_be00301_1147431819399_50461_1671"/><TYPE_MODIFIER humanName="Type Modifier" mode="e"/><upper humanName="Upper">-1</upper><upperValue classType="LiteralString" humanName="Upper Value" humanType="Literal String" icon="DiscreteEventLogisticsSystems_files/icon_literalstring_741790983.svg" name="self.nDims * self.nDims" refid="_17_0_4_2_937029c_1471893022468_379004_27648" text="self.nDims * self.nDims"/><visibility humanName="Visibility" mode="e">public</visibility><appearsIn><diagram classType="Diagram" humanType="Diagram" icon="DiscreteEventLogisticsSystems_files/icon_SysML Block Definition Diagram_1080813915.svg" name="Geometry" refid="_17_0_4_2_937029c_1471893022060_530983_27387"/></appearsIn></property></magicdraw>