<?xml version="1.0" encoding="UTF-8"?><magicdraw><slot classType="Slot" humanType="Slot" icon="AutomotiveCaseStudy_files/icon_slot_780071655.svg" id="00619276-2d3e-4d9d-b4a9-e3a887c3c8e7"><definingFeature classType="Property" humanName="Defining Feature" humanType="Property" icon="AutomotiveCaseStudy_files/icon_property_3315346.svg" mode="s,e" name="Text" refid="276f8ce5-69de-4660-87a3-7a7b5d0e6546"/><documentation humanName="Documentation"/><ownedElement humanName="Owned Element"><literalstring classType="LiteralString" humanType="Literal String" icon="AutomotiveCaseStudy_files/icon_literalstring_242907379.svg" name="Percentage of orders delivered in an undamaged state that meet specification, have the correct configuration, are faultlessly installed (as applicable) and accepted by the customer." refid="71af9d50-a871-4c7e-b86a-171b5a96502c" text="Percentage of orders delivered in an undamaged state that meet specification, have the correct&#10;configuration, are faultlessly installed (as applicable) and accepted by the customer."/></ownedElement><owner classType="InstanceSpecification" humanName="Owner" humanType="Instance Specification" icon="AutomotiveCaseStudy_files/icon_instancespecification_13643661.svg" mode="s,e" name=" : SysML::Non-Normative Extensions::Requirement::performanceRequirement" refid="11c8fdcf-2130-47dc-8aa3-e8dbb7195a01"/><owningInstance classType="InstanceSpecification" humanName="Owning Instance" humanType="Instance Specification" icon="AutomotiveCaseStudy_files/icon_instancespecification_13643661.svg" name=" : SysML::Non-Normative Extensions::Requirement::performanceRequirement" refid="11c8fdcf-2130-47dc-8aa3-e8dbb7195a01"/><TO_DO humanName="To Do" mode="s,e"/><value humanName="Value" mode="s,e"><literalstring classType="LiteralString" humanType="Literal String" icon="AutomotiveCaseStudy_files/icon_literalstring_242907379.svg" name="Percentage of orders delivered in an undamaged state that meet specification, have the correct configuration, are faultlessly installed (as applicable) and accepted by the customer." refid="71af9d50-a871-4c7e-b86a-171b5a96502c" text="Percentage of orders delivered in an undamaged state that meet specification, have the correct&#10;configuration, are faultlessly installed (as applicable) and accepted by the customer."/></value></slot></magicdraw>