<?xml version="1.0" encoding="UTF-8"?><magicdraw><literalstring classType="LiteralString" humanType="Literal String" icon="AutomotiveCaseStudy_files/icon_literalstring_2037275532.svg" id="016cda7d-8ca4-4947-b529-3fd14fb1edff"><documentation humanName="Documentation"/><name humanName="Name"/><owner classType="Slot" humanName="Owner" humanType="Slot" icon="AutomotiveCaseStudy_files/icon_slot_355231286.svg" mode="e" refid="9c8d6f90-6c5a-41a8-b0f6-676b8cc36d95"/><owningSlot classType="Slot" humanName="Owning Slot" humanType="Slot" icon="AutomotiveCaseStudy_files/icon_slot_355231286.svg" refid="9c8d6f90-6c5a-41a8-b0f6-676b8cc36d95"/><qualifiedName humanName="Qualified Name"/><text humanName="Text" mode="standard">36.6</text><TO_DO humanName="To Do"/><TYPE_MODIFIER humanName="Type Modifier"/><value humanName="Value" mode="s,e">36.6</value><visibility humanName="Visibility">public</visibility></literalstring></magicdraw>