<?xml version="1.0" encoding="UTF-8"?><magicdraw><activity classType="Activity" humanType="Activity" icon="AutomotiveCaseStudy_files/icon_activity_1372094206.svg" id="023c4ee6-2c69-4fa2-9f0d-0960e60e940a"><documentation humanName="Documentation"/><isAbstract humanName="Is Abstract">false</isAbstract><isActive humanName="Is Active">false</isActive><isFinalSpecialization humanName="Is Final Specialization">false</isFinalSpecialization><isLeaf humanName="Is Leaf">false</isLeaf><isReadOnly humanName="Is Read Only" mode="s,e">false</isReadOnly><isReentrant humanName="Is Reentrant">true</isReentrant><isSingleExecution humanName="Is Single Execution" mode="s,e">false</isSingleExecution><member humanName="Member"><activity classType="Activity" humanType="Activity" icon="AutomotiveCaseStudy_files/icon_activity_1372094206.svg" name="Deliver" refid="aefddf7b-04fb-40a0-8163-187c24fedadc"/><activity classType="Activity" humanType="Activity" icon="AutomotiveCaseStudy_files/icon_activity_1372094206.svg" name="Make" refid="b06816c2-9c75-4d9c-bb9c-3fbf2fb9647f"/><activity classType="Activity" humanType="Activity" icon="AutomotiveCaseStudy_files/icon_activity_1372094206.svg" name="Source" refid="c3af0866-8b86-48b4-8083-f5cd85cb25a1"/></member><name humanName="Name" mode="s,e">Operation</name><namespace classType="Package" humanName="Namespace" humanType="Package" icon="AutomotiveCaseStudy_files/icon_package_1622863652.svg" name="3 - Behaviors - pkg (mission ops / functional rqts)" refid="95f01347-a201-4386-b902-05c5e4048669"/><ownedBehavior humanName="Owned Behavior"><activity classType="Activity" humanType="Activity" icon="AutomotiveCaseStudy_files/icon_activity_1372094206.svg" name="Deliver" refid="aefddf7b-04fb-40a0-8163-187c24fedadc"/><activity classType="Activity" humanType="Activity" icon="AutomotiveCaseStudy_files/icon_activity_1372094206.svg" name="Make" refid="b06816c2-9c75-4d9c-bb9c-3fbf2fb9647f"/><activity classType="Activity" humanType="Activity" icon="AutomotiveCaseStudy_files/icon_activity_1372094206.svg" name="Source" refid="c3af0866-8b86-48b4-8083-f5cd85cb25a1"/></ownedBehavior><ownedElement humanName="Owned Element"><activity classType="Activity" humanType="Activity" icon="AutomotiveCaseStudy_files/icon_activity_1372094206.svg" name="Deliver" refid="aefddf7b-04fb-40a0-8163-187c24fedadc"/><activity classType="Activity" humanType="Activity" icon="AutomotiveCaseStudy_files/icon_activity_1372094206.svg" name="Make" refid="b06816c2-9c75-4d9c-bb9c-3fbf2fb9647f"/><activity classType="Activity" humanType="Activity" icon="AutomotiveCaseStudy_files/icon_activity_1372094206.svg" name="Source" refid="c3af0866-8b86-48b4-8083-f5cd85cb25a1"/></ownedElement><ownedMember humanName="Owned Member"><activity classType="Activity" humanType="Activity" icon="AutomotiveCaseStudy_files/icon_activity_1372094206.svg" name="Deliver" refid="aefddf7b-04fb-40a0-8163-187c24fedadc"/><activity classType="Activity" humanType="Activity" icon="AutomotiveCaseStudy_files/icon_activity_1372094206.svg" name="Make" refid="b06816c2-9c75-4d9c-bb9c-3fbf2fb9647f"/><activity classType="Activity" humanType="Activity" icon="AutomotiveCaseStudy_files/icon_activity_1372094206.svg" name="Source" refid="c3af0866-8b86-48b4-8083-f5cd85cb25a1"/></ownedMember><owner classType="Package" humanName="Owner" humanType="Package" icon="AutomotiveCaseStudy_files/icon_package_1622863652.svg" mode="s,e" name="3 - Behaviors - pkg (mission ops / functional rqts)" refid="95f01347-a201-4386-b902-05c5e4048669"/><owningPackage classType="Package" humanName="Owning Package" humanType="Package" icon="AutomotiveCaseStudy_files/icon_package_1622863652.svg" name="3 - Behaviors - pkg (mission ops / functional rqts)" refid="95f01347-a201-4386-b902-05c5e4048669"/><package classType="Package" humanName="Package" humanType="Package" icon="AutomotiveCaseStudy_files/icon_package_1622863652.svg" name="3 - Behaviors - pkg (mission ops / functional rqts)" refid="95f01347-a201-4386-b902-05c5e4048669"/><participatesInActivity humanName="Participates In Activity"><activity classType="Activity" humanType="Activity" icon="AutomotiveCaseStudy_files/icon_activity_1372094206.svg" name="Deliver" refid="aefddf7b-04fb-40a0-8163-187c24fedadc"/><activity classType="Activity" humanType="Activity" icon="AutomotiveCaseStudy_files/icon_activity_1372094206.svg" name="Make" refid="b06816c2-9c75-4d9c-bb9c-3fbf2fb9647f"/><activity classType="Activity" humanType="Activity" icon="AutomotiveCaseStudy_files/icon_activity_1372094206.svg" name="Source" refid="c3af0866-8b86-48b4-8083-f5cd85cb25a1"/></participatesInActivity><qualifiedName humanName="Qualified Name" mode="e">0 - Automotive Production Mission Reference Architecture::3 - Behaviors - pkg (mission ops / functional rqts)::Operation</qualifiedName><TO_DO humanName="To Do" mode="s,e"/><visibility humanName="Visibility">public</visibility></activity></magicdraw>