<?xml version="1.0" encoding="UTF-8"?><magicdraw><literalstring classType="LiteralString" humanType="Literal String" icon="AutomotiveCaseStudy_files/icon_literalstring_242907379.svg" id="0266d800-c943-4db4-80c5-dad8375f542a"><documentation humanName="Documentation"/><name humanName="Name"/><owner classType="Slot" humanName="Owner" humanType="Slot" icon="AutomotiveCaseStudy_files/icon_slot_780071655.svg" mode="e" refid="b90e2806-188e-4bb1-8f73-d3b550524c1c"/><owningSlot classType="Slot" humanName="Owning Slot" humanType="Slot" icon="AutomotiveCaseStudy_files/icon_slot_780071655.svg" refid="b90e2806-188e-4bb1-8f73-d3b550524c1c"/><qualifiedName humanName="Qualified Name"/><text humanName="Text" mode="standard">QPROP:Element:SatisfiedBy</text><TO_DO humanName="To Do"/><TYPE_MODIFIER humanName="Type Modifier"/><value humanName="Value" mode="s,e">QPROP:Element:SatisfiedBy</value><visibility humanName="Visibility">public</visibility></literalstring></magicdraw>