<?xml version="1.0" encoding="UTF-8"?><magicdraw><package classType="Package" humanType="Package" icon="AutomotiveCaseStudy_files/icon_package_1622863652.svg" id="02b61958-5ac5-4d58-ab80-cb141f56a3a2"><documentation humanName="Documentation"/><member humanName="Member"><diagram classType="Diagram" humanType="Diagram" icon="AutomotiveCaseStudy_files/icon_Requirement Table_1662400542.svg" name="1.1 - Business Function Needs" refid="0fed21b3-5e59-41f2-9c98-bcbf8c88a332"/><diagram classType="Diagram" humanType="Diagram" icon="AutomotiveCaseStudy_files/icon_Requirement Table_1662400542.svg" name="1.1 - Business Function Objectives " refid="d09730c7-0527-4624-9085-fef571fc5e39"/><stereotype classType="Stereotype" humanType="Stereotype" icon="AutomotiveCaseStudy_files/icon_stereotype_918307166.svg" name="BusinessNeed" refid="4cce7d79-4385-4ec0-880d-a7840666ef63"/><stereotype classType="Stereotype" humanType="Stereotype" icon="AutomotiveCaseStudy_files/icon_stereotype_918307166.svg" name="BusinessObjective" refid="5a84eeb1-48d5-4af4-9501-7af9640ecbca"/><extension classType="Extension" humanType="Extension" icon="AutomotiveCaseStudy_files/icon_extension_2842364.svg" isRelationship="true" name="Extension[extension_BusinessObjective:0 - Automotive Production Mission Reference Architecture::1 - Business Function Concept pkg::1.1 - Business Function Needs &amp; Objectives pkg::BusinessObjective - base_Class:UML Standard Profile::UML2 Metamodel::Class]" refid="6373110c-e070-4567-a47a-a63f125be1cc"/><extension classType="Extension" humanType="Extension" icon="AutomotiveCaseStudy_files/icon_extension_2842364.svg" isRelationship="true" name="Extension[extension_unnamed1:0 - Automotive Production Mission Reference Architecture::1 - Business Function Concept pkg::1.1 - Business Function Needs &amp; Objectives pkg::BusinessNeed - base_Class:UML Standard Profile::UML2 Metamodel::Class]" refid="ba8bb2b0-d91b-45d1-ab78-ea0e52b51874"/><class classType="Class" humanType="Class" icon="AutomotiveCaseStudy_files/icon_class_1682619279.svg" name="TopLevelBusinessNeed" refid="6fbc5b13-aebf-41d8-97c9-2763abbcf2e4"/><class classType="Class" humanType="Class" icon="AutomotiveCaseStudy_files/icon_class_1682619279.svg" name="TopLevelBusinessObjective" refid="b1e72a88-c5df-4b1a-a3c0-6e2a3877a09c"/></member><name humanName="Name" mode="s,e">1.1 - Business Function Needs &amp; Objectives pkg</name><namespace classType="Package" humanName="Namespace" humanType="Package" icon="AutomotiveCaseStudy_files/icon_package_1622863652.svg" name="1 - Business Function Concept pkg" refid="d2aae795-86c3-4a6e-9276-fe0db243feec"/><nestingPackage classType="Package" humanName="Nesting Package" humanType="Package" icon="AutomotiveCaseStudy_files/icon_package_1622863652.svg" name="1 - Business Function Concept pkg" refid="d2aae795-86c3-4a6e-9276-fe0db243feec"/><ownedComment humanName="Owned Comment"><comment classType="Comment" humanType="Comment" icon="AutomotiveCaseStudy_files/icon_comment_1472036907.svg" refid="c7567983-70fd-4376-89b3-8d887ac999f2"/></ownedComment><ownedDiagram humanName="Owned Diagram"><diagram classType="Diagram" humanType="Diagram" icon="AutomotiveCaseStudy_files/icon_Requirement Table_1662400542.svg" name="1.1 - Business Function Needs" refid="0fed21b3-5e59-41f2-9c98-bcbf8c88a332"/><diagram classType="Diagram" humanType="Diagram" icon="AutomotiveCaseStudy_files/icon_Requirement Table_1662400542.svg" name="1.1 - Business Function Objectives " refid="d09730c7-0527-4624-9085-fef571fc5e39"/></ownedDiagram><ownedElement humanName="Owned Element"><comment classType="Comment" humanType="Comment" icon="AutomotiveCaseStudy_files/icon_comment_1472036907.svg" refid="c7567983-70fd-4376-89b3-8d887ac999f2"/><diagram classType="Diagram" humanType="Diagram" icon="AutomotiveCaseStudy_files/icon_Requirement Table_1662400542.svg" name="1.1 - Business Function Needs" refid="0fed21b3-5e59-41f2-9c98-bcbf8c88a332"/><diagram classType="Diagram" humanType="Diagram" icon="AutomotiveCaseStudy_files/icon_Requirement Table_1662400542.svg" name="1.1 - Business Function Objectives " refid="d09730c7-0527-4624-9085-fef571fc5e39"/><stereotype classType="Stereotype" humanType="Stereotype" icon="AutomotiveCaseStudy_files/icon_stereotype_918307166.svg" name="BusinessNeed" refid="4cce7d79-4385-4ec0-880d-a7840666ef63"/><stereotype classType="Stereotype" humanType="Stereotype" icon="AutomotiveCaseStudy_files/icon_stereotype_918307166.svg" name="BusinessObjective" refid="5a84eeb1-48d5-4af4-9501-7af9640ecbca"/><extension classType="Extension" humanType="Extension" icon="AutomotiveCaseStudy_files/icon_extension_2842364.svg" isRelationship="true" name="Extension[extension_BusinessObjective:0 - Automotive Production Mission Reference Architecture::1 - Business Function Concept pkg::1.1 - Business Function Needs &amp; Objectives pkg::BusinessObjective - base_Class:UML Standard Profile::UML2 Metamodel::Class]" refid="6373110c-e070-4567-a47a-a63f125be1cc"/><extension classType="Extension" humanType="Extension" icon="AutomotiveCaseStudy_files/icon_extension_2842364.svg" isRelationship="true" name="Extension[extension_unnamed1:0 - Automotive Production Mission Reference Architecture::1 - Business Function Concept pkg::1.1 - Business Function Needs &amp; Objectives pkg::BusinessNeed - base_Class:UML Standard Profile::UML2 Metamodel::Class]" refid="ba8bb2b0-d91b-45d1-ab78-ea0e52b51874"/><class classType="Class" humanType="Class" icon="AutomotiveCaseStudy_files/icon_class_1682619279.svg" name="TopLevelBusinessNeed" refid="6fbc5b13-aebf-41d8-97c9-2763abbcf2e4"/><class classType="Class" humanType="Class" icon="AutomotiveCaseStudy_files/icon_class_1682619279.svg" name="TopLevelBusinessObjective" refid="b1e72a88-c5df-4b1a-a3c0-6e2a3877a09c"/></ownedElement><ownedMember humanName="Owned Member"><diagram classType="Diagram" humanType="Diagram" icon="AutomotiveCaseStudy_files/icon_Requirement Table_1662400542.svg" name="1.1 - Business Function Needs" refid="0fed21b3-5e59-41f2-9c98-bcbf8c88a332"/><diagram classType="Diagram" humanType="Diagram" icon="AutomotiveCaseStudy_files/icon_Requirement Table_1662400542.svg" name="1.1 - Business Function Objectives " refid="d09730c7-0527-4624-9085-fef571fc5e39"/><stereotype classType="Stereotype" humanType="Stereotype" icon="AutomotiveCaseStudy_files/icon_stereotype_918307166.svg" name="BusinessNeed" refid="4cce7d79-4385-4ec0-880d-a7840666ef63"/><stereotype classType="Stereotype" humanType="Stereotype" icon="AutomotiveCaseStudy_files/icon_stereotype_918307166.svg" name="BusinessObjective" refid="5a84eeb1-48d5-4af4-9501-7af9640ecbca"/><extension classType="Extension" humanType="Extension" icon="AutomotiveCaseStudy_files/icon_extension_2842364.svg" isRelationship="true" name="Extension[extension_BusinessObjective:0 - Automotive Production Mission Reference Architecture::1 - Business Function Concept pkg::1.1 - Business Function Needs &amp; Objectives pkg::BusinessObjective - base_Class:UML Standard Profile::UML2 Metamodel::Class]" refid="6373110c-e070-4567-a47a-a63f125be1cc"/><extension classType="Extension" humanType="Extension" icon="AutomotiveCaseStudy_files/icon_extension_2842364.svg" isRelationship="true" name="Extension[extension_unnamed1:0 - Automotive Production Mission Reference Architecture::1 - Business Function Concept pkg::1.1 - Business Function Needs &amp; Objectives pkg::BusinessNeed - base_Class:UML Standard Profile::UML2 Metamodel::Class]" refid="ba8bb2b0-d91b-45d1-ab78-ea0e52b51874"/><class classType="Class" humanType="Class" icon="AutomotiveCaseStudy_files/icon_class_1682619279.svg" name="TopLevelBusinessNeed" refid="6fbc5b13-aebf-41d8-97c9-2763abbcf2e4"/><class classType="Class" humanType="Class" icon="AutomotiveCaseStudy_files/icon_class_1682619279.svg" name="TopLevelBusinessObjective" refid="b1e72a88-c5df-4b1a-a3c0-6e2a3877a09c"/></ownedMember><ownedStereotype humanName="Owned Stereotype"><stereotype classType="Stereotype" humanType="Stereotype" icon="AutomotiveCaseStudy_files/icon_stereotype_918307166.svg" name="BusinessNeed" refid="4cce7d79-4385-4ec0-880d-a7840666ef63"/><stereotype classType="Stereotype" humanType="Stereotype" icon="AutomotiveCaseStudy_files/icon_stereotype_918307166.svg" name="BusinessObjective" refid="5a84eeb1-48d5-4af4-9501-7af9640ecbca"/></ownedStereotype><ownedType humanName="Owned Type"><stereotype classType="Stereotype" humanType="Stereotype" icon="AutomotiveCaseStudy_files/icon_stereotype_918307166.svg" name="BusinessNeed" refid="4cce7d79-4385-4ec0-880d-a7840666ef63"/><stereotype classType="Stereotype" humanType="Stereotype" icon="AutomotiveCaseStudy_files/icon_stereotype_918307166.svg" name="BusinessObjective" refid="5a84eeb1-48d5-4af4-9501-7af9640ecbca"/><extension classType="Extension" humanType="Extension" icon="AutomotiveCaseStudy_files/icon_extension_2842364.svg" isRelationship="true" name="Extension[extension_BusinessObjective:0 - Automotive Production Mission Reference Architecture::1 - Business Function Concept pkg::1.1 - Business Function Needs &amp; Objectives pkg::BusinessObjective - base_Class:UML Standard Profile::UML2 Metamodel::Class]" refid="6373110c-e070-4567-a47a-a63f125be1cc"/><extension classType="Extension" humanType="Extension" icon="AutomotiveCaseStudy_files/icon_extension_2842364.svg" isRelationship="true" name="Extension[extension_unnamed1:0 - Automotive Production Mission Reference Architecture::1 - Business Function Concept pkg::1.1 - Business Function Needs &amp; Objectives pkg::BusinessNeed - base_Class:UML Standard Profile::UML2 Metamodel::Class]" refid="ba8bb2b0-d91b-45d1-ab78-ea0e52b51874"/><class classType="Class" humanType="Class" icon="AutomotiveCaseStudy_files/icon_class_1682619279.svg" name="TopLevelBusinessNeed" refid="6fbc5b13-aebf-41d8-97c9-2763abbcf2e4"/><class classType="Class" humanType="Class" icon="AutomotiveCaseStudy_files/icon_class_1682619279.svg" name="TopLevelBusinessObjective" refid="b1e72a88-c5df-4b1a-a3c0-6e2a3877a09c"/></ownedType><owner classType="Package" humanName="Owner" humanType="Package" icon="AutomotiveCaseStudy_files/icon_package_1622863652.svg" mode="s,e" name="1 - Business Function Concept pkg" refid="d2aae795-86c3-4a6e-9276-fe0db243feec"/><owningPackage classType="Package" humanName="Owning Package" humanType="Package" icon="AutomotiveCaseStudy_files/icon_package_1622863652.svg" name="1 - Business Function Concept pkg" refid="d2aae795-86c3-4a6e-9276-fe0db243feec"/><packagedElement humanName="Packaged Element"><stereotype classType="Stereotype" humanType="Stereotype" icon="AutomotiveCaseStudy_files/icon_stereotype_918307166.svg" name="BusinessNeed" refid="4cce7d79-4385-4ec0-880d-a7840666ef63"/><stereotype classType="Stereotype" humanType="Stereotype" icon="AutomotiveCaseStudy_files/icon_stereotype_918307166.svg" name="BusinessObjective" refid="5a84eeb1-48d5-4af4-9501-7af9640ecbca"/><extension classType="Extension" humanType="Extension" icon="AutomotiveCaseStudy_files/icon_extension_2842364.svg" isRelationship="true" name="Extension[extension_BusinessObjective:0 - Automotive Production Mission Reference Architecture::1 - Business Function Concept pkg::1.1 - Business Function Needs &amp; Objectives pkg::BusinessObjective - base_Class:UML Standard Profile::UML2 Metamodel::Class]" refid="6373110c-e070-4567-a47a-a63f125be1cc"/><extension classType="Extension" humanType="Extension" icon="AutomotiveCaseStudy_files/icon_extension_2842364.svg" isRelationship="true" name="Extension[extension_unnamed1:0 - Automotive Production Mission Reference Architecture::1 - Business Function Concept pkg::1.1 - Business Function Needs &amp; Objectives pkg::BusinessNeed - base_Class:UML Standard Profile::UML2 Metamodel::Class]" refid="ba8bb2b0-d91b-45d1-ab78-ea0e52b51874"/><class classType="Class" humanType="Class" icon="AutomotiveCaseStudy_files/icon_class_1682619279.svg" name="TopLevelBusinessNeed" refid="6fbc5b13-aebf-41d8-97c9-2763abbcf2e4"/><class classType="Class" humanType="Class" icon="AutomotiveCaseStudy_files/icon_class_1682619279.svg" name="TopLevelBusinessObjective" refid="b1e72a88-c5df-4b1a-a3c0-6e2a3877a09c"/></packagedElement><qualifiedName humanName="Qualified Name" mode="e">0 - Automotive Production Mission Reference Architecture::1 - Business Function Concept pkg::1.1 - Business Function Needs &amp; Objectives pkg</qualifiedName><TO_DO humanName="To Do" mode="s,e"/><URI humanName="URI" mode="e"/><visibility humanName="Visibility">public</visibility></package></magicdraw>