<?xml version="1.0" encoding="UTF-8"?><magicdraw><package classType="Package" humanType="Package" icon="AutomotiveCaseStudy_files/icon_package_1622863652.svg" id="02b61958-5ac5-4d58-ab80-cb141f56a3a2"><documentation humanName="Documentation"/><name humanName="Name" mode="s,e">1.3 - Mission Needs pkg</name><namespace classType="Package" humanName="Namespace" humanType="Package" icon="AutomotiveCaseStudy_files/icon_package_1622863652.svg" name="1 - Mission Stakeholders pkg" refid="d2aae795-86c3-4a6e-9276-fe0db243feec"/><nestingPackage classType="Package" humanName="Nesting Package" humanType="Package" icon="AutomotiveCaseStudy_files/icon_package_1622863652.svg" name="1 - Mission Stakeholders pkg" refid="d2aae795-86c3-4a6e-9276-fe0db243feec"/><owner classType="Package" humanName="Owner" humanType="Package" icon="AutomotiveCaseStudy_files/icon_package_1622863652.svg" mode="s,e" name="1 - Mission Stakeholders pkg" refid="d2aae795-86c3-4a6e-9276-fe0db243feec"/><owningPackage classType="Package" humanName="Owning Package" humanType="Package" icon="AutomotiveCaseStudy_files/icon_package_1622863652.svg" name="1 - Mission Stakeholders pkg" refid="d2aae795-86c3-4a6e-9276-fe0db243feec"/><qualifiedName humanName="Qualified Name" mode="e">0 - Automotive Production Mission Reference Architecture::1 - Mission Stakeholders pkg::1.3 - Mission Needs pkg</qualifiedName><TO_DO humanName="To Do" mode="s,e"/><URI humanName="URI" mode="e"/><visibility humanName="Visibility">public</visibility></package></magicdraw>