<?xml version="1.0" encoding="UTF-8"?><magicdraw><slot classType="Slot" humanType="Slot" icon="AutomotiveCaseStudy_files/icon_slot_355231286.svg" id="02b87ed2-c95b-4053-bbeb-171f793a1145"><definingFeature classType="Property" humanName="Defining Feature" humanType="Property" icon="AutomotiveCaseStudy_files/icon_property_2135874046.svg" mode="s,e" name="treatAsAuxiliaryInOwningProject" refid="6901cd52-b8f4-47ec-b06e-7341e016ce2a"/><documentation humanName="Documentation"/><ownedElement humanName="Owned Element"><literalboolean classType="LiteralBoolean" humanType="Literal Boolean" icon="AutomotiveCaseStudy_files/icon_literalboolean_361379623.svg" name="true" refid="354bdfa3-5ec2-46e9-b606-2b2b2e95872f" text="true"/></ownedElement><owner classType="InstanceSpecification" humanName="Owner" humanType="Instance Specification" icon="AutomotiveCaseStudy_files/icon_instancespecification_13643661.svg" mode="s,e" name=" : UML Standard Profile::MagicDraw Profile::additionalPackageImport" refid="21cddff4-faf5-4f18-bb63-7f7a63867950"/><owningInstance classType="InstanceSpecification" humanName="Owning Instance" humanType="Instance Specification" icon="AutomotiveCaseStudy_files/icon_instancespecification_13643661.svg" name=" : UML Standard Profile::MagicDraw Profile::additionalPackageImport" refid="21cddff4-faf5-4f18-bb63-7f7a63867950"/><TO_DO humanName="To Do" mode="s,e"/><value humanName="Value" mode="s,e"><literalboolean classType="LiteralBoolean" humanType="Literal Boolean" icon="AutomotiveCaseStudy_files/icon_literalboolean_361379623.svg" name="true" refid="354bdfa3-5ec2-46e9-b606-2b2b2e95872f" text="true"/></value></slot></magicdraw>