<?xml version="1.0" encoding="UTF-8"?><magicdraw><literalstring classType="LiteralString" humanType="Literal String" icon="AutomotiveCaseStudy_files/icon_literalstring_242907379.svg" id="02d7fa58-81b5-4c8d-9ccb-1531cfde95bb"><documentation humanName="Documentation"/><name humanName="Name"/><owner classType="Slot" humanName="Owner" humanType="Slot" icon="AutomotiveCaseStudy_files/icon_slot_780071655.svg" mode="e" refid="4f58f333-d607-49b9-8cb8-a9ca33ba1d41"/><owningSlot classType="Slot" humanName="Owning Slot" humanType="Slot" icon="AutomotiveCaseStudy_files/icon_slot_780071655.svg" refid="4f58f333-d607-49b9-8cb8-a9ca33ba1d41"/><qualifiedName humanName="Qualified Name"/><text humanName="Text" mode="standard">52</text><TO_DO humanName="To Do"/><TYPE_MODIFIER humanName="Type Modifier"/><value humanName="Value" mode="s,e">52</value><visibility humanName="Visibility">public</visibility></literalstring></magicdraw>