<?xml version="1.0" encoding="UTF-8"?><magicdraw><slot classType="Slot" humanType="Slot" icon="AutomotiveCaseStudy_files/icon_slot_780071655.svg" id="0300aad1-9ccb-41d4-b1fd-14543de9f9b8"><definingFeature classType="Property" humanName="Defining Feature" humanType="Property" icon="AutomotiveCaseStudy_files/icon_property_3315346.svg" mode="s,e" name="hideColumns" refid="ce902ee2-4fad-435b-bb20-0e49736178a3"/><documentation humanName="Documentation"/><ownedElement humanName="Owned Element"><literalstring classType="LiteralString" humanType="Literal String" icon="AutomotiveCaseStudy_files/icon_literalstring_242907379.svg" name="QPROP:Element:Derived" refid="08c59947-94a8-432b-b4e3-bb5cae68cb81" text="QPROP:Element:Derived"/><literalstring classType="LiteralString" humanType="Literal String" icon="AutomotiveCaseStudy_files/icon_literalstring_242907379.svg" name="QPROP:Element:DerivedFrom" refid="858a0b4d-0b81-4b35-b330-a8ba7b308eb5" text="QPROP:Element:DerivedFrom"/><literalstring classType="LiteralString" humanType="Literal String" icon="AutomotiveCaseStudy_files/icon_literalstring_242907379.svg" name="QPROP:Element:documentation" refid="ee9ffdc8-25a3-4a50-8a30-a94a78068bf1" text="QPROP:Element:documentation"/><literalstring classType="LiteralString" humanType="Literal String" icon="AutomotiveCaseStudy_files/icon_literalstring_242907379.svg" name="QPROP:Element:Id" refid="bc3fbe9b-a54c-437e-93ab-18771d60adf4" text="QPROP:Element:Id"/><literalstring classType="LiteralString" humanType="Literal String" icon="AutomotiveCaseStudy_files/icon_literalstring_242907379.svg" name="QPROP:Element:Master" refid="ba2d1418-b1f1-4ed4-9d5c-891f4f1b38dc" text="QPROP:Element:Master"/><literalstring classType="LiteralString" humanType="Literal String" icon="AutomotiveCaseStudy_files/icon_literalstring_242907379.svg" name="QPROP:Element:owner" refid="e362a65b-7b7d-4418-a5bb-79889756a708" text="QPROP:Element:owner"/><literalstring classType="LiteralString" humanType="Literal String" icon="AutomotiveCaseStudy_files/icon_literalstring_242907379.svg" name="QPROP:Element:RefinedBy" refid="a9ebea8e-b277-4238-8aa7-f70016dd8753" text="QPROP:Element:RefinedBy"/><literalstring classType="LiteralString" humanType="Literal String" icon="AutomotiveCaseStudy_files/icon_literalstring_242907379.svg" name="QPROP:Element:risk" refid="a04cb69a-8b1f-4694-b387-5201267ca342" text="QPROP:Element:risk"/><literalstring classType="LiteralString" humanType="Literal String" icon="AutomotiveCaseStudy_files/icon_literalstring_242907379.svg" name="QPROP:Element:SatisfiedBy" refid="e33eef2b-29ee-4323-85d0-9ea6ad72a369" text="QPROP:Element:SatisfiedBy"/><literalstring classType="LiteralString" humanType="Literal String" icon="AutomotiveCaseStudy_files/icon_literalstring_242907379.svg" name="QPROP:Element:source" refid="42d03a29-f292-4160-8911-a7a426e2da14" text="QPROP:Element:source"/><literalstring classType="LiteralString" humanType="Literal String" icon="AutomotiveCaseStudy_files/icon_literalstring_242907379.svg" name="QPROP:Element:TracedTo" refid="02776218-3de3-48f9-9471-eacc857dd16a" text="QPROP:Element:TracedTo"/><literalstring classType="LiteralString" humanType="Literal String" icon="AutomotiveCaseStudy_files/icon_literalstring_242907379.svg" name="QPROP:Element:VerifiedBy" refid="ea48d252-b5ff-4200-8a99-8b8d3310c8e8" text="QPROP:Element:VerifiedBy"/><literalstring classType="LiteralString" humanType="Literal String" icon="AutomotiveCaseStudy_files/icon_literalstring_242907379.svg" name="QPROP:Element:verifyMethod" refid="2aff1ee6-537c-4541-9ff8-abab3021354a" text="QPROP:Element:verifyMethod"/></ownedElement><owner classType="InstanceSpecification" humanName="Owner" humanType="Instance Specification" icon="AutomotiveCaseStudy_files/icon_instancespecification_13643661.svg" mode="s,e" name=" : MD Customization for Requirements::additional_stereotypes::RequirementTable, UML Standard Profile::MagicDraw Profile::DiagramTable, UML Standard Profile::MagicDraw Profile::DiagramInfo" refid="506548ae-66c7-41d1-9fdd-207c242f088b"/><owningInstance classType="InstanceSpecification" humanName="Owning Instance" humanType="Instance Specification" icon="AutomotiveCaseStudy_files/icon_instancespecification_13643661.svg" name=" : MD Customization for Requirements::additional_stereotypes::RequirementTable, UML Standard Profile::MagicDraw Profile::DiagramTable, UML Standard Profile::MagicDraw Profile::DiagramInfo" refid="506548ae-66c7-41d1-9fdd-207c242f088b"/><TO_DO humanName="To Do" mode="s,e"/><value humanName="Value" mode="s,e"><literalstring classType="LiteralString" humanType="Literal String" icon="AutomotiveCaseStudy_files/icon_literalstring_242907379.svg" name="QPROP:Element:Derived" refid="08c59947-94a8-432b-b4e3-bb5cae68cb81" text="QPROP:Element:Derived"/><literalstring classType="LiteralString" humanType="Literal String" icon="AutomotiveCaseStudy_files/icon_literalstring_242907379.svg" name="QPROP:Element:DerivedFrom" refid="858a0b4d-0b81-4b35-b330-a8ba7b308eb5" text="QPROP:Element:DerivedFrom"/><literalstring classType="LiteralString" humanType="Literal String" icon="AutomotiveCaseStudy_files/icon_literalstring_242907379.svg" name="QPROP:Element:documentation" refid="ee9ffdc8-25a3-4a50-8a30-a94a78068bf1" text="QPROP:Element:documentation"/><literalstring classType="LiteralString" humanType="Literal String" icon="AutomotiveCaseStudy_files/icon_literalstring_242907379.svg" name="QPROP:Element:Id" refid="bc3fbe9b-a54c-437e-93ab-18771d60adf4" text="QPROP:Element:Id"/><literalstring classType="LiteralString" humanType="Literal String" icon="AutomotiveCaseStudy_files/icon_literalstring_242907379.svg" name="QPROP:Element:Master" refid="ba2d1418-b1f1-4ed4-9d5c-891f4f1b38dc" text="QPROP:Element:Master"/><literalstring classType="LiteralString" humanType="Literal String" icon="AutomotiveCaseStudy_files/icon_literalstring_242907379.svg" name="QPROP:Element:owner" refid="e362a65b-7b7d-4418-a5bb-79889756a708" text="QPROP:Element:owner"/><literalstring classType="LiteralString" humanType="Literal String" icon="AutomotiveCaseStudy_files/icon_literalstring_242907379.svg" name="QPROP:Element:RefinedBy" refid="a9ebea8e-b277-4238-8aa7-f70016dd8753" text="QPROP:Element:RefinedBy"/><literalstring classType="LiteralString" humanType="Literal String" icon="AutomotiveCaseStudy_files/icon_literalstring_242907379.svg" name="QPROP:Element:risk" refid="a04cb69a-8b1f-4694-b387-5201267ca342" text="QPROP:Element:risk"/><literalstring classType="LiteralString" humanType="Literal String" icon="AutomotiveCaseStudy_files/icon_literalstring_242907379.svg" name="QPROP:Element:SatisfiedBy" refid="e33eef2b-29ee-4323-85d0-9ea6ad72a369" text="QPROP:Element:SatisfiedBy"/><literalstring classType="LiteralString" humanType="Literal String" icon="AutomotiveCaseStudy_files/icon_literalstring_242907379.svg" name="QPROP:Element:source" refid="42d03a29-f292-4160-8911-a7a426e2da14" text="QPROP:Element:source"/><literalstring classType="LiteralString" humanType="Literal String" icon="AutomotiveCaseStudy_files/icon_literalstring_242907379.svg" name="QPROP:Element:TracedTo" refid="02776218-3de3-48f9-9471-eacc857dd16a" text="QPROP:Element:TracedTo"/><literalstring classType="LiteralString" humanType="Literal String" icon="AutomotiveCaseStudy_files/icon_literalstring_242907379.svg" name="QPROP:Element:VerifiedBy" refid="ea48d252-b5ff-4200-8a99-8b8d3310c8e8" text="QPROP:Element:VerifiedBy"/><literalstring classType="LiteralString" humanType="Literal String" icon="AutomotiveCaseStudy_files/icon_literalstring_242907379.svg" name="QPROP:Element:verifyMethod" refid="2aff1ee6-537c-4541-9ff8-abab3021354a" text="QPROP:Element:verifyMethod"/></value></slot></magicdraw>