<?xml version="1.0" encoding="UTF-8"?><magicdraw><literalboolean classType="LiteralBoolean" humanType="Literal Boolean" icon="AutomotiveCaseStudy_files/icon_literalboolean_361379623.svg" id="03d68c58-4dec-4227-83d3-b6101c491563"><documentation humanName="Documentation"/><name humanName="Name"/><owner classType="Slot" humanName="Owner" humanType="Slot" icon="AutomotiveCaseStudy_files/icon_slot_355231286.svg" mode="e" refid="6b4790f2-7ec0-4ebe-8576-8357e7eb5c5a"/><owningSlot classType="Slot" humanName="Owning Slot" humanType="Slot" icon="AutomotiveCaseStudy_files/icon_slot_355231286.svg" refid="6b4790f2-7ec0-4ebe-8576-8357e7eb5c5a"/><qualifiedName humanName="Qualified Name"/><text humanName="Text" mode="standard">true</text><TO_DO humanName="To Do"/><TYPE_MODIFIER humanName="Type Modifier"/><value humanName="Value" mode="s,e">true</value><visibility humanName="Visibility">public</visibility></literalboolean></magicdraw>