<?xml version="1.0" encoding="UTF-8"?><magicdraw><slot classType="Slot" humanType="Slot" icon="AutomotiveCaseStudy_files/icon_slot_780071655.svg" id="042b9f69-5f4a-4640-9605-e0aa72384952"><definingFeature classType="Property" humanName="Defining Feature" humanType="Property" icon="AutomotiveCaseStudy_files/icon_property_3315346.svg" mode="s,e" name="Id" refid="70e95e23-9dc9-4211-a8bd-e6c40992cdbc"/><documentation humanName="Documentation"/><ownedElement humanName="Owned Element"><literalstring classType="LiteralString" humanType="Literal String" icon="AutomotiveCaseStudy_files/icon_literalstring_242907379.svg" name="66.3" refid="60926385-f805-4a72-9f93-c7b75828d35a" text="66.3"/></ownedElement><owner classType="InstanceSpecification" humanName="Owner" humanType="Instance Specification" icon="AutomotiveCaseStudy_files/icon_instancespecification_13643661.svg" mode="s,e" name=" : 0 - Automotive Production Mission Reference Architecture::1 - Business Function Concept pkg::1.1 - Business Function Needs &amp; Objectives pkg::BusinessNeed" refid="0fa2fe1d-de12-42ff-abb3-bf8582eea756"/><owningInstance classType="InstanceSpecification" humanName="Owning Instance" humanType="Instance Specification" icon="AutomotiveCaseStudy_files/icon_instancespecification_13643661.svg" name=" : 0 - Automotive Production Mission Reference Architecture::1 - Business Function Concept pkg::1.1 - Business Function Needs &amp; Objectives pkg::BusinessNeed" refid="0fa2fe1d-de12-42ff-abb3-bf8582eea756"/><TO_DO humanName="To Do" mode="s,e"/><value humanName="Value" mode="s,e"><literalstring classType="LiteralString" humanType="Literal String" icon="AutomotiveCaseStudy_files/icon_literalstring_242907379.svg" name="66.3" refid="60926385-f805-4a72-9f93-c7b75828d35a" text="66.3"/></value></slot></magicdraw>