<?xml version="1.0" encoding="UTF-8"?><magicdraw><literalstring classType="LiteralString" humanType="Literal String" icon="AutomotiveCaseStudy_files/icon_literalstring_242907379.svg" id="0488d3e0-16e9-4da4-b169-0c5963e64427"><documentation humanName="Documentation"/><name humanName="Name"/><owner classType="Slot" humanName="Owner" humanType="Slot" icon="AutomotiveCaseStudy_files/icon_slot_780071655.svg" mode="e" refid="05835b0b-4fd3-4d71-9438-132c0e17fb7d"/><owningSlot classType="Slot" humanName="Owning Slot" humanType="Slot" icon="AutomotiveCaseStudy_files/icon_slot_780071655.svg" refid="05835b0b-4fd3-4d71-9438-132c0e17fb7d"/><qualifiedName humanName="Qualified Name"/><text humanName="Text" mode="standard">66.1</text><TO_DO humanName="To Do"/><TYPE_MODIFIER humanName="Type Modifier"/><value humanName="Value" mode="s,e">66.1</value><visibility humanName="Visibility">public</visibility></literalstring></magicdraw>