<?xml version="1.0" encoding="UTF-8"?><magicdraw><slot classType="Slot" humanType="Slot" icon="AutomotiveCaseStudy_files/icon_slot_355231286.svg" id="05835b0b-4fd3-4d71-9438-132c0e17fb7d"><definingFeature classType="Property" humanName="Defining Feature" humanType="Property" icon="AutomotiveCaseStudy_files/icon_property_2135874046.svg" mode="s,e" name="Id" refid="70e95e23-9dc9-4211-a8bd-e6c40992cdbc"/><documentation humanName="Documentation"/><ownedElement humanName="Owned Element"><literalstring classType="LiteralString" humanType="Literal String" icon="AutomotiveCaseStudy_files/icon_literalstring_2037275532.svg" name="66.1" refid="0488d3e0-16e9-4da4-b169-0c5963e64427" text="66.1"/></ownedElement><owner classType="InstanceSpecification" humanName="Owner" humanType="Instance Specification" icon="AutomotiveCaseStudy_files/icon_instancespecification_13643661.svg" mode="s,e" name=" : 0 - Automotive Production Mission Reference Architecture::1 - Stakeholders pkg::1.1 - Business Function pkg::1.1.2 Needs &amp; Objectives pkg::BusinessNeed" refid="48ed9f40-506a-4404-8810-45546619b9b5"/><owningInstance classType="InstanceSpecification" humanName="Owning Instance" humanType="Instance Specification" icon="AutomotiveCaseStudy_files/icon_instancespecification_13643661.svg" name=" : 0 - Automotive Production Mission Reference Architecture::1 - Stakeholders pkg::1.1 - Business Function pkg::1.1.2 Needs &amp; Objectives pkg::BusinessNeed" refid="48ed9f40-506a-4404-8810-45546619b9b5"/><TO_DO humanName="To Do" mode="s,e"/><value humanName="Value" mode="s,e"><literalstring classType="LiteralString" humanType="Literal String" icon="AutomotiveCaseStudy_files/icon_literalstring_2037275532.svg" name="66.1" refid="0488d3e0-16e9-4da4-b169-0c5963e64427" text="66.1"/></value></slot></magicdraw>