<?xml version="1.0" encoding="UTF-8"?><magicdraw><instancevalue classType="InstanceValue" humanType="Instance Value" icon="AutomotiveCaseStudy_files/icon_instancevalue_44686208.svg" id="06167b74-c758-4304-851a-99fade850b2f"><documentation humanName="Documentation"/><instance classType="EnumerationLiteral" humanName="Instance" humanType="Enumeration Literal" icon="AutomotiveCaseStudy_files/icon_enumerationliteral_922279371.svg" mode="s,e" name="Compact tree" refid="68f734ee-30a2-4c32-b4d5-892367493775"/><name humanName="Name"/><owner classType="Slot" humanName="Owner" humanType="Slot" icon="AutomotiveCaseStudy_files/icon_slot_780071655.svg" refid="bfd4715d-8c42-473e-b2ec-fb28badcf150"/><owningSlot classType="Slot" humanName="Owning Slot" humanType="Slot" icon="AutomotiveCaseStudy_files/icon_slot_780071655.svg" refid="bfd4715d-8c42-473e-b2ec-fb28badcf150"/><qualifiedName humanName="Qualified Name" mode="e"/><text humanName="Text" mode="standard">Compact tree</text><TO_DO humanName="To Do"/><TYPE_MODIFIER humanName="Type Modifier"/><visibility humanName="Visibility">public</visibility></instancevalue></magicdraw>