<?xml version="1.0" encoding="UTF-8"?><magicdraw><literalstring classType="LiteralString" humanType="Literal String" icon="AutomotiveCaseStudy_files/icon_literalstring_2037275532.svg" id="06768d85-69e7-4028-9119-4f454a986918"><documentation humanName="Documentation"/><name humanName="Name"/><owner classType="Slot" humanName="Owner" humanType="Slot" icon="AutomotiveCaseStudy_files/icon_slot_355231286.svg" mode="e" refid="26bc24fc-9ef0-418a-a20c-54555c7dfa63"/><owningSlot classType="Slot" humanName="Owning Slot" humanType="Slot" icon="AutomotiveCaseStudy_files/icon_slot_355231286.svg" refid="26bc24fc-9ef0-418a-a20c-54555c7dfa63"/><qualifiedName humanName="Qualified Name"/><text humanName="Text" mode="standard">QPROP:Element:name^Asc</text><TO_DO humanName="To Do"/><TYPE_MODIFIER humanName="Type Modifier"/><value humanName="Value" mode="s,e">QPROP:Element:name^Asc</value><visibility humanName="Visibility">public</visibility></literalstring></magicdraw>