<?xml version="1.0" encoding="UTF-8"?><magicdraw><literalstring classType="LiteralString" humanType="Literal String" icon="AutomotiveCaseStudy_files/icon_literalstring_2037275532.svg" id="077e0aeb-e4eb-43d4-91da-c3460f6ccfea"><documentation humanName="Documentation"/><name humanName="Name"/><owner classType="Slot" humanName="Owner" humanType="Slot" icon="AutomotiveCaseStudy_files/icon_slot_355231286.svg" mode="e" refid="70bee20e-9ae4-46a0-8c5d-180a1d5ce020"/><owningSlot classType="Slot" humanName="Owning Slot" humanType="Slot" icon="AutomotiveCaseStudy_files/icon_slot_355231286.svg" refid="70bee20e-9ae4-46a0-8c5d-180a1d5ce020"/><qualifiedName humanName="Qualified Name"/><text humanName="Text" mode="standard"/><TO_DO humanName="To Do"/><TYPE_MODIFIER humanName="Type Modifier"/><value humanName="Value" mode="s,e"/><visibility humanName="Visibility">public</visibility></literalstring></magicdraw>