<?xml version="1.0" encoding="UTF-8"?><magicdraw><slot classType="Slot" humanType="Slot" icon="AutomotiveCaseStudy_files/icon_slot_355231286.svg" id="089dc342-7ff9-4f68-b9b2-65a3cc6a2c84"><definingFeature classType="Property" humanName="Defining Feature" humanType="Property" icon="AutomotiveCaseStudy_files/icon_property_2135874046.svg" mode="s,e" name="Modification date" refid="eb997445-7ef5-44cc-8ecf-52c04d5a3c1b"/><documentation humanName="Documentation"/><ownedElement humanName="Owned Element"><literalstring classType="LiteralString" humanType="Literal String" icon="AutomotiveCaseStudy_files/icon_literalstring_2037275532.svg" name="5/1/20 10:51 AM" refid="efc8b491-f694-4a52-ad6a-c7b4ad86b038" text="5/1/20 10:51 AM"/></ownedElement><owner classType="InstanceSpecification" humanName="Owner" humanType="Instance Specification" icon="AutomotiveCaseStudy_files/icon_instancespecification_13643661.svg" mode="s,e" name=" : UML Standard Profile::MagicDraw Profile::DiagramInfo" refid="3c9dc6e0-aae4-4d9d-bd0b-3ae350f62651"/><owningInstance classType="InstanceSpecification" humanName="Owning Instance" humanType="Instance Specification" icon="AutomotiveCaseStudy_files/icon_instancespecification_13643661.svg" name=" : UML Standard Profile::MagicDraw Profile::DiagramInfo" refid="3c9dc6e0-aae4-4d9d-bd0b-3ae350f62651"/><TO_DO humanName="To Do" mode="s,e"/><value humanName="Value" mode="s,e"><literalstring classType="LiteralString" humanType="Literal String" icon="AutomotiveCaseStudy_files/icon_literalstring_2037275532.svg" name="5/1/20 10:51 AM" refid="efc8b491-f694-4a52-ad6a-c7b4ad86b038" text="5/1/20 10:51 AM"/></value></slot></magicdraw>