<?xml version="1.0" encoding="UTF-8"?><magicdraw><slot classType="Slot" humanType="Slot" icon="AutomotiveCaseStudy_files/icon_slot_780071655.svg" id="08a543ee-4a6d-47a1-b211-29fe45cf1a3f"><definingFeature classType="Property" humanName="Defining Feature" humanType="Property" icon="AutomotiveCaseStudy_files/icon_property_3315346.svg" mode="s,e" name="Creation date" refid="d64585ee-fa79-48fd-b878-a451791c8ed4"/><documentation humanName="Documentation"/><ownedElement humanName="Owned Element"><literalstring classType="LiteralString" humanType="Literal String" icon="AutomotiveCaseStudy_files/icon_literalstring_242907379.svg" name="4/10/20 10:03 AM" refid="27168223-22ee-4db4-bbbb-2c26a28caae7" text="4/10/20 10:03 AM"/></ownedElement><owner classType="InstanceSpecification" humanName="Owner" humanType="Instance Specification" icon="AutomotiveCaseStudy_files/icon_instancespecification_13643661.svg" mode="s,e" name=" : MD Customization for Requirements::additional_stereotypes::RequirementTable, UML Standard Profile::MagicDraw Profile::DiagramTable, UML Standard Profile::MagicDraw Profile::DiagramInfo" refid="71024529-329c-4f81-830f-e083d5f9e343"/><owningInstance classType="InstanceSpecification" humanName="Owning Instance" humanType="Instance Specification" icon="AutomotiveCaseStudy_files/icon_instancespecification_13643661.svg" name=" : MD Customization for Requirements::additional_stereotypes::RequirementTable, UML Standard Profile::MagicDraw Profile::DiagramTable, UML Standard Profile::MagicDraw Profile::DiagramInfo" refid="71024529-329c-4f81-830f-e083d5f9e343"/><TO_DO humanName="To Do" mode="s,e"/><value humanName="Value" mode="s,e"><literalstring classType="LiteralString" humanType="Literal String" icon="AutomotiveCaseStudy_files/icon_literalstring_242907379.svg" name="4/10/20 10:03 AM" refid="27168223-22ee-4db4-bbbb-2c26a28caae7" text="4/10/20 10:03 AM"/></value></slot></magicdraw>