<?xml version="1.0" encoding="UTF-8"?><magicdraw><literalstring classType="LiteralString" humanType="Literal String" icon="AutomotiveCaseStudy_files/icon_literalstring_2037275532.svg" id="091daff1-2d4f-4767-8cd9-94477e478680"><documentation humanName="Documentation"/><name humanName="Name"/><owner classType="Slot" humanName="Owner" humanType="Slot" icon="AutomotiveCaseStudy_files/icon_slot_355231286.svg" mode="e" refid="4ccc317d-b7f3-462b-804c-651b935ae59e"/><owningSlot classType="Slot" humanName="Owning Slot" humanType="Slot" icon="AutomotiveCaseStudy_files/icon_slot_355231286.svg" refid="4ccc317d-b7f3-462b-804c-651b935ae59e"/><qualifiedName humanName="Qualified Name"/><text humanName="Text" mode="standard">41</text><TO_DO humanName="To Do"/><TYPE_MODIFIER humanName="Type Modifier"/><value humanName="Value" mode="s,e">41</value><visibility humanName="Visibility">public</visibility></literalstring></magicdraw>