<?xml version="1.0" encoding="UTF-8"?><magicdraw><literalinteger classType="LiteralInteger" humanType="Literal Integer" icon="AutomotiveCaseStudy_files/icon_literalinteger_1097231278.svg" id="091f2eed-5599-4516-90f5-a8447e7327d1"><documentation humanName="Documentation"/><name humanName="Name"/><owner classType="Slot" humanName="Owner" humanType="Slot" icon="AutomotiveCaseStudy_files/icon_slot_355231286.svg" mode="e" refid="be4ff76f-155e-451e-9191-32276f0776ca"/><owningSlot classType="Slot" humanName="Owning Slot" humanType="Slot" icon="AutomotiveCaseStudy_files/icon_slot_355231286.svg" refid="be4ff76f-155e-451e-9191-32276f0776ca"/><qualifiedName humanName="Qualified Name"/><text humanName="Text" mode="standard">500</text><TO_DO humanName="To Do"/><TYPE_MODIFIER humanName="Type Modifier"/><value humanName="Value" mode="s,e">500</value><visibility humanName="Visibility">public</visibility></literalinteger></magicdraw>