<?xml version="1.0" encoding="UTF-8"?><magicdraw><literalstring classType="LiteralString" humanType="Literal String" icon="AutomotiveCaseStudy_files/icon_literalstring_2037275532.svg" id="0a8494b7-8314-4548-9a92-a90779bb2110"><documentation humanName="Documentation"/><name humanName="Name"/><owner classType="Slot" humanName="Owner" humanType="Slot" icon="AutomotiveCaseStudy_files/icon_slot_355231286.svg" mode="e" refid="ff8adec0-991b-4481-afee-0af690876017"/><owningSlot classType="Slot" humanName="Owning Slot" humanType="Slot" icon="AutomotiveCaseStudy_files/icon_slot_355231286.svg" refid="ff8adec0-991b-4481-afee-0af690876017"/><qualifiedName humanName="Qualified Name"/><text humanName="Text" mode="standard"> </text><TO_DO humanName="To Do"/><TYPE_MODIFIER humanName="Type Modifier"/><value humanName="Value" mode="s,e"> </value><visibility humanName="Visibility">public</visibility></literalstring></magicdraw>