<?xml version="1.0" encoding="UTF-8"?><magicdraw><slot classType="Slot" humanType="Slot" icon="AutomotiveCaseStudy_files/icon_slot_780071655.svg" id="0ad4625d-66e9-43ee-b71f-b7202eaf819d"><definingFeature classType="Property" humanName="Defining Feature" humanType="Property" icon="AutomotiveCaseStudy_files/icon_property_3315346.svg" mode="s,e" name="Text" refid="276f8ce5-69de-4660-87a3-7a7b5d0e6546"/><documentation humanName="Documentation"/><ownedElement humanName="Owned Element"><literalstring classType="LiteralString" humanType="Literal String" icon="AutomotiveCaseStudy_files/icon_literalstring_242907379.svg" name="What is the inspection criteria?" refid="5d04433f-9c75-423e-bfd4-4347e7948302" text="What is the inspection criteria?"/></ownedElement><owner classType="InstanceSpecification" humanName="Owner" humanType="Instance Specification" icon="AutomotiveCaseStudy_files/icon_instancespecification_13643661.svg" mode="s,e" name=" : 0 - Automotive Production Mission Reference Architecture::1 - Mission Stakeholders pkg::1.1 - Mission Stakeholders pkg::StakeholderConcern" refid="021b186b-48f2-4e46-97ba-06b39f2d08e0"/><owningInstance classType="InstanceSpecification" humanName="Owning Instance" humanType="Instance Specification" icon="AutomotiveCaseStudy_files/icon_instancespecification_13643661.svg" name=" : 0 - Automotive Production Mission Reference Architecture::1 - Mission Stakeholders pkg::1.1 - Mission Stakeholders pkg::StakeholderConcern" refid="021b186b-48f2-4e46-97ba-06b39f2d08e0"/><TO_DO humanName="To Do" mode="s,e"/><value humanName="Value" mode="s,e"><literalstring classType="LiteralString" humanType="Literal String" icon="AutomotiveCaseStudy_files/icon_literalstring_242907379.svg" name="What is the inspection criteria?" refid="5d04433f-9c75-423e-bfd4-4347e7948302" text="What is the inspection criteria?"/></value></slot></magicdraw>