<?xml version="1.0" encoding="UTF-8"?><magicdraw><package classType="Package" humanType="Package" icon="AutomotiveCaseStudy_files/icon_package_1622863652.svg" id="0b4447b5-9d17-484c-8a1f-9e5f504cb467"><documentation humanName="Documentation"/><member humanName="Member"><diagram classType="Diagram" humanType="Diagram" icon="AutomotiveCaseStudy_files/icon_SysML Use Case Diagram_1781568760.svg" name="Business Function Use Cases" refid="53a0c206-0be2-4ca7-9101-ab2f0384a84b"/><package classType="Package" humanType="Package" icon="AutomotiveCaseStudy_files/icon_package_1622863652.svg" name="Operational Use Cases" refid="b1c4ed7b-6950-4957-bc70-1351df1b7928"/></member><name humanName="Name" mode="s,e">1.4 - Use Cases pkg</name><namespace classType="Package" humanName="Namespace" humanType="Package" icon="AutomotiveCaseStudy_files/icon_package_1622863652.svg" name="1 - Business Function Concept pkg" refid="d2aae795-86c3-4a6e-9276-fe0db243feec"/><nestedPackage humanName="Nested Package"><package classType="Package" humanType="Package" icon="AutomotiveCaseStudy_files/icon_package_1622863652.svg" name="Operational Use Cases" refid="b1c4ed7b-6950-4957-bc70-1351df1b7928"/></nestedPackage><nestingPackage classType="Package" humanName="Nesting Package" humanType="Package" icon="AutomotiveCaseStudy_files/icon_package_1622863652.svg" name="1 - Business Function Concept pkg" refid="d2aae795-86c3-4a6e-9276-fe0db243feec"/><ownedComment humanName="Owned Comment"><comment classType="Comment" humanType="Comment" icon="AutomotiveCaseStudy_files/icon_comment_1472036907.svg" refid="387c44ac-2794-49e3-ba5b-bf3369da3cf4"/></ownedComment><ownedDiagram humanName="Owned Diagram"><diagram classType="Diagram" humanType="Diagram" icon="AutomotiveCaseStudy_files/icon_SysML Use Case Diagram_1781568760.svg" name="Business Function Use Cases" refid="53a0c206-0be2-4ca7-9101-ab2f0384a84b"/></ownedDiagram><ownedElement humanName="Owned Element"><comment classType="Comment" humanType="Comment" icon="AutomotiveCaseStudy_files/icon_comment_1472036907.svg" refid="387c44ac-2794-49e3-ba5b-bf3369da3cf4"/><diagram classType="Diagram" humanType="Diagram" icon="AutomotiveCaseStudy_files/icon_SysML Use Case Diagram_1781568760.svg" name="Business Function Use Cases" refid="53a0c206-0be2-4ca7-9101-ab2f0384a84b"/><package classType="Package" humanType="Package" icon="AutomotiveCaseStudy_files/icon_package_1622863652.svg" name="Operational Use Cases" refid="b1c4ed7b-6950-4957-bc70-1351df1b7928"/></ownedElement><ownedMember humanName="Owned Member"><diagram classType="Diagram" humanType="Diagram" icon="AutomotiveCaseStudy_files/icon_SysML Use Case Diagram_1781568760.svg" name="Business Function Use Cases" refid="53a0c206-0be2-4ca7-9101-ab2f0384a84b"/><package classType="Package" humanType="Package" icon="AutomotiveCaseStudy_files/icon_package_1622863652.svg" name="Operational Use Cases" refid="b1c4ed7b-6950-4957-bc70-1351df1b7928"/></ownedMember><owner classType="Package" humanName="Owner" humanType="Package" icon="AutomotiveCaseStudy_files/icon_package_1622863652.svg" mode="s,e" name="1 - Business Function Concept pkg" refid="d2aae795-86c3-4a6e-9276-fe0db243feec"/><owningPackage classType="Package" humanName="Owning Package" humanType="Package" icon="AutomotiveCaseStudy_files/icon_package_1622863652.svg" name="1 - Business Function Concept pkg" refid="d2aae795-86c3-4a6e-9276-fe0db243feec"/><packagedElement humanName="Packaged Element"><package classType="Package" humanType="Package" icon="AutomotiveCaseStudy_files/icon_package_1622863652.svg" name="Operational Use Cases" refid="b1c4ed7b-6950-4957-bc70-1351df1b7928"/></packagedElement><qualifiedName humanName="Qualified Name" mode="e">0 - Automotive Production Mission Reference Architecture::1 - Business Function Concept pkg::1.4 - Use Cases pkg</qualifiedName><TO_DO humanName="To Do" mode="s,e"/><URI humanName="URI" mode="e"/><visibility humanName="Visibility">public</visibility></package></magicdraw>