<?xml version="1.0" encoding="UTF-8"?><magicdraw><literalstring classType="LiteralString" humanType="Literal String" icon="AutomotiveCaseStudy_files/icon_literalstring_2037275532.svg" id="0b6eba73-b147-4715-842f-0e5017fe4f42"><documentation humanName="Documentation"/><name humanName="Name"/><owner classType="Slot" humanName="Owner" humanType="Slot" icon="AutomotiveCaseStudy_files/icon_slot_355231286.svg" mode="e" refid="9ab893c9-bebd-488f-b2a5-1b4e32991cd5"/><owningSlot classType="Slot" humanName="Owning Slot" humanType="Slot" icon="AutomotiveCaseStudy_files/icon_slot_355231286.svg" refid="9ab893c9-bebd-488f-b2a5-1b4e32991cd5"/><qualifiedName humanName="Qualified Name"/><text humanName="Text" mode="standard">QPROP:Element:VerifiedBy</text><TO_DO humanName="To Do"/><TYPE_MODIFIER humanName="Type Modifier"/><value humanName="Value" mode="s,e">QPROP:Element:VerifiedBy</value><visibility humanName="Visibility">public</visibility></literalstring></magicdraw>