<?xml version="1.0" encoding="UTF-8"?><magicdraw><comment classType="Comment" humanType="Comment" icon="AutomotiveCaseStudy_files/icon_comment_992361802.svg" id="0ba9d165-fd14-4f14-b89e-63661be4ada7"><annotatedElement humanName="Annotated Element" mode="s,e"><performancerequirement classType="Class" humanType="Performance Requirement" icon="AutomotiveCaseStudy_files/icon_performancerequirement_1751427415.svg" name="Upside Deliver Flexibility" refid="c1c1215b-bb3a-4177-bb49-0d9fd8ada6c4"/></annotatedElement><body humanName="Body" mode="s,e">The number of days required to achieve an unplanned sustainable
20% increase in quantity delivered with the assumption of no other constraints.</body><documentation humanName="Documentation"/><owner classType="Class" humanName="Owner" humanType="Performance Requirement" icon="AutomotiveCaseStudy_files/icon_performancerequirement_1751427415.svg" mode="s,e" name="Upside Deliver Flexibility" refid="c1c1215b-bb3a-4177-bb49-0d9fd8ada6c4"/><owningElement classType="Class" humanName="Owning Element" humanType="Performance Requirement" icon="AutomotiveCaseStudy_files/icon_performancerequirement_1751427415.svg" name="Upside Deliver Flexibility" refid="c1c1215b-bb3a-4177-bb49-0d9fd8ada6c4"/><TO_DO humanName="To Do" mode="s,e"/></comment></magicdraw>