<?xml version="1.0" encoding="UTF-8"?><magicdraw><extensionend classType="ExtensionEnd" humanType="Extension End" icon="AutomotiveCaseStudy_files/icon_extensionend_1676185970.svg" id="0cb52309-1b03-4971-98b5-046c99589adb"><aggregation humanName="Aggregation">composite</aggregation><association classType="Extension" humanName="Association" humanType="Extension" icon="AutomotiveCaseStudy_files/icon_extension_2842364.svg" isRelationship="true" name="Extension[extension_BusinessObjective:0 - Automotive Production Mission Reference Architecture::1 - Business Function Concept pkg::1.1 - Business Function Needs &amp; Objectives pkg::BusinessObjective - base_Class:UML Standard Profile::UML2 Metamodel::Class]" refid="6373110c-e070-4567-a47a-a63f125be1cc"/><documentation humanName="Documentation"/><featuringClassifier classType="Extension" humanName="Featuring Classifier" humanType="Extension" icon="AutomotiveCaseStudy_files/icon_extension_2842364.svg" isRelationship="true" name="Extension[extension_BusinessObjective:0 - Automotive Production Mission Reference Architecture::1 - Business Function Concept pkg::1.1 - Business Function Needs &amp; Objectives pkg::BusinessObjective - base_Class:UML Standard Profile::UML2 Metamodel::Class]" refid="6373110c-e070-4567-a47a-a63f125be1cc"/><isComposite humanName="Is Composite">true</isComposite><isDerived humanName="Is Derived">false</isDerived><isDerivedUnion humanName="Is Derived Union">false</isDerivedUnion><isID humanName="Is ID" mode="s,e">false</isID><isLeaf humanName="Is Leaf">false</isLeaf><isOrdered humanName="Is Ordered">false</isOrdered><isReadOnly humanName="Is Read Only">false</isReadOnly><isStatic humanName="Is Static">false</isStatic><isUnique humanName="Is Unique">true</isUnique><lower humanName="Lower">0</lower><lowerValue classType="LiteralInteger" humanName="Lower Value" humanType="Literal Integer" icon="AutomotiveCaseStudy_files/icon_literalinteger_1965984381.svg" name="0" refid="9519f5d2-9057-4483-9aa8-084d71216638" text="0"/><multiplicity humanName="Multiplicity" mode="s,e">0..1</multiplicity><multiplicity humanName="Multiplicity" mode="s,e">0..1</multiplicity><name humanName="Name">extension_BusinessObjective</name><namespace classType="Extension" humanName="Namespace" humanType="Extension" icon="AutomotiveCaseStudy_files/icon_extension_2842364.svg" isRelationship="true" name="Extension[extension_BusinessObjective:0 - Automotive Production Mission Reference Architecture::1 - Business Function Concept pkg::1.1 - Business Function Needs &amp; Objectives pkg::BusinessObjective - base_Class:UML Standard Profile::UML2 Metamodel::Class]" refid="6373110c-e070-4567-a47a-a63f125be1cc"/><navigable humanName="Navigable">true</navigable><opposite classType="Property" humanName="Opposite" humanType="Property" icon="AutomotiveCaseStudy_files/icon_property_3315346.svg" name="base_Class" refid="0e14d247-cc2f-46e5-bbf3-d663f187d937"/><ownedBy classType="Extension" humanName="Owned By" humanType="Extension" icon="AutomotiveCaseStudy_files/icon_extension_2842364.svg" isRelationship="true" mode="s,e" name="Extension[extension_BusinessObjective:0 - Automotive Production Mission Reference Architecture::1 - Business Function Concept pkg::1.1 - Business Function Needs &amp; Objectives pkg::BusinessObjective - base_Class:UML Standard Profile::UML2 Metamodel::Class]" refid="6373110c-e070-4567-a47a-a63f125be1cc"/><ownedElement humanName="Owned Element"><literalinteger classType="LiteralInteger" humanType="Literal Integer" icon="AutomotiveCaseStudy_files/icon_literalinteger_1965984381.svg" name="0" refid="9519f5d2-9057-4483-9aa8-084d71216638" text="0"/><literalunlimitednatural classType="LiteralUnlimitedNatural" humanType="Literal Unlimited Natural" icon="AutomotiveCaseStudy_files/icon_literalunlimitednatural_87448685.svg" name="1" refid="377fddc7-026c-46ec-a3fc-579c96a7fc11" text="1"/></ownedElement><owner classType="Extension" humanName="Owner" humanType="Extension" icon="AutomotiveCaseStudy_files/icon_extension_2842364.svg" isRelationship="true" name="Extension[extension_BusinessObjective:0 - Automotive Production Mission Reference Architecture::1 - Business Function Concept pkg::1.1 - Business Function Needs &amp; Objectives pkg::BusinessObjective - base_Class:UML Standard Profile::UML2 Metamodel::Class]" refid="6373110c-e070-4567-a47a-a63f125be1cc"/><owningAssociation classType="Extension" humanName="Owning Association" humanType="Extension" icon="AutomotiveCaseStudy_files/icon_extension_2842364.svg" isRelationship="true" name="Extension[extension_BusinessObjective:0 - Automotive Production Mission Reference Architecture::1 - Business Function Concept pkg::1.1 - Business Function Needs &amp; Objectives pkg::BusinessObjective - base_Class:UML Standard Profile::UML2 Metamodel::Class]" refid="6373110c-e070-4567-a47a-a63f125be1cc"/><qualifiedName humanName="Qualified Name">0 - Automotive Production Mission Reference Architecture::1 - Business Function Concept pkg::1.1 - Business Function Needs &amp; Objectives pkg::::extension_BusinessObjective</qualifiedName><redefinitionContext humanName="Redefinition Context"><extension classType="Extension" humanType="Extension" icon="AutomotiveCaseStudy_files/icon_extension_2842364.svg" isRelationship="true" name="Extension[extension_BusinessObjective:0 - Automotive Production Mission Reference Architecture::1 - Business Function Concept pkg::1.1 - Business Function Needs &amp; Objectives pkg::BusinessObjective - base_Class:UML Standard Profile::UML2 Metamodel::Class]" refid="6373110c-e070-4567-a47a-a63f125be1cc"/></redefinitionContext><TO_DO humanName="To Do"/><type classType="Stereotype" humanName="Type" humanType="Stereotype" icon="AutomotiveCaseStudy_files/icon_stereotype_918307166.svg" name="BusinessObjective" refid="5a84eeb1-48d5-4af4-9501-7af9640ecbca"/><TYPE_MODIFIER humanName="Type Modifier"/><upper humanName="Upper">1</upper><upperValue classType="LiteralUnlimitedNatural" humanName="Upper Value" humanType="Literal Unlimited Natural" icon="AutomotiveCaseStudy_files/icon_literalunlimitednatural_87448685.svg" name="1" refid="377fddc7-026c-46ec-a3fc-579c96a7fc11" text="1"/><visibility humanName="Visibility">private</visibility></extensionend></magicdraw>