<?xml version="1.0" encoding="UTF-8"?><magicdraw><comment classType="Comment" humanType="Comment" icon="AutomotiveCaseStudy_files/icon_comment_794517456.svg" id="0d18431c-23b0-4af7-ae83-87992d82cd61"><annotatedElement humanName="Annotated Element" mode="s,e"><performancerequirement classType="Class" humanType="Performance Requirement" icon="AutomotiveCaseStudy_files/icon_performancerequirement_1011640708.svg" name="Order Fulfillment Cycle Time" refid="863ca9b0-a4c1-4406-ae64-afbaad78a578"/></annotatedElement><body humanName="Body" mode="s,e">The average actual cycle time consistently achieved to fulfill customer orders. For each individual order, this cycle time starts from the order receipt and ends with customer acceptance of the order.</body><documentation humanName="Documentation"/><owner classType="Class" humanName="Owner" humanType="Performance Requirement" icon="AutomotiveCaseStudy_files/icon_performancerequirement_1011640708.svg" mode="s,e" name="Order Fulfillment Cycle Time" refid="863ca9b0-a4c1-4406-ae64-afbaad78a578"/><owningElement classType="Class" humanName="Owning Element" humanType="Performance Requirement" icon="AutomotiveCaseStudy_files/icon_performancerequirement_1011640708.svg" name="Order Fulfillment Cycle Time" refid="863ca9b0-a4c1-4406-ae64-afbaad78a578"/><TO_DO humanName="To Do" mode="s,e"/></comment></magicdraw>