<?xml version="1.0" encoding="UTF-8"?><magicdraw><comment classType="Comment" humanType="Comment" icon="AutomotiveCaseStudy_files/icon_comment_992361802.svg" id="0ddab651-84eb-4271-bd35-fbc7b47c2f5d"><annotatedElement humanName="Annotated Element" mode="s,e"><performancerequirement classType="Class" humanType="Performance Requirement" icon="AutomotiveCaseStudy_files/icon_performancerequirement_962002586.svg" name="Upside Deliver Return Flexibility" refid="2f29847d-1ee6-47eb-8147-c58e689fbbd5"/></annotatedElement><body humanName="Body" mode="s,e">The number of days required to achieve an unplanned
sustainable 20% increase in the return of finished goods from customers.</body><documentation humanName="Documentation"/><owner classType="Class" humanName="Owner" humanType="Performance Requirement" icon="AutomotiveCaseStudy_files/icon_performancerequirement_962002586.svg" mode="s,e" name="Upside Deliver Return Flexibility" refid="2f29847d-1ee6-47eb-8147-c58e689fbbd5"/><owningElement classType="Class" humanName="Owning Element" humanType="Performance Requirement" icon="AutomotiveCaseStudy_files/icon_performancerequirement_962002586.svg" name="Upside Deliver Return Flexibility" refid="2f29847d-1ee6-47eb-8147-c58e689fbbd5"/><TO_DO humanName="To Do" mode="s,e"/></comment></magicdraw>