<?xml version="1.0" encoding="UTF-8"?><magicdraw><slot classType="Slot" humanType="Slot" icon="AutomotiveCaseStudy_files/icon_slot_780071655.svg" id="0f657448-46bf-4df4-a917-1be18acd4cee"><definingFeature classType="Property" humanName="Defining Feature" humanType="Property" icon="AutomotiveCaseStudy_files/icon_property_3315346.svg" mode="s,e" name="risk" refid="f677da46-c631-451c-8708-2032bd1f48d7"/><documentation humanName="Documentation"/><ownedElement humanName="Owned Element"><instancevalue classType="InstanceValue" humanType="Instance Value" icon="AutomotiveCaseStudy_files/icon_instancevalue_44686208.svg" name="Medium" refid="2f7e92b8-1dd9-4f55-80f7-dd415d30b137" text="Medium"/></ownedElement><owner classType="InstanceSpecification" humanName="Owner" humanType="Instance Specification" icon="AutomotiveCaseStudy_files/icon_instancespecification_13643661.svg" mode="s,e" name=" : SysML::Non-Normative Extensions::Requirement::performanceRequirement" refid="f218a432-aa02-40d1-80e9-01fdf62c7e76"/><owningInstance classType="InstanceSpecification" humanName="Owning Instance" humanType="Instance Specification" icon="AutomotiveCaseStudy_files/icon_instancespecification_13643661.svg" name=" : SysML::Non-Normative Extensions::Requirement::performanceRequirement" refid="f218a432-aa02-40d1-80e9-01fdf62c7e76"/><TO_DO humanName="To Do" mode="s,e"/><value humanName="Value" mode="s,e"><instancevalue classType="InstanceValue" humanType="Instance Value" icon="AutomotiveCaseStudy_files/icon_instancevalue_44686208.svg" name="Medium" refid="2f7e92b8-1dd9-4f55-80f7-dd415d30b137" text="Medium"/></value></slot></magicdraw>