<?xml version="1.0" encoding="UTF-8"?><magicdraw><instancespecification classType="InstanceSpecification" humanType="Instance Specification" icon="AutomotiveCaseStudy_files/icon_instancespecification_13643661.svg" id="0fa2fe1d-de12-42ff-abb3-bf8582eea756"><classifier humanName="Classifier" mode="s,e"><stereotype classType="Stereotype" humanType="Stereotype" icon="AutomotiveCaseStudy_files/icon_stereotype_918307166.svg" name="BusinessNeed" refid="4cce7d79-4385-4ec0-880d-a7840666ef63"/></classifier><documentation humanName="Documentation"/><name humanName="Name" mode="s,e"/><ownedElement humanName="Owned Element"><slot classType="Slot" humanType="Slot" icon="AutomotiveCaseStudy_files/icon_slot_355231286.svg" refid="d68c42dd-f842-4da2-8a0e-38c070837c2a"/><slot classType="Slot" humanType="Slot" icon="AutomotiveCaseStudy_files/icon_slot_355231286.svg" refid="042b9f69-5f4a-4640-9605-e0aa72384952"/></ownedElement><owner classType="Class" humanName="Owner" humanType="BusinessNeed" icon="AutomotiveCaseStudy_files/icon_businessneed_1682619279.svg" mode="s,e" name="Ex3:CheaperDistributionFromNewLocation" refid="ce2f20f6-f38a-4ee1-aa79-437b217b59ef"/><qualifiedName humanName="Qualified Name" mode="e">0 - Automotive Production Mission Reference Architecture::1 - Stakeholders pkg::1.1 - Business Function pkg::1.1.2 Needs &amp; Objectives pkg::TopLevelBusinessNeed::Ex3:CheaperDistributionFromNewLocation::</qualifiedName><slot humanName="Slot"><slot classType="Slot" humanType="Slot" icon="AutomotiveCaseStudy_files/icon_slot_355231286.svg" refid="d68c42dd-f842-4da2-8a0e-38c070837c2a"/><slot classType="Slot" humanType="Slot" icon="AutomotiveCaseStudy_files/icon_slot_355231286.svg" refid="042b9f69-5f4a-4640-9605-e0aa72384952"/></slot><stereotypedElement classType="Class" humanName="Stereotyped Element" humanType="BusinessNeed" icon="AutomotiveCaseStudy_files/icon_businessneed_1682619279.svg" name="Ex3:CheaperDistributionFromNewLocation" refid="ce2f20f6-f38a-4ee1-aa79-437b217b59ef"/><TO_DO humanName="To Do" mode="s,e"/><visibility humanName="Visibility">public</visibility></instancespecification></magicdraw>