<?xml version="1.0" encoding="UTF-8"?><magicdraw><comment classType="Comment" humanType="Comment" icon="AutomotiveCaseStudy_files/icon_comment_992361802.svg" id="0fc955a4-000e-441d-93a7-7f426f5df110"><annotatedElement humanName="Annotated Element" mode="s,e"><performancerequirement classType="Class" humanType="Performance Requirement" icon="AutomotiveCaseStudy_files/icon_performancerequirement_1751427415.svg" name="Total Production Management Cost" refid="345643f7-f34b-4cc1-8cf6-0ad83df124ff"/></annotatedElement><body humanName="Body" mode="s,e">The sum of the costs associated with the SCOR Level 2 processes to Plan, Source, Deliver, and Return.
Note - Cost of Raw Material and Make Costs are generally accounted for in COGS. It is
recognized that there is likely to be overlap/ redundancy between supply chain management costs and COGS.</body><documentation humanName="Documentation"/><owner classType="Class" humanName="Owner" humanType="Performance Requirement" icon="AutomotiveCaseStudy_files/icon_performancerequirement_1751427415.svg" mode="s,e" name="Total Production Management Cost" refid="345643f7-f34b-4cc1-8cf6-0ad83df124ff"/><owningElement classType="Class" humanName="Owning Element" humanType="Performance Requirement" icon="AutomotiveCaseStudy_files/icon_performancerequirement_1751427415.svg" name="Total Production Management Cost" refid="345643f7-f34b-4cc1-8cf6-0ad83df124ff"/><TO_DO humanName="To Do" mode="s,e"/></comment></magicdraw>