<?xml version="1.0" encoding="UTF-8"?><magicdraw><diagram classType="Diagram" diagramType="Requirement Table" height="162" humanType="Diagram" icon="AutomotiveCaseStudy_files/icon_Requirement Table_1977655539.svg" id="0fed21b3-5e59-41f2-9c98-bcbf8c88a332" src="AutomotiveCaseStudy_files/0fed21b3-5e59-41f2-9c98-bcbf8c88a332.svg" width="1964"><APPLIED_STEREOTYPES humanName="Applied Stereotype" mode="s,e"><stereotype classType="Stereotype" humanType="Stereotype" icon="AutomotiveCaseStudy_files/icon_stereotype_918307166.svg" name="DiagramInfo" refid="ace076d1-a486-4673-a2cc-4978d8b7f5a1"/><stereotype classType="Stereotype" humanType="Stereotype" icon="AutomotiveCaseStudy_files/icon_stereotype_918307166.svg" name="DiagramTable" refid="53c13861-71ec-4f90-a8fd-853e3a5ca966"/><stereotype classType="Stereotype" humanType="Stereotype" icon="AutomotiveCaseStudy_files/icon_stereotype_918307166.svg" name="RequirementTable" refid="49108a7e-7c70-46c4-94db-4967d7257d81"/></APPLIED_STEREOTYPES><appliedStereotype humanName="Applied Stereotype" mode="s,e"><stereotype classType="Stereotype" humanType="Stereotype" icon="AutomotiveCaseStudy_files/icon_stereotype_918307166.svg" name="DiagramInfo" refid="ace076d1-a486-4673-a2cc-4978d8b7f5a1"><property classType="Property" humanName="Author" humanType="Property" icon="AutomotiveCaseStudy_files/icon_property_2135874046.svg" name="Author" refid="9aa461fb-7317-4f16-ac4e-61634f883029"><String>tsprock</String></property><property classType="Property" humanName="Base_ Diagram" humanType="Property" icon="AutomotiveCaseStudy_files/icon_property_2135874046.svg" name="base_Diagram" refid="9d1a7e77-182b-4732-bdc6-7dfa6660aaf8"/><property classType="Property" humanName="Base_ Element" humanType="Property" icon="AutomotiveCaseStudy_files/icon_property_2135874046.svg" name="base_Element" refid="e842a895-4bd7-40d8-8c74-d7765cbd399c"/><property classType="Property" humanName="Creation Date" humanType="Property" icon="AutomotiveCaseStudy_files/icon_property_2135874046.svg" name="Creation date" refid="d64585ee-fa79-48fd-b878-a451791c8ed4"><String>4/17/20 9:48 AM</String></property><property classType="Property" humanName="Last modified by" humanType="Property" icon="AutomotiveCaseStudy_files/icon_property_2135874046.svg" name="Last modified by" refid="9ee9da34-aabb-4ba6-8d14-a92b0776d9a9"><String>tsprock</String></property><property classType="Property" humanName="Modification Date" humanType="Property" icon="AutomotiveCaseStudy_files/icon_property_2135874046.svg" name="Modification date" refid="eb997445-7ef5-44cc-8ecf-52c04d5a3c1b"><String>4/24/20 10:55 AM</String></property></stereotype><stereotype classType="Stereotype" humanType="Stereotype" icon="AutomotiveCaseStudy_files/icon_stereotype_918307166.svg" name="DiagramTable" refid="53c13861-71ec-4f90-a8fd-853e3a5ca966"><property classType="Property" humanName="Additional Elements" humanType="Property" icon="AutomotiveCaseStudy_files/icon_property_2135874046.svg" name="additionalElements" refid="bd35d5e4-54f5-4eba-a8cf-c510f9db9e5b"><businessneed classType="Class" humanType="BusinessNeed" icon="AutomotiveCaseStudy_files/icon_businessneed_1682619279.svg" name="Ex1:AdditionalCapacityExistingProduct" refid="e8d50213-fc85-46d5-aa79-f9f484fdfab2"/><businessneed classType="Class" humanType="BusinessNeed" icon="AutomotiveCaseStudy_files/icon_businessneed_1682619279.svg" name="Ex2:MoreEfficientProduction" refid="49f8853b-c8ce-419f-98b3-a0ceab6ce165"/><businessneed classType="Class" humanType="BusinessNeed" icon="AutomotiveCaseStudy_files/icon_businessneed_1682619279.svg" name="Ex3:CheaperDistributionFromNewLocation" refid="ce2f20f6-f38a-4ee1-aa79-437b217b59ef"/><businessneed classType="Class" humanType="BusinessNeed" icon="AutomotiveCaseStudy_files/icon_businessneed_1682619279.svg" name="Ex4:SupportNewCapability" refid="7e36e40f-458d-4722-85e1-e7266eb5ff25"/><businessneed classType="Class" humanType="BusinessNeed" icon="AutomotiveCaseStudy_files/icon_businessneed_1682619279.svg" name="TopLevelBusinessNeed" refid="6fbc5b13-aebf-41d8-97c9-2763abbcf2e4"/></property><property classType="Property" humanName="Base_ Diagram" humanType="Property" icon="AutomotiveCaseStudy_files/icon_property_2135874046.svg" name="base_Diagram" refid="7470caa7-1c04-4b24-b289-8632410e9f6b"/><property classType="Property" humanName="Base_ Element" humanType="Property" icon="AutomotiveCaseStudy_files/icon_property_2135874046.svg" name="base_Element" refid="e842a895-4bd7-40d8-8c74-d7765cbd399c"/><property classType="Property" humanName="Column Elements" humanType="Property" icon="AutomotiveCaseStudy_files/icon_property_2135874046.svg" name="columnElements" refid="9e3e6824-dfc7-4d11-91c4-8be6f3ad52be"/><property classType="Property" humanName="Column Ids" humanType="Property" icon="AutomotiveCaseStudy_files/icon_property_2135874046.svg" name="columnIds" refid="1d2071b5-ad1c-4a31-b64c-3d33534e720c"><String>_NUMBER_</String><String>QPROP:Element:Derived</String><String>QPROP:Element:DerivedFrom</String><String>QPROP:Element:documentation</String><String>QPROP:Element:Id</String><String>QPROP:Element:Master</String><String>QPROP:Element:name</String><String>QPROP:Element:owner</String><String>QPROP:Element:RefinedBy</String><String>QPROP:Element:risk</String><String>QPROP:Element:SatisfiedBy</String><String>QPROP:Element:source</String><String>QPROP:Element:Text</String><String>QPROP:Element:TracedTo</String><String>QPROP:Element:VerifiedBy</String><String>QPROP:Element:verifyMethod</String></property><property classType="Property" humanName="Column Width" humanType="Property" icon="AutomotiveCaseStudy_files/icon_property_2135874046.svg" name="columnWidth" refid="1714944f-4848-43ac-a5a4-3c383acebfd0"/><property classType="Property" humanName="Custom Columns" humanType="Property" icon="AutomotiveCaseStudy_files/icon_property_2135874046.svg" name="customColumns" refid="53c47593-7539-4a09-ba98-8f5f0ab9a245"/><property classType="Property" humanName="Default Row Elements Owner" humanType="Property" icon="AutomotiveCaseStudy_files/icon_property_2135874046.svg" name="defaultRowElementsOwner" refid="582539ad-69ec-42e8-a457-52cb38175edc"/><property classType="Property" humanName="Description Area" humanType="Property" icon="AutomotiveCaseStudy_files/icon_property_2135874046.svg" name="descriptionArea" refid="00406ca7-940a-47a9-907e-bad1a213cc3f"/><property classType="Property" humanName="Display Mode" humanType="Property" icon="AutomotiveCaseStudy_files/icon_property_2135874046.svg" name="displayMode" refid="a8ecb7c9-0eed-473a-bbd1-0634ea7991d3"><enumerationliteral classType="EnumerationLiteral" humanType="Enumeration Literal" icon="AutomotiveCaseStudy_files/icon_enumerationliteral_1621961721.svg" name="Compact tree" refid="68f734ee-30a2-4c32-b4d5-892367493775"/></property><property classType="Property" humanName="Excluded Elements" humanType="Property" icon="AutomotiveCaseStudy_files/icon_property_2135874046.svg" name="excludedElements" refid="0b519948-12d8-4770-8f25-5e7d64bc7c23"/><property classType="Property" humanName="Expanded Rows" humanType="Property" icon="AutomotiveCaseStudy_files/icon_property_2135874046.svg" name="expandedRows" refid="25570741-f631-453c-94b1-07543cfde681"><String>6fbc5b13-aebf-41d8-97c9-2763abbcf2e4</String></property><property classType="Property" humanName="Hide Columns" humanType="Property" icon="AutomotiveCaseStudy_files/icon_property_2135874046.svg" name="hideColumns" refid="ce902ee2-4fad-435b-bb20-0e49736178a3"><String>QPROP:Element:Derived</String><String>QPROP:Element:DerivedFrom</String><String>QPROP:Element:documentation</String><String>QPROP:Element:Id</String><String>QPROP:Element:Master</String><String>QPROP:Element:owner</String><String>QPROP:Element:RefinedBy</String><String>QPROP:Element:risk</String><String>QPROP:Element:SatisfiedBy</String><String>QPROP:Element:source</String><String>QPROP:Element:TracedTo</String><String>QPROP:Element:VerifiedBy</String><String>QPROP:Element:verifyMethod</String></property><property classType="Property" humanName="Legends" humanType="Property" icon="AutomotiveCaseStudy_files/icon_property_2135874046.svg" name="legends" refid="3b46be27-5318-40fd-b791-747b1c0f84ff"/><property classType="Property" humanName="Limit Row Height" humanType="Property" icon="AutomotiveCaseStudy_files/icon_property_2135874046.svg" name="limitRowHeight" refid="3b129338-ca41-4155-9124-c47a77cf26ef"/><property classType="Property" humanName="Options" humanType="Property" icon="AutomotiveCaseStudy_files/icon_property_2135874046.svg" name="options" refid="410f10f7-ac5d-41ab-a663-283d07ac8760"/><property classType="Property" humanName="Query" humanType="Property" icon="AutomotiveCaseStudy_files/icon_property_2135874046.svg" name="query" refid="53cd5109-4ff2-4c3d-b30b-b70441647afd"/><property classType="Property" humanName="Row Elements" humanType="Property" icon="AutomotiveCaseStudy_files/icon_property_2135874046.svg" name="rowElements" refid="f58cf7ff-34d1-40ef-9cf9-3624216e1674"/><property classType="Property" humanName="Row Element Type" humanType="Property" icon="AutomotiveCaseStudy_files/icon_property_2135874046.svg" name="rowElementType" refid="5492f445-5902-481f-96ed-367799fdb3b5"><stereotype classType="Stereotype" humanType="Stereotype" icon="AutomotiveCaseStudy_files/icon_stereotype_918307166.svg" name="AbstractRequirement" refid="2cad6c59-0acb-485b-87d5-a5884f444199"/><stereotype classType="Stereotype" humanType="Stereotype" icon="AutomotiveCaseStudy_files/icon_stereotype_2039054864.svg" name="Requirement" refid="f838850b-430d-4cc6-ad17-c24c493eb05f"/></property><property classType="Property" humanName="Row Filters" humanType="Property" icon="AutomotiveCaseStudy_files/icon_property_2135874046.svg" name="rowFilters" refid="a02d6964-c065-4a5d-9a7c-946f6d1a6d53"/><property classType="Property" humanName="Rows Order" humanType="Property" icon="AutomotiveCaseStudy_files/icon_property_2135874046.svg" name="rowsOrder" refid="65e063ee-42c5-4b40-90e4-d82de5a8feaa"><String>6fbc5b13-aebf-41d8-97c9-2763abbcf2e4:e8d50213-fc85-46d5-aa79-f9f484fdfab2:49f8853b-c8ce-419f-98b3-a0ceab6ce165:ce2f20f6-f38a-4ee1-aa79-437b217b59ef:7e36e40f-458d-4722-85e1-e7266eb5ff25</String></property><property classType="Property" humanName="Scope" humanType="Property" icon="AutomotiveCaseStudy_files/icon_property_2135874046.svg" name="scope" refid="d7aa5467-0783-4270-9727-3bf970b0ce68"/><property classType="Property" humanName="Show Column Icons" humanType="Property" icon="AutomotiveCaseStudy_files/icon_property_2135874046.svg" name="showColumnIcons" refid="feae84f5-82cd-479f-96e6-5a3b56de67c8"><Boolean>true</Boolean></property><property classType="Property" humanName="Show Detailed Column Name" humanType="Property" icon="AutomotiveCaseStudy_files/icon_property_2135874046.svg" name="showDetailedColumnName" refid="99f90059-fbd8-4f7e-b200-08fb30de2902"><Boolean>false</Boolean></property><property classType="Property" humanName="Show Element Number" humanType="Property" icon="AutomotiveCaseStudy_files/icon_property_2135874046.svg" name="showElementNumber" refid="f515503c-033e-43ab-9e9b-ab89538f450a"><Boolean>true</Boolean></property><property classType="Property" humanName="Show Element Type" humanType="Property" icon="AutomotiveCaseStudy_files/icon_property_2135874046.svg" name="showElementType" refid="61292740-0fa0-43c8-8380-13825b24be93"><Boolean>true</Boolean></property><property classType="Property" humanName="Show Filter" humanType="Property" icon="AutomotiveCaseStudy_files/icon_property_2135874046.svg" name="showFilter" refid="20ce6d1f-40ea-44af-be55-bfb828595334"><Boolean>true</Boolean></property><property classType="Property" humanName="Show Full Path" humanType="Property" icon="AutomotiveCaseStudy_files/icon_property_2135874046.svg" name="showFullPath" refid="17f981db-8579-47e3-bb56-904c2b405d68"/><property classType="Property" humanName="Show Scope" humanType="Property" icon="AutomotiveCaseStudy_files/icon_property_2135874046.svg" name="showScope" refid="6c32494f-6165-4fc0-9ec5-1f6d0f351a65"><Boolean>true</Boolean></property><property classType="Property" humanName="Show Scope As Root" humanType="Property" icon="AutomotiveCaseStudy_files/icon_property_2135874046.svg" name="showScopeAsRoot" refid="a4220ae0-e125-44c2-942a-80b736dc70ee"><Boolean>false</Boolean></property><property classType="Property" humanName="Sort" humanType="Property" icon="AutomotiveCaseStudy_files/icon_property_2135874046.svg" name="sort" refid="9e1685ed-c9d4-49f7-a85b-a75410d8dd36"/><property classType="Property" humanName="Types Include Subtypes" humanType="Property" icon="AutomotiveCaseStudy_files/icon_property_2135874046.svg" name="typesIncludeSubtypes" refid="fd0bba62-7404-4f49-9f1d-c7c63f58ecd6"><Boolean>true</Boolean></property><property classType="Property" humanName="Wrap Text" humanType="Property" icon="AutomotiveCaseStudy_files/icon_property_2135874046.svg" name="wrapText" refid="c5c0c64f-4085-4122-8fbf-60a35aa476ce"/></stereotype><stereotype classType="Stereotype" humanType="Stereotype" icon="AutomotiveCaseStudy_files/icon_stereotype_918307166.svg" name="RequirementTable" refid="49108a7e-7c70-46c4-94db-4967d7257d81"><property classType="Property" humanName="Base_ Diagram" humanType="Property" icon="AutomotiveCaseStudy_files/icon_property_2135874046.svg" name="base_Diagram" refid="3ee89549-8126-4cee-8d5b-35a831382379"/><property classType="Property" humanName="Columns Width" humanType="Property" icon="AutomotiveCaseStudy_files/icon_property_2135874046.svg" name="columnsWidth" refid="f0330a3d-89be-4021-bf53-db955b81b359"/><property classType="Property" humanName="Custom Column Elements" humanType="Property" icon="AutomotiveCaseStudy_files/icon_property_2135874046.svg" name="customColumnElements" refid="e3860994-40c2-4478-8106-28838678e2b3"/><property classType="Property" humanName="Show Columns" humanType="Property" icon="AutomotiveCaseStudy_files/icon_property_2135874046.svg" name="showColumns" refid="ee9d41de-acda-4e2a-9c1a-ddb21064ab95"/><property classType="Property" humanName="Show Custom Columns" humanType="Property" icon="AutomotiveCaseStudy_files/icon_property_2135874046.svg" name="showCustomColumns" refid="7397b76e-5241-4299-96ad-86f341ec81dc"/></stereotype></appliedStereotype><appliedStereotypeInstance classType="InstanceSpecification" humanName="Applied Stereotype Instance" humanType="Instance Specification" icon="AutomotiveCaseStudy_files/icon_instancespecification_13643661.svg" name=" : MD Customization for Requirements::additional_stereotypes::RequirementTable, UML Standard Profile::MagicDraw Profile::DiagramTable, UML Standard Profile::MagicDraw Profile::DiagramInfo" refid="472317ef-1a59-4476-b9ec-6d5de30f83e2"/><documentation humanName="Documentation"/><map><area name="BusinessNeed Ex4:SupportNewCapability" refid="7e36e40f-458d-4722-85e1-e7266eb5ff25" shape="poly"><point x="36" y="139"/><point x="492" y="139"/><point x="492" y="162"/><point x="36" y="162"/></area><area name="BusinessNeed Ex3:CheaperDistributionFromNewLocation" refid="ce2f20f6-f38a-4ee1-aa79-437b217b59ef" shape="poly"><point x="36" y="111"/><point x="492" y="111"/><point x="492" y="135"/><point x="36" y="135"/></area><area name="BusinessNeed Ex1:AdditionalCapacityExistingProduct" refid="e8d50213-fc85-46d5-aa79-f9f484fdfab2" shape="poly"><point x="36" y="56"/><point x="492" y="56"/><point x="492" y="81"/><point x="36" y="81"/></area><area name="BusinessNeed Ex2:MoreEfficientProduction" refid="49f8853b-c8ce-419f-98b3-a0ceab6ce165" shape="poly"><point x="36" y="83"/><point x="492" y="83"/><point x="492" y="108"/><point x="36" y="108"/></area><area name="BusinessNeed TopLevelBusinessNeed" refid="6fbc5b13-aebf-41d8-97c9-2763abbcf2e4" shape="poly"><point x="36" y="28"/><point x="492" y="28"/><point x="492" y="54"/><point x="36" y="54"/></area></map><name humanName="Name" mode="s,e">1.1 - Business Function Needs</name><namespace classType="Package" humanName="Namespace" humanType="Package" icon="AutomotiveCaseStudy_files/icon_package_1622863652.svg" name="1.1.2 Needs &amp; Objectives pkg" refid="6dd07680-2d7b-4cb5-9de2-f94fd719d176"/><ownedElement humanName="Owned Element"><instancespecification classType="InstanceSpecification" humanType="Instance Specification" icon="AutomotiveCaseStudy_files/icon_instancespecification_13643661.svg" name=" : MD Customization for Requirements::additional_stereotypes::RequirementTable, UML Standard Profile::MagicDraw Profile::DiagramTable, UML Standard Profile::MagicDraw Profile::DiagramInfo" refid="472317ef-1a59-4476-b9ec-6d5de30f83e2"/></ownedElement><owner classType="Package" humanName="Owner" humanType="Package" icon="AutomotiveCaseStudy_files/icon_package_1622863652.svg" mode="s,e" name="1.1.2 Needs &amp; Objectives pkg" refid="6dd07680-2d7b-4cb5-9de2-f94fd719d176"/><ownerOfDiagram classType="Package" humanName="Owner Of Diagram" humanType="Package" icon="AutomotiveCaseStudy_files/icon_package_1622863652.svg" name="1.1.2 Needs &amp; Objectives pkg" refid="6dd07680-2d7b-4cb5-9de2-f94fd719d176"/><qualifiedName humanName="Qualified Name" mode="e">0 - Automotive Production Mission Reference Architecture::1 - Stakeholders pkg::1.1 - Business Function pkg::1.1.2 Needs &amp; Objectives pkg::1.1 - Business Function Needs</qualifiedName><TO_DO humanName="To Do" mode="s,e"/><DIAGRAM_TYPE_DERIVED_PROPERTY humanName="Type">Requirement Table</DIAGRAM_TYPE_DERIVED_PROPERTY><visibility humanName="Visibility">public</visibility></diagram></magicdraw>