<?xml version="1.0" encoding="UTF-8"?><magicdraw><comment classType="Comment" humanType="Comment" icon="AutomotiveCaseStudy_files/icon_comment_992361802.svg" id="10f4016e-7013-4ab6-ae5c-afa7f20ad795"><annotatedElement humanName="Annotated Element" mode="s,e"><performancerequirement classType="Class" humanType="Performance Requirement" icon="AutomotiveCaseStudy_files/icon_performancerequirement_1751427415.svg" name="Inventory Days of Supply" refid="8b5bac85-ce31-4ae0-bb7f-ea4b1dc530b7"/></annotatedElement><body humanName="Body" mode="s,e">The amount of inventory (stock) expressed in days of sales.</body><documentation humanName="Documentation"/><owner classType="Class" humanName="Owner" humanType="Performance Requirement" icon="AutomotiveCaseStudy_files/icon_performancerequirement_1751427415.svg" mode="s,e" name="Inventory Days of Supply" refid="8b5bac85-ce31-4ae0-bb7f-ea4b1dc530b7"/><owningElement classType="Class" humanName="Owning Element" humanType="Performance Requirement" icon="AutomotiveCaseStudy_files/icon_performancerequirement_1751427415.svg" name="Inventory Days of Supply" refid="8b5bac85-ce31-4ae0-bb7f-ea4b1dc530b7"/><TO_DO humanName="To Do" mode="s,e"/></comment></magicdraw>