<?xml version="1.0" encoding="UTF-8"?><magicdraw><literalstring classType="LiteralString" humanType="Literal String" icon="AutomotiveCaseStudy_files/icon_literalstring_2037275532.svg" id="11186517-f5fa-45d7-920f-785152dd6258"><documentation humanName="Documentation"/><name humanName="Name"/><owner classType="Slot" humanName="Owner" humanType="Slot" icon="AutomotiveCaseStudy_files/icon_slot_355231286.svg" mode="e" refid="9ab893c9-bebd-488f-b2a5-1b4e32991cd5"/><owningSlot classType="Slot" humanName="Owning Slot" humanType="Slot" icon="AutomotiveCaseStudy_files/icon_slot_355231286.svg" refid="9ab893c9-bebd-488f-b2a5-1b4e32991cd5"/><qualifiedName humanName="Qualified Name"/><text humanName="Text" mode="standard">_NUMBER_</text><TO_DO humanName="To Do"/><TYPE_MODIFIER humanName="Type Modifier"/><value humanName="Value" mode="s,e">_NUMBER_</value><visibility humanName="Visibility">public</visibility></literalstring></magicdraw>