<?xml version="1.0" encoding="UTF-8"?><magicdraw><literalstring classType="LiteralString" humanType="Literal String" icon="AutomotiveCaseStudy_files/icon_literalstring_242907379.svg" id="111cc9ab-0e93-4eff-83c4-80347b57a8f0"><documentation humanName="Documentation"/><name humanName="Name"/><owner classType="Slot" humanName="Owner" humanType="Slot" icon="AutomotiveCaseStudy_files/icon_slot_780071655.svg" mode="e" refid="9d201310-d60f-4fa4-8d42-c215b5067b16"/><owningSlot classType="Slot" humanName="Owning Slot" humanType="Slot" icon="AutomotiveCaseStudy_files/icon_slot_780071655.svg" refid="9d201310-d60f-4fa4-8d42-c215b5067b16"/><qualifiedName humanName="Qualified Name"/><text humanName="Text" mode="standard">_NUMBER_</text><TO_DO humanName="To Do"/><TYPE_MODIFIER humanName="Type Modifier"/><value humanName="Value" mode="s,e">_NUMBER_</value><visibility humanName="Visibility">public</visibility></literalstring></magicdraw>