<?xml version="1.0" encoding="UTF-8"?><magicdraw><literalstring classType="LiteralString" humanType="Literal String" icon="AutomotiveCaseStudy_files/icon_literalstring_2037275532.svg" id="117b34c2-4af8-4d99-a2f6-c046cd882780"><documentation humanName="Documentation"/><name humanName="Name"/><owner classType="Slot" humanName="Owner" humanType="Slot" icon="AutomotiveCaseStudy_files/icon_slot_355231286.svg" mode="e" refid="662d5bce-0ee9-4b2e-8b33-d9f6825f7565"/><owningSlot classType="Slot" humanName="Owning Slot" humanType="Slot" icon="AutomotiveCaseStudy_files/icon_slot_355231286.svg" refid="662d5bce-0ee9-4b2e-8b33-d9f6825f7565"/><qualifiedName humanName="Qualified Name"/><text humanName="Text" mode="standard">34.5</text><TO_DO humanName="To Do"/><TYPE_MODIFIER humanName="Type Modifier"/><value humanName="Value" mode="s,e">34.5</value><visibility humanName="Visibility">public</visibility></literalstring></magicdraw>