<?xml version="1.0" encoding="UTF-8"?><magicdraw><literalstring classType="LiteralString" humanType="Literal String" icon="AutomotiveCaseStudy_files/icon_literalstring_2037275532.svg" id="123a7292-243c-45b5-8631-f4affe1b5329"><documentation humanName="Documentation"/><name humanName="Name"/><owner classType="Slot" humanName="Owner" humanType="Slot" icon="AutomotiveCaseStudy_files/icon_slot_355231286.svg" mode="e" refid="c9eea87e-e1fd-4235-86cb-3f3a53a72422"/><owningSlot classType="Slot" humanName="Owning Slot" humanType="Slot" icon="AutomotiveCaseStudy_files/icon_slot_355231286.svg" refid="c9eea87e-e1fd-4235-86cb-3f3a53a72422"/><qualifiedName humanName="Qualified Name"/><text humanName="Text" mode="standard">40.5</text><TO_DO humanName="To Do"/><TYPE_MODIFIER humanName="Type Modifier"/><value humanName="Value" mode="s,e">40.5</value><visibility humanName="Visibility">public</visibility></literalstring></magicdraw>