<?xml version="1.0" encoding="UTF-8"?><magicdraw><slot classType="Slot" humanType="Slot" icon="AutomotiveCaseStudy_files/icon_slot_355231286.svg" id="13413a39-f9b6-43f1-9c00-153fdb3b5517"><definingFeature classType="Property" humanName="Defining Feature" humanType="Property" icon="AutomotiveCaseStudy_files/icon_property_2135874046.svg" mode="s,e" name="hideColumns" refid="ce902ee2-4fad-435b-bb20-0e49736178a3"/><documentation humanName="Documentation"/><ownedElement humanName="Owned Element"><literalstring classType="LiteralString" humanType="Literal String" icon="AutomotiveCaseStudy_files/icon_literalstring_2037275532.svg" name="QPROP:Element:Derived" refid="83463bfb-4c1a-4e13-b270-db47a068b7f3" text="QPROP:Element:Derived"/><literalstring classType="LiteralString" humanType="Literal String" icon="AutomotiveCaseStudy_files/icon_literalstring_2037275532.svg" name="QPROP:Element:DerivedFrom" refid="9d2171cc-361e-4ac6-b2c5-194e70bae63a" text="QPROP:Element:DerivedFrom"/><literalstring classType="LiteralString" humanType="Literal String" icon="AutomotiveCaseStudy_files/icon_literalstring_2037275532.svg" name="QPROP:Element:documentation" refid="cbb352e2-1a23-44ba-b01c-acba5e91a06b" text="QPROP:Element:documentation"/><literalstring classType="LiteralString" humanType="Literal String" icon="AutomotiveCaseStudy_files/icon_literalstring_2037275532.svg" name="QPROP:Element:Id" refid="9efba738-d9f3-4fac-a2a4-4cd68b1767cc" text="QPROP:Element:Id"/><literalstring classType="LiteralString" humanType="Literal String" icon="AutomotiveCaseStudy_files/icon_literalstring_2037275532.svg" name="QPROP:Element:Master" refid="a5a7ee54-5854-4c90-b5df-5e49abeb7d07" text="QPROP:Element:Master"/><literalstring classType="LiteralString" humanType="Literal String" icon="AutomotiveCaseStudy_files/icon_literalstring_2037275532.svg" name="QPROP:Element:owner" refid="d911cc1d-525a-45f6-b4fc-6df426f9ebf5" text="QPROP:Element:owner"/><literalstring classType="LiteralString" humanType="Literal String" icon="AutomotiveCaseStudy_files/icon_literalstring_2037275532.svg" name="QPROP:Element:RefinedBy" refid="a4c5a3bd-cb16-463c-8d57-1cfc58b3529a" text="QPROP:Element:RefinedBy"/><literalstring classType="LiteralString" humanType="Literal String" icon="AutomotiveCaseStudy_files/icon_literalstring_2037275532.svg" name="QPROP:Element:risk" refid="315d28bb-cd4e-44ad-a510-095e569ab70c" text="QPROP:Element:risk"/><literalstring classType="LiteralString" humanType="Literal String" icon="AutomotiveCaseStudy_files/icon_literalstring_2037275532.svg" name="QPROP:Element:SatisfiedBy" refid="621359b2-c18a-42e8-950e-19a073058f8b" text="QPROP:Element:SatisfiedBy"/><literalstring classType="LiteralString" humanType="Literal String" icon="AutomotiveCaseStudy_files/icon_literalstring_2037275532.svg" name="QPROP:Element:source" refid="6c3acee0-657a-478b-a65c-78471d42bd56" text="QPROP:Element:source"/><literalstring classType="LiteralString" humanType="Literal String" icon="AutomotiveCaseStudy_files/icon_literalstring_2037275532.svg" name="QPROP:Element:TracedTo" refid="013ea664-903a-4539-8d03-d4daeac2e45b" text="QPROP:Element:TracedTo"/><literalstring classType="LiteralString" humanType="Literal String" icon="AutomotiveCaseStudy_files/icon_literalstring_2037275532.svg" name="QPROP:Element:VerifiedBy" refid="ccf8d95d-d033-47d6-9846-0eaf3dee7b9e" text="QPROP:Element:VerifiedBy"/><literalstring classType="LiteralString" humanType="Literal String" icon="AutomotiveCaseStudy_files/icon_literalstring_2037275532.svg" name="QPROP:Element:verifyMethod" refid="5b1a97e5-5044-4df7-b90e-016b577b986e" text="QPROP:Element:verifyMethod"/></ownedElement><owner classType="InstanceSpecification" humanName="Owner" humanType="Instance Specification" icon="AutomotiveCaseStudy_files/icon_instancespecification_13643661.svg" mode="s,e" name=" : MD Customization for Requirements::additional_stereotypes::RequirementTable, UML Standard Profile::MagicDraw Profile::DiagramTable, UML Standard Profile::MagicDraw Profile::DiagramInfo" refid="71024529-329c-4f81-830f-e083d5f9e343"/><owningInstance classType="InstanceSpecification" humanName="Owning Instance" humanType="Instance Specification" icon="AutomotiveCaseStudy_files/icon_instancespecification_13643661.svg" name=" : MD Customization for Requirements::additional_stereotypes::RequirementTable, UML Standard Profile::MagicDraw Profile::DiagramTable, UML Standard Profile::MagicDraw Profile::DiagramInfo" refid="71024529-329c-4f81-830f-e083d5f9e343"/><TO_DO humanName="To Do" mode="s,e"/><value humanName="Value" mode="s,e"><literalstring classType="LiteralString" humanType="Literal String" icon="AutomotiveCaseStudy_files/icon_literalstring_2037275532.svg" name="QPROP:Element:Derived" refid="83463bfb-4c1a-4e13-b270-db47a068b7f3" text="QPROP:Element:Derived"/><literalstring classType="LiteralString" humanType="Literal String" icon="AutomotiveCaseStudy_files/icon_literalstring_2037275532.svg" name="QPROP:Element:DerivedFrom" refid="9d2171cc-361e-4ac6-b2c5-194e70bae63a" text="QPROP:Element:DerivedFrom"/><literalstring classType="LiteralString" humanType="Literal String" icon="AutomotiveCaseStudy_files/icon_literalstring_2037275532.svg" name="QPROP:Element:documentation" refid="cbb352e2-1a23-44ba-b01c-acba5e91a06b" text="QPROP:Element:documentation"/><literalstring classType="LiteralString" humanType="Literal String" icon="AutomotiveCaseStudy_files/icon_literalstring_2037275532.svg" name="QPROP:Element:Id" refid="9efba738-d9f3-4fac-a2a4-4cd68b1767cc" text="QPROP:Element:Id"/><literalstring classType="LiteralString" humanType="Literal String" icon="AutomotiveCaseStudy_files/icon_literalstring_2037275532.svg" name="QPROP:Element:Master" refid="a5a7ee54-5854-4c90-b5df-5e49abeb7d07" text="QPROP:Element:Master"/><literalstring classType="LiteralString" humanType="Literal String" icon="AutomotiveCaseStudy_files/icon_literalstring_2037275532.svg" name="QPROP:Element:owner" refid="d911cc1d-525a-45f6-b4fc-6df426f9ebf5" text="QPROP:Element:owner"/><literalstring classType="LiteralString" humanType="Literal String" icon="AutomotiveCaseStudy_files/icon_literalstring_2037275532.svg" name="QPROP:Element:RefinedBy" refid="a4c5a3bd-cb16-463c-8d57-1cfc58b3529a" text="QPROP:Element:RefinedBy"/><literalstring classType="LiteralString" humanType="Literal String" icon="AutomotiveCaseStudy_files/icon_literalstring_2037275532.svg" name="QPROP:Element:risk" refid="315d28bb-cd4e-44ad-a510-095e569ab70c" text="QPROP:Element:risk"/><literalstring classType="LiteralString" humanType="Literal String" icon="AutomotiveCaseStudy_files/icon_literalstring_2037275532.svg" name="QPROP:Element:SatisfiedBy" refid="621359b2-c18a-42e8-950e-19a073058f8b" text="QPROP:Element:SatisfiedBy"/><literalstring classType="LiteralString" humanType="Literal String" icon="AutomotiveCaseStudy_files/icon_literalstring_2037275532.svg" name="QPROP:Element:source" refid="6c3acee0-657a-478b-a65c-78471d42bd56" text="QPROP:Element:source"/><literalstring classType="LiteralString" humanType="Literal String" icon="AutomotiveCaseStudy_files/icon_literalstring_2037275532.svg" name="QPROP:Element:TracedTo" refid="013ea664-903a-4539-8d03-d4daeac2e45b" text="QPROP:Element:TracedTo"/><literalstring classType="LiteralString" humanType="Literal String" icon="AutomotiveCaseStudy_files/icon_literalstring_2037275532.svg" name="QPROP:Element:VerifiedBy" refid="ccf8d95d-d033-47d6-9846-0eaf3dee7b9e" text="QPROP:Element:VerifiedBy"/><literalstring classType="LiteralString" humanType="Literal String" icon="AutomotiveCaseStudy_files/icon_literalstring_2037275532.svg" name="QPROP:Element:verifyMethod" refid="5b1a97e5-5044-4df7-b90e-016b577b986e" text="QPROP:Element:verifyMethod"/></value></slot></magicdraw>