<?xml version="1.0" encoding="UTF-8"?><magicdraw><slot classType="Slot" humanType="Slot" icon="AutomotiveCaseStudy_files/icon_slot_355231286.svg" id="137ec9d8-1553-4f10-8e48-63eac71829fa"><definingFeature classType="Property" humanName="Defining Feature" humanType="Property" icon="AutomotiveCaseStudy_files/icon_property_2135874046.svg" mode="s,e" name="Text" refid="276f8ce5-69de-4660-87a3-7a7b5d0e6546"/><documentation humanName="Documentation"/><ownedElement humanName="Owned Element"><literalstring classType="LiteralString" humanType="Literal String" icon="AutomotiveCaseStudy_files/icon_literalstring_2037275532.svg" name="Percentage of orders with on time and accurate documentation supporting the order will be greater than 99%" refid="cb771ca9-0694-4af7-a241-69ff4a4fe291" text="Percentage of orders with on time and accurate documentation supporting the order will be greater than 99%"/></ownedElement><owner classType="InstanceSpecification" humanName="Owner" humanType="Instance Specification" icon="AutomotiveCaseStudy_files/icon_instancespecification_13643661.svg" mode="s,e" name=" : SysML::Non-Normative Extensions::Requirement::performanceRequirement" refid="12b2643b-2f5b-4f17-b7bd-50c39ad52838"/><owningInstance classType="InstanceSpecification" humanName="Owning Instance" humanType="Instance Specification" icon="AutomotiveCaseStudy_files/icon_instancespecification_13643661.svg" name=" : SysML::Non-Normative Extensions::Requirement::performanceRequirement" refid="12b2643b-2f5b-4f17-b7bd-50c39ad52838"/><TO_DO humanName="To Do" mode="s,e"/><value humanName="Value" mode="s,e"><literalstring classType="LiteralString" humanType="Literal String" icon="AutomotiveCaseStudy_files/icon_literalstring_2037275532.svg" name="Percentage of orders with on time and accurate documentation supporting the order will be greater than 99%" refid="cb771ca9-0694-4af7-a241-69ff4a4fe291" text="Percentage of orders with on time and accurate documentation supporting the order will be greater than 99%"/></value></slot></magicdraw>