<?xml version="1.0" encoding="UTF-8"?><magicdraw><performancerequirement classType="Class" humanType="Performance Requirement" icon="AutomotiveCaseStudy_files/icon_performancerequirement_1011640708.svg" id="139748e5-67b4-4128-a6ea-8e45e0d21f71"><APPLIED_STEREOTYPES humanName="Applied Stereotype" mode="e"><stereotype classType="Stereotype" humanType="Stereotype" icon="AutomotiveCaseStudy_files/icon_stereotype_1011640708.svg" name="performanceRequirement" refid="b74418d7-7796-45c0-82f9-64a12d9a2790"/></APPLIED_STEREOTYPES><appliedStereotype humanName="Applied Stereotype" mode="e"><stereotype classType="Stereotype" humanType="Stereotype" icon="AutomotiveCaseStudy_files/icon_stereotype_1011640708.svg" name="performanceRequirement" refid="b74418d7-7796-45c0-82f9-64a12d9a2790"><property classType="Property" humanName="Base_ Class" humanType="Property" icon="AutomotiveCaseStudy_files/icon_property_2135874046.svg" name="base_Class" refid="899fcd76-b966-48f2-ac77-e8bf78cc5a59"/><property classType="Property" humanName="Base_ Class" humanType="Property" icon="AutomotiveCaseStudy_files/icon_property_2135874046.svg" name="base_Class" refid="2f4551a7-c615-44bb-a631-da62ee645935"/><property classType="Property" humanName="Base_ Class" humanType="Property" icon="AutomotiveCaseStudy_files/icon_property_2135874046.svg" name="base_Class" refid="74161ac9-f4ee-41ab-b2f1-83f08b04e1ab"/><property classType="Property" humanName="Base_ Named Element" humanType="Property" icon="AutomotiveCaseStudy_files/icon_property_2135874046.svg" name="base_NamedElement" refid="c4b654ad-1733-45e5-ad16-3392b56127e9"/><property classType="Property" humanName="Derived" humanType="Property" icon="AutomotiveCaseStudy_files/icon_property_2135874046.svg" name="Derived" refid="9efe314f-936d-45bc-bbae-da6754bf1d0b"/><property classType="Property" humanName="Derived From" humanType="Property" icon="AutomotiveCaseStudy_files/icon_property_2135874046.svg" name="DerivedFrom" refid="3f3dddbd-08c1-4890-91c2-e5e28da00608"/><property classType="Property" humanName="Id" humanType="Property" icon="AutomotiveCaseStudy_files/icon_property_2135874046.svg" name="Id" refid="70e95e23-9dc9-4211-a8bd-e6c40992cdbc"><String>24</String></property><property classType="Property" humanName="Master" humanType="Property" icon="AutomotiveCaseStudy_files/icon_property_2135874046.svg" name="Master" refid="003fd7ac-9986-4819-bf1b-347e133f08ff"/><property classType="Property" humanName="Refined By" humanType="Property" icon="AutomotiveCaseStudy_files/icon_property_2135874046.svg" name="RefinedBy" refid="dc5873df-0eee-4f57-9e28-fbe6d8b606f2"/><property classType="Property" humanName="Risk" humanType="Property" icon="AutomotiveCaseStudy_files/icon_property_2135874046.svg" name="risk" refid="f677da46-c631-451c-8708-2032bd1f48d7"/><property classType="Property" humanName="Satisfied By" humanType="Property" icon="AutomotiveCaseStudy_files/icon_property_2135874046.svg" name="SatisfiedBy" refid="7d7d3681-997a-42a5-b430-bff0061720e4"/><property classType="Property" humanName="Source" humanType="Property" icon="AutomotiveCaseStudy_files/icon_property_2135874046.svg" name="source" refid="4b088684-fedb-4880-9446-af6b69c3ad20"/><property classType="Property" humanName="Text" humanType="Property" icon="AutomotiveCaseStudy_files/icon_property_2135874046.svg" name="Text" refid="276f8ce5-69de-4660-87a3-7a7b5d0e6546"><String> </String></property><property classType="Property" humanName="Traced To" humanType="Property" icon="AutomotiveCaseStudy_files/icon_property_2135874046.svg" name="TracedTo" refid="f434643f-c936-422d-82cc-2044f736b55a"/><property classType="Property" humanName="Verified By" humanType="Property" icon="AutomotiveCaseStudy_files/icon_property_2135874046.svg" name="VerifiedBy" refid="e048b615-aab0-4a82-af75-86d8454c084b"/><property classType="Property" humanName="Verify Method" humanType="Property" icon="AutomotiveCaseStudy_files/icon_property_2135874046.svg" name="verifyMethod" refid="61d63a70-8ac3-45af-8074-d577f68427e6"/></stereotype></appliedStereotype><appliedStereotypeInstance classType="InstanceSpecification" humanName="Applied Stereotype Instance" humanType="Instance Specification" icon="AutomotiveCaseStudy_files/icon_instancespecification_13643661.svg" name=" : SysML::Non-Normative Extensions::Requirement::performanceRequirement" refid="434309bb-e45a-408f-b837-2e7a5cc36d23"/><documentation humanName="Documentation" mode="standard">The reduction in quantities ordered sustainable at 30 days prior to delivery with no inventory or cost penalties.</documentation><isAbstract humanName="Is Abstract">false</isAbstract><isActive humanName="Is Active">false</isActive><isFinalSpecialization humanName="Is Final Specialization" mode="e">false</isFinalSpecialization><isLeaf humanName="Is Leaf" mode="e">false</isLeaf><member humanName="Member"><performancerequirement classType="Class" humanType="Performance Requirement" icon="AutomotiveCaseStudy_files/icon_performancerequirement_1011640708.svg" name="Downside Deliver Adaptability" refid="3f99629e-37ea-4662-942f-955da0eea495"/><performancerequirement classType="Class" humanType="Performance Requirement" icon="AutomotiveCaseStudy_files/icon_performancerequirement_1011640708.svg" name="Downside Make Adaptability" refid="8ff92a46-4ecd-4d9c-9aca-9897120e9a93"/><performancerequirement classType="Class" humanType="Performance Requirement" icon="AutomotiveCaseStudy_files/icon_performancerequirement_1011640708.svg" name="Downside Source Adaptability" refid="33ee004b-20e6-4d99-8bf6-9597cab4430f"/></member><name humanName="Name" mode="s,e">Downside Production Adaptability</name><namespace classType="Package" humanName="Namespace" humanType="Package" icon="AutomotiveCaseStudy_files/icon_package_1622863652.svg" name="Agility" refid="c278dd62-1bcc-4c8e-99ac-e43241ebdabe"/><nestedClassifier humanName="Nested Classifier"><performancerequirement classType="Class" humanType="Performance Requirement" icon="AutomotiveCaseStudy_files/icon_performancerequirement_1011640708.svg" name="Downside Deliver Adaptability" refid="3f99629e-37ea-4662-942f-955da0eea495"/><performancerequirement classType="Class" humanType="Performance Requirement" icon="AutomotiveCaseStudy_files/icon_performancerequirement_1011640708.svg" name="Downside Make Adaptability" refid="8ff92a46-4ecd-4d9c-9aca-9897120e9a93"/><performancerequirement classType="Class" humanType="Performance Requirement" icon="AutomotiveCaseStudy_files/icon_performancerequirement_1011640708.svg" name="Downside Source Adaptability" refid="33ee004b-20e6-4d99-8bf6-9597cab4430f"/></nestedClassifier><ownedComment humanName="Owned Comment"><comment classType="Comment" humanType="Comment" icon="AutomotiveCaseStudy_files/icon_comment_794517456.svg" refid="65bd4df9-ca45-48d5-b96d-8db59ad11a8e"/></ownedComment><ownedElement humanName="Owned Element"><comment classType="Comment" humanType="Comment" icon="AutomotiveCaseStudy_files/icon_comment_794517456.svg" refid="65bd4df9-ca45-48d5-b96d-8db59ad11a8e"/><instancespecification classType="InstanceSpecification" humanType="Instance Specification" icon="AutomotiveCaseStudy_files/icon_instancespecification_13643661.svg" name=" : SysML::Non-Normative Extensions::Requirement::performanceRequirement" refid="434309bb-e45a-408f-b837-2e7a5cc36d23"/><performancerequirement classType="Class" humanType="Performance Requirement" icon="AutomotiveCaseStudy_files/icon_performancerequirement_1011640708.svg" name="Downside Deliver Adaptability" refid="3f99629e-37ea-4662-942f-955da0eea495"/><performancerequirement classType="Class" humanType="Performance Requirement" icon="AutomotiveCaseStudy_files/icon_performancerequirement_1011640708.svg" name="Downside Make Adaptability" refid="8ff92a46-4ecd-4d9c-9aca-9897120e9a93"/><performancerequirement classType="Class" humanType="Performance Requirement" icon="AutomotiveCaseStudy_files/icon_performancerequirement_1011640708.svg" name="Downside Source Adaptability" refid="33ee004b-20e6-4d99-8bf6-9597cab4430f"/></ownedElement><ownedMember humanName="Owned Member"><performancerequirement classType="Class" humanType="Performance Requirement" icon="AutomotiveCaseStudy_files/icon_performancerequirement_1011640708.svg" name="Downside Deliver Adaptability" refid="3f99629e-37ea-4662-942f-955da0eea495"/><performancerequirement classType="Class" humanType="Performance Requirement" icon="AutomotiveCaseStudy_files/icon_performancerequirement_1011640708.svg" name="Downside Make Adaptability" refid="8ff92a46-4ecd-4d9c-9aca-9897120e9a93"/><performancerequirement classType="Class" humanType="Performance Requirement" icon="AutomotiveCaseStudy_files/icon_performancerequirement_1011640708.svg" name="Downside Source Adaptability" refid="33ee004b-20e6-4d99-8bf6-9597cab4430f"/></ownedMember><owner classType="Package" humanName="Owner" humanType="Package" icon="AutomotiveCaseStudy_files/icon_package_1622863652.svg" mode="e" name="Agility" refid="c278dd62-1bcc-4c8e-99ac-e43241ebdabe"/><owningPackage classType="Package" humanName="Owning Package" humanType="Package" icon="AutomotiveCaseStudy_files/icon_package_1622863652.svg" name="Agility" refid="c278dd62-1bcc-4c8e-99ac-e43241ebdabe"/><package classType="Package" humanName="Package" humanType="Package" icon="AutomotiveCaseStudy_files/icon_package_1622863652.svg" name="Agility" refid="c278dd62-1bcc-4c8e-99ac-e43241ebdabe"/><qualifiedName humanName="Qualified Name" mode="s,e">0 - Automotive Production Mission Reference Architecture::4 - Requirements pkg::4.1 - L1 Enterprise Requirements pkg::4.1.2 - Making/Production Requirements - pkg::Performance_Requirements::Agility::Downside Production Adaptability</qualifiedName><TO_DO humanName="To Do" mode="s,e"/><visibility humanName="Visibility">public</visibility></performancerequirement></magicdraw>