<?xml version="1.0" encoding="UTF-8"?><magicdraw><literalstring classType="LiteralString" humanType="Literal String" icon="AutomotiveCaseStudy_files/icon_literalstring_2037275532.svg" id="13fe8052-bf47-4115-ae49-0b4d0b7580bf"><documentation humanName="Documentation"/><name humanName="Name"/><owner classType="Slot" humanName="Owner" humanType="Slot" icon="AutomotiveCaseStudy_files/icon_slot_355231286.svg" mode="e" refid="b0572875-78d7-4340-9a16-a6079b880042"/><owningSlot classType="Slot" humanName="Owning Slot" humanType="Slot" icon="AutomotiveCaseStudy_files/icon_slot_355231286.svg" refid="b0572875-78d7-4340-9a16-a6079b880042"/><qualifiedName humanName="Qualified Name"/><text humanName="Text" mode="standard">The percentage of orders meeting delivery performance with complete and accurate documentation and no delivery damage will be greater than 99%.</text><TO_DO humanName="To Do"/><TYPE_MODIFIER humanName="Type Modifier"/><value humanName="Value" mode="s,e">The percentage of orders meeting delivery performance with complete and accurate documentation and no delivery damage will be greater than 99%.</value><visibility humanName="Visibility">public</visibility></literalstring></magicdraw>