<?xml version="1.0" encoding="UTF-8"?><magicdraw><generalization classType="Generalization" humanType="Generalization" icon="AutomotiveCaseStudy_files/icon_generalization_1702478809.svg" id="146eb525-a936-4522-928c-d9594620ab63"><documentation humanName="Documentation"/><general classType="Stereotype" humanName="General" humanType="Stereotype" icon="AutomotiveCaseStudy_files/icon_stereotype_1299267026.svg" mode="s,e" name="businessRequirement" refid="a2536bca-d836-467b-bed4-7e545b60e0ae"/><isSubstitutable humanName="Is Substitutable">true</isSubstitutable><owner classType="Stereotype" humanName="Owner" humanType="Stereotype" icon="AutomotiveCaseStudy_files/icon_stereotype_918307166.svg" mode="s,e" name="BusinessRequirement" refid="e7b1e458-d310-462e-bcc0-46ad43067f83"/><relatedElement humanName="Related Element"><stereotype classType="Stereotype" humanType="Stereotype" icon="AutomotiveCaseStudy_files/icon_stereotype_1299267026.svg" name="businessRequirement" refid="a2536bca-d836-467b-bed4-7e545b60e0ae"/><stereotype classType="Stereotype" humanType="Stereotype" icon="AutomotiveCaseStudy_files/icon_stereotype_918307166.svg" name="BusinessRequirement" refid="e7b1e458-d310-462e-bcc0-46ad43067f83"/></relatedElement><source humanName="Source"><stereotype classType="Stereotype" humanType="Stereotype" icon="AutomotiveCaseStudy_files/icon_stereotype_918307166.svg" name="BusinessRequirement" refid="e7b1e458-d310-462e-bcc0-46ad43067f83"/></source><specific classType="Stereotype" humanName="Specific" humanType="Stereotype" icon="AutomotiveCaseStudy_files/icon_stereotype_918307166.svg" mode="s,e" name="BusinessRequirement" refid="e7b1e458-d310-462e-bcc0-46ad43067f83"/><target humanName="Target"><stereotype classType="Stereotype" humanType="Stereotype" icon="AutomotiveCaseStudy_files/icon_stereotype_1299267026.svg" name="businessRequirement" refid="a2536bca-d836-467b-bed4-7e545b60e0ae"/></target><TO_DO humanName="To Do" mode="s,e"/></generalization></magicdraw>