<?xml version="1.0" encoding="UTF-8"?><magicdraw><literalstring classType="LiteralString" humanType="Literal String" icon="AutomotiveCaseStudy_files/icon_literalstring_242907379.svg" id="14f7826e-81cd-4369-b100-6e81830a6f3f"><documentation humanName="Documentation"/><name humanName="Name"/><owner classType="Slot" humanName="Owner" humanType="Slot" icon="AutomotiveCaseStudy_files/icon_slot_780071655.svg" mode="e" refid="ba141fb1-03e4-487d-996c-b6e7b6f157f6"/><owningSlot classType="Slot" humanName="Owning Slot" humanType="Slot" icon="AutomotiveCaseStudy_files/icon_slot_780071655.svg" refid="ba141fb1-03e4-487d-996c-b6e7b6f157f6"/><qualifiedName humanName="Qualified Name"/><text humanName="Text" mode="standard">43.3</text><TO_DO humanName="To Do"/><TYPE_MODIFIER humanName="Type Modifier"/><value humanName="Value" mode="s,e">43.3</value><visibility humanName="Visibility">public</visibility></literalstring></magicdraw>