<?xml version="1.0" encoding="UTF-8"?><magicdraw><comment classType="Comment" humanType="Comment" icon="AutomotiveCaseStudy_files/icon_comment_794517456.svg" id="156805c4-b316-4c1a-adc1-ab4997d0d0bb"><annotatedElement humanName="Annotated Element" mode="s,e"><performancerequirement classType="Class" humanType="Performance Requirement" icon="AutomotiveCaseStudy_files/icon_performancerequirement_1011640708.svg" name="Upside Source Return Adaptability" refid="51b972d4-c8fb-494e-9df7-45f370b6fdd5"/></annotatedElement><body humanName="Body" mode="s,e">The maximum sustainable percentage increase in returns
of raw materials to suppliers that can be achieved in 30 days with the assumption of unconstrained finished goods availability</body><documentation humanName="Documentation"/><owner classType="Class" humanName="Owner" humanType="Performance Requirement" icon="AutomotiveCaseStudy_files/icon_performancerequirement_1011640708.svg" mode="s,e" name="Upside Source Return Adaptability" refid="51b972d4-c8fb-494e-9df7-45f370b6fdd5"/><owningElement classType="Class" humanName="Owning Element" humanType="Performance Requirement" icon="AutomotiveCaseStudy_files/icon_performancerequirement_1011640708.svg" name="Upside Source Return Adaptability" refid="51b972d4-c8fb-494e-9df7-45f370b6fdd5"/><TO_DO humanName="To Do" mode="s,e"/></comment></magicdraw>