<?xml version="1.0" encoding="UTF-8"?><magicdraw><literalunlimitednatural classType="LiteralUnlimitedNatural" humanType="Literal Unlimited Natural" icon="AutomotiveCaseStudy_files/icon_literalunlimitednatural_87448685.svg" id="1570f395-ffe5-48ea-8268-dc4c4c976bda"><documentation humanName="Documentation"/><name humanName="Name"/><owner classType="Property" humanName="Owner" humanType="Property" icon="AutomotiveCaseStudy_files/icon_property_3315346.svg" mode="e" name="stakeholder" refid="23ebff80-df22-47e1-9b24-ef7624033fa6"/><owningUpper classType="Property" humanName="Owning Upper" humanType="Property" icon="AutomotiveCaseStudy_files/icon_property_3315346.svg" name="stakeholder" refid="23ebff80-df22-47e1-9b24-ef7624033fa6"/><qualifiedName humanName="Qualified Name">0 - Automotive Production Mission Reference Architecture::1 - Business Function Concept pkg::1.3 - Stakeholder Concerns pkg::StakeholderConcern::stakeholder::</qualifiedName><text humanName="Text" mode="standard">1</text><TO_DO humanName="To Do"/><TYPE_MODIFIER humanName="Type Modifier"/><value humanName="Value" mode="s,e">1</value><visibility humanName="Visibility">public</visibility></literalunlimitednatural></magicdraw>