<?xml version="1.0" encoding="UTF-8"?><magicdraw><elementimport classType="ElementImport" humanType="Element Import" icon="AutomotiveCaseStudy_files/icon_elementimport_1248435962.svg" id="15ec5021-8456-4139-a407-55d62b88965a"><alias humanName="Alias" mode="s,e"/><documentation humanName="Documentation"/><importedElement classType="Class" humanName="Imported Element" humanType="Performance Requirement" icon="AutomotiveCaseStudy_files/icon_performancerequirement_962002586.svg" mode="s,e" name="Cost of Goods Sold" refid="27a2a876-d5d7-47d3-ae5e-9feb3462a622"/><importingNamespace classType="Class" humanName="Importing Namespace" humanType="Performance Requirement" icon="AutomotiveCaseStudy_files/icon_performancerequirement_962002586.svg" mode="s,e" name="Return on SC Fixed Assets" refid="c3a74f39-1404-4ddb-a286-6432c8f8383d"/><owner classType="Class" humanName="Owner" humanType="Performance Requirement" icon="AutomotiveCaseStudy_files/icon_performancerequirement_962002586.svg" mode="s,e" name="Return on SC Fixed Assets" refid="c3a74f39-1404-4ddb-a286-6432c8f8383d"/><relatedElement humanName="Related Element"><performancerequirement classType="Class" humanType="Performance Requirement" icon="AutomotiveCaseStudy_files/icon_performancerequirement_962002586.svg" name="Cost of Goods Sold" refid="27a2a876-d5d7-47d3-ae5e-9feb3462a622"/><performancerequirement classType="Class" humanType="Performance Requirement" icon="AutomotiveCaseStudy_files/icon_performancerequirement_962002586.svg" name="Return on SC Fixed Assets" refid="c3a74f39-1404-4ddb-a286-6432c8f8383d"/></relatedElement><source humanName="Source"><performancerequirement classType="Class" humanType="Performance Requirement" icon="AutomotiveCaseStudy_files/icon_performancerequirement_962002586.svg" name="Return on SC Fixed Assets" refid="c3a74f39-1404-4ddb-a286-6432c8f8383d"/></source><target humanName="Target"><performancerequirement classType="Class" humanType="Performance Requirement" icon="AutomotiveCaseStudy_files/icon_performancerequirement_962002586.svg" name="Cost of Goods Sold" refid="27a2a876-d5d7-47d3-ae5e-9feb3462a622"/></target><TO_DO humanName="To Do" mode="s,e"/><visibility humanName="Visibility" mode="s,e">public</visibility></elementimport></magicdraw>