<?xml version="1.0" encoding="UTF-8"?><magicdraw><package classType="Package" humanType="Package" icon="AutomotiveCaseStudy_files/icon_package_1622863652.svg" id="162ff91f-55ae-4086-a914-67722c063832"><documentation humanName="Documentation"/><name humanName="Name" mode="s,e">5.1.2 - L1 Enterprise pkg</name><namespace classType="Package" humanName="Namespace" humanType="Package" icon="AutomotiveCaseStudy_files/icon_package_1622863652.svg" name="5.1 - Hierarchical Physical Architecture" refid="6a27af74-6e0f-4aa2-8087-2bb4976ad62e"/><nestingPackage classType="Package" humanName="Nesting Package" humanType="Package" icon="AutomotiveCaseStudy_files/icon_package_1622863652.svg" name="5.1 - Hierarchical Physical Architecture" refid="6a27af74-6e0f-4aa2-8087-2bb4976ad62e"/><owner classType="Package" humanName="Owner" humanType="Package" icon="AutomotiveCaseStudy_files/icon_package_1622863652.svg" mode="s,e" name="5.1 - Hierarchical Physical Architecture" refid="6a27af74-6e0f-4aa2-8087-2bb4976ad62e"/><owningPackage classType="Package" humanName="Owning Package" humanType="Package" icon="AutomotiveCaseStudy_files/icon_package_1622863652.svg" name="5.1 - Hierarchical Physical Architecture" refid="6a27af74-6e0f-4aa2-8087-2bb4976ad62e"/><qualifiedName humanName="Qualified Name" mode="e">0 - Automotive Production Mission Reference Architecture::5 - Architecture pkg::5.1 - Hierarchical Physical Architecture::5.1.2 - L1 Enterprise pkg</qualifiedName><TO_DO humanName="To Do" mode="s,e"/><URI humanName="URI" mode="e"/><visibility humanName="Visibility">public</visibility></package></magicdraw>