<?xml version="1.0" encoding="UTF-8"?><magicdraw><slot classType="Slot" humanType="Slot" icon="AutomotiveCaseStudy_files/icon_slot_780071655.svg" id="1658cce0-9207-4f47-a8d4-2f7d9bdddc3c"><definingFeature classType="Property" humanName="Defining Feature" humanType="Property" icon="AutomotiveCaseStudy_files/icon_property_3315346.svg" mode="s,e" name="Text" refid="276f8ce5-69de-4660-87a3-7a7b5d0e6546"/><documentation humanName="Documentation"/><ownedElement humanName="Owned Element"><literalstring classType="LiteralString" humanType="Literal String" icon="AutomotiveCaseStudy_files/icon_literalstring_242907379.svg" name="Deliver product at a particular cost, quality, and volume, while adhering to social, safety, and environmental regulations and norms" refid="b0e02a85-9a07-4b4b-974b-04f5ea8bbbe2" text="Deliver product at a particular cost, quality, and volume, while adhering to social, safety, and environmental regulations and norms"/></ownedElement><owner classType="InstanceSpecification" humanName="Owner" humanType="Instance Specification" icon="AutomotiveCaseStudy_files/icon_instancespecification_13643661.svg" mode="s,e" name=" : 0 - Automotive Production Mission Reference Architecture::1 - Business Function Concept pkg::1.1 - Business Function Needs &amp; Objectives pkg::BusinessNeed" refid="be2e8c10-87a2-4814-87e4-db7304cb4d55"/><owningInstance classType="InstanceSpecification" humanName="Owning Instance" humanType="Instance Specification" icon="AutomotiveCaseStudy_files/icon_instancespecification_13643661.svg" name=" : 0 - Automotive Production Mission Reference Architecture::1 - Business Function Concept pkg::1.1 - Business Function Needs &amp; Objectives pkg::BusinessNeed" refid="be2e8c10-87a2-4814-87e4-db7304cb4d55"/><TO_DO humanName="To Do" mode="s,e"/><value humanName="Value" mode="s,e"><literalstring classType="LiteralString" humanType="Literal String" icon="AutomotiveCaseStudy_files/icon_literalstring_242907379.svg" name="Deliver product at a particular cost, quality, and volume, while adhering to social, safety, and environmental regulations and norms" refid="b0e02a85-9a07-4b4b-974b-04f5ea8bbbe2" text="Deliver product at a particular cost, quality, and volume, while adhering to social, safety, and environmental regulations and norms"/></value></slot></magicdraw>