<?xml version="1.0" encoding="UTF-8"?><magicdraw><package classType="Package" humanType="Package" icon="AutomotiveCaseStudy_files/icon_package_1622863652.svg" id="179f59dc-5f2b-47f2-a75c-43eee7c4688f"><documentation humanName="Documentation"/><name humanName="Name" mode="s,e">1 - Stakeholders pkg</name><namespace classType="Package" humanName="Namespace" humanType="Package" icon="AutomotiveCaseStudy_files/icon_package_1622863652.svg" name="1 - Design Mission - Automotive Production System " refid="b8ab6ddc-768d-4169-bce9-18a0f946780a"/><nestingPackage classType="Package" humanName="Nesting Package" humanType="Package" icon="AutomotiveCaseStudy_files/icon_package_1622863652.svg" name="1 - Design Mission - Automotive Production System " refid="b8ab6ddc-768d-4169-bce9-18a0f946780a"/><owner classType="Package" humanName="Owner" humanType="Package" icon="AutomotiveCaseStudy_files/icon_package_1622863652.svg" mode="s,e" name="1 - Design Mission - Automotive Production System " refid="b8ab6ddc-768d-4169-bce9-18a0f946780a"/><owningPackage classType="Package" humanName="Owning Package" humanType="Package" icon="AutomotiveCaseStudy_files/icon_package_1622863652.svg" name="1 - Design Mission - Automotive Production System " refid="b8ab6ddc-768d-4169-bce9-18a0f946780a"/><qualifiedName humanName="Qualified Name" mode="e">1 - Design Mission - Automotive Production System ::1 - Stakeholders pkg</qualifiedName><TO_DO humanName="To Do" mode="s,e"/><URI humanName="URI" mode="e"/><visibility humanName="Visibility">public</visibility></package></magicdraw>