<?xml version="1.0" encoding="UTF-8"?><magicdraw><instancespecification classType="InstanceSpecification" humanType="Instance Specification" icon="AutomotiveCaseStudy_files/icon_instancespecification_13643661.svg" id="1819424b-0585-4946-92ed-addce0ae974e"><classifier humanName="Classifier" mode="s,e"><stereotype classType="Stereotype" humanType="Stereotype" icon="AutomotiveCaseStudy_files/icon_stereotype_918307166.svg" name="StakeholderConcern" refid="0523df55-f46a-455d-93a5-4642a88f69b8"/></classifier><documentation humanName="Documentation"/><name humanName="Name" mode="s,e"/><ownedElement humanName="Owned Element"><slot classType="Slot" humanType="Slot" icon="AutomotiveCaseStudy_files/icon_slot_780071655.svg" refid="cbf8d168-c8a0-47f4-962b-72cabbe1916e"/><slot classType="Slot" humanType="Slot" icon="AutomotiveCaseStudy_files/icon_slot_780071655.svg" refid="6a0919c8-49d6-4d59-a102-d62033abfd05"/><slot classType="Slot" humanType="Slot" icon="AutomotiveCaseStudy_files/icon_slot_780071655.svg" refid="b205062e-03bd-4952-8433-4c572db392c8"/></ownedElement><owner classType="Class" humanName="Owner" humanType="StakeholderConcern" icon="AutomotiveCaseStudy_files/icon_stakeholderconcern_1682619279.svg" mode="s,e" name="EngineeringChangeProcess" refid="c40411e6-139a-43e6-9c42-7123077b55a3"/><qualifiedName humanName="Qualified Name" mode="e">0 - Automotive Production Mission Reference Architecture::1 - Business Function Concept pkg::1.3 - Stakeholder Concerns pkg::Supplier_Concerns::EngineeringChangeProcess::</qualifiedName><slot humanName="Slot"><slot classType="Slot" humanType="Slot" icon="AutomotiveCaseStudy_files/icon_slot_780071655.svg" refid="cbf8d168-c8a0-47f4-962b-72cabbe1916e"/><slot classType="Slot" humanType="Slot" icon="AutomotiveCaseStudy_files/icon_slot_780071655.svg" refid="6a0919c8-49d6-4d59-a102-d62033abfd05"/><slot classType="Slot" humanType="Slot" icon="AutomotiveCaseStudy_files/icon_slot_780071655.svg" refid="b205062e-03bd-4952-8433-4c572db392c8"/></slot><stereotypedElement classType="Class" humanName="Stereotyped Element" humanType="StakeholderConcern" icon="AutomotiveCaseStudy_files/icon_stakeholderconcern_1682619279.svg" name="EngineeringChangeProcess" refid="c40411e6-139a-43e6-9c42-7123077b55a3"/><TO_DO humanName="To Do" mode="s,e"/><visibility humanName="Visibility">public</visibility></instancespecification></magicdraw>