<?xml version="1.0" encoding="UTF-8"?><magicdraw><literalstring classType="LiteralString" humanType="Literal String" icon="AutomotiveCaseStudy_files/icon_literalstring_2037275532.svg" id="18394047-45c1-4c44-a6f2-db387b03ba79"><documentation humanName="Documentation"/><name humanName="Name"/><owner classType="Slot" humanName="Owner" humanType="Slot" icon="AutomotiveCaseStudy_files/icon_slot_355231286.svg" mode="e" refid="9ac0fa0d-b722-4d2b-8eec-b0a2e528c4c1"/><owningSlot classType="Slot" humanName="Owning Slot" humanType="Slot" icon="AutomotiveCaseStudy_files/icon_slot_355231286.svg" refid="9ac0fa0d-b722-4d2b-8eec-b0a2e528c4c1"/><qualifiedName humanName="Qualified Name"/><text humanName="Text" mode="standard">35.2</text><TO_DO humanName="To Do"/><TYPE_MODIFIER humanName="Type Modifier"/><value humanName="Value" mode="s,e">35.2</value><visibility humanName="Visibility">public</visibility></literalstring></magicdraw>