<?xml version="1.0" encoding="UTF-8"?><magicdraw><literalstring classType="LiteralString" humanType="Literal String" icon="AutomotiveCaseStudy_files/icon_literalstring_242907379.svg" id="19a4fc76-1c5e-47a5-9221-0601574dea4a"><documentation humanName="Documentation"/><name humanName="Name"/><owner classType="Slot" humanName="Owner" humanType="Slot" icon="AutomotiveCaseStudy_files/icon_slot_780071655.svg" mode="e" refid="cbf8d168-c8a0-47f4-962b-72cabbe1916e"/><owningSlot classType="Slot" humanName="Owning Slot" humanType="Slot" icon="AutomotiveCaseStudy_files/icon_slot_780071655.svg" refid="cbf8d168-c8a0-47f4-962b-72cabbe1916e"/><qualifiedName humanName="Qualified Name"/><text humanName="Text" mode="standard">Clear communication on ECR process, including qty and design changes</text><TO_DO humanName="To Do"/><TYPE_MODIFIER humanName="Type Modifier"/><value humanName="Value" mode="s,e">Clear communication on ECR process, including qty and design changes</value><visibility humanName="Visibility">public</visibility></literalstring></magicdraw>