<?xml version="1.0" encoding="UTF-8"?><magicdraw><instancespecification classType="InstanceSpecification" humanType="Instance Specification" icon="AutomotiveCaseStudy_files/icon_instancespecification_13643661.svg" id="1a8e6043-4709-4c7b-b128-78980d2b8a91"><classifier humanName="Classifier" mode="s,e"><stereotype classType="Stereotype" humanType="Stereotype" icon="AutomotiveCaseStudy_files/icon_stereotype_962002586.svg" name="performanceRequirement" refid="b74418d7-7796-45c0-82f9-64a12d9a2790"/></classifier><documentation humanName="Documentation"/><name humanName="Name" mode="s,e"/><ownedElement humanName="Owned Element"><slot classType="Slot" humanType="Slot" icon="AutomotiveCaseStudy_files/icon_slot_780071655.svg" refid="0f41c33c-e6b9-409d-b03b-e9879ee3d89e"/><slot classType="Slot" humanType="Slot" icon="AutomotiveCaseStudy_files/icon_slot_780071655.svg" refid="ac55043e-c1d8-449d-8700-2708b7c3e4b1"/></ownedElement><owner classType="Class" humanName="Owner" humanType="Performance Requirement" icon="AutomotiveCaseStudy_files/icon_performancerequirement_962002586.svg" mode="s,e" name="Return on SC Fixed Assets" refid="3cbdab84-7988-4c5b-9913-ef0768a69d78"/><qualifiedName humanName="Qualified Name" mode="e">0 - Automotive Production Mission Reference Architecture::4 - Requirements pkg::4.1 - L1 Enterprise Requirements pkg::Performance_Requirements::Asset Management Efficiency::Return on SC Fixed Assets::</qualifiedName><slot humanName="Slot"><slot classType="Slot" humanType="Slot" icon="AutomotiveCaseStudy_files/icon_slot_780071655.svg" refid="0f41c33c-e6b9-409d-b03b-e9879ee3d89e"/><slot classType="Slot" humanType="Slot" icon="AutomotiveCaseStudy_files/icon_slot_780071655.svg" refid="ac55043e-c1d8-449d-8700-2708b7c3e4b1"/></slot><stereotypedElement classType="Class" humanName="Stereotyped Element" humanType="Performance Requirement" icon="AutomotiveCaseStudy_files/icon_performancerequirement_962002586.svg" name="Return on SC Fixed Assets" refid="3cbdab84-7988-4c5b-9913-ef0768a69d78"/><TO_DO humanName="To Do" mode="s,e"/><visibility humanName="Visibility">public</visibility></instancespecification></magicdraw>