<?xml version="1.0" encoding="UTF-8"?><magicdraw><literalstring classType="LiteralString" humanType="Literal String" icon="AutomotiveCaseStudy_files/icon_literalstring_2037275532.svg" id="1ad4d8ab-b8b8-4cae-863f-1d7f8288a0e1"><documentation humanName="Documentation"/><name humanName="Name"/><owner classType="Slot" humanName="Owner" humanType="Slot" icon="AutomotiveCaseStudy_files/icon_slot_355231286.svg" mode="e" refid="4253a147-21b0-4198-8655-6b08eee118c8"/><owningSlot classType="Slot" humanName="Owning Slot" humanType="Slot" icon="AutomotiveCaseStudy_files/icon_slot_355231286.svg" refid="4253a147-21b0-4198-8655-6b08eee118c8"/><qualifiedName humanName="Qualified Name"/><text humanName="Text" mode="standard">Percentage of orders delivered in an undamaged state that meet specification, have the correct
configuration, are faultlessly installed (as applicable) and accepted by the customer.</text><TO_DO humanName="To Do"/><TYPE_MODIFIER humanName="Type Modifier"/><value humanName="Value" mode="s,e">Percentage of orders delivered in an undamaged state that meet specification, have the correct
configuration, are faultlessly installed (as applicable) and accepted by the customer.</value><visibility humanName="Visibility">public</visibility></literalstring></magicdraw>