<?xml version="1.0" encoding="UTF-8"?><magicdraw><elementvalue classType="ElementValue" humanType="Element Value" icon="AutomotiveCaseStudy_files/icon_elementvalue_2088572563.svg" id="1ae1e633-b3a9-4e0a-a842-2c77bdb50ddd"><documentation humanName="Documentation"/><element classType="Class" humanName="Element" humanType="StakeholderConcern" icon="AutomotiveCaseStudy_files/icon_stakeholderconcern_1682619279.svg" mode="s,e" name="ProductionRamp" refid="47b4e016-66bf-4a39-942c-b8e0743d0124"/><name humanName="Name"/><owner classType="Slot" humanName="Owner" humanType="Slot" icon="AutomotiveCaseStudy_files/icon_slot_780071655.svg" mode="e" refid="618ce64f-a1f2-46af-9337-7e59a62293b8"/><owningSlot classType="Slot" humanName="Owning Slot" humanType="Slot" icon="AutomotiveCaseStudy_files/icon_slot_780071655.svg" refid="618ce64f-a1f2-46af-9337-7e59a62293b8"/><qualifiedName humanName="Qualified Name"/><text humanName="Text" mode="standard">ProductionRamp</text><TO_DO humanName="To Do"/><TYPE_MODIFIER humanName="Type Modifier"/><visibility humanName="Visibility">public</visibility></elementvalue></magicdraw>