<?xml version="1.0" encoding="UTF-8"?><magicdraw><literalstring classType="LiteralString" humanType="Literal String" icon="AutomotiveCaseStudy_files/icon_literalstring_2037275532.svg" id="1b053f0e-ec0b-4db9-8f7a-618e90ef3a95"><documentation humanName="Documentation"/><name humanName="Name"/><owner classType="Slot" humanName="Owner" humanType="Slot" icon="AutomotiveCaseStudy_files/icon_slot_355231286.svg" mode="e" refid="ca59a0ff-37bf-42ae-8828-da1de02d0142"/><owningSlot classType="Slot" humanName="Owning Slot" humanType="Slot" icon="AutomotiveCaseStudy_files/icon_slot_355231286.svg" refid="ca59a0ff-37bf-42ae-8828-da1de02d0142"/><qualifiedName humanName="Qualified Name"/><text humanName="Text" mode="standard">42.1</text><TO_DO humanName="To Do"/><TYPE_MODIFIER humanName="Type Modifier"/><value humanName="Value" mode="s,e">42.1</value><visibility humanName="Visibility">public</visibility></literalstring></magicdraw>