<?xml version="1.0" encoding="UTF-8"?><magicdraw><slot classType="Slot" humanType="Slot" icon="AutomotiveCaseStudy_files/icon_slot_355231286.svg" id="1b202bc3-835a-4b73-b8fc-98e6a578a48f"><definingFeature classType="Property" humanName="Defining Feature" humanType="Property" icon="AutomotiveCaseStudy_files/icon_property_2135874046.svg" mode="s,e" name="Id" refid="70e95e23-9dc9-4211-a8bd-e6c40992cdbc"/><documentation humanName="Documentation"/><ownedElement humanName="Owned Element"><literalstring classType="LiteralString" humanType="Literal String" icon="AutomotiveCaseStudy_files/icon_literalstring_2037275532.svg" name="23.5" refid="78eef4c6-9784-4b2c-82f3-f1e15af0e891" text="23.5"/></ownedElement><owner classType="InstanceSpecification" humanName="Owner" humanType="Instance Specification" icon="AutomotiveCaseStudy_files/icon_instancespecification_13643661.svg" mode="s,e" name=" : SysML::Non-Normative Extensions::Requirement::performanceRequirement" refid="c5e39b29-b47b-4eed-9cf6-e00f08791729"/><owningInstance classType="InstanceSpecification" humanName="Owning Instance" humanType="Instance Specification" icon="AutomotiveCaseStudy_files/icon_instancespecification_13643661.svg" name=" : SysML::Non-Normative Extensions::Requirement::performanceRequirement" refid="c5e39b29-b47b-4eed-9cf6-e00f08791729"/><TO_DO humanName="To Do" mode="s,e"/><value humanName="Value" mode="s,e"><literalstring classType="LiteralString" humanType="Literal String" icon="AutomotiveCaseStudy_files/icon_literalstring_2037275532.svg" name="23.5" refid="78eef4c6-9784-4b2c-82f3-f1e15af0e891" text="23.5"/></value></slot></magicdraw>