<?xml version="1.0" encoding="UTF-8"?><magicdraw><literalstring classType="LiteralString" humanType="Literal String" icon="AutomotiveCaseStudy_files/icon_literalstring_2037275532.svg" id="1bdb6751-8bcb-48b3-8f2d-64bc715f37dc"><documentation humanName="Documentation"/><name humanName="Name"/><owner classType="Slot" humanName="Owner" humanType="Slot" icon="AutomotiveCaseStudy_files/icon_slot_355231286.svg" mode="e" refid="6f66aae2-c9e0-492b-a670-7948ab13f4af"/><owningSlot classType="Slot" humanName="Owning Slot" humanType="Slot" icon="AutomotiveCaseStudy_files/icon_slot_355231286.svg" refid="6f66aae2-c9e0-492b-a670-7948ab13f4af"/><qualifiedName humanName="Qualified Name"/><text humanName="Text" mode="standard">40.4</text><TO_DO humanName="To Do"/><TYPE_MODIFIER humanName="Type Modifier"/><value humanName="Value" mode="s,e">40.4</value><visibility humanName="Visibility">public</visibility></literalstring></magicdraw>