<?xml version="1.0" encoding="UTF-8"?><magicdraw><property classType="Property" humanType="Property" icon="AutomotiveCaseStudy_files/icon_property_2135874046.svg" id="1bfc4bbc-161a-4ed9-84e1-43f06c9b0f7b"><aggregation humanName="Aggregation" mode="s,e">none</aggregation><association classType="Extension" humanName="Association" humanType="Extension" icon="AutomotiveCaseStudy_files/icon_extension_1445366849.svg" isRelationship="true" name="Extension[extension_unnamed1:0 - Automotive Production Mission Reference Architecture::1 - Stakeholders pkg::1.1 - Business Function pkg::1.1.3 Constraints &amp; Requirements pkg::BusinessRequirement - base_Class:UML Standard Profile::UML2 Metamodel::Class]" refid="11202ef3-cafc-4635-8779-ea89af44f6d6"/><UMLClass classType="Stereotype" humanName="Class" humanType="Stereotype" icon="AutomotiveCaseStudy_files/icon_stereotype_918307166.svg" name="BusinessRequirement" refid="e7b1e458-d310-462e-bcc0-46ad43067f83"/><classifier classType="Stereotype" humanName="Classifier" humanType="Stereotype" icon="AutomotiveCaseStudy_files/icon_stereotype_918307166.svg" name="BusinessRequirement" refid="e7b1e458-d310-462e-bcc0-46ad43067f83"/><documentation humanName="Documentation"/><featuringClassifier classType="Stereotype" humanName="Featuring Classifier" humanType="Stereotype" icon="AutomotiveCaseStudy_files/icon_stereotype_918307166.svg" name="BusinessRequirement" refid="e7b1e458-d310-462e-bcc0-46ad43067f83"/><isComposite humanName="Is Composite">false</isComposite><isDerived humanName="Is Derived" mode="s,e">false</isDerived><isDerivedUnion humanName="Is Derived Union" mode="e">false</isDerivedUnion><isID humanName="Is ID" mode="e">false</isID><isLeaf humanName="Is Leaf">false</isLeaf><isOrdered humanName="Is Ordered" mode="e">false</isOrdered><isReadOnly humanName="Is Read Only" mode="s,e">false</isReadOnly><isStatic humanName="Is Static" mode="s,e">false</isStatic><isUnique humanName="Is Unique" mode="e">true</isUnique><lower humanName="Lower">1</lower><multiplicity humanName="Multiplicity" mode="s,e"/><multiplicity humanName="Multiplicity" mode="s,e"/><name humanName="Name" mode="s,e">base_Class</name><namespace classType="Stereotype" humanName="Namespace" humanType="Stereotype" icon="AutomotiveCaseStudy_files/icon_stereotype_918307166.svg" name="BusinessRequirement" refid="e7b1e458-d310-462e-bcc0-46ad43067f83"/><navigable humanName="Navigable" mode="e">true</navigable><opposite classType="ExtensionEnd" humanName="Opposite" humanType="Extension End" icon="AutomotiveCaseStudy_files/icon_extensionend_2061328409.svg" name="extension_unnamed1" refid="58bfe04f-a335-47ad-9295-f79c5674536f"/><ownedBy classType="Stereotype" humanName="Owned By" humanType="Stereotype" icon="AutomotiveCaseStudy_files/icon_stereotype_918307166.svg" mode="s,e" name="BusinessRequirement" refid="e7b1e458-d310-462e-bcc0-46ad43067f83"/><owner classType="Stereotype" humanName="Owner" humanType="Stereotype" icon="AutomotiveCaseStudy_files/icon_stereotype_918307166.svg" name="BusinessRequirement" refid="e7b1e458-d310-462e-bcc0-46ad43067f83"/><qualifiedName humanName="Qualified Name" mode="e">0 - Automotive Production Mission Reference Architecture::1 - Stakeholders pkg::1.1 - Business Function pkg::1.1.3 Constraints &amp; Requirements pkg::BusinessRequirement::base_Class</qualifiedName><redefinitionContext humanName="Redefinition Context"><stereotype classType="Stereotype" humanType="Stereotype" icon="AutomotiveCaseStudy_files/icon_stereotype_918307166.svg" name="BusinessRequirement" refid="e7b1e458-d310-462e-bcc0-46ad43067f83"/></redefinitionContext><TO_DO humanName="To Do" mode="s,e"/><type classType="Class" humanName="Type" humanType="Class" icon="AutomotiveCaseStudy_files/icon_class_290799804.svg" mode="s,e" name="Class" refid="d1675d11-baa9-4f38-8999-df3ffed63534"/><TYPE_MODIFIER humanName="Type Modifier" mode="e"/><upper humanName="Upper">1</upper><visibility humanName="Visibility" mode="s,e">private</visibility></property></magicdraw>