<?xml version="1.0" encoding="UTF-8"?><magicdraw><elementvalue classType="ElementValue" humanType="Element Value" icon="AutomotiveCaseStudy_files/icon_elementvalue_2088572563.svg" id="1c2d6c61-2201-4023-97d4-5907d6278155"><documentation humanName="Documentation"/><element classType="Actor" humanName="Element" humanType="Actor" icon="AutomotiveCaseStudy_files/icon_actor_1378559537.svg" mode="s,e" name="Suppliers" refid="96710fbf-f640-4b70-8ae8-1ce4786aea4a"/><name humanName="Name"/><owner classType="Slot" humanName="Owner" humanType="Slot" icon="AutomotiveCaseStudy_files/icon_slot_780071655.svg" mode="e" refid="b205062e-03bd-4952-8433-4c572db392c8"/><owningSlot classType="Slot" humanName="Owning Slot" humanType="Slot" icon="AutomotiveCaseStudy_files/icon_slot_780071655.svg" refid="b205062e-03bd-4952-8433-4c572db392c8"/><qualifiedName humanName="Qualified Name"/><text humanName="Text" mode="standard">Suppliers</text><TO_DO humanName="To Do"/><TYPE_MODIFIER humanName="Type Modifier"/><visibility humanName="Visibility">public</visibility></elementvalue></magicdraw>