<?xml version="1.0" encoding="UTF-8"?><magicdraw><literalstring classType="LiteralString" humanType="Literal String" icon="AutomotiveCaseStudy_files/icon_literalstring_2037275532.svg" id="1c7c229e-20aa-4883-af92-8fa1f10159d6"><documentation humanName="Documentation"/><name humanName="Name"/><owner classType="Slot" humanName="Owner" humanType="Slot" icon="AutomotiveCaseStudy_files/icon_slot_355231286.svg" mode="e" refid="9d90003d-458a-42e9-b75f-9f88f7972649"/><owningSlot classType="Slot" humanName="Owning Slot" humanType="Slot" icon="AutomotiveCaseStudy_files/icon_slot_355231286.svg" refid="9d90003d-458a-42e9-b75f-9f88f7972649"/><qualifiedName humanName="Qualified Name"/><text humanName="Text" mode="standard">Clear communication of expected ramp and cost reduction</text><TO_DO humanName="To Do"/><TYPE_MODIFIER humanName="Type Modifier"/><value humanName="Value" mode="s,e">Clear communication of expected ramp and cost reduction</value><visibility humanName="Visibility">public</visibility></literalstring></magicdraw>