<?xml version="1.0" encoding="UTF-8"?><magicdraw><comment classType="Comment" humanType="Comment" icon="AutomotiveCaseStudy_files/icon_comment_992361802.svg" id="1ca641f6-d8d1-4913-bc7e-413b09dc162e"><annotatedElement humanName="Annotated Element" mode="s,e"><performancerequirement classType="Class" humanType="Performance Requirement" icon="AutomotiveCaseStudy_files/icon_performancerequirement_962002586.svg" name="Return on Working Capital" refid="32a2ffb5-933a-4d07-ba8d-7b2128ec4109"/></annotatedElement><body humanName="Body" mode="s,e">Return on working capital is a measurement which assesses the magnitude of investment
relative to a company’s working capital position verses the revenue generated from a supply
chain. Components include accounts receivable, accounts payable, inventory, supply chain
revenue, cost of goods sold and supply chain management costs. (Processes: sP1, sP2, sP3,
sP4, sS1, sS2, sS3, sM1, sM2, sM3, sD1, sD2, sD3, sD4)</body><documentation humanName="Documentation"/><owner classType="Class" humanName="Owner" humanType="Performance Requirement" icon="AutomotiveCaseStudy_files/icon_performancerequirement_962002586.svg" mode="s,e" name="Return on Working Capital" refid="32a2ffb5-933a-4d07-ba8d-7b2128ec4109"/><owningElement classType="Class" humanName="Owning Element" humanType="Performance Requirement" icon="AutomotiveCaseStudy_files/icon_performancerequirement_962002586.svg" name="Return on Working Capital" refid="32a2ffb5-933a-4d07-ba8d-7b2128ec4109"/><TO_DO humanName="To Do" mode="s,e"/></comment></magicdraw>