<?xml version="1.0" encoding="UTF-8"?><magicdraw><comment classType="Comment" humanType="Comment" icon="AutomotiveCaseStudy_files/icon_comment_992361802.svg" id="1e27ed83-bc36-4226-b30e-a65531b9d42b"><annotatedElement humanName="Annotated Element" mode="s,e"><performancerequirement classType="Class" humanType="Performance Requirement" icon="AutomotiveCaseStudy_files/icon_performancerequirement_962002586.svg" name="Upside Source Flexibility" refid="750a8fbc-9b02-4839-be07-60d0d14b4e96"/></annotatedElement><body humanName="Body" mode="s,e">The number of days required to achieve an unplanned sustainable
20% increase in quantity of raw materials.</body><documentation humanName="Documentation"/><owner classType="Class" humanName="Owner" humanType="Performance Requirement" icon="AutomotiveCaseStudy_files/icon_performancerequirement_962002586.svg" mode="s,e" name="Upside Source Flexibility" refid="750a8fbc-9b02-4839-be07-60d0d14b4e96"/><owningElement classType="Class" humanName="Owning Element" humanType="Performance Requirement" icon="AutomotiveCaseStudy_files/icon_performancerequirement_962002586.svg" name="Upside Source Flexibility" refid="750a8fbc-9b02-4839-be07-60d0d14b4e96"/><TO_DO humanName="To Do" mode="s,e"/></comment></magicdraw>