<?xml version="1.0" encoding="UTF-8"?><magicdraw><instancespecification classType="InstanceSpecification" humanType="Instance Specification" icon="AutomotiveCaseStudy_files/icon_instancespecification_13643661.svg" id="1ea7a163-37ff-4399-a8f6-a587c0922276"><classifier humanName="Classifier" mode="s,e"><stereotype classType="Stereotype" humanType="Stereotype" icon="AutomotiveCaseStudy_files/icon_stereotype_918307166.svg" name="StakeholderConcern" refid="0523df55-f46a-455d-93a5-4642a88f69b8"/></classifier><documentation humanName="Documentation"/><name humanName="Name" mode="s,e"/><ownedElement humanName="Owned Element"><slot classType="Slot" humanType="Slot" icon="AutomotiveCaseStudy_files/icon_slot_355231286.svg" refid="8be9db2e-1f4e-4d89-97dd-e6542dfd782d"/><slot classType="Slot" humanType="Slot" icon="AutomotiveCaseStudy_files/icon_slot_355231286.svg" refid="8957d470-66db-42c8-a190-7507cabc1a1b"/><slot classType="Slot" humanType="Slot" icon="AutomotiveCaseStudy_files/icon_slot_355231286.svg" refid="cc6e47be-90cc-4221-982c-6c84baf7f4b3"/></ownedElement><owner classType="Class" humanName="Owner" humanType="StakeholderConcern" icon="AutomotiveCaseStudy_files/icon_stakeholderconcern_1682619279.svg" mode="s,e" name="Quality_Documentation" refid="9a45334c-0f6a-431e-9a25-ed5a233028f9"/><qualifiedName humanName="Qualified Name" mode="e">0 - Automotive Production Mission Reference Architecture::1 - Stakeholders pkg::1.3 - Stakeholder Concerns pkg::Quality_Concerns::Quality_Documentation::</qualifiedName><slot humanName="Slot"><slot classType="Slot" humanType="Slot" icon="AutomotiveCaseStudy_files/icon_slot_355231286.svg" refid="8be9db2e-1f4e-4d89-97dd-e6542dfd782d"/><slot classType="Slot" humanType="Slot" icon="AutomotiveCaseStudy_files/icon_slot_355231286.svg" refid="8957d470-66db-42c8-a190-7507cabc1a1b"/><slot classType="Slot" humanType="Slot" icon="AutomotiveCaseStudy_files/icon_slot_355231286.svg" refid="cc6e47be-90cc-4221-982c-6c84baf7f4b3"/></slot><stereotypedElement classType="Class" humanName="Stereotyped Element" humanType="StakeholderConcern" icon="AutomotiveCaseStudy_files/icon_stakeholderconcern_1682619279.svg" name="Quality_Documentation" refid="9a45334c-0f6a-431e-9a25-ed5a233028f9"/><TO_DO humanName="To Do" mode="s,e"/><visibility humanName="Visibility">public</visibility></instancespecification></magicdraw>