<?xml version="1.0" encoding="UTF-8"?><magicdraw><literalstring classType="LiteralString" humanType="Literal String" icon="AutomotiveCaseStudy_files/icon_literalstring_2037275532.svg" id="1f9a0931-00d2-409c-9f7e-ee0368d4eb0c"><documentation humanName="Documentation"/><name humanName="Name"/><owner classType="Slot" humanName="Owner" humanType="Slot" icon="AutomotiveCaseStudy_files/icon_slot_355231286.svg" mode="e" refid="344583b0-74cc-4cd6-ae97-68277d7512f4"/><owningSlot classType="Slot" humanName="Owning Slot" humanType="Slot" icon="AutomotiveCaseStudy_files/icon_slot_355231286.svg" refid="344583b0-74cc-4cd6-ae97-68277d7512f4"/><qualifiedName humanName="Qualified Name"/><text humanName="Text" mode="standard">26.1</text><TO_DO humanName="To Do"/><TYPE_MODIFIER humanName="Type Modifier"/><value humanName="Value" mode="s,e">26.1</value><visibility humanName="Visibility">public</visibility></literalstring></magicdraw>