<?xml version="1.0" encoding="UTF-8"?><magicdraw><literalstring classType="LiteralString" humanType="Literal String" icon="AutomotiveCaseStudy_files/icon_literalstring_2037275532.svg" id="1fa5eff9-c003-4966-9273-adfe7ea31e92"><documentation humanName="Documentation"/><name humanName="Name"/><owner classType="Slot" humanName="Owner" humanType="Slot" icon="AutomotiveCaseStudy_files/icon_slot_355231286.svg" mode="e" refid="24191eca-1aae-49a3-8c3a-1ce4d869fd7c"/><owningSlot classType="Slot" humanName="Owning Slot" humanType="Slot" icon="AutomotiveCaseStudy_files/icon_slot_355231286.svg" refid="24191eca-1aae-49a3-8c3a-1ce4d869fd7c"/><qualifiedName humanName="Qualified Name"/><text humanName="Text" mode="standard">37</text><TO_DO humanName="To Do"/><TYPE_MODIFIER humanName="Type Modifier"/><value humanName="Value" mode="s,e">37</value><visibility humanName="Visibility">public</visibility></literalstring></magicdraw>