<?xml version="1.0" encoding="UTF-8"?><magicdraw><comment classType="Comment" humanType="Comment" icon="AutomotiveCaseStudy_files/icon_comment_794517456.svg" id="1faa78d8-3e39-448a-89d0-11f5ebd055dc"><annotatedElement humanName="Annotated Element" mode="s,e"><performancerequirement classType="Class" humanType="Performance Requirement" icon="AutomotiveCaseStudy_files/icon_performancerequirement_1011640708.svg" name="Downside Source Adaptability" refid="33ee004b-20e6-4d99-8bf6-9597cab4430f"/></annotatedElement><body humanName="Body" mode="s,e">The raw material quantity reduction sustainable at 30 days
prior to delivery with no inventory or cost penalties.</body><documentation humanName="Documentation"/><owner classType="Class" humanName="Owner" humanType="Performance Requirement" icon="AutomotiveCaseStudy_files/icon_performancerequirement_1011640708.svg" mode="s,e" name="Downside Source Adaptability" refid="33ee004b-20e6-4d99-8bf6-9597cab4430f"/><owningElement classType="Class" humanName="Owning Element" humanType="Performance Requirement" icon="AutomotiveCaseStudy_files/icon_performancerequirement_1011640708.svg" name="Downside Source Adaptability" refid="33ee004b-20e6-4d99-8bf6-9597cab4430f"/><TO_DO humanName="To Do" mode="s,e"/></comment></magicdraw>