<?xml version="1.0" encoding="UTF-8"?><magicdraw><package classType="Package" humanType="Package" icon="AutomotiveCaseStudy_files/icon_package_1622863652.svg" id="1fc1a042-1f20-42e2-9063-9d1093d45cff"><documentation humanName="Documentation"/><member humanName="Member"><package classType="Package" humanType="Package" icon="AutomotiveCaseStudy_files/icon_package_1622863652.svg" name="5.0.1 - Make" refid="b4c654c2-b937-4701-a751-97dd65903bf1"/><package classType="Package" humanType="Package" icon="AutomotiveCaseStudy_files/icon_package_1622863652.svg" name="5.0.2 - Move" refid="53ea29df-5951-499f-8dbc-a3fcd724f6e0"/><package classType="Package" humanType="Package" icon="AutomotiveCaseStudy_files/icon_package_1622863652.svg" name="5.0.3 - Store" refid="79acd156-0d7f-4464-9de2-826f35825e1e"/><package classType="Package" humanType="Package" icon="AutomotiveCaseStudy_files/icon_package_1622863652.svg" name="5.0.4 - Test" refid="be0a689f-ca33-4509-88d6-8f85053c6e01"/><package classType="Package" humanType="Package" icon="AutomotiveCaseStudy_files/icon_package_1622863652.svg" name="5.0.5 - Control" refid="62111ccd-8351-4683-a8f3-d680cdd1426b"/><package classType="Package" humanType="Package" icon="AutomotiveCaseStudy_files/icon_package_1622863652.svg" name="5.0.6 - Source" refid="07510833-70eb-4b67-9c82-aff8818f59c1"/><package classType="Package" humanType="Package" icon="AutomotiveCaseStudy_files/icon_package_1622863652.svg" name="5.0.7 - Deliver" refid="fbcbc07d-8e64-4bc9-9fb3-847f0710ef5d"/></member><name humanName="Name" mode="s,e">5.0 - Functional Architecture</name><namespace classType="Package" humanName="Namespace" humanType="Package" icon="AutomotiveCaseStudy_files/icon_package_1622863652.svg" name="5 - Architecture pkg" refid="afe88bcd-8526-4be9-9fde-78982d7fbbf2"/><nestedPackage humanName="Nested Package"><package classType="Package" humanType="Package" icon="AutomotiveCaseStudy_files/icon_package_1622863652.svg" name="5.0.1 - Make" refid="b4c654c2-b937-4701-a751-97dd65903bf1"/><package classType="Package" humanType="Package" icon="AutomotiveCaseStudy_files/icon_package_1622863652.svg" name="5.0.2 - Move" refid="53ea29df-5951-499f-8dbc-a3fcd724f6e0"/><package classType="Package" humanType="Package" icon="AutomotiveCaseStudy_files/icon_package_1622863652.svg" name="5.0.3 - Store" refid="79acd156-0d7f-4464-9de2-826f35825e1e"/><package classType="Package" humanType="Package" icon="AutomotiveCaseStudy_files/icon_package_1622863652.svg" name="5.0.4 - Test" refid="be0a689f-ca33-4509-88d6-8f85053c6e01"/><package classType="Package" humanType="Package" icon="AutomotiveCaseStudy_files/icon_package_1622863652.svg" name="5.0.5 - Control" refid="62111ccd-8351-4683-a8f3-d680cdd1426b"/><package classType="Package" humanType="Package" icon="AutomotiveCaseStudy_files/icon_package_1622863652.svg" name="5.0.6 - Source" refid="07510833-70eb-4b67-9c82-aff8818f59c1"/><package classType="Package" humanType="Package" icon="AutomotiveCaseStudy_files/icon_package_1622863652.svg" name="5.0.7 - Deliver" refid="fbcbc07d-8e64-4bc9-9fb3-847f0710ef5d"/></nestedPackage><nestingPackage classType="Package" humanName="Nesting Package" humanType="Package" icon="AutomotiveCaseStudy_files/icon_package_1622863652.svg" name="5 - Architecture pkg" refid="afe88bcd-8526-4be9-9fde-78982d7fbbf2"/><ownedElement humanName="Owned Element"><package classType="Package" humanType="Package" icon="AutomotiveCaseStudy_files/icon_package_1622863652.svg" name="5.0.1 - Make" refid="b4c654c2-b937-4701-a751-97dd65903bf1"/><package classType="Package" humanType="Package" icon="AutomotiveCaseStudy_files/icon_package_1622863652.svg" name="5.0.2 - Move" refid="53ea29df-5951-499f-8dbc-a3fcd724f6e0"/><package classType="Package" humanType="Package" icon="AutomotiveCaseStudy_files/icon_package_1622863652.svg" name="5.0.3 - Store" refid="79acd156-0d7f-4464-9de2-826f35825e1e"/><package classType="Package" humanType="Package" icon="AutomotiveCaseStudy_files/icon_package_1622863652.svg" name="5.0.4 - Test" refid="be0a689f-ca33-4509-88d6-8f85053c6e01"/><package classType="Package" humanType="Package" icon="AutomotiveCaseStudy_files/icon_package_1622863652.svg" name="5.0.5 - Control" refid="62111ccd-8351-4683-a8f3-d680cdd1426b"/><package classType="Package" humanType="Package" icon="AutomotiveCaseStudy_files/icon_package_1622863652.svg" name="5.0.6 - Source" refid="07510833-70eb-4b67-9c82-aff8818f59c1"/><package classType="Package" humanType="Package" icon="AutomotiveCaseStudy_files/icon_package_1622863652.svg" name="5.0.7 - Deliver" refid="fbcbc07d-8e64-4bc9-9fb3-847f0710ef5d"/></ownedElement><ownedMember humanName="Owned Member"><package classType="Package" humanType="Package" icon="AutomotiveCaseStudy_files/icon_package_1622863652.svg" name="5.0.1 - Make" refid="b4c654c2-b937-4701-a751-97dd65903bf1"/><package classType="Package" humanType="Package" icon="AutomotiveCaseStudy_files/icon_package_1622863652.svg" name="5.0.2 - Move" refid="53ea29df-5951-499f-8dbc-a3fcd724f6e0"/><package classType="Package" humanType="Package" icon="AutomotiveCaseStudy_files/icon_package_1622863652.svg" name="5.0.3 - Store" refid="79acd156-0d7f-4464-9de2-826f35825e1e"/><package classType="Package" humanType="Package" icon="AutomotiveCaseStudy_files/icon_package_1622863652.svg" name="5.0.4 - Test" refid="be0a689f-ca33-4509-88d6-8f85053c6e01"/><package classType="Package" humanType="Package" icon="AutomotiveCaseStudy_files/icon_package_1622863652.svg" name="5.0.5 - Control" refid="62111ccd-8351-4683-a8f3-d680cdd1426b"/><package classType="Package" humanType="Package" icon="AutomotiveCaseStudy_files/icon_package_1622863652.svg" name="5.0.6 - Source" refid="07510833-70eb-4b67-9c82-aff8818f59c1"/><package classType="Package" humanType="Package" icon="AutomotiveCaseStudy_files/icon_package_1622863652.svg" name="5.0.7 - Deliver" refid="fbcbc07d-8e64-4bc9-9fb3-847f0710ef5d"/></ownedMember><owner classType="Package" humanName="Owner" humanType="Package" icon="AutomotiveCaseStudy_files/icon_package_1622863652.svg" mode="s,e" name="5 - Architecture pkg" refid="afe88bcd-8526-4be9-9fde-78982d7fbbf2"/><owningPackage classType="Package" humanName="Owning Package" humanType="Package" icon="AutomotiveCaseStudy_files/icon_package_1622863652.svg" name="5 - Architecture pkg" refid="afe88bcd-8526-4be9-9fde-78982d7fbbf2"/><packagedElement humanName="Packaged Element"><package classType="Package" humanType="Package" icon="AutomotiveCaseStudy_files/icon_package_1622863652.svg" name="5.0.1 - Make" refid="b4c654c2-b937-4701-a751-97dd65903bf1"/><package classType="Package" humanType="Package" icon="AutomotiveCaseStudy_files/icon_package_1622863652.svg" name="5.0.2 - Move" refid="53ea29df-5951-499f-8dbc-a3fcd724f6e0"/><package classType="Package" humanType="Package" icon="AutomotiveCaseStudy_files/icon_package_1622863652.svg" name="5.0.3 - Store" refid="79acd156-0d7f-4464-9de2-826f35825e1e"/><package classType="Package" humanType="Package" icon="AutomotiveCaseStudy_files/icon_package_1622863652.svg" name="5.0.4 - Test" refid="be0a689f-ca33-4509-88d6-8f85053c6e01"/><package classType="Package" humanType="Package" icon="AutomotiveCaseStudy_files/icon_package_1622863652.svg" name="5.0.5 - Control" refid="62111ccd-8351-4683-a8f3-d680cdd1426b"/><package classType="Package" humanType="Package" icon="AutomotiveCaseStudy_files/icon_package_1622863652.svg" name="5.0.6 - Source" refid="07510833-70eb-4b67-9c82-aff8818f59c1"/><package classType="Package" humanType="Package" icon="AutomotiveCaseStudy_files/icon_package_1622863652.svg" name="5.0.7 - Deliver" refid="fbcbc07d-8e64-4bc9-9fb3-847f0710ef5d"/></packagedElement><qualifiedName humanName="Qualified Name" mode="e">0 - Automotive Production Mission Reference Architecture::5 - Architecture pkg::5.0 - Functional Architecture</qualifiedName><TO_DO humanName="To Do" mode="s,e"/><URI humanName="URI" mode="e"/><visibility humanName="Visibility">public</visibility></package></magicdraw>