<?xml version="1.0" encoding="UTF-8"?><magicdraw><property classType="Property" humanType="Property" icon="AutomotiveCaseStudy_files/icon_property_3315346.svg" id="204fb3bb-2ef1-40b4-9d7e-6f0b2e763918"><aggregation humanName="Aggregation" mode="s,e">none</aggregation><association classType="Extension" humanName="Association" humanType="Extension" icon="AutomotiveCaseStudy_files/icon_extension_2842364.svg" isRelationship="true" name="Extension[extension_unnamed1:0 - Automotive Production Mission Reference Architecture::1 - Mission Stakeholders pkg::1.1 - Mission Stakeholders pkg::StakeholderConcern - base_Class:UML Standard Profile::UML2 Metamodel::Class]" refid="b717e5c5-dd27-4065-994d-bb030de43f8d"/><UMLClass classType="Stereotype" humanName="Class" humanType="Stereotype" icon="AutomotiveCaseStudy_files/icon_stereotype_918307166.svg" name="StakeholderConcern" refid="0523df55-f46a-455d-93a5-4642a88f69b8"/><classifier classType="Stereotype" humanName="Classifier" humanType="Stereotype" icon="AutomotiveCaseStudy_files/icon_stereotype_918307166.svg" name="StakeholderConcern" refid="0523df55-f46a-455d-93a5-4642a88f69b8"/><documentation humanName="Documentation"/><featuringClassifier classType="Stereotype" humanName="Featuring Classifier" humanType="Stereotype" icon="AutomotiveCaseStudy_files/icon_stereotype_918307166.svg" name="StakeholderConcern" refid="0523df55-f46a-455d-93a5-4642a88f69b8"/><isComposite humanName="Is Composite">false</isComposite><isDerived humanName="Is Derived" mode="s,e">false</isDerived><isDerivedUnion humanName="Is Derived Union" mode="e">false</isDerivedUnion><isID humanName="Is ID" mode="e">false</isID><isLeaf humanName="Is Leaf">false</isLeaf><isOrdered humanName="Is Ordered" mode="e">false</isOrdered><isReadOnly humanName="Is Read Only" mode="s,e">false</isReadOnly><isStatic humanName="Is Static" mode="s,e">false</isStatic><isUnique humanName="Is Unique" mode="e">true</isUnique><lower humanName="Lower">1</lower><multiplicity humanName="Multiplicity" mode="s,e"/><multiplicity humanName="Multiplicity" mode="s,e"/><name humanName="Name" mode="s,e">base_Class</name><namespace classType="Stereotype" humanName="Namespace" humanType="Stereotype" icon="AutomotiveCaseStudy_files/icon_stereotype_918307166.svg" name="StakeholderConcern" refid="0523df55-f46a-455d-93a5-4642a88f69b8"/><navigable humanName="Navigable" mode="e">true</navigable><opposite classType="ExtensionEnd" humanName="Opposite" humanType="Extension End" icon="AutomotiveCaseStudy_files/icon_extensionend_1676185970.svg" name="extension_unnamed1" refid="a13d74d8-789d-4cbe-a91f-90f8699c07b3"/><ownedBy classType="Stereotype" humanName="Owned By" humanType="Stereotype" icon="AutomotiveCaseStudy_files/icon_stereotype_918307166.svg" mode="s,e" name="StakeholderConcern" refid="0523df55-f46a-455d-93a5-4642a88f69b8"/><owner classType="Stereotype" humanName="Owner" humanType="Stereotype" icon="AutomotiveCaseStudy_files/icon_stereotype_918307166.svg" name="StakeholderConcern" refid="0523df55-f46a-455d-93a5-4642a88f69b8"/><qualifiedName humanName="Qualified Name" mode="e">0 - Automotive Production Mission Reference Architecture::1 - Mission Stakeholders pkg::1.1 - Mission Stakeholders pkg::StakeholderConcern::base_Class</qualifiedName><redefinitionContext humanName="Redefinition Context"><stereotype classType="Stereotype" humanType="Stereotype" icon="AutomotiveCaseStudy_files/icon_stereotype_918307166.svg" name="StakeholderConcern" refid="0523df55-f46a-455d-93a5-4642a88f69b8"/></redefinitionContext><TO_DO humanName="To Do" mode="s,e"/><type classType="Class" humanName="Type" humanType="Class" icon="AutomotiveCaseStudy_files/icon_class_921467640.svg" mode="s,e" name="Class" refid="d1675d11-baa9-4f38-8999-df3ffed63534"/><TYPE_MODIFIER humanName="Type Modifier" mode="e"/><upper humanName="Upper">1</upper><visibility humanName="Visibility" mode="s,e">private</visibility></property></magicdraw>