<?xml version="1.0" encoding="UTF-8"?><magicdraw><literalboolean classType="LiteralBoolean" humanType="Literal Boolean" icon="AutomotiveCaseStudy_files/icon_literalboolean_361379623.svg" id="20820437-4328-47f1-96a6-371c722366f8"><documentation humanName="Documentation"/><name humanName="Name"/><owner classType="Slot" humanName="Owner" humanType="Slot" icon="AutomotiveCaseStudy_files/icon_slot_355231286.svg" mode="e" refid="376193b4-b21a-4676-8820-40d9543da09b"/><owningSlot classType="Slot" humanName="Owning Slot" humanType="Slot" icon="AutomotiveCaseStudy_files/icon_slot_355231286.svg" refid="376193b4-b21a-4676-8820-40d9543da09b"/><qualifiedName humanName="Qualified Name"/><text humanName="Text" mode="standard">true</text><TO_DO humanName="To Do"/><TYPE_MODIFIER humanName="Type Modifier"/><value humanName="Value" mode="s,e">true</value><visibility humanName="Visibility">public</visibility></literalboolean></magicdraw>