<?xml version="1.0" encoding="UTF-8"?><magicdraw><literalstring classType="LiteralString" humanType="Literal String" icon="AutomotiveCaseStudy_files/icon_literalstring_2037275532.svg" id="20b80160-ecc0-42ad-90ba-eca33da098f1"><documentation humanName="Documentation"/><name humanName="Name"/><owner classType="Slot" humanName="Owner" humanType="Slot" icon="AutomotiveCaseStudy_files/icon_slot_355231286.svg" mode="e" refid="42a721a7-b35e-451c-8cca-7ca98e27fd98"/><owningSlot classType="Slot" humanName="Owning Slot" humanType="Slot" icon="AutomotiveCaseStudy_files/icon_slot_355231286.svg" refid="42a721a7-b35e-451c-8cca-7ca98e27fd98"/><qualifiedName humanName="Qualified Name"/><text humanName="Text" mode="standard">Labor Organizations</text><TO_DO humanName="To Do"/><TYPE_MODIFIER humanName="Type Modifier"/><value humanName="Value" mode="s,e">Labor Organizations</value><visibility humanName="Visibility">public</visibility></literalstring></magicdraw>