<?xml version="1.0" encoding="UTF-8"?><magicdraw><literalstring classType="LiteralString" humanType="Literal String" icon="AutomotiveCaseStudy_files/icon_literalstring_242907379.svg" id="20f405ce-d0ba-4759-bf9b-3c56b2c5ff3d"><documentation humanName="Documentation"/><name humanName="Name"/><owner classType="Slot" humanName="Owner" humanType="Slot" icon="AutomotiveCaseStudy_files/icon_slot_780071655.svg" mode="e" refid="0b591701-4884-4e93-b9c6-185802cdf96b"/><owningSlot classType="Slot" humanName="Owning Slot" humanType="Slot" icon="AutomotiveCaseStudy_files/icon_slot_780071655.svg" refid="0b591701-4884-4e93-b9c6-185802cdf96b"/><qualifiedName humanName="Qualified Name"/><text humanName="Text" mode="standard">29</text><TO_DO humanName="To Do"/><TYPE_MODIFIER humanName="Type Modifier"/><value humanName="Value" mode="s,e">29</value><visibility humanName="Visibility">public</visibility></literalstring></magicdraw>