<?xml version="1.0" encoding="UTF-8"?><magicdraw><instancespecification classType="InstanceSpecification" humanType="Instance Specification" icon="AutomotiveCaseStudy_files/icon_instancespecification_13643661.svg" id="21cddff4-faf5-4f18-bb63-7f7a63867950"><classifier humanName="Classifier" mode="s,e"><stereotype classType="Stereotype" humanType="Stereotype" icon="AutomotiveCaseStudy_files/icon_stereotype_918307166.svg" name="additionalPackageImport" refid="a64a0b71-263a-4369-abb3-605160b57595"/></classifier><documentation humanName="Documentation"/><name humanName="Name" mode="s,e"/><ownedElement humanName="Owned Element"><slot classType="Slot" humanType="Slot" icon="AutomotiveCaseStudy_files/icon_slot_355231286.svg" refid="02b87ed2-c95b-4053-bbeb-171f793a1145"/></ownedElement><owner classType="PackageImport" humanName="Owner" humanType="Package Import" icon="AutomotiveCaseStudy_files/icon_packageimport_755759908.svg" isRelationship="true" mode="s,e" refid="6a8b8540-8ba7-49b2-8e7a-b152f85f9710"/><qualifiedName humanName="Qualified Name" mode="e"/><slot humanName="Slot"><slot classType="Slot" humanType="Slot" icon="AutomotiveCaseStudy_files/icon_slot_355231286.svg" refid="02b87ed2-c95b-4053-bbeb-171f793a1145"/></slot><stereotypedElement classType="PackageImport" humanName="Stereotyped Element" humanType="Package Import" icon="AutomotiveCaseStudy_files/icon_packageimport_755759908.svg" isRelationship="true" refid="6a8b8540-8ba7-49b2-8e7a-b152f85f9710"/><TO_DO humanName="To Do" mode="s,e"/><visibility humanName="Visibility">public</visibility></instancespecification></magicdraw>