<?xml version="1.0" encoding="UTF-8"?><magicdraw><elementvalue classType="ElementValue" humanType="Element Value" icon="AutomotiveCaseStudy_files/icon_elementvalue_2088572563.svg" id="22f45677-887a-41a9-a58c-2a50c4342b21"><documentation humanName="Documentation"/><element classType="Class" humanName="Element" humanType="StakeholderConcern" icon="AutomotiveCaseStudy_files/icon_stakeholderconcern_1682619279.svg" mode="s,e" name="EnvironmentalConcerns" refid="2c571d48-5519-4d7e-8bfd-7c183f743daa"/><name humanName="Name"/><owner classType="Slot" humanName="Owner" humanType="Slot" icon="AutomotiveCaseStudy_files/icon_slot_780071655.svg" mode="e" refid="618ce64f-a1f2-46af-9337-7e59a62293b8"/><owningSlot classType="Slot" humanName="Owning Slot" humanType="Slot" icon="AutomotiveCaseStudy_files/icon_slot_780071655.svg" refid="618ce64f-a1f2-46af-9337-7e59a62293b8"/><qualifiedName humanName="Qualified Name"/><text humanName="Text" mode="standard">EnvironmentalConcerns</text><TO_DO humanName="To Do"/><TYPE_MODIFIER humanName="Type Modifier"/><visibility humanName="Visibility">public</visibility></elementvalue></magicdraw>