<?xml version="1.0" encoding="UTF-8"?><magicdraw><literalstring classType="LiteralString" humanType="Literal String" icon="AutomotiveCaseStudy_files/icon_literalstring_2037275532.svg" id="2347110d-f0e3-4739-a011-ced39d9aee6e"><documentation humanName="Documentation"/><name humanName="Name"/><owner classType="Slot" humanName="Owner" humanType="Slot" icon="AutomotiveCaseStudy_files/icon_slot_355231286.svg" mode="e" refid="27dfc7d8-9da7-4b1f-bbbb-b0390751ce43"/><owningSlot classType="Slot" humanName="Owning Slot" humanType="Slot" icon="AutomotiveCaseStudy_files/icon_slot_355231286.svg" refid="27dfc7d8-9da7-4b1f-bbbb-b0390751ce43"/><qualifiedName humanName="Qualified Name"/><text humanName="Text" mode="standard">32</text><TO_DO humanName="To Do"/><TYPE_MODIFIER humanName="Type Modifier"/><value humanName="Value" mode="s,e">32</value><visibility humanName="Visibility">public</visibility></literalstring></magicdraw>