<?xml version="1.0" encoding="UTF-8"?><magicdraw><literalstring classType="LiteralString" humanType="Literal String" icon="AutomotiveCaseStudy_files/icon_literalstring_2037275532.svg" id="2398a80a-c489-444a-91f3-e4aa251310ed"><documentation humanName="Documentation"/><name humanName="Name"/><owner classType="Slot" humanName="Owner" humanType="Slot" icon="AutomotiveCaseStudy_files/icon_slot_355231286.svg" mode="e" refid="296d0d90-d063-4e0c-8def-110d86ceb14f"/><owningSlot classType="Slot" humanName="Owning Slot" humanType="Slot" icon="AutomotiveCaseStudy_files/icon_slot_355231286.svg" refid="296d0d90-d063-4e0c-8def-110d86ceb14f"/><qualifiedName humanName="Qualified Name"/><text humanName="Text" mode="standard">40.1</text><TO_DO humanName="To Do"/><TYPE_MODIFIER humanName="Type Modifier"/><value humanName="Value" mode="s,e">40.1</value><visibility humanName="Visibility">public</visibility></literalstring></magicdraw>