<?xml version="1.0" encoding="UTF-8"?><magicdraw><comment classType="Comment" humanType="Comment" icon="AutomotiveCaseStudy_files/icon_comment_794517456.svg" id="23afc038-e6c3-46a6-b468-6f1c44d1e480"><annotatedElement humanName="Annotated Element" mode="s,e"><performancerequirement classType="Class" humanType="Performance Requirement" icon="AutomotiveCaseStudy_files/icon_performancerequirement_1011640708.svg" name="Downside Deliver Adaptability" refid="3b692269-7224-4c97-831d-8d285bb18563"/></annotatedElement><body humanName="Body" mode="s,e">The reduction in delivered quantities sustainable at 30 days prior to delivery with no inventory or cost penalties.</body><documentation humanName="Documentation"/><owner classType="Class" humanName="Owner" humanType="Performance Requirement" icon="AutomotiveCaseStudy_files/icon_performancerequirement_1011640708.svg" mode="s,e" name="Downside Deliver Adaptability" refid="3b692269-7224-4c97-831d-8d285bb18563"/><owningElement classType="Class" humanName="Owning Element" humanType="Performance Requirement" icon="AutomotiveCaseStudy_files/icon_performancerequirement_1011640708.svg" name="Downside Deliver Adaptability" refid="3b692269-7224-4c97-831d-8d285bb18563"/><TO_DO humanName="To Do" mode="s,e"/></comment></magicdraw>