<?xml version="1.0" encoding="UTF-8"?><magicdraw><literalstring classType="LiteralString" humanType="Literal String" icon="AutomotiveCaseStudy_files/icon_literalstring_242907379.svg" id="23b2a1ee-bc76-4e6a-8175-4bc3fb13547a"><documentation humanName="Documentation"/><name humanName="Name"/><owner classType="Slot" humanName="Owner" humanType="Slot" icon="AutomotiveCaseStudy_files/icon_slot_780071655.svg" mode="e" refid="cf4fdcec-6d73-4732-b0e5-e3bd4d9f47d7"/><owningSlot classType="Slot" humanName="Owning Slot" humanType="Slot" icon="AutomotiveCaseStudy_files/icon_slot_780071655.svg" refid="cf4fdcec-6d73-4732-b0e5-e3bd4d9f47d7"/><qualifiedName humanName="Qualified Name"/><text humanName="Text" mode="standard">Expectations and formats for data sharing</text><TO_DO humanName="To Do"/><TYPE_MODIFIER humanName="Type Modifier"/><value humanName="Value" mode="s,e">Expectations and formats for data sharing</value><visibility humanName="Visibility">public</visibility></literalstring></magicdraw>