<?xml version="1.0" encoding="UTF-8"?><magicdraw><property classType="Property" humanType="Property" icon="AutomotiveCaseStudy_files/icon_property_3315346.svg" id="23ebff80-df22-47e1-9b24-ef7624033fa6"><aggregation humanName="Aggregation" mode="s,e">none</aggregation><UMLClass classType="Stereotype" humanName="Class" humanType="Stereotype" icon="AutomotiveCaseStudy_files/icon_stereotype_918307166.svg" name="StakeholderConcern" refid="0523df55-f46a-455d-93a5-4642a88f69b8"/><classifier classType="Stereotype" humanName="Classifier" humanType="Stereotype" icon="AutomotiveCaseStudy_files/icon_stereotype_918307166.svg" name="StakeholderConcern" refid="0523df55-f46a-455d-93a5-4642a88f69b8"/><documentation humanName="Documentation"/><featuringClassifier classType="Stereotype" humanName="Featuring Classifier" humanType="Stereotype" icon="AutomotiveCaseStudy_files/icon_stereotype_918307166.svg" name="StakeholderConcern" refid="0523df55-f46a-455d-93a5-4642a88f69b8"/><isComposite humanName="Is Composite">false</isComposite><isDerived humanName="Is Derived" mode="s,e">false</isDerived><isDerivedUnion humanName="Is Derived Union" mode="e">false</isDerivedUnion><isID humanName="Is ID" mode="e">false</isID><isLeaf humanName="Is Leaf">false</isLeaf><isOrdered humanName="Is Ordered" mode="e">false</isOrdered><isReadOnly humanName="Is Read Only" mode="s,e">false</isReadOnly><isStatic humanName="Is Static" mode="s,e">false</isStatic><isUnique humanName="Is Unique" mode="e">true</isUnique><lower humanName="Lower">1</lower><lowerValue classType="LiteralInteger" humanName="Lower Value" humanType="Literal Integer" icon="AutomotiveCaseStudy_files/icon_literalinteger_1965984381.svg" name="1" refid="eb719d46-37ed-45b5-8631-48ba43065a8a" text="1"/><multiplicity humanName="Multiplicity" mode="s,e">1</multiplicity><multiplicity humanName="Multiplicity" mode="s,e">1</multiplicity><name humanName="Name" mode="s,e">stakeholder</name><namespace classType="Stereotype" humanName="Namespace" humanType="Stereotype" icon="AutomotiveCaseStudy_files/icon_stereotype_918307166.svg" name="StakeholderConcern" refid="0523df55-f46a-455d-93a5-4642a88f69b8"/><navigable humanName="Navigable" mode="e">true</navigable><ownedBy classType="Stereotype" humanName="Owned By" humanType="Stereotype" icon="AutomotiveCaseStudy_files/icon_stereotype_918307166.svg" mode="s,e" name="StakeholderConcern" refid="0523df55-f46a-455d-93a5-4642a88f69b8"/><ownedElement humanName="Owned Element"><literalinteger classType="LiteralInteger" humanType="Literal Integer" icon="AutomotiveCaseStudy_files/icon_literalinteger_1965984381.svg" name="1" refid="eb719d46-37ed-45b5-8631-48ba43065a8a" text="1"/><literalunlimitednatural classType="LiteralUnlimitedNatural" humanType="Literal Unlimited Natural" icon="AutomotiveCaseStudy_files/icon_literalunlimitednatural_87448685.svg" name="1" refid="1570f395-ffe5-48ea-8268-dc4c4c976bda" text="1"/></ownedElement><owner classType="Stereotype" humanName="Owner" humanType="Stereotype" icon="AutomotiveCaseStudy_files/icon_stereotype_918307166.svg" name="StakeholderConcern" refid="0523df55-f46a-455d-93a5-4642a88f69b8"/><qualifiedName humanName="Qualified Name" mode="e">0 - Automotive Production Mission Reference Architecture::1 - Mission Stakeholders pkg::1.1 - Mission Stakeholders pkg::StakeholderConcern::stakeholder</qualifiedName><redefinitionContext humanName="Redefinition Context"><stereotype classType="Stereotype" humanType="Stereotype" icon="AutomotiveCaseStudy_files/icon_stereotype_918307166.svg" name="StakeholderConcern" refid="0523df55-f46a-455d-93a5-4642a88f69b8"/></redefinitionContext><TO_DO humanName="To Do" mode="s,e"/><type classType="Class" humanName="Type" humanType="Class" icon="AutomotiveCaseStudy_files/icon_class_921467640.svg" mode="s,e" name="Actor" refid="bc37fc01-a970-4775-9487-068297763241"/><TYPE_MODIFIER humanName="Type Modifier" mode="e"/><upper humanName="Upper">1</upper><upperValue classType="LiteralUnlimitedNatural" humanName="Upper Value" humanType="Literal Unlimited Natural" icon="AutomotiveCaseStudy_files/icon_literalunlimitednatural_87448685.svg" name="1" refid="1570f395-ffe5-48ea-8268-dc4c4c976bda" text="1"/><visibility humanName="Visibility" mode="s,e">public</visibility></property></magicdraw>