<?xml version="1.0" encoding="UTF-8"?><magicdraw><literalstring classType="LiteralString" humanType="Literal String" icon="AutomotiveCaseStudy_files/icon_literalstring_242907379.svg" id="24bd332f-8849-4b43-96bd-59aa95228c96"><documentation humanName="Documentation"/><name humanName="Name"/><owner classType="Slot" humanName="Owner" humanType="Slot" icon="AutomotiveCaseStudy_files/icon_slot_780071655.svg" mode="e" refid="1ef8b006-950c-4f2b-91ad-5095f4999fb6"/><owningSlot classType="Slot" humanName="Owning Slot" humanType="Slot" icon="AutomotiveCaseStudy_files/icon_slot_780071655.svg" refid="1ef8b006-950c-4f2b-91ad-5095f4999fb6"/><qualifiedName humanName="Qualified Name"/><text humanName="Text" mode="standard"> </text><TO_DO humanName="To Do"/><TYPE_MODIFIER humanName="Type Modifier"/><value humanName="Value" mode="s,e"> </value><visibility humanName="Visibility">public</visibility></literalstring></magicdraw>