<?xml version="1.0" encoding="UTF-8"?><magicdraw><literalstring classType="LiteralString" humanType="Literal String" icon="AutomotiveCaseStudy_files/icon_literalstring_2037275532.svg" id="24f7c907-a956-452b-bcf5-d2bce781c7c5"><documentation humanName="Documentation"/><name humanName="Name"/><owner classType="Slot" humanName="Owner" humanType="Slot" icon="AutomotiveCaseStudy_files/icon_slot_355231286.svg" mode="e" refid="56488ec9-bcec-4f30-92c2-8537c8a80f19"/><owningSlot classType="Slot" humanName="Owning Slot" humanType="Slot" icon="AutomotiveCaseStudy_files/icon_slot_355231286.svg" refid="56488ec9-bcec-4f30-92c2-8537c8a80f19"/><qualifiedName humanName="Qualified Name"/><text humanName="Text" mode="standard">53.3</text><TO_DO humanName="To Do"/><TYPE_MODIFIER humanName="Type Modifier"/><value humanName="Value" mode="s,e">53.3</value><visibility humanName="Visibility">public</visibility></literalstring></magicdraw>