<?xml version="1.0" encoding="UTF-8"?><magicdraw><extension classType="Extension" humanType="Extension" icon="AutomotiveCaseStudy_files/icon_extension_1445366849.svg" id="2575dcb5-c2a6-4968-94eb-468ef5416ff5"><documentation humanName="Documentation"/><endType humanName="End Type"><stereotype classType="Stereotype" humanType="Stereotype" icon="AutomotiveCaseStudy_files/icon_stereotype_918307166.svg" name="BusinessConstraint" refid="1ea42179-231d-41be-9764-582cccc7d79c"/><class classType="Class" humanType="Class" icon="AutomotiveCaseStudy_files/icon_class_290799804.svg" name="Class" refid="d1675d11-baa9-4f38-8999-df3ffed63534"/></endType><feature humanName="Feature"><extensionend classType="ExtensionEnd" humanType="Extension End" icon="AutomotiveCaseStudy_files/icon_extensionend_2061328409.svg" name="extension_unnamed1" refid="be2909c6-f200-4ec3-8670-d7f799c4f8a5"/></feature><isAbstract humanName="Is Abstract">false</isAbstract><isDerived humanName="Is Derived">false</isDerived><isFinalSpecialization humanName="Is Final Specialization">false</isFinalSpecialization><isLeaf humanName="Is Leaf">false</isLeaf><isRequired humanName="Is Required" mode="s,e">false</isRequired><member humanName="Member"><property classType="Property" humanType="Property" icon="AutomotiveCaseStudy_files/icon_property_2135874046.svg" name="base_Class" refid="b5485d06-7317-490e-b869-ee00b0a582cd"/><extensionend classType="ExtensionEnd" humanType="Extension End" icon="AutomotiveCaseStudy_files/icon_extensionend_2061328409.svg" name="extension_unnamed1" refid="be2909c6-f200-4ec3-8670-d7f799c4f8a5"/></member><memberEnd humanName="Member End"><property classType="Property" humanType="Property" icon="AutomotiveCaseStudy_files/icon_property_2135874046.svg" name="base_Class" refid="b5485d06-7317-490e-b869-ee00b0a582cd"/><extensionend classType="ExtensionEnd" humanType="Extension End" icon="AutomotiveCaseStudy_files/icon_extensionend_2061328409.svg" name="extension_unnamed1" refid="be2909c6-f200-4ec3-8670-d7f799c4f8a5"/></memberEnd><metaclass classType="Class" humanName="Metaclass" humanType="Class" icon="AutomotiveCaseStudy_files/icon_class_290799804.svg" mode="s,e" name="Class" refid="d1675d11-baa9-4f38-8999-df3ffed63534"/><name humanName="Name" mode="s,e"/><namespace classType="Package" humanName="Namespace" humanType="Package" icon="AutomotiveCaseStudy_files/icon_package_1622863652.svg" name="1.1.3 Constraints &amp; Requirements pkg" refid="f854f931-ab24-492b-a409-21ea03d07a4c"/><navigableOwnedEnd humanName="Navigable Owned End" mode="e"><extensionend classType="ExtensionEnd" humanType="Extension End" icon="AutomotiveCaseStudy_files/icon_extensionend_2061328409.svg" name="extension_unnamed1" refid="be2909c6-f200-4ec3-8670-d7f799c4f8a5"/></navigableOwnedEnd><ownedElement humanName="Owned Element"><extensionend classType="ExtensionEnd" humanType="Extension End" icon="AutomotiveCaseStudy_files/icon_extensionend_2061328409.svg" name="extension_unnamed1" refid="be2909c6-f200-4ec3-8670-d7f799c4f8a5"/></ownedElement><ownedEnd humanName="Owned End"><extensionend classType="ExtensionEnd" humanType="Extension End" icon="AutomotiveCaseStudy_files/icon_extensionend_2061328409.svg" name="extension_unnamed1" refid="be2909c6-f200-4ec3-8670-d7f799c4f8a5"/></ownedEnd><ownedMember humanName="Owned Member"><extensionend classType="ExtensionEnd" humanType="Extension End" icon="AutomotiveCaseStudy_files/icon_extensionend_2061328409.svg" name="extension_unnamed1" refid="be2909c6-f200-4ec3-8670-d7f799c4f8a5"/></ownedMember><owner classType="Package" humanName="Owner" humanType="Package" icon="AutomotiveCaseStudy_files/icon_package_1622863652.svg" name="1.1.3 Constraints &amp; Requirements pkg" refid="f854f931-ab24-492b-a409-21ea03d07a4c"/><owningPackage classType="Package" humanName="Owning Package" humanType="Package" icon="AutomotiveCaseStudy_files/icon_package_1622863652.svg" name="1.1.3 Constraints &amp; Requirements pkg" refid="f854f931-ab24-492b-a409-21ea03d07a4c"/><package classType="Package" humanName="Package" humanType="Package" icon="AutomotiveCaseStudy_files/icon_package_1622863652.svg" name="1.1.3 Constraints &amp; Requirements pkg" refid="f854f931-ab24-492b-a409-21ea03d07a4c"/><qualifiedName humanName="Qualified Name" mode="e">0 - Automotive Production Mission Reference Architecture::1 - Stakeholders pkg::1.1 - Business Function pkg::1.1.3 Constraints &amp; Requirements pkg::</qualifiedName><relatedElement humanName="Related Element"><stereotype classType="Stereotype" humanType="Stereotype" icon="AutomotiveCaseStudy_files/icon_stereotype_918307166.svg" name="BusinessConstraint" refid="1ea42179-231d-41be-9764-582cccc7d79c"/><class classType="Class" humanType="Class" icon="AutomotiveCaseStudy_files/icon_class_290799804.svg" name="Class" refid="d1675d11-baa9-4f38-8999-df3ffed63534"/></relatedElement><TO_DO humanName="To Do" mode="s,e"/><visibility humanName="Visibility">public</visibility></extension></magicdraw>