<?xml version="1.0" encoding="UTF-8"?><magicdraw><generalization classType="Generalization" humanType="Generalization" icon="AutomotiveCaseStudy_files/icon_generalization_1702478809.svg" id="25c45cac-9909-4cae-9b76-05f608dd1a90"><documentation humanName="Documentation"/><general classType="Stereotype" humanName="General" humanType="Stereotype" icon="AutomotiveCaseStudy_files/icon_stereotype_1299267026.svg" mode="s,e" name="businessRequirement" refid="a2536bca-d836-467b-bed4-7e545b60e0ae"/><isSubstitutable humanName="Is Substitutable">true</isSubstitutable><owner classType="Stereotype" humanName="Owner" humanType="Stereotype" icon="AutomotiveCaseStudy_files/icon_stereotype_918307166.svg" mode="s,e" name="BusinessObjective" refid="5a84eeb1-48d5-4af4-9501-7af9640ecbca"/><relatedElement humanName="Related Element"><stereotype classType="Stereotype" humanType="Stereotype" icon="AutomotiveCaseStudy_files/icon_stereotype_918307166.svg" name="BusinessObjective" refid="5a84eeb1-48d5-4af4-9501-7af9640ecbca"/><stereotype classType="Stereotype" humanType="Stereotype" icon="AutomotiveCaseStudy_files/icon_stereotype_1299267026.svg" name="businessRequirement" refid="a2536bca-d836-467b-bed4-7e545b60e0ae"/></relatedElement><source humanName="Source"><stereotype classType="Stereotype" humanType="Stereotype" icon="AutomotiveCaseStudy_files/icon_stereotype_918307166.svg" name="BusinessObjective" refid="5a84eeb1-48d5-4af4-9501-7af9640ecbca"/></source><specific classType="Stereotype" humanName="Specific" humanType="Stereotype" icon="AutomotiveCaseStudy_files/icon_stereotype_918307166.svg" mode="s,e" name="BusinessObjective" refid="5a84eeb1-48d5-4af4-9501-7af9640ecbca"/><target humanName="Target"><stereotype classType="Stereotype" humanType="Stereotype" icon="AutomotiveCaseStudy_files/icon_stereotype_1299267026.svg" name="businessRequirement" refid="a2536bca-d836-467b-bed4-7e545b60e0ae"/></target><TO_DO humanName="To Do" mode="s,e"/></generalization></magicdraw>