<?xml version="1.0" encoding="UTF-8"?><magicdraw><comment classType="Comment" humanType="Comment" icon="AutomotiveCaseStudy_files/icon_comment_992361802.svg" id="267be91c-e848-49a4-8a79-73c89b91c1dc"><annotatedElement humanName="Annotated Element" mode="s,e"><performancerequirement classType="Class" humanType="Performance Requirement" icon="AutomotiveCaseStudy_files/icon_performancerequirement_1751427415.svg" name="Upside Deliver Return Flexibility" refid="d86a8b64-651d-41d1-8427-1fab9b7ad2e9"/></annotatedElement><body humanName="Body" mode="s,e">The number of days required to achieve an unplanned
sustainable 20% increase in the return of finished goods from customers.</body><documentation humanName="Documentation"/><owner classType="Class" humanName="Owner" humanType="Performance Requirement" icon="AutomotiveCaseStudy_files/icon_performancerequirement_1751427415.svg" mode="s,e" name="Upside Deliver Return Flexibility" refid="d86a8b64-651d-41d1-8427-1fab9b7ad2e9"/><owningElement classType="Class" humanName="Owning Element" humanType="Performance Requirement" icon="AutomotiveCaseStudy_files/icon_performancerequirement_1751427415.svg" name="Upside Deliver Return Flexibility" refid="d86a8b64-651d-41d1-8427-1fab9b7ad2e9"/><TO_DO humanName="To Do" mode="s,e"/></comment></magicdraw>