<?xml version="1.0" encoding="UTF-8"?><magicdraw><literalstring classType="LiteralString" humanType="Literal String" icon="AutomotiveCaseStudy_files/icon_literalstring_2037275532.svg" id="26c7d586-d663-41bc-ada2-7a481ce8b258"><documentation humanName="Documentation"/><name humanName="Name"/><owner classType="Slot" humanName="Owner" humanType="Slot" icon="AutomotiveCaseStudy_files/icon_slot_355231286.svg" mode="e" refid="b98545ca-8503-4570-aba2-213b3def2e63"/><owningSlot classType="Slot" humanName="Owning Slot" humanType="Slot" icon="AutomotiveCaseStudy_files/icon_slot_355231286.svg" refid="b98545ca-8503-4570-aba2-213b3def2e63"/><qualifiedName humanName="Qualified Name"/><text humanName="Text" mode="standard">65.1</text><TO_DO humanName="To Do"/><TYPE_MODIFIER humanName="Type Modifier"/><value humanName="Value" mode="s,e">65.1</value><visibility humanName="Visibility">public</visibility></literalstring></magicdraw>