<?xml version="1.0" encoding="UTF-8"?><magicdraw><literalstring classType="LiteralString" humanType="Literal String" icon="AutomotiveCaseStudy_files/icon_literalstring_242907379.svg" id="27168223-22ee-4db4-bbbb-2c26a28caae7"><documentation humanName="Documentation"/><name humanName="Name"/><owner classType="Slot" humanName="Owner" humanType="Slot" icon="AutomotiveCaseStudy_files/icon_slot_780071655.svg" mode="e" refid="08a543ee-4a6d-47a1-b211-29fe45cf1a3f"/><owningSlot classType="Slot" humanName="Owning Slot" humanType="Slot" icon="AutomotiveCaseStudy_files/icon_slot_780071655.svg" refid="08a543ee-4a6d-47a1-b211-29fe45cf1a3f"/><qualifiedName humanName="Qualified Name"/><text humanName="Text" mode="standard">4/10/20 10:03 AM</text><TO_DO humanName="To Do"/><TYPE_MODIFIER humanName="Type Modifier"/><value humanName="Value" mode="s,e">4/10/20 10:03 AM</value><visibility humanName="Visibility">public</visibility></literalstring></magicdraw>