<?xml version="1.0" encoding="UTF-8"?><magicdraw><comment classType="Comment" humanType="Comment" icon="AutomotiveCaseStudy_files/icon_comment_992361802.svg" id="2746cadb-9647-4c79-845f-0626c648adbf"><annotatedElement humanName="Annotated Element" mode="s,e"><performancerequirement classType="Class" humanType="Performance Requirement" icon="AutomotiveCaseStudy_files/icon_performancerequirement_1751427415.svg" name="Cash-to-Cash Cycle Time" refid="7ba679de-f953-4fed-9159-290300af7881"/></annotatedElement><body humanName="Body" mode="s,e">The time it takes for an investment made to flow back into a company after it has been spent
for raw materials. For services, this represents the time from the point where a company
pays for the resources consumed in the performance of a service to the time that the
company received payment from the customer for those services.</body><documentation humanName="Documentation"/><owner classType="Class" humanName="Owner" humanType="Performance Requirement" icon="AutomotiveCaseStudy_files/icon_performancerequirement_1751427415.svg" mode="s,e" name="Cash-to-Cash Cycle Time" refid="7ba679de-f953-4fed-9159-290300af7881"/><owningElement classType="Class" humanName="Owning Element" humanType="Performance Requirement" icon="AutomotiveCaseStudy_files/icon_performancerequirement_1751427415.svg" name="Cash-to-Cash Cycle Time" refid="7ba679de-f953-4fed-9159-290300af7881"/><TO_DO humanName="To Do" mode="s,e"/></comment></magicdraw>