<?xml version="1.0" encoding="UTF-8"?><magicdraw><elementvalue classType="ElementValue" humanType="Element Value" icon="AutomotiveCaseStudy_files/icon_elementvalue_1556274478.svg" id="28715df3-e3e2-49eb-8418-30c848c0dd4a"><documentation humanName="Documentation"/><element classType="Class" humanName="Element" humanType="BusinessObjective" icon="AutomotiveCaseStudy_files/icon_businessobjective_1682619279.svg" mode="s,e" name="OpEx1:CostReduction" refid="433a792b-d7e8-4e52-a360-e2dd679e1fd7"/><name humanName="Name"/><owner classType="Slot" humanName="Owner" humanType="Slot" icon="AutomotiveCaseStudy_files/icon_slot_355231286.svg" mode="e" refid="98a68b78-e30f-4a59-9f0d-5457bd62636a"/><owningSlot classType="Slot" humanName="Owning Slot" humanType="Slot" icon="AutomotiveCaseStudy_files/icon_slot_355231286.svg" refid="98a68b78-e30f-4a59-9f0d-5457bd62636a"/><qualifiedName humanName="Qualified Name"/><text humanName="Text" mode="standard">OpEx1:CostReduction</text><TO_DO humanName="To Do"/><TYPE_MODIFIER humanName="Type Modifier"/><visibility humanName="Visibility">public</visibility></elementvalue></magicdraw>