<?xml version="1.0" encoding="UTF-8"?><magicdraw><slot classType="Slot" humanType="Slot" icon="AutomotiveCaseStudy_files/icon_slot_780071655.svg" id="28943499-f9d8-4258-aae9-51c0bcb07504"><definingFeature classType="Property" humanName="Defining Feature" humanType="Property" icon="AutomotiveCaseStudy_files/icon_property_3315346.svg" mode="s,e" name="Text" refid="276f8ce5-69de-4660-87a3-7a7b5d0e6546"/><documentation humanName="Documentation"/><ownedElement humanName="Owned Element"><literalstring classType="LiteralString" humanType="Literal String" icon="AutomotiveCaseStudy_files/icon_literalstring_242907379.svg" name="Percentage of orders which all of the items are received by customer in the quantities committed will be greater than 99%" refid="cbb42152-8579-44ad-8cec-72f97fb81476" text="Percentage of orders which all of the items are received by customer in the quantities committed will be greater than 99%"/></ownedElement><owner classType="InstanceSpecification" humanName="Owner" humanType="Instance Specification" icon="AutomotiveCaseStudy_files/icon_instancespecification_13643661.svg" mode="s,e" name=" : SysML::Non-Normative Extensions::Requirement::performanceRequirement" refid="e7b096a7-aeed-470e-8d28-162c0d8b45de"/><owningInstance classType="InstanceSpecification" humanName="Owning Instance" humanType="Instance Specification" icon="AutomotiveCaseStudy_files/icon_instancespecification_13643661.svg" name=" : SysML::Non-Normative Extensions::Requirement::performanceRequirement" refid="e7b096a7-aeed-470e-8d28-162c0d8b45de"/><TO_DO humanName="To Do" mode="s,e"/><value humanName="Value" mode="s,e"><literalstring classType="LiteralString" humanType="Literal String" icon="AutomotiveCaseStudy_files/icon_literalstring_242907379.svg" name="Percentage of orders which all of the items are received by customer in the quantities committed will be greater than 99%" refid="cbb42152-8579-44ad-8cec-72f97fb81476" text="Percentage of orders which all of the items are received by customer in the quantities committed will be greater than 99%"/></value></slot></magicdraw>