<?xml version="1.0" encoding="UTF-8"?><magicdraw><elementvalue classType="ElementValue" humanType="Element Value" icon="AutomotiveCaseStudy_files/icon_elementvalue_1556274478.svg" id="28e0999f-dcdf-483f-99a5-42a1cd2a1ba9"><documentation humanName="Documentation"/><element classType="Class" humanName="Element" humanType="StakeholderConcern" icon="AutomotiveCaseStudy_files/icon_stakeholderconcern_1682619279.svg" mode="s,e" name="Regulation_Concerns" refid="56d15929-8afc-4bc0-82af-5f5a8080dbe3"/><name humanName="Name"/><owner classType="Slot" humanName="Owner" humanType="Slot" icon="AutomotiveCaseStudy_files/icon_slot_355231286.svg" mode="e" refid="618ce64f-a1f2-46af-9337-7e59a62293b8"/><owningSlot classType="Slot" humanName="Owning Slot" humanType="Slot" icon="AutomotiveCaseStudy_files/icon_slot_355231286.svg" refid="618ce64f-a1f2-46af-9337-7e59a62293b8"/><qualifiedName humanName="Qualified Name"/><text humanName="Text" mode="standard">Regulation_Concerns</text><TO_DO humanName="To Do"/><TYPE_MODIFIER humanName="Type Modifier"/><visibility humanName="Visibility">public</visibility></elementvalue></magicdraw>