<?xml version="1.0" encoding="UTF-8"?><magicdraw><literalstring classType="LiteralString" humanType="Literal String" icon="AutomotiveCaseStudy_files/icon_literalstring_242907379.svg" id="2aff1ee6-537c-4541-9ff8-abab3021354a"><documentation humanName="Documentation"/><name humanName="Name"/><owner classType="Slot" humanName="Owner" humanType="Slot" icon="AutomotiveCaseStudy_files/icon_slot_780071655.svg" mode="e" refid="0300aad1-9ccb-41d4-b1fd-14543de9f9b8"/><owningSlot classType="Slot" humanName="Owning Slot" humanType="Slot" icon="AutomotiveCaseStudy_files/icon_slot_780071655.svg" refid="0300aad1-9ccb-41d4-b1fd-14543de9f9b8"/><qualifiedName humanName="Qualified Name"/><text humanName="Text" mode="standard">QPROP:Element:verifyMethod</text><TO_DO humanName="To Do"/><TYPE_MODIFIER humanName="Type Modifier"/><value humanName="Value" mode="s,e">QPROP:Element:verifyMethod</value><visibility humanName="Visibility">public</visibility></literalstring></magicdraw>