<?xml version="1.0" encoding="UTF-8"?><magicdraw><instancespecification classType="InstanceSpecification" humanType="Instance Specification" icon="AutomotiveCaseStudy_files/icon_instancespecification_13643661.svg" id="2b243b7b-8cc2-44ba-bac6-2a6d38fcbfb9"><classifier humanName="Classifier" mode="s,e"><stereotype classType="Stereotype" humanType="Stereotype" icon="AutomotiveCaseStudy_files/icon_stereotype_1011640708.svg" name="performanceRequirement" refid="b74418d7-7796-45c0-82f9-64a12d9a2790"/></classifier><documentation humanName="Documentation"/><name humanName="Name" mode="s,e"/><ownedElement humanName="Owned Element"><slot classType="Slot" humanType="Slot" icon="AutomotiveCaseStudy_files/icon_slot_355231286.svg" refid="41391db3-f8c2-451a-b294-dea08b123469"/><slot classType="Slot" humanType="Slot" icon="AutomotiveCaseStudy_files/icon_slot_355231286.svg" refid="6a70f2ad-cfda-4512-aacb-2ca8e946c3f7"/></ownedElement><owner classType="Class" humanName="Owner" humanType="Performance Requirement" icon="AutomotiveCaseStudy_files/icon_performancerequirement_1011640708.svg" mode="s,e" name="Upside Make Flexibility" refid="2e63a459-21cc-4a53-892a-097f333e8019"/><qualifiedName humanName="Qualified Name" mode="e">0 - Automotive Production Mission Reference Architecture::4 - Requirements pkg::4.1 - L1 Enterprise Requirements pkg::4.1.2 - Making/Production Requirements - pkg::Performance_Requirements::Agility::Upside Production Flexibility::Upside Make Flexibility::</qualifiedName><slot humanName="Slot"><slot classType="Slot" humanType="Slot" icon="AutomotiveCaseStudy_files/icon_slot_355231286.svg" refid="41391db3-f8c2-451a-b294-dea08b123469"/><slot classType="Slot" humanType="Slot" icon="AutomotiveCaseStudy_files/icon_slot_355231286.svg" refid="6a70f2ad-cfda-4512-aacb-2ca8e946c3f7"/></slot><stereotypedElement classType="Class" humanName="Stereotyped Element" humanType="Performance Requirement" icon="AutomotiveCaseStudy_files/icon_performancerequirement_1011640708.svg" name="Upside Make Flexibility" refid="2e63a459-21cc-4a53-892a-097f333e8019"/><TO_DO humanName="To Do" mode="s,e"/><visibility humanName="Visibility">public</visibility></instancespecification></magicdraw>