<?xml version="1.0" encoding="UTF-8"?><magicdraw><package classType="Package" humanType="Package" icon="AutomotiveCaseStudy_files/icon_package_1622863652.svg" id="2b2a891d-35a5-4551-ab12-2bab59f2feaf"><documentation humanName="Documentation"/><name humanName="Name" mode="s,e">Capability Requirements</name><namespace classType="Package" humanName="Namespace" humanType="Package" icon="AutomotiveCaseStudy_files/icon_package_1622863652.svg" name="4.1.2 - Making/Production Requirements - pkg" refid="52e9702a-c7bd-4a44-97d1-6c84b57821c0"/><nestingPackage classType="Package" humanName="Nesting Package" humanType="Package" icon="AutomotiveCaseStudy_files/icon_package_1622863652.svg" name="4.1.2 - Making/Production Requirements - pkg" refid="52e9702a-c7bd-4a44-97d1-6c84b57821c0"/><owner classType="Package" humanName="Owner" humanType="Package" icon="AutomotiveCaseStudy_files/icon_package_1622863652.svg" mode="s,e" name="4.1.2 - Making/Production Requirements - pkg" refid="52e9702a-c7bd-4a44-97d1-6c84b57821c0"/><owningPackage classType="Package" humanName="Owning Package" humanType="Package" icon="AutomotiveCaseStudy_files/icon_package_1622863652.svg" name="4.1.2 - Making/Production Requirements - pkg" refid="52e9702a-c7bd-4a44-97d1-6c84b57821c0"/><qualifiedName humanName="Qualified Name" mode="e">0 - Automotive Production Mission Reference Architecture::4 - Requirements pkg::4.1 - L1 Enterprise Requirements pkg::4.1.2 - Making/Production Requirements - pkg::Capability Requirements</qualifiedName><TO_DO humanName="To Do" mode="s,e"/><URI humanName="URI" mode="e"/><visibility humanName="Visibility">public</visibility></package></magicdraw>