<?xml version="1.0" encoding="UTF-8"?><magicdraw><literalstring classType="LiteralString" humanType="Literal String" icon="AutomotiveCaseStudy_files/icon_literalstring_2037275532.svg" id="2b2dae8b-68b3-4c48-b17d-a1cdaa5f1477"><documentation humanName="Documentation"/><name humanName="Name"/><owner classType="Slot" humanName="Owner" humanType="Slot" icon="AutomotiveCaseStudy_files/icon_slot_355231286.svg" mode="e" refid="47a8a2f8-2829-423c-be2e-f95b71b44306"/><owningSlot classType="Slot" humanName="Owning Slot" humanType="Slot" icon="AutomotiveCaseStudy_files/icon_slot_355231286.svg" refid="47a8a2f8-2829-423c-be2e-f95b71b44306"/><qualifiedName humanName="Qualified Name"/><text humanName="Text" mode="standard">52.7</text><TO_DO humanName="To Do"/><TYPE_MODIFIER humanName="Type Modifier"/><value humanName="Value" mode="s,e">52.7</value><visibility humanName="Visibility">public</visibility></literalstring></magicdraw>