<?xml version="1.0" encoding="UTF-8"?><magicdraw><literalstring classType="LiteralString" humanType="Literal String" icon="AutomotiveCaseStudy_files/icon_literalstring_2037275532.svg" id="2b54daeb-1114-4e4a-aae2-55ff5526dfe6"><documentation humanName="Documentation"/><name humanName="Name"/><owner classType="Slot" humanName="Owner" humanType="Slot" icon="AutomotiveCaseStudy_files/icon_slot_355231286.svg" mode="e" refid="4a49a89e-d2e0-4e0c-8a9f-7e4e8dd7736e"/><owningSlot classType="Slot" humanName="Owning Slot" humanType="Slot" icon="AutomotiveCaseStudy_files/icon_slot_355231286.svg" refid="4a49a89e-d2e0-4e0c-8a9f-7e4e8dd7736e"/><qualifiedName humanName="Qualified Name"/><text humanName="Text" mode="standard">52.6</text><TO_DO humanName="To Do"/><TYPE_MODIFIER humanName="Type Modifier"/><value humanName="Value" mode="s,e">52.6</value><visibility humanName="Visibility">public</visibility></literalstring></magicdraw>