<?xml version="1.0" encoding="UTF-8"?><magicdraw><slot classType="Slot" humanType="Slot" icon="AutomotiveCaseStudy_files/icon_slot_780071655.svg" id="2c832060-b690-4940-81bc-a53d83cde55a"><definingFeature classType="Property" humanName="Defining Feature" humanType="Property" icon="AutomotiveCaseStudy_files/icon_property_3315346.svg" mode="s,e" name="expandedRows" refid="25570741-f631-453c-94b1-07543cfde681"/><documentation humanName="Documentation"/><ownedElement humanName="Owned Element"><literalstring classType="LiteralString" humanType="Literal String" icon="AutomotiveCaseStudy_files/icon_literalstring_242907379.svg" name="56d15929-8afc-4bc0-82af-5f5a8080dbe3:ec3b7313-bf4c-445d-8aa5-42d99af9c28b:56d15929-8afc-4bc0-82af-5f5a8080dbe3,b1cb3423-622a-44b4-aff2-ae785f1e3f35:b5c27fde-bebe-4184-af05-9e02f6a33c32" refid="5800cd66-abd9-43d7-8b3d-8307bd68d8f2" text="56d15929-8afc-4bc0-82af-5f5a8080dbe3:ec3b7313-bf4c-445d-8aa5-42d99af9c28b:56d15929-8afc-4bc0-82af-5f5a8080dbe3,b1cb3423-622a-44b4-aff2-ae785f1e3f35:b5c27fde-bebe-4184-af05-9e02f6a33c32"/></ownedElement><owner classType="InstanceSpecification" humanName="Owner" humanType="Instance Specification" icon="AutomotiveCaseStudy_files/icon_instancespecification_13643661.svg" mode="s,e" name=" : MD Customization for Requirements::additional_stereotypes::RequirementTable, UML Standard Profile::MagicDraw Profile::DiagramTable, UML Standard Profile::MagicDraw Profile::DiagramInfo" refid="71024529-329c-4f81-830f-e083d5f9e343"/><owningInstance classType="InstanceSpecification" humanName="Owning Instance" humanType="Instance Specification" icon="AutomotiveCaseStudy_files/icon_instancespecification_13643661.svg" name=" : MD Customization for Requirements::additional_stereotypes::RequirementTable, UML Standard Profile::MagicDraw Profile::DiagramTable, UML Standard Profile::MagicDraw Profile::DiagramInfo" refid="71024529-329c-4f81-830f-e083d5f9e343"/><TO_DO humanName="To Do" mode="s,e"/><value humanName="Value" mode="s,e"><literalstring classType="LiteralString" humanType="Literal String" icon="AutomotiveCaseStudy_files/icon_literalstring_242907379.svg" name="56d15929-8afc-4bc0-82af-5f5a8080dbe3:ec3b7313-bf4c-445d-8aa5-42d99af9c28b:56d15929-8afc-4bc0-82af-5f5a8080dbe3,b1cb3423-622a-44b4-aff2-ae785f1e3f35:b5c27fde-bebe-4184-af05-9e02f6a33c32" refid="5800cd66-abd9-43d7-8b3d-8307bd68d8f2" text="56d15929-8afc-4bc0-82af-5f5a8080dbe3:ec3b7313-bf4c-445d-8aa5-42d99af9c28b:56d15929-8afc-4bc0-82af-5f5a8080dbe3,b1cb3423-622a-44b4-aff2-ae785f1e3f35:b5c27fde-bebe-4184-af05-9e02f6a33c32"/></value></slot></magicdraw>