<?xml version="1.0" encoding="UTF-8"?><magicdraw><comment classType="Comment" humanType="Comment" icon="AutomotiveCaseStudy_files/icon_comment_794517456.svg" id="2cbd5f20-1704-46ca-b444-95061a76d1d0"><annotatedElement humanName="Annotated Element" mode="s,e"><performancerequirement classType="Class" humanType="Performance Requirement" icon="AutomotiveCaseStudy_files/icon_performancerequirement_1011640708.svg" name="Upside Source Return Flexibility" refid="186f0230-b497-40f7-927f-7ccaa950a92d"/></annotatedElement><body humanName="Body" mode="s,e">The number of days required to achieve an unplanned
sustainable 20% increase in the return of raw materials to suppliers.</body><documentation humanName="Documentation"/><owner classType="Class" humanName="Owner" humanType="Performance Requirement" icon="AutomotiveCaseStudy_files/icon_performancerequirement_1011640708.svg" mode="s,e" name="Upside Source Return Flexibility" refid="186f0230-b497-40f7-927f-7ccaa950a92d"/><owningElement classType="Class" humanName="Owning Element" humanType="Performance Requirement" icon="AutomotiveCaseStudy_files/icon_performancerequirement_1011640708.svg" name="Upside Source Return Flexibility" refid="186f0230-b497-40f7-927f-7ccaa950a92d"/><TO_DO humanName="To Do" mode="s,e"/></comment></magicdraw>