<?xml version="1.0" encoding="UTF-8"?><magicdraw><literalstring classType="LiteralString" humanType="Literal String" icon="AutomotiveCaseStudy_files/icon_literalstring_242907379.svg" id="2d01ec9e-31ce-45e9-b37f-feb49068088a"><documentation humanName="Documentation"/><name humanName="Name"/><owner classType="Slot" humanName="Owner" humanType="Slot" icon="AutomotiveCaseStudy_files/icon_slot_780071655.svg" mode="e" refid="48209a11-82f2-4663-a250-ce12b5c417a6"/><owningSlot classType="Slot" humanName="Owning Slot" humanType="Slot" icon="AutomotiveCaseStudy_files/icon_slot_780071655.svg" refid="48209a11-82f2-4663-a250-ce12b5c417a6"/><qualifiedName humanName="Qualified Name"/><text humanName="Text" mode="standard">27</text><TO_DO humanName="To Do"/><TYPE_MODIFIER humanName="Type Modifier"/><value humanName="Value" mode="s,e">27</value><visibility humanName="Visibility">public</visibility></literalstring></magicdraw>