<?xml version="1.0" encoding="UTF-8"?><magicdraw><package classType="Package" humanType="Package" icon="AutomotiveCaseStudy_files/icon_package_1622863652.svg" id="2d8d9317-f9d4-4aae-a8f1-e42b2917cf37"><documentation humanName="Documentation"/><member humanName="Member"><performancerequirement classType="Class" humanType="Performance Requirement" icon="AutomotiveCaseStudy_files/icon_performancerequirement_1751427415.svg" name="Order Fulfillment Cycle Time" refid="9b16da82-64af-4872-9f50-b713adc111a5"/></member><name humanName="Name" mode="s,e">Responsiveness</name><namespace classType="Package" humanName="Namespace" humanType="Package" icon="AutomotiveCaseStudy_files/icon_package_1622863652.svg" name="Performance_Requirements" refid="e5e18aa4-6c5e-48c4-8145-ae4be690b3bc"/><nestingPackage classType="Package" humanName="Nesting Package" humanType="Package" icon="AutomotiveCaseStudy_files/icon_package_1622863652.svg" name="Performance_Requirements" refid="e5e18aa4-6c5e-48c4-8145-ae4be690b3bc"/><ownedElement humanName="Owned Element"><performancerequirement classType="Class" humanType="Performance Requirement" icon="AutomotiveCaseStudy_files/icon_performancerequirement_1751427415.svg" name="Order Fulfillment Cycle Time" refid="9b16da82-64af-4872-9f50-b713adc111a5"/></ownedElement><ownedMember humanName="Owned Member"><performancerequirement classType="Class" humanType="Performance Requirement" icon="AutomotiveCaseStudy_files/icon_performancerequirement_1751427415.svg" name="Order Fulfillment Cycle Time" refid="9b16da82-64af-4872-9f50-b713adc111a5"/></ownedMember><ownedType humanName="Owned Type"><performancerequirement classType="Class" humanType="Performance Requirement" icon="AutomotiveCaseStudy_files/icon_performancerequirement_1751427415.svg" name="Order Fulfillment Cycle Time" refid="9b16da82-64af-4872-9f50-b713adc111a5"/></ownedType><owner classType="Package" humanName="Owner" humanType="Package" icon="AutomotiveCaseStudy_files/icon_package_1622863652.svg" mode="s,e" name="Performance_Requirements" refid="e5e18aa4-6c5e-48c4-8145-ae4be690b3bc"/><owningPackage classType="Package" humanName="Owning Package" humanType="Package" icon="AutomotiveCaseStudy_files/icon_package_1622863652.svg" name="Performance_Requirements" refid="e5e18aa4-6c5e-48c4-8145-ae4be690b3bc"/><packagedElement humanName="Packaged Element"><performancerequirement classType="Class" humanType="Performance Requirement" icon="AutomotiveCaseStudy_files/icon_performancerequirement_1751427415.svg" name="Order Fulfillment Cycle Time" refid="9b16da82-64af-4872-9f50-b713adc111a5"/></packagedElement><qualifiedName humanName="Qualified Name" mode="e">0 - Automotive Production Mission Reference Architecture::4 - Requirements pkg::4.1 - L1 Enterprise Requirements pkg::4.1.2 - Making/Production Requirements - pkg::Performance_Requirements::Responsiveness</qualifiedName><TO_DO humanName="To Do" mode="s,e"/><URI humanName="URI" mode="e"/><visibility humanName="Visibility">public</visibility></package></magicdraw>