<?xml version="1.0" encoding="UTF-8"?><magicdraw><generalization classType="Generalization" humanType="Generalization" icon="AutomotiveCaseStudy_files/icon_generalization_1702478809.svg" id="2dfdbff8-ace9-4d40-86e9-5d7922d230bd"><documentation humanName="Documentation"/><general classType="Actor" humanName="General" humanType="Actor" icon="AutomotiveCaseStudy_files/icon_actor_1378559537.svg" mode="s,e" name="Customer" refid="87533e2e-894c-4ded-ac5d-f34eadbdca62"/><isSubstitutable humanName="Is Substitutable">true</isSubstitutable><owner classType="Actor" humanName="Owner" humanType="Actor" icon="AutomotiveCaseStudy_files/icon_actor_1378559537.svg" mode="s,e" name="DistributionChannel" refid="d011642b-bb8e-40a2-a9f2-e0e707949b68"/><relatedElement humanName="Related Element"><actor classType="Actor" humanType="Actor" icon="AutomotiveCaseStudy_files/icon_actor_1378559537.svg" name="Customer" refid="87533e2e-894c-4ded-ac5d-f34eadbdca62"/><actor classType="Actor" humanType="Actor" icon="AutomotiveCaseStudy_files/icon_actor_1378559537.svg" name="DistributionChannel" refid="d011642b-bb8e-40a2-a9f2-e0e707949b68"/></relatedElement><source humanName="Source"><actor classType="Actor" humanType="Actor" icon="AutomotiveCaseStudy_files/icon_actor_1378559537.svg" name="DistributionChannel" refid="d011642b-bb8e-40a2-a9f2-e0e707949b68"/></source><specific classType="Actor" humanName="Specific" humanType="Actor" icon="AutomotiveCaseStudy_files/icon_actor_1378559537.svg" mode="s,e" name="DistributionChannel" refid="d011642b-bb8e-40a2-a9f2-e0e707949b68"/><target humanName="Target"><actor classType="Actor" humanType="Actor" icon="AutomotiveCaseStudy_files/icon_actor_1378559537.svg" name="Customer" refid="87533e2e-894c-4ded-ac5d-f34eadbdca62"/></target><TO_DO humanName="To Do" mode="s,e"/><appearsIn><diagram classType="Diagram" humanType="Diagram" icon="AutomotiveCaseStudy_files/icon_SysML Use Case Diagram_1781568760.svg" name="1.1 - Mission Stakeholders pkg" refid="ee408cd2-cdb8-4758-8cf8-ffda7bed3c78"/></appearsIn></generalization></magicdraw>