<?xml version="1.0" encoding="UTF-8"?><magicdraw><instancespecification classType="InstanceSpecification" humanType="Instance Specification" icon="AutomotiveCaseStudy_files/icon_instancespecification_13643661.svg" id="2e3520a7-e1b3-44e1-8bdf-9d9a4c9ec4e8"><classifier humanName="Classifier" mode="s,e"><stereotype classType="Stereotype" humanType="Stereotype" icon="AutomotiveCaseStudy_files/icon_stereotype_918307166.svg" name="additionalPackageImport" refid="a64a0b71-263a-4369-abb3-605160b57595"/></classifier><documentation humanName="Documentation"/><name humanName="Name" mode="s,e"/><ownedElement humanName="Owned Element"><slot classType="Slot" humanType="Slot" icon="AutomotiveCaseStudy_files/icon_slot_780071655.svg" refid="727797b9-2efb-49d2-ae50-77b01e93a188"/></ownedElement><owner classType="PackageImport" humanName="Owner" humanType="Package Import" icon="AutomotiveCaseStudy_files/icon_packageimport_755759908.svg" isRelationship="true" mode="s,e" refid="7ac16e7c-fe72-40d1-b2d1-b94f9a33dcb2"/><qualifiedName humanName="Qualified Name" mode="e"/><slot humanName="Slot"><slot classType="Slot" humanType="Slot" icon="AutomotiveCaseStudy_files/icon_slot_780071655.svg" refid="727797b9-2efb-49d2-ae50-77b01e93a188"/></slot><stereotypedElement classType="PackageImport" humanName="Stereotyped Element" humanType="Package Import" icon="AutomotiveCaseStudy_files/icon_packageimport_755759908.svg" isRelationship="true" refid="7ac16e7c-fe72-40d1-b2d1-b94f9a33dcb2"/><TO_DO humanName="To Do" mode="s,e"/><visibility humanName="Visibility">public</visibility></instancespecification></magicdraw>