<?xml version="1.0" encoding="UTF-8"?><magicdraw><literalstring classType="LiteralString" humanType="Literal String" icon="AutomotiveCaseStudy_files/icon_literalstring_2037275532.svg" id="2e46130b-b5f2-4ab4-a42d-33071d3b7afb"><documentation humanName="Documentation"/><name humanName="Name"/><owner classType="Slot" humanName="Owner" humanType="Slot" icon="AutomotiveCaseStudy_files/icon_slot_355231286.svg" mode="e" refid="be2bb95e-1553-4550-bcdd-645c86c081ee"/><owningSlot classType="Slot" humanName="Owning Slot" humanType="Slot" icon="AutomotiveCaseStudy_files/icon_slot_355231286.svg" refid="be2bb95e-1553-4550-bcdd-645c86c081ee"/><qualifiedName humanName="Qualified Name"/><text humanName="Text" mode="standard">36</text><TO_DO humanName="To Do"/><TYPE_MODIFIER humanName="Type Modifier"/><value humanName="Value" mode="s,e">36</value><visibility humanName="Visibility">public</visibility></literalstring></magicdraw>