<?xml version="1.0" encoding="UTF-8"?><magicdraw><literalstring classType="LiteralString" humanType="Literal String" icon="AutomotiveCaseStudy_files/icon_literalstring_2037275532.svg" id="2e68542e-2513-4f46-aead-52472b134491"><documentation humanName="Documentation"/><name humanName="Name"/><owner classType="Slot" humanName="Owner" humanType="Slot" icon="AutomotiveCaseStudy_files/icon_slot_355231286.svg" mode="e" refid="db82a247-8185-4fa6-9002-176ee33a98b3"/><owningSlot classType="Slot" humanName="Owning Slot" humanType="Slot" icon="AutomotiveCaseStudy_files/icon_slot_355231286.svg" refid="db82a247-8185-4fa6-9002-176ee33a98b3"/><qualifiedName humanName="Qualified Name"/><text humanName="Text" mode="standard"> </text><TO_DO humanName="To Do"/><TYPE_MODIFIER humanName="Type Modifier"/><value humanName="Value" mode="s,e"> </value><visibility humanName="Visibility">public</visibility></literalstring></magicdraw>