<?xml version="1.0" encoding="UTF-8"?><magicdraw><comment classType="Comment" humanType="Comment" icon="AutomotiveCaseStudy_files/icon_comment_992361802.svg" id="2e93597d-6e0f-42aa-8572-4eff4766d930"><annotatedElement humanName="Annotated Element" mode="s,e"><performancerequirement classType="Class" humanType="Performance Requirement" icon="AutomotiveCaseStudy_files/icon_performancerequirement_1751427415.svg" name="Cost of Goods Sold" refid="27a2a876-d5d7-47d3-ae5e-9feb3462a622"/></annotatedElement><body humanName="Body" mode="s,e">The cost associated with buying raw materials and producing finished goods. This cost
includes direct costs (labor, materials) and indirect costs (overhead).
Note - Cost of Raw Material and Make Costs are generally accounted for in COGS. It
is recognized that there is likely to be overlap/ redundancy between supply chain
management costs and COGS.</body><documentation humanName="Documentation"/><owner classType="Class" humanName="Owner" humanType="Performance Requirement" icon="AutomotiveCaseStudy_files/icon_performancerequirement_1751427415.svg" mode="s,e" name="Cost of Goods Sold" refid="27a2a876-d5d7-47d3-ae5e-9feb3462a622"/><owningElement classType="Class" humanName="Owning Element" humanType="Performance Requirement" icon="AutomotiveCaseStudy_files/icon_performancerequirement_1751427415.svg" name="Cost of Goods Sold" refid="27a2a876-d5d7-47d3-ae5e-9feb3462a622"/><TO_DO humanName="To Do" mode="s,e"/></comment></magicdraw>