<?xml version="1.0" encoding="UTF-8"?><magicdraw><activity classType="Activity" humanType="Activity" icon="AutomotiveCaseStudy_files/icon_activity_1372094206.svg" id="2ec5ad2a-48d6-4fa8-ac2b-b870ff60bc94"><context classType="Activity" humanName="Context" humanType="Activity" icon="AutomotiveCaseStudy_files/icon_activity_1372094206.svg" mode="e" name="1 - Conceptualization" refid="ea4ccb6f-ce97-4119-a874-428c2efdddc1"/><documentation humanName="Documentation"/><isAbstract humanName="Is Abstract">false</isAbstract><isActive humanName="Is Active">false</isActive><isFinalSpecialization humanName="Is Final Specialization">false</isFinalSpecialization><isLeaf humanName="Is Leaf">false</isLeaf><isReadOnly humanName="Is Read Only" mode="s,e">false</isReadOnly><isReentrant humanName="Is Reentrant">true</isReentrant><isSingleExecution humanName="Is Single Execution" mode="s,e">false</isSingleExecution><name humanName="Name" mode="s,e">1.2 - Stakeholder Identification</name><namespace classType="Activity" humanName="Namespace" humanType="Activity" icon="AutomotiveCaseStudy_files/icon_activity_1372094206.svg" name="1 - Conceptualization" refid="ea4ccb6f-ce97-4119-a874-428c2efdddc1"/><owner classType="Activity" humanName="Owner" humanType="Activity" icon="AutomotiveCaseStudy_files/icon_activity_1372094206.svg" mode="s,e" name="1 - Conceptualization" refid="ea4ccb6f-ce97-4119-a874-428c2efdddc1"/><qualifiedName humanName="Qualified Name" mode="e">1 - Design Mission - Automotive Production System ::3 - Behaviors::1 - Conceptualization::1.2 - Stakeholder Identification</qualifiedName><redefinitionContext humanName="Redefinition Context"><activity classType="Activity" humanType="Activity" icon="AutomotiveCaseStudy_files/icon_activity_1372094206.svg" name="1 - Conceptualization" refid="ea4ccb6f-ce97-4119-a874-428c2efdddc1"/></redefinitionContext><TO_DO humanName="To Do" mode="s,e"/><usedClassifier humanName="Used Classifier"><activity classType="Activity" humanType="Activity" icon="AutomotiveCaseStudy_files/icon_activity_1372094206.svg" name="1 - Conceptualization" refid="ea4ccb6f-ce97-4119-a874-428c2efdddc1"/></usedClassifier><visibility humanName="Visibility">public</visibility></activity></magicdraw>