<?xml version="1.0" encoding="UTF-8"?><magicdraw><instancevalue classType="InstanceValue" humanType="Instance Value" icon="AutomotiveCaseStudy_files/icon_instancevalue_1699380298.svg" id="2f7e92b8-1dd9-4f55-80f7-dd415d30b137"><documentation humanName="Documentation"/><instance classType="EnumerationLiteral" humanName="Instance" humanType="Enumeration Literal" icon="AutomotiveCaseStudy_files/icon_enumerationliteral_1621961721.svg" mode="s,e" name="Medium" refid="b5d55ec3-c86d-419a-a442-f0020e7962e8"/><name humanName="Name"/><owner classType="Slot" humanName="Owner" humanType="Slot" icon="AutomotiveCaseStudy_files/icon_slot_355231286.svg" refid="0f657448-46bf-4df4-a917-1be18acd4cee"/><owningSlot classType="Slot" humanName="Owning Slot" humanType="Slot" icon="AutomotiveCaseStudy_files/icon_slot_355231286.svg" refid="0f657448-46bf-4df4-a917-1be18acd4cee"/><qualifiedName humanName="Qualified Name" mode="e"/><text humanName="Text" mode="standard">Medium</text><TO_DO humanName="To Do"/><TYPE_MODIFIER humanName="Type Modifier"/><visibility humanName="Visibility">public</visibility></instancevalue></magicdraw>