<?xml version="1.0" encoding="UTF-8"?><magicdraw><literalstring classType="LiteralString" humanType="Literal String" icon="AutomotiveCaseStudy_files/icon_literalstring_2037275532.svg" id="2fb8930a-1274-496a-b838-c981490c376c"><documentation humanName="Documentation"/><name humanName="Name"/><owner classType="Slot" humanName="Owner" humanType="Slot" icon="AutomotiveCaseStudy_files/icon_slot_355231286.svg" mode="e" refid="9d201310-d60f-4fa4-8d42-c215b5067b16"/><owningSlot classType="Slot" humanName="Owning Slot" humanType="Slot" icon="AutomotiveCaseStudy_files/icon_slot_355231286.svg" refid="9d201310-d60f-4fa4-8d42-c215b5067b16"/><qualifiedName humanName="Qualified Name"/><text humanName="Text" mode="standard">QPROP:Element:owner</text><TO_DO humanName="To Do"/><TYPE_MODIFIER humanName="Type Modifier"/><value humanName="Value" mode="s,e">QPROP:Element:owner</value><visibility humanName="Visibility">public</visibility></literalstring></magicdraw>