<?xml version="1.0" encoding="UTF-8"?><magicdraw><comment classType="Comment" humanType="Comment" icon="AutomotiveCaseStudy_files/icon_comment_992361802.svg" id="3069a993-ec43-4cfb-b1b9-a8c48e34846d"><annotatedElement humanName="Annotated Element" mode="s,e"><performancerequirement classType="Class" humanType="Performance Requirement" icon="AutomotiveCaseStudy_files/icon_performancerequirement_1751427415.svg" name="Upside Deliver Adaptability" refid="5fee7732-e3c9-4a58-9ed2-67a8ec737026"/></annotatedElement><body humanName="Body" mode="s,e">The maximum sustainable percentage increase in quantities delivered that can be achieved in 30 days with the assumption of unconstrained finished good availability.</body><documentation humanName="Documentation"/><owner classType="Class" humanName="Owner" humanType="Performance Requirement" icon="AutomotiveCaseStudy_files/icon_performancerequirement_1751427415.svg" mode="s,e" name="Upside Deliver Adaptability" refid="5fee7732-e3c9-4a58-9ed2-67a8ec737026"/><owningElement classType="Class" humanName="Owning Element" humanType="Performance Requirement" icon="AutomotiveCaseStudy_files/icon_performancerequirement_1751427415.svg" name="Upside Deliver Adaptability" refid="5fee7732-e3c9-4a58-9ed2-67a8ec737026"/><TO_DO humanName="To Do" mode="s,e"/></comment></magicdraw>