<?xml version="1.0" encoding="UTF-8"?><magicdraw><literalstring classType="LiteralString" humanType="Literal String" icon="AutomotiveCaseStudy_files/icon_literalstring_242907379.svg" id="30822369-8cdf-4549-b415-0e6c4d916b90"><documentation humanName="Documentation"/><name humanName="Name"/><owner classType="Slot" humanName="Owner" humanType="Slot" icon="AutomotiveCaseStudy_files/icon_slot_780071655.svg" mode="e" refid="f58c4130-5159-4c9c-9f86-5c40bdcb083f"/><owningSlot classType="Slot" humanName="Owning Slot" humanType="Slot" icon="AutomotiveCaseStudy_files/icon_slot_780071655.svg" refid="f58c4130-5159-4c9c-9f86-5c40bdcb083f"/><qualifiedName humanName="Qualified Name"/><text humanName="Text" mode="standard">tsprock</text><TO_DO humanName="To Do"/><TYPE_MODIFIER humanName="Type Modifier"/><value humanName="Value" mode="s,e">tsprock</value><visibility humanName="Visibility">public</visibility></literalstring></magicdraw>