<?xml version="1.0" encoding="UTF-8"?><magicdraw><literalstring classType="LiteralString" humanType="Literal String" icon="AutomotiveCaseStudy_files/icon_literalstring_242907379.svg" id="3128640d-e430-48a6-8590-2ed1892ca50f"><documentation humanName="Documentation"/><name humanName="Name"/><owner classType="Slot" humanName="Owner" humanType="Slot" icon="AutomotiveCaseStudy_files/icon_slot_780071655.svg" mode="e" refid="8920adf3-e6fe-47e3-b34b-696d5c90790c"/><owningSlot classType="Slot" humanName="Owning Slot" humanType="Slot" icon="AutomotiveCaseStudy_files/icon_slot_780071655.svg" refid="8920adf3-e6fe-47e3-b34b-696d5c90790c"/><qualifiedName humanName="Qualified Name"/><text humanName="Text" mode="standard">37.2</text><TO_DO humanName="To Do"/><TYPE_MODIFIER humanName="Type Modifier"/><value humanName="Value" mode="s,e">37.2</value><visibility humanName="Visibility">public</visibility></literalstring></magicdraw>