<?xml version="1.0" encoding="UTF-8"?><magicdraw><literalstring classType="LiteralString" humanType="Literal String" icon="AutomotiveCaseStudy_files/icon_literalstring_2037275532.svg" id="315d28bb-cd4e-44ad-a510-095e569ab70c"><documentation humanName="Documentation"/><name humanName="Name"/><owner classType="Slot" humanName="Owner" humanType="Slot" icon="AutomotiveCaseStudy_files/icon_slot_355231286.svg" mode="e" refid="13413a39-f9b6-43f1-9c00-153fdb3b5517"/><owningSlot classType="Slot" humanName="Owning Slot" humanType="Slot" icon="AutomotiveCaseStudy_files/icon_slot_355231286.svg" refid="13413a39-f9b6-43f1-9c00-153fdb3b5517"/><qualifiedName humanName="Qualified Name"/><text humanName="Text" mode="standard">QPROP:Element:risk</text><TO_DO humanName="To Do"/><TYPE_MODIFIER humanName="Type Modifier"/><value humanName="Value" mode="s,e">QPROP:Element:risk</value><visibility humanName="Visibility">public</visibility></literalstring></magicdraw>