<?xml version="1.0" encoding="UTF-8"?><magicdraw><literalstring classType="LiteralString" humanType="Literal String" icon="AutomotiveCaseStudy_files/icon_literalstring_2037275532.svg" id="3217175c-c851-449f-bb4a-68ac8be8a7bc"><documentation humanName="Documentation"/><name humanName="Name"/><owner classType="Slot" humanName="Owner" humanType="Slot" icon="AutomotiveCaseStudy_files/icon_slot_355231286.svg" mode="e" refid="06a8bc28-6e53-405c-8d75-761de4768698"/><owningSlot classType="Slot" humanName="Owning Slot" humanType="Slot" icon="AutomotiveCaseStudy_files/icon_slot_355231286.svg" refid="06a8bc28-6e53-405c-8d75-761de4768698"/><qualifiedName humanName="Qualified Name"/><text humanName="Text" mode="standard">37.1</text><TO_DO humanName="To Do"/><TYPE_MODIFIER humanName="Type Modifier"/><value humanName="Value" mode="s,e">37.1</value><visibility humanName="Visibility">public</visibility></literalstring></magicdraw>