<?xml version="1.0" encoding="UTF-8"?><magicdraw><comment classType="Comment" humanType="Comment" icon="AutomotiveCaseStudy_files/icon_comment_992361802.svg" id="32186806-d98d-4bf1-80ea-84f448919088"><annotatedElement humanName="Annotated Element" mode="s,e"><performancerequirement classType="Class" humanType="Performance Requirement" icon="AutomotiveCaseStudy_files/icon_performancerequirement_962002586.svg" name="Upside Deliver Adaptability" refid="e3c275c5-0618-4390-b5f7-3abdfd5d41a5"/></annotatedElement><body humanName="Body" mode="s,e">The maximum sustainable percentage increase in quantities delivered that can be achieved in 30 days with the assumption of unconstrained finished good availability.</body><documentation humanName="Documentation"/><owner classType="Class" humanName="Owner" humanType="Performance Requirement" icon="AutomotiveCaseStudy_files/icon_performancerequirement_962002586.svg" mode="s,e" name="Upside Deliver Adaptability" refid="e3c275c5-0618-4390-b5f7-3abdfd5d41a5"/><owningElement classType="Class" humanName="Owning Element" humanType="Performance Requirement" icon="AutomotiveCaseStudy_files/icon_performancerequirement_962002586.svg" name="Upside Deliver Adaptability" refid="e3c275c5-0618-4390-b5f7-3abdfd5d41a5"/><TO_DO humanName="To Do" mode="s,e"/></comment></magicdraw>