<?xml version="1.0" encoding="UTF-8"?><magicdraw><actor classType="Actor" humanType="Actor" icon="AutomotiveCaseStudy_files/icon_actor_1378559537.svg" id="330e8987-b1b7-4b28-ae14-d1915d89344b"><allGeneralClassifiers humanName="All General Classifiers"><actor classType="Actor" humanType="Actor" icon="AutomotiveCaseStudy_files/icon_actor_1378559537.svg" name="Customer" refid="87533e2e-894c-4ded-ac5d-f34eadbdca62"/></allGeneralClassifiers><documentation humanName="Documentation"/><general humanName="General"><actor classType="Actor" humanType="Actor" icon="AutomotiveCaseStudy_files/icon_actor_1378559537.svg" name="Customer" refid="87533e2e-894c-4ded-ac5d-f34eadbdca62"/></general><generalization humanName="Generalization"><generalization classType="Generalization" humanType="Generalization" icon="AutomotiveCaseStudy_files/icon_generalization_1702478809.svg" isRelationship="true" refid="68437145-6d5c-49f4-99f6-f318644ae035"/></generalization><isAbstract humanName="Is Abstract" mode="s,e">false</isAbstract><isFinalSpecialization humanName="Is Final Specialization">false</isFinalSpecialization><isLeaf humanName="Is Leaf">false</isLeaf><name humanName="Name" mode="s,e">Procurement</name><namespace classType="Package" humanName="Namespace" humanType="Package" icon="AutomotiveCaseStudy_files/icon_package_1622863652.svg" name="1.1 - Mission Stakeholders pkg" refid="a4655a15-ad89-49f8-8b4c-83b652a495bc"/><ownedElement humanName="Owned Element"><generalization classType="Generalization" humanType="Generalization" icon="AutomotiveCaseStudy_files/icon_generalization_1702478809.svg" isRelationship="true" refid="68437145-6d5c-49f4-99f6-f318644ae035"/></ownedElement><owner classType="Package" humanName="Owner" humanType="Package" icon="AutomotiveCaseStudy_files/icon_package_1622863652.svg" mode="s,e" name="1.1 - Mission Stakeholders pkg" refid="a4655a15-ad89-49f8-8b4c-83b652a495bc"/><owningPackage classType="Package" humanName="Owning Package" humanType="Package" icon="AutomotiveCaseStudy_files/icon_package_1622863652.svg" name="1.1 - Mission Stakeholders pkg" refid="a4655a15-ad89-49f8-8b4c-83b652a495bc"/><package classType="Package" humanName="Package" humanType="Package" icon="AutomotiveCaseStudy_files/icon_package_1622863652.svg" name="1.1 - Mission Stakeholders pkg" refid="a4655a15-ad89-49f8-8b4c-83b652a495bc"/><qualifiedName humanName="Qualified Name" mode="e">0 - Automotive Production Mission Reference Architecture::1 - Mission Stakeholders pkg::1.1 - Mission Stakeholders pkg::Procurement</qualifiedName><TO_DO humanName="To Do" mode="s,e"/><visibility humanName="Visibility">public</visibility><appearsIn><diagram classType="Diagram" humanType="Diagram" icon="AutomotiveCaseStudy_files/icon_SysML Use Case Diagram_1781568760.svg" name="1.1 - Mission Stakeholders pkg" refid="ee408cd2-cdb8-4758-8cf8-ffda7bed3c78"/></appearsIn></actor></magicdraw>