<?xml version="1.0" encoding="UTF-8"?><magicdraw><actor classType="Actor" humanType="Actor" icon="AutomotiveCaseStudy_files/icon_actor_1378559537.svg" id="330e8987-b1b7-4b28-ae14-d1915d89344b"><allGeneralClassifiers humanName="All General Classifiers"><actor classType="Actor" humanType="Actor" icon="AutomotiveCaseStudy_files/icon_actor_1378559537.svg" name="Customer" refid="87533e2e-894c-4ded-ac5d-f34eadbdca62"/></allGeneralClassifiers><documentation humanName="Documentation"/><general humanName="General"><actor classType="Actor" humanType="Actor" icon="AutomotiveCaseStudy_files/icon_actor_1378559537.svg" name="Customer" refid="87533e2e-894c-4ded-ac5d-f34eadbdca62"/></general><generalization humanName="Generalization"><generalization classType="Generalization" humanType="Generalization" icon="AutomotiveCaseStudy_files/icon_generalization_1702478809.svg" isRelationship="true" refid="68437145-6d5c-49f4-99f6-f318644ae035"/></generalization><isAbstract humanName="Is Abstract" mode="s,e">false</isAbstract><isFinalSpecialization humanName="Is Final Specialization">false</isFinalSpecialization><isLeaf humanName="Is Leaf">false</isLeaf><name humanName="Name" mode="s,e">Procurement</name><namespace classType="Package" humanName="Namespace" humanType="Package" icon="AutomotiveCaseStudy_files/icon_package_1622863652.svg" name="1.1.1 Stakeholders pkg" refid="e0ccf502-1fa0-4b26-89be-5fccc74cdfc4"/><ownedElement humanName="Owned Element"><generalization classType="Generalization" humanType="Generalization" icon="AutomotiveCaseStudy_files/icon_generalization_1702478809.svg" isRelationship="true" refid="68437145-6d5c-49f4-99f6-f318644ae035"/></ownedElement><owner classType="Package" humanName="Owner" humanType="Package" icon="AutomotiveCaseStudy_files/icon_package_1622863652.svg" mode="s,e" name="1.1.1 Stakeholders pkg" refid="e0ccf502-1fa0-4b26-89be-5fccc74cdfc4"/><owningPackage classType="Package" humanName="Owning Package" humanType="Package" icon="AutomotiveCaseStudy_files/icon_package_1622863652.svg" name="1.1.1 Stakeholders pkg" refid="e0ccf502-1fa0-4b26-89be-5fccc74cdfc4"/><package classType="Package" humanName="Package" humanType="Package" icon="AutomotiveCaseStudy_files/icon_package_1622863652.svg" name="1.1.1 Stakeholders pkg" refid="e0ccf502-1fa0-4b26-89be-5fccc74cdfc4"/><qualifiedName humanName="Qualified Name" mode="e">0 - Automotive Production Mission Reference Architecture::1 - Stakeholders pkg::1.1 - Business Function pkg::1.1.1 Stakeholders pkg::Procurement</qualifiedName><TO_DO humanName="To Do" mode="s,e"/><visibility humanName="Visibility">public</visibility><appearsIn><diagram classType="Diagram" humanType="Diagram" icon="AutomotiveCaseStudy_files/icon_SysML Use Case Diagram_1503593507.svg" name="1.1 - System Stakeholders pkg" refid="ee408cd2-cdb8-4758-8cf8-ffda7bed3c78"/><diagram classType="Diagram" humanType="Diagram" icon="AutomotiveCaseStudy_files/icon_SysML Use Case Diagram_1503593507.svg" name="1.1 - Business Function Stakeholders pkg" refid="685edcf2-15ea-484a-a1d5-63d1da03b9f3"/></appearsIn></actor></magicdraw>