<?xml version="1.0" encoding="UTF-8"?><magicdraw><instancespecification classType="InstanceSpecification" humanType="Instance Specification" icon="AutomotiveCaseStudy_files/icon_instancespecification_13643661.svg" id="33d2135a-c9df-48a2-bcb7-4201cd6893ed"><classifier humanName="Classifier" mode="s,e"><stereotype classType="Stereotype" humanType="Stereotype" icon="AutomotiveCaseStudy_files/icon_stereotype_962002586.svg" name="performanceRequirement" refid="b74418d7-7796-45c0-82f9-64a12d9a2790"/></classifier><documentation humanName="Documentation"/><name humanName="Name" mode="s,e"/><ownedElement humanName="Owned Element"><slot classType="Slot" humanType="Slot" icon="AutomotiveCaseStudy_files/icon_slot_780071655.svg" refid="ec3d22f2-6a6c-4e65-868e-6dc7f437aa67"/><slot classType="Slot" humanType="Slot" icon="AutomotiveCaseStudy_files/icon_slot_780071655.svg" refid="d5480966-fe77-4d5f-a1e3-9373cc01683a"/></ownedElement><owner classType="Class" humanName="Owner" humanType="Performance Requirement" icon="AutomotiveCaseStudy_files/icon_performancerequirement_962002586.svg" mode="s,e" name="Upside Source Adaptability" refid="3931c21d-8403-49a6-8d00-920358903807"/><qualifiedName humanName="Qualified Name" mode="e">0 - Automotive Production Mission Reference Architecture::4 - Requirements pkg::4.1 - L1 Enterprise Requirements pkg::4.1.2 - Making/Production Requirements - pkg::Performance_Requirements::Agility::Upside Production Adaptability::Upside Source Adaptability::</qualifiedName><slot humanName="Slot"><slot classType="Slot" humanType="Slot" icon="AutomotiveCaseStudy_files/icon_slot_780071655.svg" refid="ec3d22f2-6a6c-4e65-868e-6dc7f437aa67"/><slot classType="Slot" humanType="Slot" icon="AutomotiveCaseStudy_files/icon_slot_780071655.svg" refid="d5480966-fe77-4d5f-a1e3-9373cc01683a"/></slot><stereotypedElement classType="Class" humanName="Stereotyped Element" humanType="Performance Requirement" icon="AutomotiveCaseStudy_files/icon_performancerequirement_962002586.svg" name="Upside Source Adaptability" refid="3931c21d-8403-49a6-8d00-920358903807"/><TO_DO humanName="To Do" mode="s,e"/><visibility humanName="Visibility">public</visibility></instancespecification></magicdraw>