<?xml version="1.0" encoding="UTF-8"?><magicdraw><literalstring classType="LiteralString" humanType="Literal String" icon="AutomotiveCaseStudy_files/icon_literalstring_2037275532.svg" id="34cbe0d0-e3d4-47da-b27a-60d0de81a0a7"><documentation humanName="Documentation"/><name humanName="Name"/><owner classType="Slot" humanName="Owner" humanType="Slot" icon="AutomotiveCaseStudy_files/icon_slot_355231286.svg" mode="e" refid="dbd397e8-8d7c-4fe0-8d9d-425473a84be8"/><owningSlot classType="Slot" humanName="Owning Slot" humanType="Slot" icon="AutomotiveCaseStudy_files/icon_slot_355231286.svg" refid="dbd397e8-8d7c-4fe0-8d9d-425473a84be8"/><qualifiedName humanName="Qualified Name"/><text humanName="Text" mode="standard">26.2</text><TO_DO humanName="To Do"/><TYPE_MODIFIER humanName="Type Modifier"/><value humanName="Value" mode="s,e">26.2</value><visibility humanName="Visibility">public</visibility></literalstring></magicdraw>