<?xml version="1.0" encoding="UTF-8"?><magicdraw><literalunlimitednatural classType="LiteralUnlimitedNatural" humanType="Literal Unlimited Natural" icon="AutomotiveCaseStudy_files/icon_literalunlimitednatural_195523604.svg" id="3578444a-433f-406d-b652-cee1d9019a59"><documentation humanName="Documentation"/><name humanName="Name"/><owner classType="ExtensionEnd" humanName="Owner" humanType="Extension End" icon="AutomotiveCaseStudy_files/icon_extensionend_2061328409.svg" mode="e" name="extension_unnamed1" refid="ff2c14dc-2e87-46b0-b05a-7d4e904b791b"/><owningUpper classType="ExtensionEnd" humanName="Owning Upper" humanType="Extension End" icon="AutomotiveCaseStudy_files/icon_extensionend_2061328409.svg" name="extension_unnamed1" refid="ff2c14dc-2e87-46b0-b05a-7d4e904b791b"/><qualifiedName humanName="Qualified Name">0 - Automotive Production Mission Reference Architecture::1 - Stakeholders pkg::1.1 - Business Function pkg::1.1.2 Needs &amp; Objectives pkg::::extension_unnamed1::</qualifiedName><text humanName="Text" mode="standard">1</text><TO_DO humanName="To Do"/><TYPE_MODIFIER humanName="Type Modifier"/><value humanName="Value" mode="s,e">1</value><visibility humanName="Visibility">public</visibility></literalunlimitednatural></magicdraw>