<?xml version="1.0" encoding="UTF-8"?><magicdraw><elementvalue classType="ElementValue" humanType="Element Value" icon="AutomotiveCaseStudy_files/icon_elementvalue_2088572563.svg" id="36948edc-1b7c-4c79-9c4f-912b5abe1bac"><documentation humanName="Documentation"/><element classType="Actor" humanName="Element" humanType="Actor" icon="AutomotiveCaseStudy_files/icon_actor_1378559537.svg" mode="s,e" name="Suppliers" refid="96710fbf-f640-4b70-8ae8-1ce4786aea4a"/><name humanName="Name"/><owner classType="Slot" humanName="Owner" humanType="Slot" icon="AutomotiveCaseStudy_files/icon_slot_780071655.svg" mode="e" refid="2129727c-466c-443a-9113-d2b123c75266"/><owningSlot classType="Slot" humanName="Owning Slot" humanType="Slot" icon="AutomotiveCaseStudy_files/icon_slot_780071655.svg" refid="2129727c-466c-443a-9113-d2b123c75266"/><qualifiedName humanName="Qualified Name"/><text humanName="Text" mode="standard">Suppliers</text><TO_DO humanName="To Do"/><TYPE_MODIFIER humanName="Type Modifier"/><visibility humanName="Visibility">public</visibility></elementvalue></magicdraw>