<?xml version="1.0" encoding="UTF-8"?><magicdraw><slot classType="Slot" humanType="Slot" icon="AutomotiveCaseStudy_files/icon_slot_355231286.svg" id="36e37e8d-5919-4e25-923f-428a89e6fc99"><definingFeature classType="Property" humanName="Defining Feature" humanType="Property" icon="AutomotiveCaseStudy_files/icon_property_2135874046.svg" mode="s,e" name="Text" refid="276f8ce5-69de-4660-87a3-7a7b5d0e6546"/><documentation humanName="Documentation"/><ownedElement humanName="Owned Element"><literalstring classType="LiteralString" humanType="Literal String" icon="AutomotiveCaseStudy_files/icon_literalstring_2037275532.svg" name=" " refid="7bc33742-2015-4424-a420-8d09de51ee38" text=" "/></ownedElement><owner classType="InstanceSpecification" humanName="Owner" humanType="Instance Specification" icon="AutomotiveCaseStudy_files/icon_instancespecification_13643661.svg" mode="s,e" name=" : SysML::Non-Normative Extensions::Requirement::performanceRequirement" refid="63eaa482-9429-4a93-9df3-9ac351a235ca"/><owningInstance classType="InstanceSpecification" humanName="Owning Instance" humanType="Instance Specification" icon="AutomotiveCaseStudy_files/icon_instancespecification_13643661.svg" name=" : SysML::Non-Normative Extensions::Requirement::performanceRequirement" refid="63eaa482-9429-4a93-9df3-9ac351a235ca"/><TO_DO humanName="To Do" mode="s,e"/><value humanName="Value" mode="s,e"><literalstring classType="LiteralString" humanType="Literal String" icon="AutomotiveCaseStudy_files/icon_literalstring_2037275532.svg" name=" " refid="7bc33742-2015-4424-a420-8d09de51ee38" text=" "/></value></slot></magicdraw>