<?xml version="1.0" encoding="UTF-8"?><magicdraw><slot classType="Slot" humanType="Slot" icon="AutomotiveCaseStudy_files/icon_slot_780071655.svg" id="376193b4-b21a-4676-8820-40d9543da09b"><definingFeature classType="Property" humanName="Defining Feature" humanType="Property" icon="AutomotiveCaseStudy_files/icon_property_3315346.svg" mode="s,e" name="typesIncludeSubtypes" refid="fd0bba62-7404-4f49-9f1d-c7c63f58ecd6"/><documentation humanName="Documentation"/><ownedElement humanName="Owned Element"><literalboolean classType="LiteralBoolean" humanType="Literal Boolean" icon="AutomotiveCaseStudy_files/icon_literalboolean_1108151841.svg" name="true" refid="20820437-4328-47f1-96a6-371c722366f8" text="true"/></ownedElement><owner classType="InstanceSpecification" humanName="Owner" humanType="Instance Specification" icon="AutomotiveCaseStudy_files/icon_instancespecification_13643661.svg" mode="s,e" name=" : MD Customization for Requirements::additional_stereotypes::RequirementTable, UML Standard Profile::MagicDraw Profile::DiagramTable, UML Standard Profile::MagicDraw Profile::DiagramInfo" refid="506548ae-66c7-41d1-9fdd-207c242f088b"/><owningInstance classType="InstanceSpecification" humanName="Owning Instance" humanType="Instance Specification" icon="AutomotiveCaseStudy_files/icon_instancespecification_13643661.svg" name=" : MD Customization for Requirements::additional_stereotypes::RequirementTable, UML Standard Profile::MagicDraw Profile::DiagramTable, UML Standard Profile::MagicDraw Profile::DiagramInfo" refid="506548ae-66c7-41d1-9fdd-207c242f088b"/><TO_DO humanName="To Do" mode="s,e"/><value humanName="Value" mode="s,e"><literalboolean classType="LiteralBoolean" humanType="Literal Boolean" icon="AutomotiveCaseStudy_files/icon_literalboolean_1108151841.svg" name="true" refid="20820437-4328-47f1-96a6-371c722366f8" text="true"/></value></slot></magicdraw>