<?xml version="1.0" encoding="UTF-8"?><magicdraw><literalstring classType="LiteralString" humanType="Literal String" icon="AutomotiveCaseStudy_files/icon_literalstring_2037275532.svg" id="3767df60-691f-439c-96c4-9a6eadb3e9ff"><documentation humanName="Documentation"/><name humanName="Name"/><owner classType="Slot" humanName="Owner" humanType="Slot" icon="AutomotiveCaseStudy_files/icon_slot_355231286.svg" mode="e" refid="b90e2806-188e-4bb1-8f73-d3b550524c1c"/><owningSlot classType="Slot" humanName="Owning Slot" humanType="Slot" icon="AutomotiveCaseStudy_files/icon_slot_355231286.svg" refid="b90e2806-188e-4bb1-8f73-d3b550524c1c"/><qualifiedName humanName="Qualified Name"/><text humanName="Text" mode="standard">QPROP:Element:DerivedFrom</text><TO_DO humanName="To Do"/><TYPE_MODIFIER humanName="Type Modifier"/><value humanName="Value" mode="s,e">QPROP:Element:DerivedFrom</value><visibility humanName="Visibility">public</visibility></literalstring></magicdraw>