<?xml version="1.0" encoding="UTF-8"?><magicdraw><literalunlimitednatural classType="LiteralUnlimitedNatural" humanType="Literal Unlimited Natural" icon="AutomotiveCaseStudy_files/icon_literalunlimitednatural_195523604.svg" id="377fddc7-026c-46ec-a3fc-579c96a7fc11"><documentation humanName="Documentation"/><name humanName="Name"/><owner classType="ExtensionEnd" humanName="Owner" humanType="Extension End" icon="AutomotiveCaseStudy_files/icon_extensionend_2061328409.svg" mode="e" name="extension_BusinessObjective" refid="0cb52309-1b03-4971-98b5-046c99589adb"/><owningUpper classType="ExtensionEnd" humanName="Owning Upper" humanType="Extension End" icon="AutomotiveCaseStudy_files/icon_extensionend_2061328409.svg" name="extension_BusinessObjective" refid="0cb52309-1b03-4971-98b5-046c99589adb"/><qualifiedName humanName="Qualified Name">0 - Automotive Production Mission Reference Architecture::1 - Stakeholders pkg::1.1 - Business Function pkg::1.1.2 Needs &amp; Objectives pkg::::extension_BusinessObjective::</qualifiedName><text humanName="Text" mode="standard">1</text><TO_DO humanName="To Do"/><TYPE_MODIFIER humanName="Type Modifier"/><value humanName="Value" mode="s,e">1</value><visibility humanName="Visibility">public</visibility></literalunlimitednatural></magicdraw>