<?xml version="1.0" encoding="UTF-8"?><magicdraw><instancespecification classType="InstanceSpecification" humanType="Instance Specification" icon="AutomotiveCaseStudy_files/icon_instancespecification_13643661.svg" id="37bc06c6-0234-49e5-8412-009b90d42531"><classifier humanName="Classifier" mode="s,e"><stereotype classType="Stereotype" humanType="Stereotype" icon="AutomotiveCaseStudy_files/icon_stereotype_918307166.svg" name="BusinessNeed" refid="4cce7d79-4385-4ec0-880d-a7840666ef63"/></classifier><documentation humanName="Documentation"/><name humanName="Name" mode="s,e"/><ownedElement humanName="Owned Element"><slot classType="Slot" humanType="Slot" icon="AutomotiveCaseStudy_files/icon_slot_780071655.svg" refid="330d5e75-da81-4522-9286-fefb0dcae42b"/><slot classType="Slot" humanType="Slot" icon="AutomotiveCaseStudy_files/icon_slot_780071655.svg" refid="bfd54d04-8384-4c72-9b24-dc6b79071246"/></ownedElement><owner classType="Class" humanName="Owner" humanType="Class" icon="AutomotiveCaseStudy_files/icon_class_1682619279.svg" mode="s,e" name="Ex2:MoreEfficientProduction" refid="49f8853b-c8ce-419f-98b3-a0ceab6ce165"/><qualifiedName humanName="Qualified Name" mode="e">0 - Automotive Production Mission Reference Architecture::1 - Business Function Concept pkg::1.1 - Business Function Needs &amp; Objectives pkg::TopLevelBusinessNeed::Ex2:MoreEfficientProduction::</qualifiedName><slot humanName="Slot"><slot classType="Slot" humanType="Slot" icon="AutomotiveCaseStudy_files/icon_slot_780071655.svg" refid="330d5e75-da81-4522-9286-fefb0dcae42b"/><slot classType="Slot" humanType="Slot" icon="AutomotiveCaseStudy_files/icon_slot_780071655.svg" refid="bfd54d04-8384-4c72-9b24-dc6b79071246"/></slot><stereotypedElement classType="Class" humanName="Stereotyped Element" humanType="Class" icon="AutomotiveCaseStudy_files/icon_class_1682619279.svg" name="Ex2:MoreEfficientProduction" refid="49f8853b-c8ce-419f-98b3-a0ceab6ce165"/><TO_DO humanName="To Do" mode="s,e"/><visibility humanName="Visibility">public</visibility></instancespecification></magicdraw>