<?xml version="1.0" encoding="UTF-8"?><magicdraw><literalstring classType="LiteralString" humanType="Literal String" icon="AutomotiveCaseStudy_files/icon_literalstring_2037275532.svg" id="37e97755-ea16-4749-bf1a-6b59e1424174"><documentation humanName="Documentation"/><name humanName="Name"/><owner classType="Slot" humanName="Owner" humanType="Slot" icon="AutomotiveCaseStudy_files/icon_slot_355231286.svg" mode="e" refid="4a9166d1-cd54-42ba-bffb-7cc5ca21428a"/><owningSlot classType="Slot" humanName="Owning Slot" humanType="Slot" icon="AutomotiveCaseStudy_files/icon_slot_355231286.svg" refid="4a9166d1-cd54-42ba-bffb-7cc5ca21428a"/><qualifiedName humanName="Qualified Name"/><text humanName="Text" mode="standard">b5c27fde-bebe-4184-af05-9e02f6a33c32:42a0f9c4-f345-4f4d-94bf-3088988803a7:31299a89-f2ec-47be-a76b-10544833b2d3:7ddf2e12-6b37-4fc5-bf14-45420624dd7b:9a45334c-0f6a-431e-9a25-ed5a233028f9</text><TO_DO humanName="To Do"/><TYPE_MODIFIER humanName="Type Modifier"/><value humanName="Value" mode="s,e">b5c27fde-bebe-4184-af05-9e02f6a33c32:42a0f9c4-f345-4f4d-94bf-3088988803a7:31299a89-f2ec-47be-a76b-10544833b2d3:7ddf2e12-6b37-4fc5-bf14-45420624dd7b:9a45334c-0f6a-431e-9a25-ed5a233028f9</value><visibility humanName="Visibility">public</visibility></literalstring></magicdraw>