<?xml version="1.0" encoding="UTF-8"?><magicdraw><comment classType="Comment" humanType="Comment" icon="AutomotiveCaseStudy_files/icon_comment_794517456.svg" id="382efbde-8188-4ffd-824b-aaabd87afd20"><annotatedElement humanName="Annotated Element" mode="s,e"><performancerequirement classType="Class" humanType="Performance Requirement" icon="AutomotiveCaseStudy_files/icon_performancerequirement_1011640708.svg" name="Inventory" refid="e9bc0d12-094e-468e-90b3-bea47c979646"/></annotatedElement><body humanName="Body" mode="s,e">The amount of inventory (stock) expressed in dollars.</body><documentation humanName="Documentation"/><owner classType="Class" humanName="Owner" humanType="Performance Requirement" icon="AutomotiveCaseStudy_files/icon_performancerequirement_1011640708.svg" mode="s,e" name="Inventory" refid="e9bc0d12-094e-468e-90b3-bea47c979646"/><owningElement classType="Class" humanName="Owning Element" humanType="Performance Requirement" icon="AutomotiveCaseStudy_files/icon_performancerequirement_1011640708.svg" name="Inventory" refid="e9bc0d12-094e-468e-90b3-bea47c979646"/><TO_DO humanName="To Do" mode="s,e"/></comment></magicdraw>