<?xml version="1.0" encoding="UTF-8"?><magicdraw><comment classType="Comment" humanType="Comment" icon="AutomotiveCaseStudy_files/icon_comment_1472036907.svg" id="387c44ac-2794-49e3-ba5b-bf3369da3cf4"><body humanName="Body" mode="s,e">Use cases describe the functionality of a system in terms of how it is used to achieve the goals of its various users</body><documentation humanName="Documentation"/><owner classType="Package" humanName="Owner" humanType="Package" icon="AutomotiveCaseStudy_files/icon_package_1622863652.svg" mode="s,e" name="1.4 - Use Cases pkg" refid="0b4447b5-9d17-484c-8a1f-9e5f504cb467"/><owningElement classType="Package" humanName="Owning Element" humanType="Package" icon="AutomotiveCaseStudy_files/icon_package_1622863652.svg" name="1.4 - Use Cases pkg" refid="0b4447b5-9d17-484c-8a1f-9e5f504cb467"/><TO_DO humanName="To Do" mode="s,e"/></comment></magicdraw>