<?xml version="1.0" encoding="UTF-8"?><magicdraw><literalstring classType="LiteralString" humanType="Literal String" icon="AutomotiveCaseStudy_files/icon_literalstring_2037275532.svg" id="3882e1c1-9125-41ad-bcb4-3e40ef89a038"><documentation humanName="Documentation"/><name humanName="Name"/><owner classType="Slot" humanName="Owner" humanType="Slot" icon="AutomotiveCaseStudy_files/icon_slot_355231286.svg" mode="e" refid="f6ab7d50-4682-4768-ac1c-ec91c7ede70b"/><owningSlot classType="Slot" humanName="Owning Slot" humanType="Slot" icon="AutomotiveCaseStudy_files/icon_slot_355231286.svg" refid="f6ab7d50-4682-4768-ac1c-ec91c7ede70b"/><qualifiedName humanName="Qualified Name"/><text humanName="Text" mode="standard">3/6/20 10:43 AM</text><TO_DO humanName="To Do"/><TYPE_MODIFIER humanName="Type Modifier"/><value humanName="Value" mode="s,e">3/6/20 10:43 AM</value><visibility humanName="Visibility">public</visibility></literalstring></magicdraw>