<?xml version="1.0" encoding="UTF-8"?><magicdraw><slot classType="Slot" humanType="Slot" icon="AutomotiveCaseStudy_files/icon_slot_780071655.svg" id="395f5653-e7af-45c5-8fb8-83932e45344f"><definingFeature classType="Property" humanName="Defining Feature" humanType="Property" icon="AutomotiveCaseStudy_files/icon_property_3315346.svg" mode="s,e" name="displayMode" refid="a8ecb7c9-0eed-473a-bbd1-0634ea7991d3"/><documentation humanName="Documentation"/><ownedElement humanName="Owned Element"><instancevalue classType="InstanceValue" humanType="Instance Value" icon="AutomotiveCaseStudy_files/icon_instancevalue_44686208.svg" name="Compact tree" refid="33f7919e-2e27-402f-a129-fb900284a04f" text="Compact tree"/></ownedElement><owner classType="InstanceSpecification" humanName="Owner" humanType="Instance Specification" icon="AutomotiveCaseStudy_files/icon_instancespecification_13643661.svg" mode="s,e" name=" : MD Customization for Requirements::additional_stereotypes::RequirementTable, UML Standard Profile::MagicDraw Profile::DiagramTable, UML Standard Profile::MagicDraw Profile::DiagramInfo" refid="506548ae-66c7-41d1-9fdd-207c242f088b"/><owningInstance classType="InstanceSpecification" humanName="Owning Instance" humanType="Instance Specification" icon="AutomotiveCaseStudy_files/icon_instancespecification_13643661.svg" name=" : MD Customization for Requirements::additional_stereotypes::RequirementTable, UML Standard Profile::MagicDraw Profile::DiagramTable, UML Standard Profile::MagicDraw Profile::DiagramInfo" refid="506548ae-66c7-41d1-9fdd-207c242f088b"/><TO_DO humanName="To Do" mode="s,e"/><value humanName="Value" mode="s,e"><instancevalue classType="InstanceValue" humanType="Instance Value" icon="AutomotiveCaseStudy_files/icon_instancevalue_44686208.svg" name="Compact tree" refid="33f7919e-2e27-402f-a129-fb900284a04f" text="Compact tree"/></value></slot></magicdraw>