<?xml version="1.0" encoding="UTF-8"?><magicdraw><package classType="Package" humanType="Package" icon="AutomotiveCaseStudy_files/icon_package_1622863652.svg" id="3aea4a57-c89f-4a9b-b27d-8a50f0886bbb"><documentation humanName="Documentation"/><name humanName="Name" mode="s,e">3.6 - Safety Use Cases</name><namespace classType="Package" humanName="Namespace" humanType="Package" icon="AutomotiveCaseStudy_files/icon_package_1622863652.svg" name="3 - Use Cases - pkg" refid="95f01347-a201-4386-b902-05c5e4048669"/><nestingPackage classType="Package" humanName="Nesting Package" humanType="Package" icon="AutomotiveCaseStudy_files/icon_package_1622863652.svg" name="3 - Use Cases - pkg" refid="95f01347-a201-4386-b902-05c5e4048669"/><owner classType="Package" humanName="Owner" humanType="Package" icon="AutomotiveCaseStudy_files/icon_package_1622863652.svg" mode="s,e" name="3 - Use Cases - pkg" refid="95f01347-a201-4386-b902-05c5e4048669"/><owningPackage classType="Package" humanName="Owning Package" humanType="Package" icon="AutomotiveCaseStudy_files/icon_package_1622863652.svg" name="3 - Use Cases - pkg" refid="95f01347-a201-4386-b902-05c5e4048669"/><qualifiedName humanName="Qualified Name" mode="e">0 - Automotive Production Mission Reference Architecture::3 - Use Cases - pkg::3.6 - Safety Use Cases</qualifiedName><TO_DO humanName="To Do" mode="s,e"/><URI humanName="URI" mode="e"/><visibility humanName="Visibility">public</visibility></package></magicdraw>