<?xml version="1.0" encoding="UTF-8"?><magicdraw><slot classType="Slot" humanType="Slot" icon="AutomotiveCaseStudy_files/icon_slot_780071655.svg" id="3b202505-2f07-43ae-a67f-b8a6a5ecef32"><definingFeature classType="Property" humanName="Defining Feature" humanType="Property" icon="AutomotiveCaseStudy_files/icon_property_3315346.svg" mode="s,e" name="Text" refid="276f8ce5-69de-4660-87a3-7a7b5d0e6546"/><documentation humanName="Documentation"/><ownedElement humanName="Owned Element"><literalstring classType="LiteralString" humanType="Literal String" icon="AutomotiveCaseStudy_files/icon_literalstring_242907379.svg" name="The percentage of orders that are fulfilled on the customer's originally committed date will be greater than 99% " refid="ad6d6612-0f23-4a5f-938d-ed1d421ee87c" text="The percentage of orders that are fulfilled on the customer's originally committed date will be greater than 99%&#10;"/></ownedElement><owner classType="InstanceSpecification" humanName="Owner" humanType="Instance Specification" icon="AutomotiveCaseStudy_files/icon_instancespecification_13643661.svg" mode="s,e" name=" : SysML::Non-Normative Extensions::Requirement::performanceRequirement" refid="96b13918-12c0-4846-b6c3-249b0c87bde7"/><owningInstance classType="InstanceSpecification" humanName="Owning Instance" humanType="Instance Specification" icon="AutomotiveCaseStudy_files/icon_instancespecification_13643661.svg" name=" : SysML::Non-Normative Extensions::Requirement::performanceRequirement" refid="96b13918-12c0-4846-b6c3-249b0c87bde7"/><TO_DO humanName="To Do" mode="s,e"/><value humanName="Value" mode="s,e"><literalstring classType="LiteralString" humanType="Literal String" icon="AutomotiveCaseStudy_files/icon_literalstring_242907379.svg" name="The percentage of orders that are fulfilled on the customer's originally committed date will be greater than 99% " refid="ad6d6612-0f23-4a5f-938d-ed1d421ee87c" text="The percentage of orders that are fulfilled on the customer's originally committed date will be greater than 99%&#10;"/></value></slot></magicdraw>