<?xml version="1.0" encoding="UTF-8"?><magicdraw><instancespecification classType="InstanceSpecification" humanType="Instance Specification" icon="AutomotiveCaseStudy_files/icon_instancespecification_13643661.svg" id="3bfa12d0-ea22-4ea8-88f3-9207505a8ef5"><classifier humanName="Classifier" mode="s,e"><stereotype classType="Stereotype" humanType="Stereotype" icon="AutomotiveCaseStudy_files/icon_stereotype_918307166.svg" name="BusinessObjective" refid="5a84eeb1-48d5-4af4-9501-7af9640ecbca"/></classifier><documentation humanName="Documentation"/><name humanName="Name" mode="s,e"/><ownedElement humanName="Owned Element"><slot classType="Slot" humanType="Slot" icon="AutomotiveCaseStudy_files/icon_slot_355231286.svg" refid="c21fb3f8-c33d-4d82-b8fe-bc9d27379823"/><slot classType="Slot" humanType="Slot" icon="AutomotiveCaseStudy_files/icon_slot_355231286.svg" refid="b98545ca-8503-4570-aba2-213b3def2e63"/></ownedElement><owner classType="Class" humanName="Owner" humanType="BusinessObjective" icon="AutomotiveCaseStudy_files/icon_businessobjective_1682619279.svg" mode="s,e" name="ExObj1:ROI" refid="33495844-a7f3-4d51-9549-b4637119bb3e"/><qualifiedName humanName="Qualified Name" mode="e">0 - Automotive Production Mission Reference Architecture::1 - Stakeholders pkg::1.1 - Business Function pkg::1.1.2 Needs &amp; Objectives pkg::TopLevelBusinessObjective::ExObj1:ROI::</qualifiedName><slot humanName="Slot"><slot classType="Slot" humanType="Slot" icon="AutomotiveCaseStudy_files/icon_slot_355231286.svg" refid="c21fb3f8-c33d-4d82-b8fe-bc9d27379823"/><slot classType="Slot" humanType="Slot" icon="AutomotiveCaseStudy_files/icon_slot_355231286.svg" refid="b98545ca-8503-4570-aba2-213b3def2e63"/></slot><stereotypedElement classType="Class" humanName="Stereotyped Element" humanType="BusinessObjective" icon="AutomotiveCaseStudy_files/icon_businessobjective_1682619279.svg" name="ExObj1:ROI" refid="33495844-a7f3-4d51-9549-b4637119bb3e"/><TO_DO humanName="To Do" mode="s,e"/><visibility humanName="Visibility">public</visibility></instancespecification></magicdraw>