<?xml version="1.0" encoding="UTF-8"?><magicdraw><elementimport classType="ElementImport" humanType="Element Import" icon="AutomotiveCaseStudy_files/icon_elementimport_1248435962.svg" id="3c4ab1c0-83bc-410e-90c9-8cf9831b178d"><alias humanName="Alias" mode="s,e"/><documentation humanName="Documentation"/><importedElement classType="Class" humanName="Imported Element" humanType="Performance Requirement" icon="AutomotiveCaseStudy_files/icon_performancerequirement_1011640708.svg" mode="s,e" name="Total Supply Chain Management Cost" refid="5b3903f5-83f3-481e-9ae4-693e443fc1e6"/><importingNamespace classType="Class" humanName="Importing Namespace" humanType="Performance Requirement" icon="AutomotiveCaseStudy_files/icon_performancerequirement_1011640708.svg" mode="s,e" name="Return on SC Fixed Assets" refid="3cbdab84-7988-4c5b-9913-ef0768a69d78"/><owner classType="Class" humanName="Owner" humanType="Performance Requirement" icon="AutomotiveCaseStudy_files/icon_performancerequirement_1011640708.svg" mode="s,e" name="Return on SC Fixed Assets" refid="3cbdab84-7988-4c5b-9913-ef0768a69d78"/><relatedElement humanName="Related Element"><performancerequirement classType="Class" humanType="Performance Requirement" icon="AutomotiveCaseStudy_files/icon_performancerequirement_1011640708.svg" name="Return on SC Fixed Assets" refid="3cbdab84-7988-4c5b-9913-ef0768a69d78"/><performancerequirement classType="Class" humanType="Performance Requirement" icon="AutomotiveCaseStudy_files/icon_performancerequirement_1011640708.svg" name="Total Supply Chain Management Cost" refid="5b3903f5-83f3-481e-9ae4-693e443fc1e6"/></relatedElement><source humanName="Source"><performancerequirement classType="Class" humanType="Performance Requirement" icon="AutomotiveCaseStudy_files/icon_performancerequirement_1011640708.svg" name="Return on SC Fixed Assets" refid="3cbdab84-7988-4c5b-9913-ef0768a69d78"/></source><target humanName="Target"><performancerequirement classType="Class" humanType="Performance Requirement" icon="AutomotiveCaseStudy_files/icon_performancerequirement_1011640708.svg" name="Total Supply Chain Management Cost" refid="5b3903f5-83f3-481e-9ae4-693e443fc1e6"/></target><TO_DO humanName="To Do" mode="s,e"/><visibility humanName="Visibility" mode="s,e">public</visibility></elementimport></magicdraw>