<?xml version="1.0" encoding="UTF-8"?><magicdraw><performancerequirement classType="Class" humanType="Performance Requirement" icon="AutomotiveCaseStudy_files/icon_performancerequirement_1011640708.svg" id="3cbdab84-7988-4c5b-9913-ef0768a69d78"><APPLIED_STEREOTYPES humanName="Applied Stereotype" mode="e"><stereotype classType="Stereotype" humanType="Stereotype" icon="AutomotiveCaseStudy_files/icon_stereotype_1011640708.svg" name="performanceRequirement" refid="b74418d7-7796-45c0-82f9-64a12d9a2790"/></APPLIED_STEREOTYPES><appliedStereotype humanName="Applied Stereotype" mode="e"><stereotype classType="Stereotype" humanType="Stereotype" icon="AutomotiveCaseStudy_files/icon_stereotype_1011640708.svg" name="performanceRequirement" refid="b74418d7-7796-45c0-82f9-64a12d9a2790"><property classType="Property" humanName="Base_ Class" humanType="Property" icon="AutomotiveCaseStudy_files/icon_property_2135874046.svg" name="base_Class" refid="899fcd76-b966-48f2-ac77-e8bf78cc5a59"/><property classType="Property" humanName="Base_ Class" humanType="Property" icon="AutomotiveCaseStudy_files/icon_property_2135874046.svg" name="base_Class" refid="2f4551a7-c615-44bb-a631-da62ee645935"/><property classType="Property" humanName="Base_ Class" humanType="Property" icon="AutomotiveCaseStudy_files/icon_property_2135874046.svg" name="base_Class" refid="74161ac9-f4ee-41ab-b2f1-83f08b04e1ab"/><property classType="Property" humanName="Base_ Named Element" humanType="Property" icon="AutomotiveCaseStudy_files/icon_property_2135874046.svg" name="base_NamedElement" refid="c4b654ad-1733-45e5-ad16-3392b56127e9"/><property classType="Property" humanName="Derived" humanType="Property" icon="AutomotiveCaseStudy_files/icon_property_2135874046.svg" name="Derived" refid="9efe314f-936d-45bc-bbae-da6754bf1d0b"/><property classType="Property" humanName="Derived From" humanType="Property" icon="AutomotiveCaseStudy_files/icon_property_2135874046.svg" name="DerivedFrom" refid="3f3dddbd-08c1-4890-91c2-e5e28da00608"/><property classType="Property" humanName="Id" humanType="Property" icon="AutomotiveCaseStudy_files/icon_property_2135874046.svg" name="Id" refid="70e95e23-9dc9-4211-a8bd-e6c40992cdbc"><String>38</String></property><property classType="Property" humanName="Master" humanType="Property" icon="AutomotiveCaseStudy_files/icon_property_2135874046.svg" name="Master" refid="003fd7ac-9986-4819-bf1b-347e133f08ff"/><property classType="Property" humanName="Refined By" humanType="Property" icon="AutomotiveCaseStudy_files/icon_property_2135874046.svg" name="RefinedBy" refid="dc5873df-0eee-4f57-9e28-fbe6d8b606f2"/><property classType="Property" humanName="Risk" humanType="Property" icon="AutomotiveCaseStudy_files/icon_property_2135874046.svg" name="risk" refid="f677da46-c631-451c-8708-2032bd1f48d7"/><property classType="Property" humanName="Satisfied By" humanType="Property" icon="AutomotiveCaseStudy_files/icon_property_2135874046.svg" name="SatisfiedBy" refid="7d7d3681-997a-42a5-b430-bff0061720e4"/><property classType="Property" humanName="Source" humanType="Property" icon="AutomotiveCaseStudy_files/icon_property_2135874046.svg" name="source" refid="4b088684-fedb-4880-9446-af6b69c3ad20"/><property classType="Property" humanName="Text" humanType="Property" icon="AutomotiveCaseStudy_files/icon_property_2135874046.svg" name="Text" refid="276f8ce5-69de-4660-87a3-7a7b5d0e6546"><String> </String></property><property classType="Property" humanName="Traced To" humanType="Property" icon="AutomotiveCaseStudy_files/icon_property_2135874046.svg" name="TracedTo" refid="f434643f-c936-422d-82cc-2044f736b55a"/><property classType="Property" humanName="Verified By" humanType="Property" icon="AutomotiveCaseStudy_files/icon_property_2135874046.svg" name="VerifiedBy" refid="e048b615-aab0-4a82-af75-86d8454c084b"/><property classType="Property" humanName="Verify Method" humanType="Property" icon="AutomotiveCaseStudy_files/icon_property_2135874046.svg" name="verifyMethod" refid="61d63a70-8ac3-45af-8074-d577f68427e6"/></stereotype></appliedStereotype><appliedStereotypeInstance classType="InstanceSpecification" humanName="Applied Stereotype Instance" humanType="Instance Specification" icon="AutomotiveCaseStudy_files/icon_instancespecification_13643661.svg" name=" : SysML::Non-Normative Extensions::Requirement::performanceRequirement" refid="1a8e6043-4709-4c7b-b128-78980d2b8a91"/><documentation humanName="Documentation" mode="standard">Return on Supply Chain Fixed Assets measures the return an organization receives on its
invested capital in supply chain fixed assets. This includes the fixed assets used in Plan,
Source, Make, Deliver, and Return.</documentation><elementImport humanName="Element Import"><elementimport classType="ElementImport" humanType="Element Import" icon="AutomotiveCaseStudy_files/icon_elementimport_1248435962.svg" isRelationship="true" refid="e604f1b1-7898-46a3-a07e-611956c5bbd4"/><elementimport classType="ElementImport" humanType="Element Import" icon="AutomotiveCaseStudy_files/icon_elementimport_1248435962.svg" isRelationship="true" refid="3c4ab1c0-83bc-410e-90c9-8cf9831b178d"/></elementImport><importedMember humanName="Imported Member"><performancerequirement classType="Class" humanType="Performance Requirement" icon="AutomotiveCaseStudy_files/icon_performancerequirement_1011640708.svg" name="Cost of Goods Sold" refid="b005702f-46b6-4b80-8402-35a27babb40b"/><performancerequirement classType="Class" humanType="Performance Requirement" icon="AutomotiveCaseStudy_files/icon_performancerequirement_1011640708.svg" name="Total Supply Chain Management Cost" refid="5b3903f5-83f3-481e-9ae4-693e443fc1e6"/></importedMember><isAbstract humanName="Is Abstract">false</isAbstract><isActive humanName="Is Active">false</isActive><isFinalSpecialization humanName="Is Final Specialization" mode="e">false</isFinalSpecialization><isLeaf humanName="Is Leaf" mode="e">false</isLeaf><member humanName="Member"><performancerequirement classType="Class" humanType="Performance Requirement" icon="AutomotiveCaseStudy_files/icon_performancerequirement_1011640708.svg" name="Cost of Goods Sold" refid="b005702f-46b6-4b80-8402-35a27babb40b"/><performancerequirement classType="Class" humanType="Performance Requirement" icon="AutomotiveCaseStudy_files/icon_performancerequirement_1011640708.svg" name="SC Revenue" refid="96392401-7a35-4232-b1c3-25f1180e79ca"/><performancerequirement classType="Class" humanType="Performance Requirement" icon="AutomotiveCaseStudy_files/icon_performancerequirement_1011640708.svg" name="Total Supply Chain Management Cost" refid="5b3903f5-83f3-481e-9ae4-693e443fc1e6"/></member><name humanName="Name" mode="s,e">Return on SC Fixed Assets</name><namespace classType="Package" humanName="Namespace" humanType="Package" icon="AutomotiveCaseStudy_files/icon_package_1622863652.svg" name="Asset Management Efficiency" refid="675f45e7-aed3-491f-9a33-926f80b3b828"/><nestedClassifier humanName="Nested Classifier"><performancerequirement classType="Class" humanType="Performance Requirement" icon="AutomotiveCaseStudy_files/icon_performancerequirement_1011640708.svg" name="SC Revenue" refid="96392401-7a35-4232-b1c3-25f1180e79ca"/></nestedClassifier><ownedComment humanName="Owned Comment"><comment classType="Comment" humanType="Comment" icon="AutomotiveCaseStudy_files/icon_comment_794517456.svg" refid="fbcc7c69-5fac-48b8-88ac-56c9b9c131f2"/></ownedComment><ownedElement humanName="Owned Element"><elementimport classType="ElementImport" humanType="Element Import" icon="AutomotiveCaseStudy_files/icon_elementimport_1248435962.svg" isRelationship="true" refid="e604f1b1-7898-46a3-a07e-611956c5bbd4"/><elementimport classType="ElementImport" humanType="Element Import" icon="AutomotiveCaseStudy_files/icon_elementimport_1248435962.svg" isRelationship="true" refid="3c4ab1c0-83bc-410e-90c9-8cf9831b178d"/><comment classType="Comment" humanType="Comment" icon="AutomotiveCaseStudy_files/icon_comment_794517456.svg" refid="fbcc7c69-5fac-48b8-88ac-56c9b9c131f2"/><instancespecification classType="InstanceSpecification" humanType="Instance Specification" icon="AutomotiveCaseStudy_files/icon_instancespecification_13643661.svg" name=" : SysML::Non-Normative Extensions::Requirement::performanceRequirement" refid="1a8e6043-4709-4c7b-b128-78980d2b8a91"/><performancerequirement classType="Class" humanType="Performance Requirement" icon="AutomotiveCaseStudy_files/icon_performancerequirement_1011640708.svg" name="SC Revenue" refid="96392401-7a35-4232-b1c3-25f1180e79ca"/></ownedElement><ownedMember humanName="Owned Member"><performancerequirement classType="Class" humanType="Performance Requirement" icon="AutomotiveCaseStudy_files/icon_performancerequirement_1011640708.svg" name="SC Revenue" refid="96392401-7a35-4232-b1c3-25f1180e79ca"/></ownedMember><owner classType="Package" humanName="Owner" humanType="Package" icon="AutomotiveCaseStudy_files/icon_package_1622863652.svg" mode="e" name="Asset Management Efficiency" refid="675f45e7-aed3-491f-9a33-926f80b3b828"/><owningPackage classType="Package" humanName="Owning Package" humanType="Package" icon="AutomotiveCaseStudy_files/icon_package_1622863652.svg" name="Asset Management Efficiency" refid="675f45e7-aed3-491f-9a33-926f80b3b828"/><package classType="Package" humanName="Package" humanType="Package" icon="AutomotiveCaseStudy_files/icon_package_1622863652.svg" name="Asset Management Efficiency" refid="675f45e7-aed3-491f-9a33-926f80b3b828"/><qualifiedName humanName="Qualified Name" mode="s,e">0 - Automotive Production Mission Reference Architecture::4 - Requirements pkg::4.1 - L1 Enterprise Requirements pkg::Performance_Requirements::Asset Management Efficiency::Return on SC Fixed Assets</qualifiedName><TO_DO humanName="To Do" mode="s,e"/><visibility humanName="Visibility">public</visibility></performancerequirement></magicdraw>