<?xml version="1.0" encoding="UTF-8"?><magicdraw><literalboolean classType="LiteralBoolean" humanType="Literal Boolean" icon="AutomotiveCaseStudy_files/icon_literalboolean_361379623.svg" id="3d6230d6-7e9f-4a78-b473-3a8a679cb9f8"><documentation humanName="Documentation"/><name humanName="Name"/><owner classType="Slot" humanName="Owner" humanType="Slot" icon="AutomotiveCaseStudy_files/icon_slot_355231286.svg" mode="e" refid="e7849733-9f98-4265-9a0d-887c749f96f9"/><owningSlot classType="Slot" humanName="Owning Slot" humanType="Slot" icon="AutomotiveCaseStudy_files/icon_slot_355231286.svg" refid="e7849733-9f98-4265-9a0d-887c749f96f9"/><qualifiedName humanName="Qualified Name"/><text humanName="Text" mode="standard">false</text><TO_DO humanName="To Do"/><TYPE_MODIFIER humanName="Type Modifier"/><value humanName="Value" mode="s,e">false</value><visibility humanName="Visibility">public</visibility></literalboolean></magicdraw>