<?xml version="1.0" encoding="UTF-8"?><magicdraw><slot classType="Slot" humanType="Slot" icon="AutomotiveCaseStudy_files/icon_slot_355231286.svg" id="3e39d885-eaa5-43fe-95a7-08e9ddf983be"><definingFeature classType="Property" humanName="Defining Feature" humanType="Property" icon="AutomotiveCaseStudy_files/icon_property_2135874046.svg" mode="s,e" name="columnWidth" refid="1714944f-4848-43ac-a5a4-3c383acebfd0"/><documentation humanName="Documentation"/><ownedElement humanName="Owned Element"><literalinteger classType="LiteralInteger" humanType="Literal Integer" icon="AutomotiveCaseStudy_files/icon_literalinteger_1097231278.svg" name="-1" refid="ce46d5b9-88b0-4917-aac2-70d9e696350c" text="-1"/><literalinteger classType="LiteralInteger" humanType="Literal Integer" icon="AutomotiveCaseStudy_files/icon_literalinteger_1097231278.svg" name="-1" refid="9c9d6fad-1ff7-41ea-8216-5e8c6a37ca90" text="-1"/><literalinteger classType="LiteralInteger" humanType="Literal Integer" icon="AutomotiveCaseStudy_files/icon_literalinteger_1097231278.svg" name="-1" refid="e83ad1fc-f534-4521-b57e-6aa55b5fc3bb" text="-1"/><literalinteger classType="LiteralInteger" humanType="Literal Integer" icon="AutomotiveCaseStudy_files/icon_literalinteger_1097231278.svg" name="-1" refid="13c28acb-abad-4dd6-abde-74c631fb7528" text="-1"/><literalinteger classType="LiteralInteger" humanType="Literal Integer" icon="AutomotiveCaseStudy_files/icon_literalinteger_1097231278.svg" name="-1" refid="a4cd40a3-47be-40d9-bf6c-06b5bb4ed437" text="-1"/><literalinteger classType="LiteralInteger" humanType="Literal Integer" icon="AutomotiveCaseStudy_files/icon_literalinteger_1097231278.svg" name="-1" refid="1d2adaf9-8117-479d-a3e8-aa8a8ef3e9ea" text="-1"/><literalinteger classType="LiteralInteger" humanType="Literal Integer" icon="AutomotiveCaseStudy_files/icon_literalinteger_1097231278.svg" name="-1" refid="584bae25-dc4b-4829-b9fe-b16aab06059b" text="-1"/><literalinteger classType="LiteralInteger" humanType="Literal Integer" icon="AutomotiveCaseStudy_files/icon_literalinteger_1097231278.svg" name="-1" refid="bf7eae93-4c27-478a-824f-1813aa4393eb" text="-1"/><literalinteger classType="LiteralInteger" humanType="Literal Integer" icon="AutomotiveCaseStudy_files/icon_literalinteger_1097231278.svg" name="-1" refid="c81168d2-afd0-4472-ba2e-d993ada64d8d" text="-1"/><literalinteger classType="LiteralInteger" humanType="Literal Integer" icon="AutomotiveCaseStudy_files/icon_literalinteger_1097231278.svg" name="-1" refid="aa0f88ce-2091-4c3f-b835-5b0fe2b0f381" text="-1"/><literalinteger classType="LiteralInteger" humanType="Literal Integer" icon="AutomotiveCaseStudy_files/icon_literalinteger_1097231278.svg" name="-1" refid="a0134589-c768-4839-b7c9-6018bbd1807c" text="-1"/><literalinteger classType="LiteralInteger" humanType="Literal Integer" icon="AutomotiveCaseStudy_files/icon_literalinteger_1097231278.svg" name="-1" refid="ceaf5dae-31af-40e1-b7f6-28240d86698d" text="-1"/><literalinteger classType="LiteralInteger" humanType="Literal Integer" icon="AutomotiveCaseStudy_files/icon_literalinteger_1097231278.svg" name="-1" refid="64c2ec0d-e7de-4c8f-a8b7-5e76124bdbb8" text="-1"/><literalinteger classType="LiteralInteger" humanType="Literal Integer" icon="AutomotiveCaseStudy_files/icon_literalinteger_1097231278.svg" name="-1" refid="4d686d93-5b32-4b7e-8ae1-b7e538935ae3" text="-1"/><literalinteger classType="LiteralInteger" humanType="Literal Integer" icon="AutomotiveCaseStudy_files/icon_literalinteger_1097231278.svg" name="150" refid="9e5f6ada-4291-486d-b803-3955b29d5d9e" text="150"/><literalinteger classType="LiteralInteger" humanType="Literal Integer" icon="AutomotiveCaseStudy_files/icon_literalinteger_1097231278.svg" name="340" refid="dcb48ff4-6829-46f9-8cef-6777c0199f17" text="340"/><literalinteger classType="LiteralInteger" humanType="Literal Integer" icon="AutomotiveCaseStudy_files/icon_literalinteger_1097231278.svg" name="35" refid="bf016d94-933f-44fd-ad2b-7508c1f7c0b6" text="35"/><literalinteger classType="LiteralInteger" humanType="Literal Integer" icon="AutomotiveCaseStudy_files/icon_literalinteger_1097231278.svg" name="614" refid="4e55b0d0-58a9-4580-a8d1-47032c759934" text="614"/></ownedElement><owner classType="InstanceSpecification" humanName="Owner" humanType="Instance Specification" icon="AutomotiveCaseStudy_files/icon_instancespecification_13643661.svg" mode="s,e" name=" : MD Customization for Requirements::additional_stereotypes::RequirementTable, UML Standard Profile::MagicDraw Profile::DiagramTable, UML Standard Profile::MagicDraw Profile::DiagramInfo" refid="71024529-329c-4f81-830f-e083d5f9e343"/><owningInstance classType="InstanceSpecification" humanName="Owning Instance" humanType="Instance Specification" icon="AutomotiveCaseStudy_files/icon_instancespecification_13643661.svg" name=" : MD Customization for Requirements::additional_stereotypes::RequirementTable, UML Standard Profile::MagicDraw Profile::DiagramTable, UML Standard Profile::MagicDraw Profile::DiagramInfo" refid="71024529-329c-4f81-830f-e083d5f9e343"/><TO_DO humanName="To Do" mode="s,e"/><value humanName="Value" mode="s,e"><literalinteger classType="LiteralInteger" humanType="Literal Integer" icon="AutomotiveCaseStudy_files/icon_literalinteger_1097231278.svg" name="-1" refid="ce46d5b9-88b0-4917-aac2-70d9e696350c" text="-1"/><literalinteger classType="LiteralInteger" humanType="Literal Integer" icon="AutomotiveCaseStudy_files/icon_literalinteger_1097231278.svg" name="-1" refid="9c9d6fad-1ff7-41ea-8216-5e8c6a37ca90" text="-1"/><literalinteger classType="LiteralInteger" humanType="Literal Integer" icon="AutomotiveCaseStudy_files/icon_literalinteger_1097231278.svg" name="-1" refid="e83ad1fc-f534-4521-b57e-6aa55b5fc3bb" text="-1"/><literalinteger classType="LiteralInteger" humanType="Literal Integer" icon="AutomotiveCaseStudy_files/icon_literalinteger_1097231278.svg" name="-1" refid="13c28acb-abad-4dd6-abde-74c631fb7528" text="-1"/><literalinteger classType="LiteralInteger" humanType="Literal Integer" icon="AutomotiveCaseStudy_files/icon_literalinteger_1097231278.svg" name="-1" refid="a4cd40a3-47be-40d9-bf6c-06b5bb4ed437" text="-1"/><literalinteger classType="LiteralInteger" humanType="Literal Integer" icon="AutomotiveCaseStudy_files/icon_literalinteger_1097231278.svg" name="-1" refid="1d2adaf9-8117-479d-a3e8-aa8a8ef3e9ea" text="-1"/><literalinteger classType="LiteralInteger" humanType="Literal Integer" icon="AutomotiveCaseStudy_files/icon_literalinteger_1097231278.svg" name="-1" refid="584bae25-dc4b-4829-b9fe-b16aab06059b" text="-1"/><literalinteger classType="LiteralInteger" humanType="Literal Integer" icon="AutomotiveCaseStudy_files/icon_literalinteger_1097231278.svg" name="-1" refid="bf7eae93-4c27-478a-824f-1813aa4393eb" text="-1"/><literalinteger classType="LiteralInteger" humanType="Literal Integer" icon="AutomotiveCaseStudy_files/icon_literalinteger_1097231278.svg" name="-1" refid="c81168d2-afd0-4472-ba2e-d993ada64d8d" text="-1"/><literalinteger classType="LiteralInteger" humanType="Literal Integer" icon="AutomotiveCaseStudy_files/icon_literalinteger_1097231278.svg" name="-1" refid="aa0f88ce-2091-4c3f-b835-5b0fe2b0f381" text="-1"/><literalinteger classType="LiteralInteger" humanType="Literal Integer" icon="AutomotiveCaseStudy_files/icon_literalinteger_1097231278.svg" name="-1" refid="a0134589-c768-4839-b7c9-6018bbd1807c" text="-1"/><literalinteger classType="LiteralInteger" humanType="Literal Integer" icon="AutomotiveCaseStudy_files/icon_literalinteger_1097231278.svg" name="-1" refid="ceaf5dae-31af-40e1-b7f6-28240d86698d" text="-1"/><literalinteger classType="LiteralInteger" humanType="Literal Integer" icon="AutomotiveCaseStudy_files/icon_literalinteger_1097231278.svg" name="-1" refid="64c2ec0d-e7de-4c8f-a8b7-5e76124bdbb8" text="-1"/><literalinteger classType="LiteralInteger" humanType="Literal Integer" icon="AutomotiveCaseStudy_files/icon_literalinteger_1097231278.svg" name="-1" refid="4d686d93-5b32-4b7e-8ae1-b7e538935ae3" text="-1"/><literalinteger classType="LiteralInteger" humanType="Literal Integer" icon="AutomotiveCaseStudy_files/icon_literalinteger_1097231278.svg" name="150" refid="9e5f6ada-4291-486d-b803-3955b29d5d9e" text="150"/><literalinteger classType="LiteralInteger" humanType="Literal Integer" icon="AutomotiveCaseStudy_files/icon_literalinteger_1097231278.svg" name="340" refid="dcb48ff4-6829-46f9-8cef-6777c0199f17" text="340"/><literalinteger classType="LiteralInteger" humanType="Literal Integer" icon="AutomotiveCaseStudy_files/icon_literalinteger_1097231278.svg" name="35" refid="bf016d94-933f-44fd-ad2b-7508c1f7c0b6" text="35"/><literalinteger classType="LiteralInteger" humanType="Literal Integer" icon="AutomotiveCaseStudy_files/icon_literalinteger_1097231278.svg" name="614" refid="4e55b0d0-58a9-4580-a8d1-47032c759934" text="614"/></value></slot></magicdraw>