<?xml version="1.0" encoding="UTF-8"?><magicdraw><slot classType="Slot" humanType="Slot" icon="AutomotiveCaseStudy_files/icon_slot_780071655.svg" id="3e86d2e9-b5c4-41de-88e8-935396911c51"><definingFeature classType="Property" humanName="Defining Feature" humanType="Property" icon="AutomotiveCaseStudy_files/icon_property_3315346.svg" mode="s,e" name="additionalElements" refid="bd35d5e4-54f5-4eba-a8cf-c510f9db9e5b"/><documentation humanName="Documentation"/><ownedElement humanName="Owned Element"><elementvalue classType="ElementValue" humanType="Element Value" icon="AutomotiveCaseStudy_files/icon_elementvalue_2088572563.svg" name="Ex1:AdditionalCapacityExistingProduct" refid="b08b9d15-20e0-402c-94b0-35794b56a40e" text="Ex1:AdditionalCapacityExistingProduct"/><elementvalue classType="ElementValue" humanType="Element Value" icon="AutomotiveCaseStudy_files/icon_elementvalue_2088572563.svg" name="Ex2:MoreEfficientProduction" refid="a088b3bb-d85c-4f09-ab21-1c3e024854a5" text="Ex2:MoreEfficientProduction"/><elementvalue classType="ElementValue" humanType="Element Value" icon="AutomotiveCaseStudy_files/icon_elementvalue_2088572563.svg" name="Ex3:CheaperDistributionFromNewLocation" refid="f5deb258-31f5-4ccf-914f-6546ea3bb811" text="Ex3:CheaperDistributionFromNewLocation"/><elementvalue classType="ElementValue" humanType="Element Value" icon="AutomotiveCaseStudy_files/icon_elementvalue_2088572563.svg" name="Ex4:SupportNewCapability" refid="8e97f57f-1b6d-42c1-8027-efd5d3dc303a" text="Ex4:SupportNewCapability"/><elementvalue classType="ElementValue" humanType="Element Value" icon="AutomotiveCaseStudy_files/icon_elementvalue_2088572563.svg" name="TopLevelBusinessNeed" refid="86aa55a4-fb27-4031-888b-c847752a8891" text="TopLevelBusinessNeed"/></ownedElement><owner classType="InstanceSpecification" humanName="Owner" humanType="Instance Specification" icon="AutomotiveCaseStudy_files/icon_instancespecification_13643661.svg" mode="s,e" name=" : MD Customization for Requirements::additional_stereotypes::RequirementTable, UML Standard Profile::MagicDraw Profile::DiagramTable, UML Standard Profile::MagicDraw Profile::DiagramInfo" refid="472317ef-1a59-4476-b9ec-6d5de30f83e2"/><owningInstance classType="InstanceSpecification" humanName="Owning Instance" humanType="Instance Specification" icon="AutomotiveCaseStudy_files/icon_instancespecification_13643661.svg" name=" : MD Customization for Requirements::additional_stereotypes::RequirementTable, UML Standard Profile::MagicDraw Profile::DiagramTable, UML Standard Profile::MagicDraw Profile::DiagramInfo" refid="472317ef-1a59-4476-b9ec-6d5de30f83e2"/><TO_DO humanName="To Do" mode="s,e"/><value humanName="Value" mode="s,e"><elementvalue classType="ElementValue" humanType="Element Value" icon="AutomotiveCaseStudy_files/icon_elementvalue_2088572563.svg" name="Ex1:AdditionalCapacityExistingProduct" refid="b08b9d15-20e0-402c-94b0-35794b56a40e" text="Ex1:AdditionalCapacityExistingProduct"/><elementvalue classType="ElementValue" humanType="Element Value" icon="AutomotiveCaseStudy_files/icon_elementvalue_2088572563.svg" name="Ex2:MoreEfficientProduction" refid="a088b3bb-d85c-4f09-ab21-1c3e024854a5" text="Ex2:MoreEfficientProduction"/><elementvalue classType="ElementValue" humanType="Element Value" icon="AutomotiveCaseStudy_files/icon_elementvalue_2088572563.svg" name="Ex3:CheaperDistributionFromNewLocation" refid="f5deb258-31f5-4ccf-914f-6546ea3bb811" text="Ex3:CheaperDistributionFromNewLocation"/><elementvalue classType="ElementValue" humanType="Element Value" icon="AutomotiveCaseStudy_files/icon_elementvalue_2088572563.svg" name="Ex4:SupportNewCapability" refid="8e97f57f-1b6d-42c1-8027-efd5d3dc303a" text="Ex4:SupportNewCapability"/><elementvalue classType="ElementValue" humanType="Element Value" icon="AutomotiveCaseStudy_files/icon_elementvalue_2088572563.svg" name="TopLevelBusinessNeed" refid="86aa55a4-fb27-4031-888b-c847752a8891" text="TopLevelBusinessNeed"/></value></slot></magicdraw>