<?xml version="1.0" encoding="UTF-8"?><magicdraw><instancespecification classType="InstanceSpecification" humanType="Instance Specification" icon="AutomotiveCaseStudy_files/icon_instancespecification_13643661.svg" id="3eca8e6f-1246-4d06-8e28-0ab9b9cada6c"><classifier humanName="Classifier" mode="s,e"><stereotype classType="Stereotype" humanType="Stereotype" icon="AutomotiveCaseStudy_files/icon_stereotype_918307166.svg" name="StakeholderConcern" refid="0523df55-f46a-455d-93a5-4642a88f69b8"/></classifier><documentation humanName="Documentation"/><name humanName="Name" mode="s,e"/><ownedElement humanName="Owned Element"><slot classType="Slot" humanType="Slot" icon="AutomotiveCaseStudy_files/icon_slot_780071655.svg" refid="8c93a315-81fc-4f63-883c-0fa7ef3c5018"/><slot classType="Slot" humanType="Slot" icon="AutomotiveCaseStudy_files/icon_slot_780071655.svg" refid="4f58f333-d607-49b9-8cb8-a9ca33ba1d41"/><slot classType="Slot" humanType="Slot" icon="AutomotiveCaseStudy_files/icon_slot_780071655.svg" refid="a00372ba-e425-4167-8682-f85e546eae29"/></ownedElement><owner classType="Class" humanName="Owner" humanType="StakeholderConcern" icon="AutomotiveCaseStudy_files/icon_stakeholderconcern_1682619279.svg" mode="s,e" name="Regulation_Concerns" refid="56d15929-8afc-4bc0-82af-5f5a8080dbe3"/><qualifiedName humanName="Qualified Name" mode="e">0 - Automotive Production Mission Reference Architecture::1 - Business Function Concept pkg::1.3 - Stakeholder Concerns pkg::Regulation_Concerns::</qualifiedName><slot humanName="Slot"><slot classType="Slot" humanType="Slot" icon="AutomotiveCaseStudy_files/icon_slot_780071655.svg" refid="8c93a315-81fc-4f63-883c-0fa7ef3c5018"/><slot classType="Slot" humanType="Slot" icon="AutomotiveCaseStudy_files/icon_slot_780071655.svg" refid="4f58f333-d607-49b9-8cb8-a9ca33ba1d41"/><slot classType="Slot" humanType="Slot" icon="AutomotiveCaseStudy_files/icon_slot_780071655.svg" refid="a00372ba-e425-4167-8682-f85e546eae29"/></slot><stereotypedElement classType="Class" humanName="Stereotyped Element" humanType="StakeholderConcern" icon="AutomotiveCaseStudy_files/icon_stakeholderconcern_1682619279.svg" name="Regulation_Concerns" refid="56d15929-8afc-4bc0-82af-5f5a8080dbe3"/><TO_DO humanName="To Do" mode="s,e"/><visibility humanName="Visibility">public</visibility></instancespecification></magicdraw>