<?xml version="1.0" encoding="UTF-8"?><magicdraw><literalboolean classType="LiteralBoolean" humanType="Literal Boolean" icon="AutomotiveCaseStudy_files/icon_literalboolean_361379623.svg" id="3f785086-2145-4109-a213-18567db906c3"><documentation humanName="Documentation"/><name humanName="Name"/><owner classType="Slot" humanName="Owner" humanType="Slot" icon="AutomotiveCaseStudy_files/icon_slot_355231286.svg" mode="e" refid="574a64b3-cf40-4da1-9e1c-e67cbc33937f"/><owningSlot classType="Slot" humanName="Owning Slot" humanType="Slot" icon="AutomotiveCaseStudy_files/icon_slot_355231286.svg" refid="574a64b3-cf40-4da1-9e1c-e67cbc33937f"/><qualifiedName humanName="Qualified Name"/><text humanName="Text" mode="standard">true</text><TO_DO humanName="To Do"/><TYPE_MODIFIER humanName="Type Modifier"/><value humanName="Value" mode="s,e">true</value><visibility humanName="Visibility">public</visibility></literalboolean></magicdraw>