<?xml version="1.0" encoding="UTF-8"?><magicdraw><comment classType="Comment" humanType="Comment" icon="AutomotiveCaseStudy_files/icon_comment_1472036907.svg" id="3f7dfe15-9dc7-400a-a4bd-f461aa4007d6"><body humanName="Body" mode="s,e">1.0 Note on Mission Definition:</body><documentation humanName="Documentation" mode="standard">There is most likely an activity that happens before this stage that focuses on "mission needs"; that is, from an enterprise perspective, what opportunities (products) are going to be pursued and what capabilities are needed (new plants or production lines)? Those decisions are considered inputs to the process/models captured here. Those needs and objectives are externally specified and captured in pkgs 1.1 and 1.2.</documentation><ownedComment humanName="Owned Comment"><comment classType="Comment" humanType="Comment" icon="AutomotiveCaseStudy_files/icon_comment_992361802.svg" refid="55561e22-0e6b-4fdd-b1ed-0ed2e530822d"/></ownedComment><ownedElement humanName="Owned Element"><comment classType="Comment" humanType="Comment" icon="AutomotiveCaseStudy_files/icon_comment_992361802.svg" refid="55561e22-0e6b-4fdd-b1ed-0ed2e530822d"/></ownedElement><owner classType="Package" humanName="Owner" humanType="Package" icon="AutomotiveCaseStudy_files/icon_package_1622863652.svg" mode="s,e" name="1 - Business Function Concept pkg" refid="d2aae795-86c3-4a6e-9276-fe0db243feec"/><owningElement classType="Package" humanName="Owning Element" humanType="Package" icon="AutomotiveCaseStudy_files/icon_package_1622863652.svg" name="1 - Business Function Concept pkg" refid="d2aae795-86c3-4a6e-9276-fe0db243feec"/><TO_DO humanName="To Do" mode="s,e"/></comment></magicdraw>