<?xml version="1.0" encoding="UTF-8"?><magicdraw><comment classType="Comment" humanType="Comment" icon="AutomotiveCaseStudy_files/icon_comment_992361802.svg" id="3f8e3aa5-5958-4e9d-9f09-a99a265c3c8a"><annotatedElement humanName="Annotated Element" mode="s,e"><performancerequirement classType="Class" humanType="Performance Requirement" icon="AutomotiveCaseStudy_files/icon_performancerequirement_1751427415.svg" name="Cost to Deliver AndOR Install" refid="b83ae214-52b7-466d-baa0-0eed9d450ed1"/></annotatedElement><body humanName="Body" mode="s,e">The sum of the costs associated with Deliver and/or Install. (Processes: sD1, sD2, sD3)</body><documentation humanName="Documentation"/><owner classType="Class" humanName="Owner" humanType="Performance Requirement" icon="AutomotiveCaseStudy_files/icon_performancerequirement_1751427415.svg" mode="s,e" name="Cost to Deliver AndOR Install" refid="b83ae214-52b7-466d-baa0-0eed9d450ed1"/><owningElement classType="Class" humanName="Owning Element" humanType="Performance Requirement" icon="AutomotiveCaseStudy_files/icon_performancerequirement_1751427415.svg" name="Cost to Deliver AndOR Install" refid="b83ae214-52b7-466d-baa0-0eed9d450ed1"/><TO_DO humanName="To Do" mode="s,e"/></comment></magicdraw>