<?xml version="1.0" encoding="UTF-8"?><magicdraw><actor classType="Actor" humanType="Actor" icon="AutomotiveCaseStudy_files/icon_actor_1378559537.svg" id="3f92fb01-f8e7-4bd9-9e80-0906b9381b0a"><documentation humanName="Documentation"/><isAbstract humanName="Is Abstract" mode="s,e">false</isAbstract><isFinalSpecialization humanName="Is Final Specialization">false</isFinalSpecialization><isLeaf humanName="Is Leaf">false</isLeaf><name humanName="Name" mode="s,e">Industrial Systems Engineer</name><namespace classType="Package" humanName="Namespace" humanType="Package" icon="AutomotiveCaseStudy_files/icon_package_1622863652.svg" name="1.2 - System Stakeholders pkg" refid="a4655a15-ad89-49f8-8b4c-83b652a495bc"/><owner classType="Package" humanName="Owner" humanType="Package" icon="AutomotiveCaseStudy_files/icon_package_1622863652.svg" mode="s,e" name="1.2 - System Stakeholders pkg" refid="a4655a15-ad89-49f8-8b4c-83b652a495bc"/><owningPackage classType="Package" humanName="Owning Package" humanType="Package" icon="AutomotiveCaseStudy_files/icon_package_1622863652.svg" name="1.2 - System Stakeholders pkg" refid="a4655a15-ad89-49f8-8b4c-83b652a495bc"/><package classType="Package" humanName="Package" humanType="Package" icon="AutomotiveCaseStudy_files/icon_package_1622863652.svg" name="1.2 - System Stakeholders pkg" refid="a4655a15-ad89-49f8-8b4c-83b652a495bc"/><qualifiedName humanName="Qualified Name" mode="e">0 - Automotive Production Mission Reference Architecture::1 - Stakeholders pkg::1.2 - System Stakeholders pkg::Industrial Systems Engineer</qualifiedName><TO_DO humanName="To Do" mode="s,e"/><visibility humanName="Visibility">public</visibility><appearsIn><diagram classType="Diagram" humanType="Diagram" icon="AutomotiveCaseStudy_files/icon_SysML Use Case Diagram_1503593507.svg" name="1.1 - System Stakeholders pkg" refid="ee408cd2-cdb8-4758-8cf8-ffda7bed3c78"/></appearsIn></actor></magicdraw>