<?xml version="1.0" encoding="UTF-8"?><magicdraw><performancerequirement classType="Class" humanType="Performance Requirement" icon="AutomotiveCaseStudy_files/icon_performancerequirement_1751427415.svg" id="4012eed5-acaa-4d19-8997-abe7c0ae0baf"><APPLIED_STEREOTYPES humanName="Applied Stereotype" mode="e"><stereotype classType="Stereotype" humanType="Stereotype" icon="AutomotiveCaseStudy_files/icon_stereotype_1751427415.svg" name="performanceRequirement" refid="b74418d7-7796-45c0-82f9-64a12d9a2790"/></APPLIED_STEREOTYPES><appliedStereotype humanName="Applied Stereotype" mode="e"><stereotype classType="Stereotype" humanType="Stereotype" icon="AutomotiveCaseStudy_files/icon_stereotype_1751427415.svg" name="performanceRequirement" refid="b74418d7-7796-45c0-82f9-64a12d9a2790"><property classType="Property" humanName="Base_ Class" humanType="Property" icon="AutomotiveCaseStudy_files/icon_property_3315346.svg" name="base_Class" refid="899fcd76-b966-48f2-ac77-e8bf78cc5a59"/><property classType="Property" humanName="Base_ Class" humanType="Property" icon="AutomotiveCaseStudy_files/icon_property_3315346.svg" name="base_Class" refid="2f4551a7-c615-44bb-a631-da62ee645935"/><property classType="Property" humanName="Base_ Class" humanType="Property" icon="AutomotiveCaseStudy_files/icon_property_3315346.svg" name="base_Class" refid="74161ac9-f4ee-41ab-b2f1-83f08b04e1ab"/><property classType="Property" humanName="Base_ Named Element" humanType="Property" icon="AutomotiveCaseStudy_files/icon_property_3315346.svg" name="base_NamedElement" refid="c4b654ad-1733-45e5-ad16-3392b56127e9"/><property classType="Property" humanName="Derived" humanType="Property" icon="AutomotiveCaseStudy_files/icon_property_3315346.svg" name="Derived" refid="9efe314f-936d-45bc-bbae-da6754bf1d0b"/><property classType="Property" humanName="Derived From" humanType="Property" icon="AutomotiveCaseStudy_files/icon_property_3315346.svg" name="DerivedFrom" refid="3f3dddbd-08c1-4890-91c2-e5e28da00608"/><property classType="Property" humanName="Id" humanType="Property" icon="AutomotiveCaseStudy_files/icon_property_3315346.svg" name="Id" refid="70e95e23-9dc9-4211-a8bd-e6c40992cdbc"><String>31</String></property><property classType="Property" humanName="Master" humanType="Property" icon="AutomotiveCaseStudy_files/icon_property_3315346.svg" name="Master" refid="003fd7ac-9986-4819-bf1b-347e133f08ff"/><property classType="Property" humanName="Refined By" humanType="Property" icon="AutomotiveCaseStudy_files/icon_property_3315346.svg" name="RefinedBy" refid="dc5873df-0eee-4f57-9e28-fbe6d8b606f2"/><property classType="Property" humanName="Risk" humanType="Property" icon="AutomotiveCaseStudy_files/icon_property_3315346.svg" name="risk" refid="f677da46-c631-451c-8708-2032bd1f48d7"><enumerationliteral classType="EnumerationLiteral" humanType="Enumeration Literal" icon="AutomotiveCaseStudy_files/icon_enumerationliteral_922279371.svg" name="Medium" refid="b5d55ec3-c86d-419a-a442-f0020e7962e8"/></property><property classType="Property" humanName="Satisfied By" humanType="Property" icon="AutomotiveCaseStudy_files/icon_property_3315346.svg" name="SatisfiedBy" refid="7d7d3681-997a-42a5-b430-bff0061720e4"/><property classType="Property" humanName="Source" humanType="Property" icon="AutomotiveCaseStudy_files/icon_property_3315346.svg" name="source" refid="4b088684-fedb-4880-9446-af6b69c3ad20"/><property classType="Property" humanName="Text" humanType="Property" icon="AutomotiveCaseStudy_files/icon_property_3315346.svg" name="Text" refid="276f8ce5-69de-4660-87a3-7a7b5d0e6546"><String>The percentage of orders meeting delivery performance with complete and accurate documentation and no delivery damage will be greater than 99%.</String></property><property classType="Property" humanName="Traced To" humanType="Property" icon="AutomotiveCaseStudy_files/icon_property_3315346.svg" name="TracedTo" refid="f434643f-c936-422d-82cc-2044f736b55a"/><property classType="Property" humanName="Verified By" humanType="Property" icon="AutomotiveCaseStudy_files/icon_property_3315346.svg" name="VerifiedBy" refid="e048b615-aab0-4a82-af75-86d8454c084b"/><property classType="Property" humanName="Verify Method" humanType="Property" icon="AutomotiveCaseStudy_files/icon_property_3315346.svg" name="verifyMethod" refid="61d63a70-8ac3-45af-8074-d577f68427e6"/></stereotype></appliedStereotype><appliedStereotypeInstance classType="InstanceSpecification" humanName="Applied Stereotype Instance" humanType="Instance Specification" icon="AutomotiveCaseStudy_files/icon_instancespecification_13643661.svg" name=" : SysML::Non-Normative Extensions::Requirement::performanceRequirement" refid="47fcea3c-1dfa-4f9f-8f96-d78acb063c61"/><documentation humanName="Documentation" mode="standard">The percentage of orders meeting delivery performance with complete and accurate
documentation and no delivery damage. Components include all items and quantities ontime
using the customer’s definition of on-time, and documentation – packing slips, bills of
lading, invoices, etc.

An order is considered perfect if the products ordered are the products provided and the quantities ordered match the quantities provided (% In Full).

A delivery is considered perfect if the location, specified customer entity and delivery time ordered is met upon receipt (Delivery Performance to Customer Commit Date).

Documentation supporting the order line is considered perfect if it is all accurate, complete, and on time (Accurate Documentation).

The product condition is considered perfect if the product is delivered / faultlessly installed (as applicable) on specification, with the correct configuration, with no damage, customer ready, and is accepted by the customer (Perfect Condition)
</documentation><isAbstract humanName="Is Abstract">false</isAbstract><isActive humanName="Is Active">false</isActive><isFinalSpecialization humanName="Is Final Specialization" mode="e">false</isFinalSpecialization><isLeaf humanName="Is Leaf" mode="e">false</isLeaf><member humanName="Member"><performancerequirement classType="Class" humanType="Performance Requirement" icon="AutomotiveCaseStudy_files/icon_performancerequirement_1751427415.svg" name="% of Orders Delivered in Full" refid="e16e57e6-591b-406d-aac4-0b4fee080a0a"/><performancerequirement classType="Class" humanType="Performance Requirement" icon="AutomotiveCaseStudy_files/icon_performancerequirement_1751427415.svg" name="Delivery Performance to Customer Commit Date" refid="ff75404f-324c-4763-a859-de116424be0a"/><performancerequirement classType="Class" humanType="Performance Requirement" icon="AutomotiveCaseStudy_files/icon_performancerequirement_1751427415.svg" name="Documentation Accuracy" refid="607c5dd2-9917-4bfa-ab54-adea2d6dc660"/><performancerequirement classType="Class" humanType="Performance Requirement" icon="AutomotiveCaseStudy_files/icon_performancerequirement_1751427415.svg" name="Perfect Condition" refid="29880b48-c095-48cf-b8a9-13200653dddc"/><constraint classType="Constraint" humanType="Constraint" icon="AutomotiveCaseStudy_files/icon_constraint_1917161212.svg" name="Perfect_Order_%" refid="e4733eee-491b-49f5-92d0-20f75afb5334"/></member><name humanName="Name" mode="s,e">Perfect_Order_Fulfillment</name><namespace classType="Package" humanName="Namespace" humanType="Package" icon="AutomotiveCaseStudy_files/icon_package_1622863652.svg" name="Reliability" refid="d27c84c1-ce69-4651-a218-493fd5bffb37"/><nestedClassifier humanName="Nested Classifier"><performancerequirement classType="Class" humanType="Performance Requirement" icon="AutomotiveCaseStudy_files/icon_performancerequirement_1751427415.svg" name="% of Orders Delivered in Full" refid="e16e57e6-591b-406d-aac4-0b4fee080a0a"/><performancerequirement classType="Class" humanType="Performance Requirement" icon="AutomotiveCaseStudy_files/icon_performancerequirement_1751427415.svg" name="Delivery Performance to Customer Commit Date" refid="ff75404f-324c-4763-a859-de116424be0a"/><performancerequirement classType="Class" humanType="Performance Requirement" icon="AutomotiveCaseStudy_files/icon_performancerequirement_1751427415.svg" name="Documentation Accuracy" refid="607c5dd2-9917-4bfa-ab54-adea2d6dc660"/><performancerequirement classType="Class" humanType="Performance Requirement" icon="AutomotiveCaseStudy_files/icon_performancerequirement_1751427415.svg" name="Perfect Condition" refid="29880b48-c095-48cf-b8a9-13200653dddc"/></nestedClassifier><ownedComment humanName="Owned Comment"><comment classType="Comment" humanType="Comment" icon="AutomotiveCaseStudy_files/icon_comment_992361802.svg" refid="0be79a61-93cd-4d4b-a161-80d1ee01bdd9"/></ownedComment><ownedElement humanName="Owned Element"><comment classType="Comment" humanType="Comment" icon="AutomotiveCaseStudy_files/icon_comment_992361802.svg" refid="0be79a61-93cd-4d4b-a161-80d1ee01bdd9"/><instancespecification classType="InstanceSpecification" humanType="Instance Specification" icon="AutomotiveCaseStudy_files/icon_instancespecification_13643661.svg" name=" : SysML::Non-Normative Extensions::Requirement::performanceRequirement" refid="47fcea3c-1dfa-4f9f-8f96-d78acb063c61"/><performancerequirement classType="Class" humanType="Performance Requirement" icon="AutomotiveCaseStudy_files/icon_performancerequirement_1751427415.svg" name="% of Orders Delivered in Full" refid="e16e57e6-591b-406d-aac4-0b4fee080a0a"/><performancerequirement classType="Class" humanType="Performance Requirement" icon="AutomotiveCaseStudy_files/icon_performancerequirement_1751427415.svg" name="Delivery Performance to Customer Commit Date" refid="ff75404f-324c-4763-a859-de116424be0a"/><performancerequirement classType="Class" humanType="Performance Requirement" icon="AutomotiveCaseStudy_files/icon_performancerequirement_1751427415.svg" name="Documentation Accuracy" refid="607c5dd2-9917-4bfa-ab54-adea2d6dc660"/><performancerequirement classType="Class" humanType="Performance Requirement" icon="AutomotiveCaseStudy_files/icon_performancerequirement_1751427415.svg" name="Perfect Condition" refid="29880b48-c095-48cf-b8a9-13200653dddc"/><constraint classType="Constraint" humanType="Constraint" icon="AutomotiveCaseStudy_files/icon_constraint_1917161212.svg" name="Perfect_Order_%" refid="e4733eee-491b-49f5-92d0-20f75afb5334"/></ownedElement><ownedMember humanName="Owned Member"><performancerequirement classType="Class" humanType="Performance Requirement" icon="AutomotiveCaseStudy_files/icon_performancerequirement_1751427415.svg" name="% of Orders Delivered in Full" refid="e16e57e6-591b-406d-aac4-0b4fee080a0a"/><performancerequirement classType="Class" humanType="Performance Requirement" icon="AutomotiveCaseStudy_files/icon_performancerequirement_1751427415.svg" name="Delivery Performance to Customer Commit Date" refid="ff75404f-324c-4763-a859-de116424be0a"/><performancerequirement classType="Class" humanType="Performance Requirement" icon="AutomotiveCaseStudy_files/icon_performancerequirement_1751427415.svg" name="Documentation Accuracy" refid="607c5dd2-9917-4bfa-ab54-adea2d6dc660"/><performancerequirement classType="Class" humanType="Performance Requirement" icon="AutomotiveCaseStudy_files/icon_performancerequirement_1751427415.svg" name="Perfect Condition" refid="29880b48-c095-48cf-b8a9-13200653dddc"/><constraint classType="Constraint" humanType="Constraint" icon="AutomotiveCaseStudy_files/icon_constraint_1917161212.svg" name="Perfect_Order_%" refid="e4733eee-491b-49f5-92d0-20f75afb5334"/></ownedMember><ownedRule humanName="Owned Rule"><constraint classType="Constraint" humanType="Constraint" icon="AutomotiveCaseStudy_files/icon_constraint_1917161212.svg" name="Perfect_Order_%" refid="e4733eee-491b-49f5-92d0-20f75afb5334"/></ownedRule><owner classType="Package" humanName="Owner" humanType="Package" icon="AutomotiveCaseStudy_files/icon_package_1622863652.svg" mode="e" name="Reliability" refid="d27c84c1-ce69-4651-a218-493fd5bffb37"/><owningPackage classType="Package" humanName="Owning Package" humanType="Package" icon="AutomotiveCaseStudy_files/icon_package_1622863652.svg" name="Reliability" refid="d27c84c1-ce69-4651-a218-493fd5bffb37"/><package classType="Package" humanName="Package" humanType="Package" icon="AutomotiveCaseStudy_files/icon_package_1622863652.svg" name="Reliability" refid="d27c84c1-ce69-4651-a218-493fd5bffb37"/><qualifiedName humanName="Qualified Name" mode="s,e">0 - Automotive Production Mission Reference Architecture::4 - Requirements pkg::4.1 - L1 Enterprise Requirements pkg::4.1.2 - Making/Production Requirements - pkg::Performance_Requirements::Reliability::Perfect_Order_Fulfillment</qualifiedName><TO_DO humanName="To Do" mode="s,e"/><visibility humanName="Visibility">public</visibility></performancerequirement></magicdraw>