<?xml version="1.0" encoding="UTF-8"?><magicdraw><literalstring classType="LiteralString" humanType="Literal String" icon="AutomotiveCaseStudy_files/icon_literalstring_2037275532.svg" id="418a91a1-18ce-4645-a9d2-200062b69e67"><documentation humanName="Documentation"/><name humanName="Name"/><owner classType="Slot" humanName="Owner" humanType="Slot" icon="AutomotiveCaseStudy_files/icon_slot_355231286.svg" mode="e" refid="c06f62c3-1ec3-4a05-a4b5-ad521b2d61d5"/><owningSlot classType="Slot" humanName="Owning Slot" humanType="Slot" icon="AutomotiveCaseStudy_files/icon_slot_355231286.svg" refid="c06f62c3-1ec3-4a05-a4b5-ad521b2d61d5"/><qualifiedName humanName="Qualified Name"/><text humanName="Text" mode="standard">34.1</text><TO_DO humanName="To Do"/><TYPE_MODIFIER humanName="Type Modifier"/><value humanName="Value" mode="s,e">34.1</value><visibility humanName="Visibility">public</visibility></literalstring></magicdraw>