<?xml version="1.0" encoding="UTF-8"?><magicdraw><slot classType="Slot" humanType="Slot" icon="AutomotiveCaseStudy_files/icon_slot_780071655.svg" id="4253a147-21b0-4198-8655-6b08eee118c8"><definingFeature classType="Property" humanName="Defining Feature" humanType="Property" icon="AutomotiveCaseStudy_files/icon_property_3315346.svg" mode="s,e" name="Text" refid="276f8ce5-69de-4660-87a3-7a7b5d0e6546"/><documentation humanName="Documentation"/><ownedElement humanName="Owned Element"><literalstring classType="LiteralString" humanType="Literal String" icon="AutomotiveCaseStudy_files/icon_literalstring_242907379.svg" name="Percentage of orders delivered in an undamaged state that meet specification, have the correct configuration, are faultlessly installed (as applicable) and accepted by the customer." refid="1ad4d8ab-b8b8-4cae-863f-1d7f8288a0e1" text="Percentage of orders delivered in an undamaged state that meet specification, have the correct&#10;configuration, are faultlessly installed (as applicable) and accepted by the customer."/></ownedElement><owner classType="InstanceSpecification" humanName="Owner" humanType="Instance Specification" icon="AutomotiveCaseStudy_files/icon_instancespecification_13643661.svg" mode="s,e" name=" : SysML::Non-Normative Extensions::Requirement::performanceRequirement" refid="16b5ed1d-9f3d-44c7-9670-b153b654ea77"/><owningInstance classType="InstanceSpecification" humanName="Owning Instance" humanType="Instance Specification" icon="AutomotiveCaseStudy_files/icon_instancespecification_13643661.svg" name=" : SysML::Non-Normative Extensions::Requirement::performanceRequirement" refid="16b5ed1d-9f3d-44c7-9670-b153b654ea77"/><TO_DO humanName="To Do" mode="s,e"/><value humanName="Value" mode="s,e"><literalstring classType="LiteralString" humanType="Literal String" icon="AutomotiveCaseStudy_files/icon_literalstring_242907379.svg" name="Percentage of orders delivered in an undamaged state that meet specification, have the correct configuration, are faultlessly installed (as applicable) and accepted by the customer." refid="1ad4d8ab-b8b8-4cae-863f-1d7f8288a0e1" text="Percentage of orders delivered in an undamaged state that meet specification, have the correct&#10;configuration, are faultlessly installed (as applicable) and accepted by the customer."/></value></slot></magicdraw>