<?xml version="1.0" encoding="UTF-8"?><magicdraw><literalstring classType="LiteralString" humanType="Literal String" icon="AutomotiveCaseStudy_files/icon_literalstring_242907379.svg" id="425aae88-c208-428c-9b12-8c9cb721929f"><documentation humanName="Documentation"/><name humanName="Name"/><owner classType="Slot" humanName="Owner" humanType="Slot" icon="AutomotiveCaseStudy_files/icon_slot_780071655.svg" mode="e" refid="d1177c79-57d7-4009-8727-e61d77d880fb"/><owningSlot classType="Slot" humanName="Owning Slot" humanType="Slot" icon="AutomotiveCaseStudy_files/icon_slot_780071655.svg" refid="d1177c79-57d7-4009-8727-e61d77d880fb"/><qualifiedName humanName="Qualified Name"/><text humanName="Text" mode="standard">43.2</text><TO_DO humanName="To Do"/><TYPE_MODIFIER humanName="Type Modifier"/><value humanName="Value" mode="s,e">43.2</value><visibility humanName="Visibility">public</visibility></literalstring></magicdraw>