<?xml version="1.0" encoding="UTF-8"?><magicdraw><literalstring classType="LiteralString" humanType="Literal String" icon="AutomotiveCaseStudy_files/icon_literalstring_242907379.svg" id="44c990fb-6be8-4407-ac6d-0f6e2c7413fa"><documentation humanName="Documentation"/><name humanName="Name"/><owner classType="Slot" humanName="Owner" humanType="Slot" icon="AutomotiveCaseStudy_files/icon_slot_780071655.svg" mode="e" refid="f05b5900-73cf-4c0e-9f7f-821e732cc57f"/><owningSlot classType="Slot" humanName="Owning Slot" humanType="Slot" icon="AutomotiveCaseStudy_files/icon_slot_780071655.svg" refid="f05b5900-73cf-4c0e-9f7f-821e732cc57f"/><qualifiedName humanName="Qualified Name"/><text humanName="Text" mode="standard">33</text><TO_DO humanName="To Do"/><TYPE_MODIFIER humanName="Type Modifier"/><value humanName="Value" mode="s,e">33</value><visibility humanName="Visibility">public</visibility></literalstring></magicdraw>