<?xml version="1.0" encoding="UTF-8"?><magicdraw><literalstring classType="LiteralString" humanType="Literal String" icon="AutomotiveCaseStudy_files/icon_literalstring_2037275532.svg" id="44f7619d-609c-4c54-94d1-208fe698ad1a"><documentation humanName="Documentation"/><name humanName="Name"/><owner classType="Slot" humanName="Owner" humanType="Slot" icon="AutomotiveCaseStudy_files/icon_slot_355231286.svg" mode="e" refid="246a2be2-99d1-45b5-ab60-200373ff52b4"/><owningSlot classType="Slot" humanName="Owning Slot" humanType="Slot" icon="AutomotiveCaseStudy_files/icon_slot_355231286.svg" refid="246a2be2-99d1-45b5-ab60-200373ff52b4"/><qualifiedName humanName="Qualified Name"/><text humanName="Text" mode="standard">22.4</text><TO_DO humanName="To Do"/><TYPE_MODIFIER humanName="Type Modifier"/><value humanName="Value" mode="s,e">22.4</value><visibility humanName="Visibility">public</visibility></literalstring></magicdraw>