<?xml version="1.0" encoding="UTF-8"?><magicdraw><instancespecification classType="InstanceSpecification" humanType="Instance Specification" icon="AutomotiveCaseStudy_files/icon_instancespecification_13643661.svg" id="45066c11-8ce0-4f34-a081-4a302909cfa0"><classifier humanName="Classifier" mode="s,e"><stereotype classType="Stereotype" humanType="Stereotype" icon="AutomotiveCaseStudy_files/icon_stereotype_918307166.svg" name="additionalPackageImport" refid="a64a0b71-263a-4369-abb3-605160b57595"/></classifier><documentation humanName="Documentation"/><name humanName="Name" mode="s,e"/><ownedElement humanName="Owned Element"><slot classType="Slot" humanType="Slot" icon="AutomotiveCaseStudy_files/icon_slot_780071655.svg" refid="6cbea9ed-c4fa-4c19-bdc4-aaeb71b06b6a"/></ownedElement><owner classType="PackageImport" humanName="Owner" humanType="Package Import" icon="AutomotiveCaseStudy_files/icon_packageimport_755759908.svg" isRelationship="true" mode="s,e" refid="599d11dd-42b9-4a99-87bf-4f638b7b0866"/><qualifiedName humanName="Qualified Name" mode="e"/><slot humanName="Slot"><slot classType="Slot" humanType="Slot" icon="AutomotiveCaseStudy_files/icon_slot_780071655.svg" refid="6cbea9ed-c4fa-4c19-bdc4-aaeb71b06b6a"/></slot><stereotypedElement classType="PackageImport" humanName="Stereotyped Element" humanType="Package Import" icon="AutomotiveCaseStudy_files/icon_packageimport_755759908.svg" isRelationship="true" refid="599d11dd-42b9-4a99-87bf-4f638b7b0866"/><TO_DO humanName="To Do" mode="s,e"/><visibility humanName="Visibility">public</visibility></instancespecification></magicdraw>