<?xml version="1.0" encoding="UTF-8"?><magicdraw><literalstring classType="LiteralString" humanType="Literal String" icon="AutomotiveCaseStudy_files/icon_literalstring_2037275532.svg" id="460ad768-a8d0-43f5-8c9e-12c008ff62fd"><documentation humanName="Documentation"/><name humanName="Name"/><owner classType="Slot" humanName="Owner" humanType="Slot" icon="AutomotiveCaseStudy_files/icon_slot_355231286.svg" mode="e" refid="bb8fffd0-045f-4658-bd6a-31c99200e745"/><owningSlot classType="Slot" humanName="Owning Slot" humanType="Slot" icon="AutomotiveCaseStudy_files/icon_slot_355231286.svg" refid="bb8fffd0-045f-4658-bd6a-31c99200e745"/><qualifiedName humanName="Qualified Name"/><text humanName="Text" mode="standard">4/24/20 10:17 AM</text><TO_DO humanName="To Do"/><TYPE_MODIFIER humanName="Type Modifier"/><value humanName="Value" mode="s,e">4/24/20 10:17 AM</value><visibility humanName="Visibility">public</visibility></literalstring></magicdraw>