<?xml version="1.0" encoding="UTF-8"?><magicdraw><literalstring classType="LiteralString" humanType="Literal String" icon="AutomotiveCaseStudy_files/icon_literalstring_242907379.svg" id="4627ddc3-c76e-4c49-bf9f-3e75cd55d2ab"><documentation humanName="Documentation"/><name humanName="Name"/><owner classType="Slot" humanName="Owner" humanType="Slot" icon="AutomotiveCaseStudy_files/icon_slot_780071655.svg" mode="e" refid="3e1caaed-d792-40e2-98a8-61288c833dde"/><owningSlot classType="Slot" humanName="Owning Slot" humanType="Slot" icon="AutomotiveCaseStudy_files/icon_slot_780071655.svg" refid="3e1caaed-d792-40e2-98a8-61288c833dde"/><qualifiedName humanName="Qualified Name"/><text humanName="Text" mode="standard">52.2</text><TO_DO humanName="To Do"/><TYPE_MODIFIER humanName="Type Modifier"/><value humanName="Value" mode="s,e">52.2</value><visibility humanName="Visibility">public</visibility></literalstring></magicdraw>