<?xml version="1.0" encoding="UTF-8"?><magicdraw><instancespecification classType="InstanceSpecification" humanType="Instance Specification" icon="AutomotiveCaseStudy_files/icon_instancespecification_13643661.svg" id="472317ef-1a59-4476-b9ec-6d5de30f83e2"><classifier humanName="Classifier" mode="s,e"><stereotype classType="Stereotype" humanType="Stereotype" icon="AutomotiveCaseStudy_files/icon_stereotype_918307166.svg" name="DiagramInfo" refid="ace076d1-a486-4673-a2cc-4978d8b7f5a1"/><stereotype classType="Stereotype" humanType="Stereotype" icon="AutomotiveCaseStudy_files/icon_stereotype_918307166.svg" name="DiagramTable" refid="53c13861-71ec-4f90-a8fd-853e3a5ca966"/><stereotype classType="Stereotype" humanType="Stereotype" icon="AutomotiveCaseStudy_files/icon_stereotype_918307166.svg" name="RequirementTable" refid="49108a7e-7c70-46c4-94db-4967d7257d81"/></classifier><documentation humanName="Documentation"/><name humanName="Name" mode="s,e"/><ownedElement humanName="Owned Element"><slot classType="Slot" humanType="Slot" icon="AutomotiveCaseStudy_files/icon_slot_780071655.svg" refid="0e3f6517-76df-4586-b7c1-93b1e15487b5"/><slot classType="Slot" humanType="Slot" icon="AutomotiveCaseStudy_files/icon_slot_780071655.svg" refid="fdeb0230-8a81-482b-b951-69174f458e40"/><slot classType="Slot" humanType="Slot" icon="AutomotiveCaseStudy_files/icon_slot_780071655.svg" refid="7564a2ed-e7cc-45aa-823d-ece63ca9e847"/><slot classType="Slot" humanType="Slot" icon="AutomotiveCaseStudy_files/icon_slot_780071655.svg" refid="c0b630fe-e00a-4ced-953a-0942ec18de6b"/><slot classType="Slot" humanType="Slot" icon="AutomotiveCaseStudy_files/icon_slot_780071655.svg" refid="3da4308f-a5d4-4cc7-bf6c-403123377751"/><slot classType="Slot" humanType="Slot" icon="AutomotiveCaseStudy_files/icon_slot_780071655.svg" refid="e7849733-9f98-4265-9a0d-887c749f96f9"/><slot classType="Slot" humanType="Slot" icon="AutomotiveCaseStudy_files/icon_slot_780071655.svg" refid="11611435-9d09-4680-a81d-b16dd317b9d8"/><slot classType="Slot" humanType="Slot" icon="AutomotiveCaseStudy_files/icon_slot_780071655.svg" refid="8ed34dbd-47d3-4543-aca8-c971d0bb8a07"/><slot classType="Slot" humanType="Slot" icon="AutomotiveCaseStudy_files/icon_slot_780071655.svg" refid="574a64b3-cf40-4da1-9e1c-e67cbc33937f"/><slot classType="Slot" humanType="Slot" icon="AutomotiveCaseStudy_files/icon_slot_780071655.svg" refid="ab7cf8c1-dd92-48e5-a40e-54e1e8987e08"/><slot classType="Slot" humanType="Slot" icon="AutomotiveCaseStudy_files/icon_slot_780071655.svg" refid="cf5d406a-f574-43e5-b935-0fc2ff2a724d"/><slot classType="Slot" humanType="Slot" icon="AutomotiveCaseStudy_files/icon_slot_780071655.svg" refid="9ab893c9-bebd-488f-b2a5-1b4e32991cd5"/><slot classType="Slot" humanType="Slot" icon="AutomotiveCaseStudy_files/icon_slot_780071655.svg" refid="9e813a08-055f-4230-95a4-ff85b608893b"/><slot classType="Slot" humanType="Slot" icon="AutomotiveCaseStudy_files/icon_slot_780071655.svg" refid="6e5355b0-16d3-489f-9d35-fa32892040da"/><slot classType="Slot" humanType="Slot" icon="AutomotiveCaseStudy_files/icon_slot_780071655.svg" refid="c89476a2-318c-418d-b773-bdcf69291fb7"/><slot classType="Slot" humanType="Slot" icon="AutomotiveCaseStudy_files/icon_slot_780071655.svg" refid="b0020a05-fab3-4cf4-8f03-1665fd285ada"/><slot classType="Slot" humanType="Slot" icon="AutomotiveCaseStudy_files/icon_slot_780071655.svg" refid="3e86d2e9-b5c4-41de-88e8-935396911c51"/><slot classType="Slot" humanType="Slot" icon="AutomotiveCaseStudy_files/icon_slot_780071655.svg" refid="5c5783d7-0d67-4530-8895-da85d76e8e85"/><slot classType="Slot" humanType="Slot" icon="AutomotiveCaseStudy_files/icon_slot_780071655.svg" refid="7bfb518c-36b3-4f7c-a76e-7a3bc07d5408"/></ownedElement><owner classType="Diagram" humanName="Owner" humanType="Diagram" icon="AutomotiveCaseStudy_files/icon_Requirement Table_1662400542.svg" mode="s,e" name="1.1 - Business Function Needs" refid="0fed21b3-5e59-41f2-9c98-bcbf8c88a332"/><qualifiedName humanName="Qualified Name" mode="e">0 - Automotive Production Mission Reference Architecture::1 - Business Function Concept pkg::1.1 - Business Function Needs &amp; Objectives pkg::1.1 - Business Function Needs::</qualifiedName><slot humanName="Slot"><slot classType="Slot" humanType="Slot" icon="AutomotiveCaseStudy_files/icon_slot_780071655.svg" refid="0e3f6517-76df-4586-b7c1-93b1e15487b5"/><slot classType="Slot" humanType="Slot" icon="AutomotiveCaseStudy_files/icon_slot_780071655.svg" refid="fdeb0230-8a81-482b-b951-69174f458e40"/><slot classType="Slot" humanType="Slot" icon="AutomotiveCaseStudy_files/icon_slot_780071655.svg" refid="7564a2ed-e7cc-45aa-823d-ece63ca9e847"/><slot classType="Slot" humanType="Slot" icon="AutomotiveCaseStudy_files/icon_slot_780071655.svg" refid="c0b630fe-e00a-4ced-953a-0942ec18de6b"/><slot classType="Slot" humanType="Slot" icon="AutomotiveCaseStudy_files/icon_slot_780071655.svg" refid="3da4308f-a5d4-4cc7-bf6c-403123377751"/><slot classType="Slot" humanType="Slot" icon="AutomotiveCaseStudy_files/icon_slot_780071655.svg" refid="e7849733-9f98-4265-9a0d-887c749f96f9"/><slot classType="Slot" humanType="Slot" icon="AutomotiveCaseStudy_files/icon_slot_780071655.svg" refid="11611435-9d09-4680-a81d-b16dd317b9d8"/><slot classType="Slot" humanType="Slot" icon="AutomotiveCaseStudy_files/icon_slot_780071655.svg" refid="8ed34dbd-47d3-4543-aca8-c971d0bb8a07"/><slot classType="Slot" humanType="Slot" icon="AutomotiveCaseStudy_files/icon_slot_780071655.svg" refid="574a64b3-cf40-4da1-9e1c-e67cbc33937f"/><slot classType="Slot" humanType="Slot" icon="AutomotiveCaseStudy_files/icon_slot_780071655.svg" refid="ab7cf8c1-dd92-48e5-a40e-54e1e8987e08"/><slot classType="Slot" humanType="Slot" icon="AutomotiveCaseStudy_files/icon_slot_780071655.svg" refid="cf5d406a-f574-43e5-b935-0fc2ff2a724d"/><slot classType="Slot" humanType="Slot" icon="AutomotiveCaseStudy_files/icon_slot_780071655.svg" refid="9ab893c9-bebd-488f-b2a5-1b4e32991cd5"/><slot classType="Slot" humanType="Slot" icon="AutomotiveCaseStudy_files/icon_slot_780071655.svg" refid="9e813a08-055f-4230-95a4-ff85b608893b"/><slot classType="Slot" humanType="Slot" icon="AutomotiveCaseStudy_files/icon_slot_780071655.svg" refid="6e5355b0-16d3-489f-9d35-fa32892040da"/><slot classType="Slot" humanType="Slot" icon="AutomotiveCaseStudy_files/icon_slot_780071655.svg" refid="c89476a2-318c-418d-b773-bdcf69291fb7"/><slot classType="Slot" humanType="Slot" icon="AutomotiveCaseStudy_files/icon_slot_780071655.svg" refid="b0020a05-fab3-4cf4-8f03-1665fd285ada"/><slot classType="Slot" humanType="Slot" icon="AutomotiveCaseStudy_files/icon_slot_780071655.svg" refid="3e86d2e9-b5c4-41de-88e8-935396911c51"/><slot classType="Slot" humanType="Slot" icon="AutomotiveCaseStudy_files/icon_slot_780071655.svg" refid="5c5783d7-0d67-4530-8895-da85d76e8e85"/><slot classType="Slot" humanType="Slot" icon="AutomotiveCaseStudy_files/icon_slot_780071655.svg" refid="7bfb518c-36b3-4f7c-a76e-7a3bc07d5408"/></slot><stereotypedElement classType="Diagram" humanName="Stereotyped Element" humanType="Diagram" icon="AutomotiveCaseStudy_files/icon_Requirement Table_1662400542.svg" name="1.1 - Business Function Needs" refid="0fed21b3-5e59-41f2-9c98-bcbf8c88a332"/><TO_DO humanName="To Do" mode="s,e"/><visibility humanName="Visibility">public</visibility></instancespecification></magicdraw>