<?xml version="1.0" encoding="UTF-8"?><magicdraw><literalstring classType="LiteralString" humanType="Literal String" icon="AutomotiveCaseStudy_files/icon_literalstring_2037275532.svg" id="47673bd8-5871-44b4-a33e-57e96a084c8e"><documentation humanName="Documentation"/><name humanName="Name"/><owner classType="Slot" humanName="Owner" humanType="Slot" icon="AutomotiveCaseStudy_files/icon_slot_355231286.svg" mode="e" refid="6b03a6e1-4e83-4e96-b159-7c4d66b6f9b1"/><owningSlot classType="Slot" humanName="Owning Slot" humanType="Slot" icon="AutomotiveCaseStudy_files/icon_slot_355231286.svg" refid="6b03a6e1-4e83-4e96-b159-7c4d66b6f9b1"/><qualifiedName humanName="Qualified Name"/><text humanName="Text" mode="standard">66.4</text><TO_DO humanName="To Do"/><TYPE_MODIFIER humanName="Type Modifier"/><value humanName="Value" mode="s,e">66.4</value><visibility humanName="Visibility">public</visibility></literalstring></magicdraw>