<?xml version="1.0" encoding="UTF-8"?><magicdraw><instancespecification classType="InstanceSpecification" humanType="Instance Specification" icon="AutomotiveCaseStudy_files/icon_instancespecification_13643661.svg" id="47839227-a708-46a9-ad7b-57d6af96c4dc"><classifier humanName="Classifier" mode="s,e"><stereotype classType="Stereotype" humanType="Stereotype" icon="AutomotiveCaseStudy_files/icon_stereotype_918307166.svg" name="BusinessNeed" refid="4cce7d79-4385-4ec0-880d-a7840666ef63"/></classifier><documentation humanName="Documentation"/><name humanName="Name" mode="s,e"/><ownedElement humanName="Owned Element"><slot classType="Slot" humanType="Slot" icon="AutomotiveCaseStudy_files/icon_slot_355231286.svg" refid="70bee20e-9ae4-46a0-8c5d-180a1d5ce020"/><slot classType="Slot" humanType="Slot" icon="AutomotiveCaseStudy_files/icon_slot_355231286.svg" refid="a20cdf3c-cfa7-4728-8d58-4907d193a5c0"/></ownedElement><owner classType="Class" humanName="Owner" humanType="BusinessNeed" icon="AutomotiveCaseStudy_files/icon_businessneed_1682619279.svg" mode="s,e" name="TopLevelBusinessNeed" refid="6fbc5b13-aebf-41d8-97c9-2763abbcf2e4"/><qualifiedName humanName="Qualified Name" mode="e">0 - Automotive Production Mission Reference Architecture::1 - Stakeholders pkg::1.1 - Business Function pkg::1.1.2 Needs &amp; Objectives pkg::TopLevelBusinessNeed::</qualifiedName><slot humanName="Slot"><slot classType="Slot" humanType="Slot" icon="AutomotiveCaseStudy_files/icon_slot_355231286.svg" refid="70bee20e-9ae4-46a0-8c5d-180a1d5ce020"/><slot classType="Slot" humanType="Slot" icon="AutomotiveCaseStudy_files/icon_slot_355231286.svg" refid="a20cdf3c-cfa7-4728-8d58-4907d193a5c0"/></slot><stereotypedElement classType="Class" humanName="Stereotyped Element" humanType="BusinessNeed" icon="AutomotiveCaseStudy_files/icon_businessneed_1682619279.svg" name="TopLevelBusinessNeed" refid="6fbc5b13-aebf-41d8-97c9-2763abbcf2e4"/><TO_DO humanName="To Do" mode="s,e"/><visibility humanName="Visibility">public</visibility></instancespecification></magicdraw>