<?xml version="1.0" encoding="UTF-8"?><magicdraw><slot classType="Slot" humanType="Slot" icon="AutomotiveCaseStudy_files/icon_slot_355231286.svg" id="47a8a2f8-2829-423c-be2e-f95b71b44306"><definingFeature classType="Property" humanName="Defining Feature" humanType="Property" icon="AutomotiveCaseStudy_files/icon_property_2135874046.svg" mode="s,e" name="Id" refid="70e95e23-9dc9-4211-a8bd-e6c40992cdbc"/><documentation humanName="Documentation"/><ownedElement humanName="Owned Element"><literalstring classType="LiteralString" humanType="Literal String" icon="AutomotiveCaseStudy_files/icon_literalstring_2037275532.svg" name="52.7" refid="2b2dae8b-68b3-4c48-b17d-a1cdaa5f1477" text="52.7"/></ownedElement><owner classType="InstanceSpecification" humanName="Owner" humanType="Instance Specification" icon="AutomotiveCaseStudy_files/icon_instancespecification_13643661.svg" mode="s,e" name=" : 0 - Automotive Production Mission Reference Architecture::1 - Stakeholders pkg::1.3 - Stakeholder Concerns pkg::StakeholderConcern" refid="4cb86059-8520-4c6d-94c0-bdb53e78aea9"/><owningInstance classType="InstanceSpecification" humanName="Owning Instance" humanType="Instance Specification" icon="AutomotiveCaseStudy_files/icon_instancespecification_13643661.svg" name=" : 0 - Automotive Production Mission Reference Architecture::1 - Stakeholders pkg::1.3 - Stakeholder Concerns pkg::StakeholderConcern" refid="4cb86059-8520-4c6d-94c0-bdb53e78aea9"/><TO_DO humanName="To Do" mode="s,e"/><value humanName="Value" mode="s,e"><literalstring classType="LiteralString" humanType="Literal String" icon="AutomotiveCaseStudy_files/icon_literalstring_2037275532.svg" name="52.7" refid="2b2dae8b-68b3-4c48-b17d-a1cdaa5f1477" text="52.7"/></value></slot></magicdraw>