<?xml version="1.0" encoding="UTF-8"?><magicdraw><elementvalue classType="ElementValue" humanType="Element Value" icon="AutomotiveCaseStudy_files/icon_elementvalue_2088572563.svg" id="47fc5524-fafa-4d5e-920a-2621badfb53f"><documentation humanName="Documentation"/><element classType="Actor" humanName="Element" humanType="Actor" icon="AutomotiveCaseStudy_files/icon_actor_1378559537.svg" mode="s,e" name="Regulators" refid="0b661f6d-676d-4ddb-aa2d-a963c9b7d314"/><name humanName="Name"/><owner classType="Slot" humanName="Owner" humanType="Slot" icon="AutomotiveCaseStudy_files/icon_slot_780071655.svg" mode="e" refid="e5e6ae45-070d-4865-9b7a-3ef1366511ab"/><owningSlot classType="Slot" humanName="Owning Slot" humanType="Slot" icon="AutomotiveCaseStudy_files/icon_slot_780071655.svg" refid="e5e6ae45-070d-4865-9b7a-3ef1366511ab"/><qualifiedName humanName="Qualified Name"/><text humanName="Text" mode="standard">Regulators</text><TO_DO humanName="To Do"/><TYPE_MODIFIER humanName="Type Modifier"/><visibility humanName="Visibility">public</visibility></elementvalue></magicdraw>