<?xml version="1.0" encoding="UTF-8"?><magicdraw><comment classType="Comment" humanType="Comment" icon="AutomotiveCaseStudy_files/icon_comment_794517456.svg" id="487c2b78-d3b2-4293-b2af-e28e65ce4ba0"><annotatedElement humanName="Annotated Element" mode="s,e"><performancerequirement classType="Class" humanType="Performance Requirement" icon="AutomotiveCaseStudy_files/icon_performancerequirement_1011640708.svg" name="Upside Source Adaptability" refid="3931c21d-8403-49a6-8d00-920358903807"/></annotatedElement><body humanName="Body" mode="s,e">The maximum sustainable percentage increase in raw material
quantities that can be acquired/received in 30 days.</body><documentation humanName="Documentation"/><owner classType="Class" humanName="Owner" humanType="Performance Requirement" icon="AutomotiveCaseStudy_files/icon_performancerequirement_1011640708.svg" mode="s,e" name="Upside Source Adaptability" refid="3931c21d-8403-49a6-8d00-920358903807"/><owningElement classType="Class" humanName="Owning Element" humanType="Performance Requirement" icon="AutomotiveCaseStudy_files/icon_performancerequirement_1011640708.svg" name="Upside Source Adaptability" refid="3931c21d-8403-49a6-8d00-920358903807"/><TO_DO humanName="To Do" mode="s,e"/></comment></magicdraw>