<?xml version="1.0" encoding="UTF-8"?><magicdraw><elementvalue classType="ElementValue" humanType="Element Value" icon="AutomotiveCaseStudy_files/icon_elementvalue_1556274478.svg" id="48a94fe7-d7a6-4d53-bb09-f2e5e09300f2"><documentation humanName="Documentation"/><element classType="Class" humanName="Element" humanType="BusinessObjective" icon="AutomotiveCaseStudy_files/icon_businessobjective_1682619279.svg" mode="s,e" name="OpEx2:EnergyUsage" refid="c255550f-b15a-4752-a168-73ef355f64af"/><name humanName="Name"/><owner classType="Slot" humanName="Owner" humanType="Slot" icon="AutomotiveCaseStudy_files/icon_slot_355231286.svg" mode="e" refid="98a68b78-e30f-4a59-9f0d-5457bd62636a"/><owningSlot classType="Slot" humanName="Owning Slot" humanType="Slot" icon="AutomotiveCaseStudy_files/icon_slot_355231286.svg" refid="98a68b78-e30f-4a59-9f0d-5457bd62636a"/><qualifiedName humanName="Qualified Name"/><text humanName="Text" mode="standard">OpEx2:EnergyUsage</text><TO_DO humanName="To Do"/><TYPE_MODIFIER humanName="Type Modifier"/><visibility humanName="Visibility">public</visibility></elementvalue></magicdraw>