<?xml version="1.0" encoding="UTF-8"?><magicdraw><instancespecification classType="InstanceSpecification" humanType="Instance Specification" icon="AutomotiveCaseStudy_files/icon_instancespecification_13643661.svg" id="48ed9f40-506a-4404-8810-45546619b9b5"><classifier humanName="Classifier" mode="s,e"><stereotype classType="Stereotype" humanType="Stereotype" icon="AutomotiveCaseStudy_files/icon_stereotype_918307166.svg" name="BusinessNeed" refid="4cce7d79-4385-4ec0-880d-a7840666ef63"/></classifier><documentation humanName="Documentation"/><name humanName="Name" mode="s,e"/><ownedElement humanName="Owned Element"><slot classType="Slot" humanType="Slot" icon="AutomotiveCaseStudy_files/icon_slot_780071655.svg" refid="8a10391f-f43e-4340-8f24-f095b07a32d2"/><slot classType="Slot" humanType="Slot" icon="AutomotiveCaseStudy_files/icon_slot_780071655.svg" refid="05835b0b-4fd3-4d71-9438-132c0e17fb7d"/></ownedElement><owner classType="Class" humanName="Owner" humanType="Class" icon="AutomotiveCaseStudy_files/icon_class_1682619279.svg" mode="s,e" name="Ex1:AdditionalCapacityExistingProduct" refid="e8d50213-fc85-46d5-aa79-f9f484fdfab2"/><qualifiedName humanName="Qualified Name" mode="e">0 - Automotive Production Mission Reference Architecture::1 - Business Function Concept pkg::1.1 - Business Function Needs &amp; Objectives pkg::TopLevelBusinessNeed::Ex1:AdditionalCapacityExistingProduct::</qualifiedName><slot humanName="Slot"><slot classType="Slot" humanType="Slot" icon="AutomotiveCaseStudy_files/icon_slot_780071655.svg" refid="8a10391f-f43e-4340-8f24-f095b07a32d2"/><slot classType="Slot" humanType="Slot" icon="AutomotiveCaseStudy_files/icon_slot_780071655.svg" refid="05835b0b-4fd3-4d71-9438-132c0e17fb7d"/></slot><stereotypedElement classType="Class" humanName="Stereotyped Element" humanType="Class" icon="AutomotiveCaseStudy_files/icon_class_1682619279.svg" name="Ex1:AdditionalCapacityExistingProduct" refid="e8d50213-fc85-46d5-aa79-f9f484fdfab2"/><TO_DO humanName="To Do" mode="s,e"/><visibility humanName="Visibility">public</visibility></instancespecification></magicdraw>