<?xml version="1.0" encoding="UTF-8"?><magicdraw><slot classType="Slot" humanType="Slot" icon="AutomotiveCaseStudy_files/icon_slot_355231286.svg" id="49a3295f-69ad-4293-9a53-ce9c3e30e2fe"><definingFeature classType="Property" humanName="Defining Feature" humanType="Property" icon="AutomotiveCaseStudy_files/icon_property_2135874046.svg" mode="s,e" name="Text" refid="276f8ce5-69de-4660-87a3-7a7b5d0e6546"/><documentation humanName="Documentation"/><ownedElement humanName="Owned Element"><literalstring classType="LiteralString" humanType="Literal String" icon="AutomotiveCaseStudy_files/icon_literalstring_2037275532.svg" name=" " refid="3fbdb94e-5ed1-4eb6-b372-1795f02281fb" text=" "/></ownedElement><owner classType="InstanceSpecification" humanName="Owner" humanType="Instance Specification" icon="AutomotiveCaseStudy_files/icon_instancespecification_13643661.svg" mode="s,e" name=" : SysML::Non-Normative Extensions::Requirement::performanceRequirement" refid="85970211-0976-4eed-ade3-4b6d64617ac1"/><owningInstance classType="InstanceSpecification" humanName="Owning Instance" humanType="Instance Specification" icon="AutomotiveCaseStudy_files/icon_instancespecification_13643661.svg" name=" : SysML::Non-Normative Extensions::Requirement::performanceRequirement" refid="85970211-0976-4eed-ade3-4b6d64617ac1"/><TO_DO humanName="To Do" mode="s,e"/><value humanName="Value" mode="s,e"><literalstring classType="LiteralString" humanType="Literal String" icon="AutomotiveCaseStudy_files/icon_literalstring_2037275532.svg" name=" " refid="3fbdb94e-5ed1-4eb6-b372-1795f02281fb" text=" "/></value></slot></magicdraw>