<?xml version="1.0" encoding="UTF-8"?><magicdraw><elementvalue classType="ElementValue" humanType="Element Value" icon="AutomotiveCaseStudy_files/icon_elementvalue_1556274478.svg" id="49b4bc6c-9db5-497c-ba03-36fd2fe8ca64"><documentation humanName="Documentation"/><element classType="Class" humanName="Element" humanType="BusinessObjective" icon="AutomotiveCaseStudy_files/icon_businessobjective_1682619279.svg" mode="s,e" name="OpEx3:Reliability" refid="ddec0a80-bce0-49be-b3e9-26562bec3541"/><name humanName="Name"/><owner classType="Slot" humanName="Owner" humanType="Slot" icon="AutomotiveCaseStudy_files/icon_slot_355231286.svg" mode="e" refid="98a68b78-e30f-4a59-9f0d-5457bd62636a"/><owningSlot classType="Slot" humanName="Owning Slot" humanType="Slot" icon="AutomotiveCaseStudy_files/icon_slot_355231286.svg" refid="98a68b78-e30f-4a59-9f0d-5457bd62636a"/><qualifiedName humanName="Qualified Name"/><text humanName="Text" mode="standard">OpEx3:Reliability</text><TO_DO humanName="To Do"/><TYPE_MODIFIER humanName="Type Modifier"/><visibility humanName="Visibility">public</visibility></elementvalue></magicdraw>