<?xml version="1.0" encoding="UTF-8"?><magicdraw><slot classType="Slot" humanType="Slot" icon="AutomotiveCaseStudy_files/icon_slot_780071655.svg" id="4a3262ac-e9a9-47ee-84da-3049a582ea8a"><definingFeature classType="Property" humanName="Defining Feature" humanType="Property" icon="AutomotiveCaseStudy_files/icon_property_3315346.svg" mode="s,e" name="stakeholder" refid="23ebff80-df22-47e1-9b24-ef7624033fa6"/><documentation humanName="Documentation"/><ownedElement humanName="Owned Element"><elementvalue classType="ElementValue" humanType="Element Value" icon="AutomotiveCaseStudy_files/icon_elementvalue_2088572563.svg" name="Suppliers" refid="f55f73c0-ec0a-4064-8353-cb9e778b4ba3" text="Suppliers"/></ownedElement><owner classType="InstanceSpecification" humanName="Owner" humanType="Instance Specification" icon="AutomotiveCaseStudy_files/icon_instancespecification_13643661.svg" mode="s,e" name=" : 0 - Automotive Production Mission Reference Architecture::1 - Business Function Concept pkg::1.3 - Stakeholder Concerns pkg::StakeholderConcern" refid="88dc2dcc-1da5-4bb0-b27b-512e79c7419c"/><owningInstance classType="InstanceSpecification" humanName="Owning Instance" humanType="Instance Specification" icon="AutomotiveCaseStudy_files/icon_instancespecification_13643661.svg" name=" : 0 - Automotive Production Mission Reference Architecture::1 - Business Function Concept pkg::1.3 - Stakeholder Concerns pkg::StakeholderConcern" refid="88dc2dcc-1da5-4bb0-b27b-512e79c7419c"/><TO_DO humanName="To Do" mode="s,e"/><value humanName="Value" mode="s,e"><elementvalue classType="ElementValue" humanType="Element Value" icon="AutomotiveCaseStudy_files/icon_elementvalue_2088572563.svg" name="Suppliers" refid="f55f73c0-ec0a-4064-8353-cb9e778b4ba3" text="Suppliers"/></value></slot></magicdraw>