<?xml version="1.0" encoding="UTF-8"?><magicdraw><slot classType="Slot" humanType="Slot" icon="AutomotiveCaseStudy_files/icon_slot_355231286.svg" id="4a9166d1-cd54-42ba-bffb-7cc5ca21428a"><definingFeature classType="Property" humanName="Defining Feature" humanType="Property" icon="AutomotiveCaseStudy_files/icon_property_2135874046.svg" mode="s,e" name="rowsOrder" refid="65e063ee-42c5-4b40-90e4-d82de5a8feaa"/><documentation humanName="Documentation"/><ownedElement humanName="Owned Element"><literalstring classType="LiteralString" humanType="Literal String" icon="AutomotiveCaseStudy_files/icon_literalstring_2037275532.svg" name="b5c27fde-bebe-4184-af05-9e02f6a33c32:42a0f9c4-f345-4f4d-94bf-3088988803a7:31299a89-f2ec-47be-a76b-10544833b2d3:7ddf2e12-6b37-4fc5-bf14-45420624dd7b:9a45334c-0f6a-431e-9a25-ed5a233028f9" refid="37e97755-ea16-4749-bf1a-6b59e1424174" text="b5c27fde-bebe-4184-af05-9e02f6a33c32:42a0f9c4-f345-4f4d-94bf-3088988803a7:31299a89-f2ec-47be-a76b-10544833b2d3:7ddf2e12-6b37-4fc5-bf14-45420624dd7b:9a45334c-0f6a-431e-9a25-ed5a233028f9"/></ownedElement><owner classType="InstanceSpecification" humanName="Owner" humanType="Instance Specification" icon="AutomotiveCaseStudy_files/icon_instancespecification_13643661.svg" mode="s,e" name=" : MD Customization for Requirements::additional_stereotypes::RequirementTable, UML Standard Profile::MagicDraw Profile::DiagramTable, UML Standard Profile::MagicDraw Profile::DiagramInfo" refid="71024529-329c-4f81-830f-e083d5f9e343"/><owningInstance classType="InstanceSpecification" humanName="Owning Instance" humanType="Instance Specification" icon="AutomotiveCaseStudy_files/icon_instancespecification_13643661.svg" name=" : MD Customization for Requirements::additional_stereotypes::RequirementTable, UML Standard Profile::MagicDraw Profile::DiagramTable, UML Standard Profile::MagicDraw Profile::DiagramInfo" refid="71024529-329c-4f81-830f-e083d5f9e343"/><TO_DO humanName="To Do" mode="s,e"/><value humanName="Value" mode="s,e"><literalstring classType="LiteralString" humanType="Literal String" icon="AutomotiveCaseStudy_files/icon_literalstring_2037275532.svg" name="b5c27fde-bebe-4184-af05-9e02f6a33c32:42a0f9c4-f345-4f4d-94bf-3088988803a7:31299a89-f2ec-47be-a76b-10544833b2d3:7ddf2e12-6b37-4fc5-bf14-45420624dd7b:9a45334c-0f6a-431e-9a25-ed5a233028f9" refid="37e97755-ea16-4749-bf1a-6b59e1424174" text="b5c27fde-bebe-4184-af05-9e02f6a33c32:42a0f9c4-f345-4f4d-94bf-3088988803a7:31299a89-f2ec-47be-a76b-10544833b2d3:7ddf2e12-6b37-4fc5-bf14-45420624dd7b:9a45334c-0f6a-431e-9a25-ed5a233028f9"/></value></slot></magicdraw>