<?xml version="1.0" encoding="UTF-8"?><magicdraw><literalstring classType="LiteralString" humanType="Literal String" icon="AutomotiveCaseStudy_files/icon_literalstring_242907379.svg" id="4ac2d2dd-d0fc-4dc2-a8a9-e46e4ff19486"><documentation humanName="Documentation"/><name humanName="Name"/><owner classType="Slot" humanName="Owner" humanType="Slot" icon="AutomotiveCaseStudy_files/icon_slot_780071655.svg" mode="e" refid="6e5355b0-16d3-489f-9d35-fa32892040da"/><owningSlot classType="Slot" humanName="Owning Slot" humanType="Slot" icon="AutomotiveCaseStudy_files/icon_slot_780071655.svg" refid="6e5355b0-16d3-489f-9d35-fa32892040da"/><qualifiedName humanName="Qualified Name"/><text humanName="Text" mode="standard">4/17/20 2:51 PM</text><TO_DO humanName="To Do"/><TYPE_MODIFIER humanName="Type Modifier"/><value humanName="Value" mode="s,e">4/17/20 2:51 PM</value><visibility humanName="Visibility">public</visibility></literalstring></magicdraw>