<?xml version="1.0" encoding="UTF-8"?><magicdraw><literalstring classType="LiteralString" humanType="Literal String" icon="AutomotiveCaseStudy_files/icon_literalstring_242907379.svg" id="4ad7663c-6dac-4e99-a8fd-2d083dbcca6c"><documentation humanName="Documentation"/><name humanName="Name"/><owner classType="Slot" humanName="Owner" humanType="Slot" icon="AutomotiveCaseStudy_files/icon_slot_780071655.svg" mode="e" refid="36324cfa-0ede-4dfe-825b-b243e53fc8cb"/><owningSlot classType="Slot" humanName="Owning Slot" humanType="Slot" icon="AutomotiveCaseStudy_files/icon_slot_780071655.svg" refid="36324cfa-0ede-4dfe-825b-b243e53fc8cb"/><qualifiedName humanName="Qualified Name"/><text humanName="Text" mode="standard">51</text><TO_DO humanName="To Do"/><TYPE_MODIFIER humanName="Type Modifier"/><value humanName="Value" mode="s,e">51</value><visibility humanName="Visibility">public</visibility></literalstring></magicdraw>