<?xml version="1.0" encoding="UTF-8"?><magicdraw><comment classType="Comment" humanType="Comment" icon="AutomotiveCaseStudy_files/icon_comment_794517456.svg" id="4af5293e-2b2f-44e9-805f-dec19868c3b2"><annotatedElement humanName="Annotated Element" mode="s,e"><performancerequirement classType="Class" humanType="Performance Requirement" icon="AutomotiveCaseStudy_files/icon_performancerequirement_1011640708.svg" name="Perfect Condition" refid="29880b48-c095-48cf-b8a9-13200653dddc"/></annotatedElement><body humanName="Body" mode="s,e">Percentage of orders delivered in an undamaged state that meet specification, have the
correct configuration, are faultlessly installed (as applicable), and accepted by the customer</body><documentation humanName="Documentation"/><owner classType="Class" humanName="Owner" humanType="Performance Requirement" icon="AutomotiveCaseStudy_files/icon_performancerequirement_1011640708.svg" mode="s,e" name="Perfect Condition" refid="29880b48-c095-48cf-b8a9-13200653dddc"/><owningElement classType="Class" humanName="Owning Element" humanType="Performance Requirement" icon="AutomotiveCaseStudy_files/icon_performancerequirement_1011640708.svg" name="Perfect Condition" refid="29880b48-c095-48cf-b8a9-13200653dddc"/><TO_DO humanName="To Do" mode="s,e"/></comment></magicdraw>