<?xml version="1.0" encoding="UTF-8"?><magicdraw><literalstring classType="LiteralString" humanType="Literal String" icon="AutomotiveCaseStudy_files/icon_literalstring_242907379.svg" id="4b2eadfb-60a1-4c6a-a10c-84f7130b49a8"><documentation humanName="Documentation"/><name humanName="Name"/><owner classType="Slot" humanName="Owner" humanType="Slot" icon="AutomotiveCaseStudy_files/icon_slot_780071655.svg" mode="e" refid="b0020a05-fab3-4cf4-8f03-1665fd285ada"/><owningSlot classType="Slot" humanName="Owning Slot" humanType="Slot" icon="AutomotiveCaseStudy_files/icon_slot_780071655.svg" refid="b0020a05-fab3-4cf4-8f03-1665fd285ada"/><qualifiedName humanName="Qualified Name"/><text humanName="Text" mode="standard">tsprock</text><TO_DO humanName="To Do"/><TYPE_MODIFIER humanName="Type Modifier"/><value humanName="Value" mode="s,e">tsprock</value><visibility humanName="Visibility">public</visibility></literalstring></magicdraw>