<?xml version="1.0" encoding="UTF-8"?><magicdraw><slot classType="Slot" humanType="Slot" icon="AutomotiveCaseStudy_files/icon_slot_780071655.svg" id="4bd94814-bc85-41f1-806d-ca4d994e2728"><definingFeature classType="Property" humanName="Defining Feature" humanType="Property" icon="AutomotiveCaseStudy_files/icon_property_3315346.svg" mode="s,e" name="stakeholder" refid="23ebff80-df22-47e1-9b24-ef7624033fa6"/><documentation humanName="Documentation"/><ownedElement humanName="Owned Element"><elementvalue classType="ElementValue" humanType="Element Value" icon="AutomotiveCaseStudy_files/icon_elementvalue_2088572563.svg" name="Quality" refid="800d36c0-adaf-4c6a-bc2f-588e331fffb0" text="Quality"/></ownedElement><owner classType="InstanceSpecification" humanName="Owner" humanType="Instance Specification" icon="AutomotiveCaseStudy_files/icon_instancespecification_13643661.svg" mode="s,e" name=" : 0 - Automotive Production Mission Reference Architecture::1 - Mission Stakeholders pkg::1.1 - Mission Stakeholders pkg::StakeholderConcern" refid="803d0b35-62af-4c07-af69-23f57666c865"/><owningInstance classType="InstanceSpecification" humanName="Owning Instance" humanType="Instance Specification" icon="AutomotiveCaseStudy_files/icon_instancespecification_13643661.svg" name=" : 0 - Automotive Production Mission Reference Architecture::1 - Mission Stakeholders pkg::1.1 - Mission Stakeholders pkg::StakeholderConcern" refid="803d0b35-62af-4c07-af69-23f57666c865"/><TO_DO humanName="To Do" mode="s,e"/><value humanName="Value" mode="s,e"><elementvalue classType="ElementValue" humanType="Element Value" icon="AutomotiveCaseStudy_files/icon_elementvalue_2088572563.svg" name="Quality" refid="800d36c0-adaf-4c6a-bc2f-588e331fffb0" text="Quality"/></value></slot></magicdraw>