<?xml version="1.0" encoding="UTF-8"?><magicdraw><instancespecification classType="InstanceSpecification" humanType="Instance Specification" icon="AutomotiveCaseStudy_files/icon_instancespecification_13643661.svg" id="4cb33f3e-31e1-4d9d-b5c1-4e8bc855e96a"><classifier humanName="Classifier" mode="s,e"><stereotype classType="Stereotype" humanType="Stereotype" icon="AutomotiveCaseStudy_files/icon_stereotype_1751427415.svg" name="performanceRequirement" refid="b74418d7-7796-45c0-82f9-64a12d9a2790"/></classifier><documentation humanName="Documentation"/><name humanName="Name" mode="s,e"/><ownedElement humanName="Owned Element"><slot classType="Slot" humanType="Slot" icon="AutomotiveCaseStudy_files/icon_slot_780071655.svg" refid="c06f62c3-1ec3-4a05-a4b5-ad521b2d61d5"/><slot classType="Slot" humanType="Slot" icon="AutomotiveCaseStudy_files/icon_slot_780071655.svg" refid="d76b944c-ddea-4d09-a0d2-36413454263c"/></ownedElement><owner classType="Class" humanName="Owner" humanType="Performance Requirement" icon="AutomotiveCaseStudy_files/icon_performancerequirement_1751427415.svg" mode="s,e" name="Upside Source Adaptability" refid="9cf131a9-8abe-4711-818a-b060badd0bfa"/><qualifiedName humanName="Qualified Name" mode="e">0 - Automotive Production Mission Reference Architecture::4 - Requirements pkg::4.1 - L1 Enterprise Requirements pkg::Performance_Requirements::Agility::Upside Supply Chain Adaptability::Upside Source Adaptability::</qualifiedName><slot humanName="Slot"><slot classType="Slot" humanType="Slot" icon="AutomotiveCaseStudy_files/icon_slot_780071655.svg" refid="c06f62c3-1ec3-4a05-a4b5-ad521b2d61d5"/><slot classType="Slot" humanType="Slot" icon="AutomotiveCaseStudy_files/icon_slot_780071655.svg" refid="d76b944c-ddea-4d09-a0d2-36413454263c"/></slot><stereotypedElement classType="Class" humanName="Stereotyped Element" humanType="Performance Requirement" icon="AutomotiveCaseStudy_files/icon_performancerequirement_1751427415.svg" name="Upside Source Adaptability" refid="9cf131a9-8abe-4711-818a-b060badd0bfa"/><TO_DO humanName="To Do" mode="s,e"/><visibility humanName="Visibility">public</visibility></instancespecification></magicdraw>