<?xml version="1.0" encoding="UTF-8"?><magicdraw><instancespecification classType="InstanceSpecification" humanType="Instance Specification" icon="AutomotiveCaseStudy_files/icon_instancespecification_13643661.svg" id="4cb86059-8520-4c6d-94c0-bdb53e78aea9"><classifier humanName="Classifier" mode="s,e"><stereotype classType="Stereotype" humanType="Stereotype" icon="AutomotiveCaseStudy_files/icon_stereotype_918307166.svg" name="StakeholderConcern" refid="0523df55-f46a-455d-93a5-4642a88f69b8"/></classifier><documentation humanName="Documentation"/><name humanName="Name" mode="s,e"/><ownedElement humanName="Owned Element"><slot classType="Slot" humanType="Slot" icon="AutomotiveCaseStudy_files/icon_slot_780071655.svg" refid="e72337d1-53f9-431e-be6e-f34f667bcec7"/><slot classType="Slot" humanType="Slot" icon="AutomotiveCaseStudy_files/icon_slot_780071655.svg" refid="47a8a2f8-2829-423c-be2e-f95b71b44306"/><slot classType="Slot" humanType="Slot" icon="AutomotiveCaseStudy_files/icon_slot_780071655.svg" refid="45749cc5-a57e-46df-b72f-2e521576ebb6"/></ownedElement><owner classType="Class" humanName="Owner" humanType="StakeholderConcern" icon="AutomotiveCaseStudy_files/icon_stakeholderconcern_1682619279.svg" mode="s,e" name="ConsumerProtection" refid="579ac27d-88e9-4732-b974-e4f7d0662308"/><qualifiedName humanName="Qualified Name" mode="e">0 - Automotive Production Mission Reference Architecture::1 - Business Function Concept pkg::1.3 - Stakeholder Concerns pkg::Regulation_Concerns::ConsumerProtection::</qualifiedName><slot humanName="Slot"><slot classType="Slot" humanType="Slot" icon="AutomotiveCaseStudy_files/icon_slot_780071655.svg" refid="e72337d1-53f9-431e-be6e-f34f667bcec7"/><slot classType="Slot" humanType="Slot" icon="AutomotiveCaseStudy_files/icon_slot_780071655.svg" refid="47a8a2f8-2829-423c-be2e-f95b71b44306"/><slot classType="Slot" humanType="Slot" icon="AutomotiveCaseStudy_files/icon_slot_780071655.svg" refid="45749cc5-a57e-46df-b72f-2e521576ebb6"/></slot><stereotypedElement classType="Class" humanName="Stereotyped Element" humanType="StakeholderConcern" icon="AutomotiveCaseStudy_files/icon_stakeholderconcern_1682619279.svg" name="ConsumerProtection" refid="579ac27d-88e9-4732-b974-e4f7d0662308"/><TO_DO humanName="To Do" mode="s,e"/><visibility humanName="Visibility">public</visibility></instancespecification></magicdraw>