<?xml version="1.0" encoding="UTF-8"?><magicdraw><literalstring classType="LiteralString" humanType="Literal String" icon="AutomotiveCaseStudy_files/icon_literalstring_2037275532.svg" id="4d1fd6ff-cf22-4c3d-8595-041a0482c5b6"><documentation humanName="Documentation"/><name humanName="Name"/><owner classType="Slot" humanName="Owner" humanType="Slot" icon="AutomotiveCaseStudy_files/icon_slot_355231286.svg" mode="e" refid="6b50589d-5270-41c7-bb77-7a07186f82aa"/><owningSlot classType="Slot" humanName="Owning Slot" humanType="Slot" icon="AutomotiveCaseStudy_files/icon_slot_355231286.svg" refid="6b50589d-5270-41c7-bb77-7a07186f82aa"/><qualifiedName humanName="Qualified Name"/><text humanName="Text" mode="standard">53.2</text><TO_DO humanName="To Do"/><TYPE_MODIFIER humanName="Type Modifier"/><value humanName="Value" mode="s,e">53.2</value><visibility humanName="Visibility">public</visibility></literalstring></magicdraw>