<?xml version="1.0" encoding="UTF-8"?><magicdraw><package classType="Package" humanType="Package" icon="AutomotiveCaseStudy_files/icon_package_1622863652.svg" id="4d833fcd-ecc7-46a8-8abb-a45f2e20e6ee"><documentation humanName="Documentation"/><member humanName="Member"><performancerequirement classType="Class" humanType="Performance Requirement" icon="AutomotiveCaseStudy_files/icon_performancerequirement_1751427415.svg" name="Cost of Goods Sold" refid="27a2a876-d5d7-47d3-ae5e-9feb3462a622"/><performancerequirement classType="Class" humanType="Performance Requirement" icon="AutomotiveCaseStudy_files/icon_performancerequirement_1751427415.svg" name="Total Production Management Cost" refid="345643f7-f34b-4cc1-8cf6-0ad83df124ff"/></member><name humanName="Name" mode="s,e">Cost</name><namespace classType="Package" humanName="Namespace" humanType="Package" icon="AutomotiveCaseStudy_files/icon_package_1622863652.svg" name="Performance_Requirements" refid="e5e18aa4-6c5e-48c4-8145-ae4be690b3bc"/><nestingPackage classType="Package" humanName="Nesting Package" humanType="Package" icon="AutomotiveCaseStudy_files/icon_package_1622863652.svg" name="Performance_Requirements" refid="e5e18aa4-6c5e-48c4-8145-ae4be690b3bc"/><ownedElement humanName="Owned Element"><performancerequirement classType="Class" humanType="Performance Requirement" icon="AutomotiveCaseStudy_files/icon_performancerequirement_1751427415.svg" name="Cost of Goods Sold" refid="27a2a876-d5d7-47d3-ae5e-9feb3462a622"/><performancerequirement classType="Class" humanType="Performance Requirement" icon="AutomotiveCaseStudy_files/icon_performancerequirement_1751427415.svg" name="Total Production Management Cost" refid="345643f7-f34b-4cc1-8cf6-0ad83df124ff"/></ownedElement><ownedMember humanName="Owned Member"><performancerequirement classType="Class" humanType="Performance Requirement" icon="AutomotiveCaseStudy_files/icon_performancerequirement_1751427415.svg" name="Cost of Goods Sold" refid="27a2a876-d5d7-47d3-ae5e-9feb3462a622"/><performancerequirement classType="Class" humanType="Performance Requirement" icon="AutomotiveCaseStudy_files/icon_performancerequirement_1751427415.svg" name="Total Production Management Cost" refid="345643f7-f34b-4cc1-8cf6-0ad83df124ff"/></ownedMember><ownedType humanName="Owned Type"><performancerequirement classType="Class" humanType="Performance Requirement" icon="AutomotiveCaseStudy_files/icon_performancerequirement_1751427415.svg" name="Cost of Goods Sold" refid="27a2a876-d5d7-47d3-ae5e-9feb3462a622"/><performancerequirement classType="Class" humanType="Performance Requirement" icon="AutomotiveCaseStudy_files/icon_performancerequirement_1751427415.svg" name="Total Production Management Cost" refid="345643f7-f34b-4cc1-8cf6-0ad83df124ff"/></ownedType><owner classType="Package" humanName="Owner" humanType="Package" icon="AutomotiveCaseStudy_files/icon_package_1622863652.svg" mode="s,e" name="Performance_Requirements" refid="e5e18aa4-6c5e-48c4-8145-ae4be690b3bc"/><owningPackage classType="Package" humanName="Owning Package" humanType="Package" icon="AutomotiveCaseStudy_files/icon_package_1622863652.svg" name="Performance_Requirements" refid="e5e18aa4-6c5e-48c4-8145-ae4be690b3bc"/><packagedElement humanName="Packaged Element"><performancerequirement classType="Class" humanType="Performance Requirement" icon="AutomotiveCaseStudy_files/icon_performancerequirement_1751427415.svg" name="Cost of Goods Sold" refid="27a2a876-d5d7-47d3-ae5e-9feb3462a622"/><performancerequirement classType="Class" humanType="Performance Requirement" icon="AutomotiveCaseStudy_files/icon_performancerequirement_1751427415.svg" name="Total Production Management Cost" refid="345643f7-f34b-4cc1-8cf6-0ad83df124ff"/></packagedElement><qualifiedName humanName="Qualified Name" mode="e">0 - Automotive Production Mission Reference Architecture::4 - Requirements pkg::4.1 - L1 Enterprise Requirements pkg::4.1.2 - Making/Production Requirements - pkg::Performance_Requirements::Cost</qualifiedName><TO_DO humanName="To Do" mode="s,e"/><URI humanName="URI" mode="e"/><visibility humanName="Visibility">public</visibility></package></magicdraw>