<?xml version="1.0" encoding="UTF-8"?><magicdraw><elementvalue classType="ElementValue" humanType="Element Value" icon="AutomotiveCaseStudy_files/icon_elementvalue_1556274478.svg" id="4d8dd9a3-7a25-4104-954a-34cfefa0014b"><documentation humanName="Documentation"/><element classType="Actor" humanName="Element" humanType="Actor" icon="AutomotiveCaseStudy_files/icon_actor_1378559537.svg" mode="s,e" name="Regulators" refid="0b661f6d-676d-4ddb-aa2d-a963c9b7d314"/><name humanName="Name"/><owner classType="Slot" humanName="Owner" humanType="Slot" icon="AutomotiveCaseStudy_files/icon_slot_355231286.svg" mode="e" refid="c53c2a46-7ef5-4240-9e1e-f1620a204bd2"/><owningSlot classType="Slot" humanName="Owning Slot" humanType="Slot" icon="AutomotiveCaseStudy_files/icon_slot_355231286.svg" refid="c53c2a46-7ef5-4240-9e1e-f1620a204bd2"/><qualifiedName humanName="Qualified Name"/><text humanName="Text" mode="standard">Regulators</text><TO_DO humanName="To Do"/><TYPE_MODIFIER humanName="Type Modifier"/><visibility humanName="Visibility">public</visibility></elementvalue></magicdraw>