<?xml version="1.0" encoding="UTF-8"?><magicdraw><literalstring classType="LiteralString" humanType="Literal String" icon="AutomotiveCaseStudy_files/icon_literalstring_242907379.svg" id="4de5bb07-fe2b-4fcd-a823-87769e192dc9"><documentation humanName="Documentation"/><name humanName="Name"/><owner classType="Slot" humanName="Owner" humanType="Slot" icon="AutomotiveCaseStudy_files/icon_slot_780071655.svg" mode="e" refid="8f003050-8f04-4fdb-ac1a-626aac79ec98"/><owningSlot classType="Slot" humanName="Owning Slot" humanType="Slot" icon="AutomotiveCaseStudy_files/icon_slot_780071655.svg" refid="8f003050-8f04-4fdb-ac1a-626aac79ec98"/><qualifiedName humanName="Qualified Name"/><text humanName="Text" mode="standard">40.6</text><TO_DO humanName="To Do"/><TYPE_MODIFIER humanName="Type Modifier"/><value humanName="Value" mode="s,e">40.6</value><visibility humanName="Visibility">public</visibility></literalstring></magicdraw>