<?xml version="1.0" encoding="UTF-8"?><magicdraw><slot classType="Slot" humanType="Slot" icon="AutomotiveCaseStudy_files/icon_slot_355231286.svg" id="4df3124f-575d-4a74-ab63-14bc6a35c916"><definingFeature classType="Property" humanName="Defining Feature" humanType="Property" icon="AutomotiveCaseStudy_files/icon_property_2135874046.svg" mode="s,e" name="Text" refid="276f8ce5-69de-4660-87a3-7a7b5d0e6546"/><documentation humanName="Documentation"/><ownedElement humanName="Owned Element"><literalstring classType="LiteralString" humanType="Literal String" icon="AutomotiveCaseStudy_files/icon_literalstring_2037275532.svg" name="Operational Excellence - increase reliability of operations" refid="f8c5ccc9-91e3-418a-93a3-96b6ee60025e" text="Operational Excellence - increase reliability of operations"/></ownedElement><owner classType="InstanceSpecification" humanName="Owner" humanType="Instance Specification" icon="AutomotiveCaseStudy_files/icon_instancespecification_13643661.svg" mode="s,e" name=" : 0 - Automotive Production Mission Reference Architecture::1 - Stakeholders pkg::1.1 - Business Function pkg::1.1.2 Needs &amp; Objectives pkg::BusinessObjective" refid="686ba549-a91c-415e-aaef-b2b747d646fb"/><owningInstance classType="InstanceSpecification" humanName="Owning Instance" humanType="Instance Specification" icon="AutomotiveCaseStudy_files/icon_instancespecification_13643661.svg" name=" : 0 - Automotive Production Mission Reference Architecture::1 - Stakeholders pkg::1.1 - Business Function pkg::1.1.2 Needs &amp; Objectives pkg::BusinessObjective" refid="686ba549-a91c-415e-aaef-b2b747d646fb"/><TO_DO humanName="To Do" mode="s,e"/><value humanName="Value" mode="s,e"><literalstring classType="LiteralString" humanType="Literal String" icon="AutomotiveCaseStudy_files/icon_literalstring_2037275532.svg" name="Operational Excellence - increase reliability of operations" refid="f8c5ccc9-91e3-418a-93a3-96b6ee60025e" text="Operational Excellence - increase reliability of operations"/></value></slot></magicdraw>