<?xml version="1.0" encoding="UTF-8"?><magicdraw><comment classType="Comment" humanType="Comment" icon="AutomotiveCaseStudy_files/icon_comment_794517456.svg" id="4df88756-7c69-40b6-a09a-723db2315688"><annotatedElement humanName="Annotated Element" mode="s,e"><performancerequirement classType="Class" humanType="Performance Requirement" icon="AutomotiveCaseStudy_files/icon_performancerequirement_1011640708.svg" name="Days Payable Outstanding" refid="8ae960ae-11e9-420e-a2ca-c0ff2d9c40f7"/></annotatedElement><body humanName="Body" mode="s,e">The length of time from purchasing materials, labor and/
or conversion resources until cash payments must be made expressed in days.</body><documentation humanName="Documentation"/><owner classType="Class" humanName="Owner" humanType="Performance Requirement" icon="AutomotiveCaseStudy_files/icon_performancerequirement_1011640708.svg" mode="s,e" name="Days Payable Outstanding" refid="8ae960ae-11e9-420e-a2ca-c0ff2d9c40f7"/><owningElement classType="Class" humanName="Owning Element" humanType="Performance Requirement" icon="AutomotiveCaseStudy_files/icon_performancerequirement_1011640708.svg" name="Days Payable Outstanding" refid="8ae960ae-11e9-420e-a2ca-c0ff2d9c40f7"/><TO_DO humanName="To Do" mode="s,e"/></comment></magicdraw>