<?xml version="1.0" encoding="UTF-8"?><magicdraw><comment classType="Comment" humanType="Comment" icon="AutomotiveCaseStudy_files/icon_comment_992361802.svg" id="4e3cd836-b5de-4150-aa63-fa378d5c08d7"><annotatedElement humanName="Annotated Element" mode="s,e"><performancerequirement classType="Class" humanType="Performance Requirement" icon="AutomotiveCaseStudy_files/icon_performancerequirement_1751427415.svg" name="Downside Make Adaptability" refid="b89a0668-e5c5-4ece-a0ad-9efbdf2a849b"/></annotatedElement><body humanName="Body" mode="s,e">The production reduction sustainable at 30 days prior to delivery with no inventory or cost penalties.</body><documentation humanName="Documentation"/><owner classType="Class" humanName="Owner" humanType="Performance Requirement" icon="AutomotiveCaseStudy_files/icon_performancerequirement_1751427415.svg" mode="s,e" name="Downside Make Adaptability" refid="b89a0668-e5c5-4ece-a0ad-9efbdf2a849b"/><owningElement classType="Class" humanName="Owning Element" humanType="Performance Requirement" icon="AutomotiveCaseStudy_files/icon_performancerequirement_1751427415.svg" name="Downside Make Adaptability" refid="b89a0668-e5c5-4ece-a0ad-9efbdf2a849b"/><TO_DO humanName="To Do" mode="s,e"/></comment></magicdraw>