<?xml version="1.0" encoding="UTF-8"?><magicdraw><literalinteger classType="LiteralInteger" humanType="Literal Integer" icon="AutomotiveCaseStudy_files/icon_literalinteger_1097231278.svg" id="4e55b0d0-58a9-4580-a8d1-47032c759934"><documentation humanName="Documentation"/><name humanName="Name"/><owner classType="Slot" humanName="Owner" humanType="Slot" icon="AutomotiveCaseStudy_files/icon_slot_355231286.svg" mode="e" refid="3e39d885-eaa5-43fe-95a7-08e9ddf983be"/><owningSlot classType="Slot" humanName="Owning Slot" humanType="Slot" icon="AutomotiveCaseStudy_files/icon_slot_355231286.svg" refid="3e39d885-eaa5-43fe-95a7-08e9ddf983be"/><qualifiedName humanName="Qualified Name"/><text humanName="Text" mode="standard">614</text><TO_DO humanName="To Do"/><TYPE_MODIFIER humanName="Type Modifier"/><value humanName="Value" mode="s,e">614</value><visibility humanName="Visibility">public</visibility></literalinteger></magicdraw>