<?xml version="1.0" encoding="UTF-8"?><magicdraw><instancespecification classType="InstanceSpecification" humanType="Instance Specification" icon="AutomotiveCaseStudy_files/icon_instancespecification_13643661.svg" id="4fb2a9d3-8ccf-4157-a01b-dc1581d44670"><classifier humanName="Classifier" mode="s,e"><stereotype classType="Stereotype" humanType="Stereotype" icon="AutomotiveCaseStudy_files/icon_stereotype_918307166.svg" name="additionalPackageImport" refid="a64a0b71-263a-4369-abb3-605160b57595"/></classifier><documentation humanName="Documentation"/><name humanName="Name" mode="s,e"/><ownedElement humanName="Owned Element"><slot classType="Slot" humanType="Slot" icon="AutomotiveCaseStudy_files/icon_slot_355231286.svg" refid="6b4790f2-7ec0-4ebe-8576-8357e7eb5c5a"/></ownedElement><owner classType="PackageImport" humanName="Owner" humanType="Package Import" icon="AutomotiveCaseStudy_files/icon_packageimport_755759908.svg" isRelationship="true" mode="s,e" refid="def5750a-2460-4386-900b-eef2a85b4760"/><qualifiedName humanName="Qualified Name" mode="e"/><slot humanName="Slot"><slot classType="Slot" humanType="Slot" icon="AutomotiveCaseStudy_files/icon_slot_355231286.svg" refid="6b4790f2-7ec0-4ebe-8576-8357e7eb5c5a"/></slot><stereotypedElement classType="PackageImport" humanName="Stereotyped Element" humanType="Package Import" icon="AutomotiveCaseStudy_files/icon_packageimport_755759908.svg" isRelationship="true" refid="def5750a-2460-4386-900b-eef2a85b4760"/><TO_DO humanName="To Do" mode="s,e"/><visibility humanName="Visibility">public</visibility></instancespecification></magicdraw>