<?xml version="1.0" encoding="UTF-8"?><magicdraw><slot classType="Slot" humanType="Slot" icon="AutomotiveCaseStudy_files/icon_slot_780071655.svg" id="5015413c-d1ad-49bc-bb47-7a03e2eaa95b"><definingFeature classType="Property" humanName="Defining Feature" humanType="Property" icon="AutomotiveCaseStudy_files/icon_property_3315346.svg" mode="s,e" name="stakeholder" refid="23ebff80-df22-47e1-9b24-ef7624033fa6"/><documentation humanName="Documentation"/><ownedElement humanName="Owned Element"><elementvalue classType="ElementValue" humanType="Element Value" icon="AutomotiveCaseStudy_files/icon_elementvalue_2088572563.svg" name="Regulators" refid="a5489a81-eb9c-4ab4-a2cf-f85203803c14" text="Regulators"/></ownedElement><owner classType="InstanceSpecification" humanName="Owner" humanType="Instance Specification" icon="AutomotiveCaseStudy_files/icon_instancespecification_13643661.svg" mode="s,e" name=" : 0 - Automotive Production Mission Reference Architecture::1 - Business Function Concept pkg::1.3 - Stakeholder Concerns pkg::StakeholderConcern" refid="64c579d8-e479-4dc6-b02a-2b5359d80284"/><owningInstance classType="InstanceSpecification" humanName="Owning Instance" humanType="Instance Specification" icon="AutomotiveCaseStudy_files/icon_instancespecification_13643661.svg" name=" : 0 - Automotive Production Mission Reference Architecture::1 - Business Function Concept pkg::1.3 - Stakeholder Concerns pkg::StakeholderConcern" refid="64c579d8-e479-4dc6-b02a-2b5359d80284"/><TO_DO humanName="To Do" mode="s,e"/><value humanName="Value" mode="s,e"><elementvalue classType="ElementValue" humanType="Element Value" icon="AutomotiveCaseStudy_files/icon_elementvalue_2088572563.svg" name="Regulators" refid="a5489a81-eb9c-4ab4-a2cf-f85203803c14" text="Regulators"/></value></slot></magicdraw>