<?xml version="1.0" encoding="UTF-8"?><magicdraw><instancespecification classType="InstanceSpecification" humanType="Instance Specification" icon="AutomotiveCaseStudy_files/icon_instancespecification_13643661.svg" id="506548ae-66c7-41d1-9fdd-207c242f088b"><classifier humanName="Classifier" mode="s,e"><stereotype classType="Stereotype" humanType="Stereotype" icon="AutomotiveCaseStudy_files/icon_stereotype_918307166.svg" name="DiagramInfo" refid="ace076d1-a486-4673-a2cc-4978d8b7f5a1"/><stereotype classType="Stereotype" humanType="Stereotype" icon="AutomotiveCaseStudy_files/icon_stereotype_918307166.svg" name="DiagramTable" refid="53c13861-71ec-4f90-a8fd-853e3a5ca966"/><stereotype classType="Stereotype" humanType="Stereotype" icon="AutomotiveCaseStudy_files/icon_stereotype_918307166.svg" name="RequirementTable" refid="49108a7e-7c70-46c4-94db-4967d7257d81"/></classifier><documentation humanName="Documentation"/><name humanName="Name" mode="s,e"/><ownedElement humanName="Owned Element"><slot classType="Slot" humanType="Slot" icon="AutomotiveCaseStudy_files/icon_slot_355231286.svg" refid="00eb1aa5-a233-4c6e-a1d0-5e8fad5fef73"/><slot classType="Slot" humanType="Slot" icon="AutomotiveCaseStudy_files/icon_slot_355231286.svg" refid="376193b4-b21a-4676-8820-40d9543da09b"/><slot classType="Slot" humanType="Slot" icon="AutomotiveCaseStudy_files/icon_slot_355231286.svg" refid="395f5653-e7af-45c5-8fb8-83932e45344f"/><slot classType="Slot" humanType="Slot" icon="AutomotiveCaseStudy_files/icon_slot_355231286.svg" refid="3281b279-aac0-4574-b43e-babd119ab868"/><slot classType="Slot" humanType="Slot" icon="AutomotiveCaseStudy_files/icon_slot_355231286.svg" refid="7250a97f-036e-4952-9046-78e3603d5581"/><slot classType="Slot" humanType="Slot" icon="AutomotiveCaseStudy_files/icon_slot_355231286.svg" refid="ff40c241-600a-499e-98df-ac6ab44b3219"/><slot classType="Slot" humanType="Slot" icon="AutomotiveCaseStudy_files/icon_slot_355231286.svg" refid="19a66db3-cd9d-423b-9518-5c0e1d5644d3"/><slot classType="Slot" humanType="Slot" icon="AutomotiveCaseStudy_files/icon_slot_355231286.svg" refid="121dbf32-87de-4683-83fe-dfe08b45a842"/><slot classType="Slot" humanType="Slot" icon="AutomotiveCaseStudy_files/icon_slot_355231286.svg" refid="a54d9590-a6d4-4b3c-8cba-75a486d790e2"/><slot classType="Slot" humanType="Slot" icon="AutomotiveCaseStudy_files/icon_slot_355231286.svg" refid="fbb0a3bd-9de4-4245-888d-3f650e3eb52e"/><slot classType="Slot" humanType="Slot" icon="AutomotiveCaseStudy_files/icon_slot_355231286.svg" refid="0300aad1-9ccb-41d4-b1fd-14543de9f9b8"/><slot classType="Slot" humanType="Slot" icon="AutomotiveCaseStudy_files/icon_slot_355231286.svg" refid="b90e2806-188e-4bb1-8f73-d3b550524c1c"/><slot classType="Slot" humanType="Slot" icon="AutomotiveCaseStudy_files/icon_slot_355231286.svg" refid="e631307d-62b1-4106-aed2-783aa0388c7e"/><slot classType="Slot" humanType="Slot" icon="AutomotiveCaseStudy_files/icon_slot_355231286.svg" refid="ccf6d00f-49a3-4a4f-bbb4-76757c8d2d54"/><slot classType="Slot" humanType="Slot" icon="AutomotiveCaseStudy_files/icon_slot_355231286.svg" refid="80a7677a-39b8-4db4-a790-198eebb6fe2e"/><slot classType="Slot" humanType="Slot" icon="AutomotiveCaseStudy_files/icon_slot_355231286.svg" refid="36e6ba47-112d-42fd-841d-821457731246"/><slot classType="Slot" humanType="Slot" icon="AutomotiveCaseStudy_files/icon_slot_355231286.svg" refid="98a68b78-e30f-4a59-9f0d-5457bd62636a"/><slot classType="Slot" humanType="Slot" icon="AutomotiveCaseStudy_files/icon_slot_355231286.svg" refid="be4ff76f-155e-451e-9191-32276f0776ca"/><slot classType="Slot" humanType="Slot" icon="AutomotiveCaseStudy_files/icon_slot_355231286.svg" refid="c3ee409c-47da-4c4f-839e-e1c7e891b1ef"/><slot classType="Slot" humanType="Slot" icon="AutomotiveCaseStudy_files/icon_slot_355231286.svg" refid="5b6960c1-19ad-4986-98b6-41eb96d55336"/></ownedElement><owner classType="Diagram" humanName="Owner" humanType="Diagram" icon="AutomotiveCaseStudy_files/icon_Requirement Table_1977655539.svg" mode="s,e" name="1.1 - Business Function Objectives " refid="d09730c7-0527-4624-9085-fef571fc5e39"/><qualifiedName humanName="Qualified Name" mode="e">0 - Automotive Production Mission Reference Architecture::1 - Stakeholders pkg::1.1 - Business Function pkg::1.1.2 Needs &amp; Objectives pkg::1.1 - Business Function Objectives ::</qualifiedName><slot humanName="Slot"><slot classType="Slot" humanType="Slot" icon="AutomotiveCaseStudy_files/icon_slot_355231286.svg" refid="00eb1aa5-a233-4c6e-a1d0-5e8fad5fef73"/><slot classType="Slot" humanType="Slot" icon="AutomotiveCaseStudy_files/icon_slot_355231286.svg" refid="376193b4-b21a-4676-8820-40d9543da09b"/><slot classType="Slot" humanType="Slot" icon="AutomotiveCaseStudy_files/icon_slot_355231286.svg" refid="395f5653-e7af-45c5-8fb8-83932e45344f"/><slot classType="Slot" humanType="Slot" icon="AutomotiveCaseStudy_files/icon_slot_355231286.svg" refid="3281b279-aac0-4574-b43e-babd119ab868"/><slot classType="Slot" humanType="Slot" icon="AutomotiveCaseStudy_files/icon_slot_355231286.svg" refid="7250a97f-036e-4952-9046-78e3603d5581"/><slot classType="Slot" humanType="Slot" icon="AutomotiveCaseStudy_files/icon_slot_355231286.svg" refid="ff40c241-600a-499e-98df-ac6ab44b3219"/><slot classType="Slot" humanType="Slot" icon="AutomotiveCaseStudy_files/icon_slot_355231286.svg" refid="19a66db3-cd9d-423b-9518-5c0e1d5644d3"/><slot classType="Slot" humanType="Slot" icon="AutomotiveCaseStudy_files/icon_slot_355231286.svg" refid="121dbf32-87de-4683-83fe-dfe08b45a842"/><slot classType="Slot" humanType="Slot" icon="AutomotiveCaseStudy_files/icon_slot_355231286.svg" refid="a54d9590-a6d4-4b3c-8cba-75a486d790e2"/><slot classType="Slot" humanType="Slot" icon="AutomotiveCaseStudy_files/icon_slot_355231286.svg" refid="fbb0a3bd-9de4-4245-888d-3f650e3eb52e"/><slot classType="Slot" humanType="Slot" icon="AutomotiveCaseStudy_files/icon_slot_355231286.svg" refid="0300aad1-9ccb-41d4-b1fd-14543de9f9b8"/><slot classType="Slot" humanType="Slot" icon="AutomotiveCaseStudy_files/icon_slot_355231286.svg" refid="b90e2806-188e-4bb1-8f73-d3b550524c1c"/><slot classType="Slot" humanType="Slot" icon="AutomotiveCaseStudy_files/icon_slot_355231286.svg" refid="e631307d-62b1-4106-aed2-783aa0388c7e"/><slot classType="Slot" humanType="Slot" icon="AutomotiveCaseStudy_files/icon_slot_355231286.svg" refid="ccf6d00f-49a3-4a4f-bbb4-76757c8d2d54"/><slot classType="Slot" humanType="Slot" icon="AutomotiveCaseStudy_files/icon_slot_355231286.svg" refid="80a7677a-39b8-4db4-a790-198eebb6fe2e"/><slot classType="Slot" humanType="Slot" icon="AutomotiveCaseStudy_files/icon_slot_355231286.svg" refid="36e6ba47-112d-42fd-841d-821457731246"/><slot classType="Slot" humanType="Slot" icon="AutomotiveCaseStudy_files/icon_slot_355231286.svg" refid="98a68b78-e30f-4a59-9f0d-5457bd62636a"/><slot classType="Slot" humanType="Slot" icon="AutomotiveCaseStudy_files/icon_slot_355231286.svg" refid="be4ff76f-155e-451e-9191-32276f0776ca"/><slot classType="Slot" humanType="Slot" icon="AutomotiveCaseStudy_files/icon_slot_355231286.svg" refid="c3ee409c-47da-4c4f-839e-e1c7e891b1ef"/><slot classType="Slot" humanType="Slot" icon="AutomotiveCaseStudy_files/icon_slot_355231286.svg" refid="5b6960c1-19ad-4986-98b6-41eb96d55336"/></slot><stereotypedElement classType="Diagram" humanName="Stereotyped Element" humanType="Diagram" icon="AutomotiveCaseStudy_files/icon_Requirement Table_1977655539.svg" name="1.1 - Business Function Objectives " refid="d09730c7-0527-4624-9085-fef571fc5e39"/><TO_DO humanName="To Do" mode="s,e"/><visibility humanName="Visibility">public</visibility></instancespecification></magicdraw>