<?xml version="1.0" encoding="UTF-8"?><magicdraw><literalstring classType="LiteralString" humanType="Literal String" icon="AutomotiveCaseStudy_files/icon_literalstring_2037275532.svg" id="51ce60cb-38a3-49cc-bbca-5901105cb249"><documentation humanName="Documentation"/><name humanName="Name"/><owner classType="Slot" humanName="Owner" humanType="Slot" icon="AutomotiveCaseStudy_files/icon_slot_355231286.svg" mode="e" refid="050324ce-511c-4383-816f-ed7d1c121824"/><owningSlot classType="Slot" humanName="Owning Slot" humanType="Slot" icon="AutomotiveCaseStudy_files/icon_slot_355231286.svg" refid="050324ce-511c-4383-816f-ed7d1c121824"/><qualifiedName humanName="Qualified Name"/><text humanName="Text" mode="standard">Are hazardous materials handling, discharged, and disposed of properly?</text><TO_DO humanName="To Do"/><TYPE_MODIFIER humanName="Type Modifier"/><value humanName="Value" mode="s,e">Are hazardous materials handling, discharged, and disposed of properly?</value><visibility humanName="Visibility">public</visibility></literalstring></magicdraw>