<?xml version="1.0" encoding="UTF-8"?><magicdraw><slot classType="Slot" humanType="Slot" icon="AutomotiveCaseStudy_files/icon_slot_780071655.svg" id="52476b38-22ff-4ed2-95b1-64e1d83c04a2"><definingFeature classType="Property" humanName="Defining Feature" humanType="Property" icon="AutomotiveCaseStudy_files/icon_property_3315346.svg" mode="s,e" name="Modification date" refid="eb997445-7ef5-44cc-8ecf-52c04d5a3c1b"/><documentation humanName="Documentation"/><ownedElement humanName="Owned Element"><literalstring classType="LiteralString" humanType="Literal String" icon="AutomotiveCaseStudy_files/icon_literalstring_242907379.svg" name="4/17/20 10:47 AM" refid="e6e76768-a75d-4f25-afcf-96e5efc7e90a" text="4/17/20 10:47 AM"/></ownedElement><owner classType="InstanceSpecification" humanName="Owner" humanType="Instance Specification" icon="AutomotiveCaseStudy_files/icon_instancespecification_13643661.svg" mode="s,e" name=" : UML Standard Profile::MagicDraw Profile::DiagramInfo" refid="dc4a76f0-829a-47e1-aa22-a2bc94a86005"/><owningInstance classType="InstanceSpecification" humanName="Owning Instance" humanType="Instance Specification" icon="AutomotiveCaseStudy_files/icon_instancespecification_13643661.svg" name=" : UML Standard Profile::MagicDraw Profile::DiagramInfo" refid="dc4a76f0-829a-47e1-aa22-a2bc94a86005"/><TO_DO humanName="To Do" mode="s,e"/><value humanName="Value" mode="s,e"><literalstring classType="LiteralString" humanType="Literal String" icon="AutomotiveCaseStudy_files/icon_literalstring_242907379.svg" name="4/17/20 10:47 AM" refid="e6e76768-a75d-4f25-afcf-96e5efc7e90a" text="4/17/20 10:47 AM"/></value></slot></magicdraw>