<?xml version="1.0" encoding="UTF-8"?><magicdraw><package classType="Package" humanType="Package" icon="AutomotiveCaseStudy_files/icon_package_1622863652.svg" id="52e9702a-c7bd-4a44-97d1-6c84b57821c0"><documentation humanName="Documentation"/><member humanName="Member"><package classType="Package" humanType="Package" icon="AutomotiveCaseStudy_files/icon_package_1622863652.svg" name="Capability Requirements" refid="2b2a891d-35a5-4551-ab12-2bab59f2feaf"/><package classType="Package" humanType="Package" icon="AutomotiveCaseStudy_files/icon_package_1622863652.svg" name="Capacity Requirements" refid="d158214a-6d2a-4277-b363-bb4cf7ce505b"/><package classType="Package" humanType="Package" icon="AutomotiveCaseStudy_files/icon_package_1622863652.svg" name="Financial Requirements" refid="ec1157ba-2ad3-4793-ae09-98ed5552a57c"/><package classType="Package" humanType="Package" icon="AutomotiveCaseStudy_files/icon_package_1622863652.svg" name="Performance_Requirements" refid="e5e18aa4-6c5e-48c4-8145-ae4be690b3bc"/><package classType="Package" humanType="Package" icon="AutomotiveCaseStudy_files/icon_package_1622863652.svg" name="Quality Requirements" refid="9490f0cc-8ca4-4cb7-9da0-a15534867cac"/><package classType="Package" humanType="Package" icon="AutomotiveCaseStudy_files/icon_package_1622863652.svg" name="Safety Requirements" refid="0415b6e6-1c8d-4933-aaa1-52a94f7a8d22"/><package classType="Package" humanType="Package" icon="AutomotiveCaseStudy_files/icon_package_1622863652.svg" name="Security Requirements" refid="62c601ec-34c5-4d65-a8d3-9d30c091745a"/></member><name humanName="Name" mode="s,e">4.1.2 - Making/Production Requirements - pkg</name><namespace classType="Package" humanName="Namespace" humanType="Package" icon="AutomotiveCaseStudy_files/icon_package_1622863652.svg" name="4.1 - L1 Enterprise Requirements pkg" refid="187f3b23-3444-4c6b-b392-c80cadc2d4ec"/><nestedPackage humanName="Nested Package"><package classType="Package" humanType="Package" icon="AutomotiveCaseStudy_files/icon_package_1622863652.svg" name="Capability Requirements" refid="2b2a891d-35a5-4551-ab12-2bab59f2feaf"/><package classType="Package" humanType="Package" icon="AutomotiveCaseStudy_files/icon_package_1622863652.svg" name="Capacity Requirements" refid="d158214a-6d2a-4277-b363-bb4cf7ce505b"/><package classType="Package" humanType="Package" icon="AutomotiveCaseStudy_files/icon_package_1622863652.svg" name="Financial Requirements" refid="ec1157ba-2ad3-4793-ae09-98ed5552a57c"/><package classType="Package" humanType="Package" icon="AutomotiveCaseStudy_files/icon_package_1622863652.svg" name="Performance_Requirements" refid="e5e18aa4-6c5e-48c4-8145-ae4be690b3bc"/><package classType="Package" humanType="Package" icon="AutomotiveCaseStudy_files/icon_package_1622863652.svg" name="Quality Requirements" refid="9490f0cc-8ca4-4cb7-9da0-a15534867cac"/><package classType="Package" humanType="Package" icon="AutomotiveCaseStudy_files/icon_package_1622863652.svg" name="Safety Requirements" refid="0415b6e6-1c8d-4933-aaa1-52a94f7a8d22"/><package classType="Package" humanType="Package" icon="AutomotiveCaseStudy_files/icon_package_1622863652.svg" name="Security Requirements" refid="62c601ec-34c5-4d65-a8d3-9d30c091745a"/></nestedPackage><nestingPackage classType="Package" humanName="Nesting Package" humanType="Package" icon="AutomotiveCaseStudy_files/icon_package_1622863652.svg" name="4.1 - L1 Enterprise Requirements pkg" refid="187f3b23-3444-4c6b-b392-c80cadc2d4ec"/><ownedElement humanName="Owned Element"><package classType="Package" humanType="Package" icon="AutomotiveCaseStudy_files/icon_package_1622863652.svg" name="Capability Requirements" refid="2b2a891d-35a5-4551-ab12-2bab59f2feaf"/><package classType="Package" humanType="Package" icon="AutomotiveCaseStudy_files/icon_package_1622863652.svg" name="Capacity Requirements" refid="d158214a-6d2a-4277-b363-bb4cf7ce505b"/><package classType="Package" humanType="Package" icon="AutomotiveCaseStudy_files/icon_package_1622863652.svg" name="Financial Requirements" refid="ec1157ba-2ad3-4793-ae09-98ed5552a57c"/><package classType="Package" humanType="Package" icon="AutomotiveCaseStudy_files/icon_package_1622863652.svg" name="Performance_Requirements" refid="e5e18aa4-6c5e-48c4-8145-ae4be690b3bc"/><package classType="Package" humanType="Package" icon="AutomotiveCaseStudy_files/icon_package_1622863652.svg" name="Quality Requirements" refid="9490f0cc-8ca4-4cb7-9da0-a15534867cac"/><package classType="Package" humanType="Package" icon="AutomotiveCaseStudy_files/icon_package_1622863652.svg" name="Safety Requirements" refid="0415b6e6-1c8d-4933-aaa1-52a94f7a8d22"/><package classType="Package" humanType="Package" icon="AutomotiveCaseStudy_files/icon_package_1622863652.svg" name="Security Requirements" refid="62c601ec-34c5-4d65-a8d3-9d30c091745a"/></ownedElement><ownedMember humanName="Owned Member"><package classType="Package" humanType="Package" icon="AutomotiveCaseStudy_files/icon_package_1622863652.svg" name="Capability Requirements" refid="2b2a891d-35a5-4551-ab12-2bab59f2feaf"/><package classType="Package" humanType="Package" icon="AutomotiveCaseStudy_files/icon_package_1622863652.svg" name="Capacity Requirements" refid="d158214a-6d2a-4277-b363-bb4cf7ce505b"/><package classType="Package" humanType="Package" icon="AutomotiveCaseStudy_files/icon_package_1622863652.svg" name="Financial Requirements" refid="ec1157ba-2ad3-4793-ae09-98ed5552a57c"/><package classType="Package" humanType="Package" icon="AutomotiveCaseStudy_files/icon_package_1622863652.svg" name="Performance_Requirements" refid="e5e18aa4-6c5e-48c4-8145-ae4be690b3bc"/><package classType="Package" humanType="Package" icon="AutomotiveCaseStudy_files/icon_package_1622863652.svg" name="Quality Requirements" refid="9490f0cc-8ca4-4cb7-9da0-a15534867cac"/><package classType="Package" humanType="Package" icon="AutomotiveCaseStudy_files/icon_package_1622863652.svg" name="Safety Requirements" refid="0415b6e6-1c8d-4933-aaa1-52a94f7a8d22"/><package classType="Package" humanType="Package" icon="AutomotiveCaseStudy_files/icon_package_1622863652.svg" name="Security Requirements" refid="62c601ec-34c5-4d65-a8d3-9d30c091745a"/></ownedMember><owner classType="Package" humanName="Owner" humanType="Package" icon="AutomotiveCaseStudy_files/icon_package_1622863652.svg" mode="s,e" name="4.1 - L1 Enterprise Requirements pkg" refid="187f3b23-3444-4c6b-b392-c80cadc2d4ec"/><owningPackage classType="Package" humanName="Owning Package" humanType="Package" icon="AutomotiveCaseStudy_files/icon_package_1622863652.svg" name="4.1 - L1 Enterprise Requirements pkg" refid="187f3b23-3444-4c6b-b392-c80cadc2d4ec"/><packagedElement humanName="Packaged Element"><package classType="Package" humanType="Package" icon="AutomotiveCaseStudy_files/icon_package_1622863652.svg" name="Capability Requirements" refid="2b2a891d-35a5-4551-ab12-2bab59f2feaf"/><package classType="Package" humanType="Package" icon="AutomotiveCaseStudy_files/icon_package_1622863652.svg" name="Capacity Requirements" refid="d158214a-6d2a-4277-b363-bb4cf7ce505b"/><package classType="Package" humanType="Package" icon="AutomotiveCaseStudy_files/icon_package_1622863652.svg" name="Financial Requirements" refid="ec1157ba-2ad3-4793-ae09-98ed5552a57c"/><package classType="Package" humanType="Package" icon="AutomotiveCaseStudy_files/icon_package_1622863652.svg" name="Performance_Requirements" refid="e5e18aa4-6c5e-48c4-8145-ae4be690b3bc"/><package classType="Package" humanType="Package" icon="AutomotiveCaseStudy_files/icon_package_1622863652.svg" name="Quality Requirements" refid="9490f0cc-8ca4-4cb7-9da0-a15534867cac"/><package classType="Package" humanType="Package" icon="AutomotiveCaseStudy_files/icon_package_1622863652.svg" name="Safety Requirements" refid="0415b6e6-1c8d-4933-aaa1-52a94f7a8d22"/><package classType="Package" humanType="Package" icon="AutomotiveCaseStudy_files/icon_package_1622863652.svg" name="Security Requirements" refid="62c601ec-34c5-4d65-a8d3-9d30c091745a"/></packagedElement><qualifiedName humanName="Qualified Name" mode="e">0 - Automotive Production Mission Reference Architecture::4 - Requirements pkg::4.1 - L1 Enterprise Requirements pkg::4.1.2 - Making/Production Requirements - pkg</qualifiedName><TO_DO humanName="To Do" mode="s,e"/><URI humanName="URI" mode="e"/><visibility humanName="Visibility">public</visibility></package></magicdraw>