<?xml version="1.0" encoding="UTF-8"?><magicdraw><literalboolean classType="LiteralBoolean" humanType="Literal Boolean" icon="AutomotiveCaseStudy_files/icon_literalboolean_361379623.svg" id="53413cff-e183-47d3-adbf-535f1103b9ae"><documentation humanName="Documentation"/><name humanName="Name"/><owner classType="Slot" humanName="Owner" humanType="Slot" icon="AutomotiveCaseStudy_files/icon_slot_355231286.svg" mode="e" refid="ac8b4470-d4fb-48ef-ad4c-0b59d0b336dc"/><owningSlot classType="Slot" humanName="Owning Slot" humanType="Slot" icon="AutomotiveCaseStudy_files/icon_slot_355231286.svg" refid="ac8b4470-d4fb-48ef-ad4c-0b59d0b336dc"/><qualifiedName humanName="Qualified Name"/><text humanName="Text" mode="standard">false</text><TO_DO humanName="To Do"/><TYPE_MODIFIER humanName="Type Modifier"/><value humanName="Value" mode="s,e">false</value><visibility humanName="Visibility">public</visibility></literalboolean></magicdraw>