<?xml version="1.0" encoding="UTF-8"?><magicdraw><literalstring classType="LiteralString" humanType="Literal String" icon="AutomotiveCaseStudy_files/icon_literalstring_2037275532.svg" id="5376d0df-07df-4cbb-a3cc-bbb62383f727"><documentation humanName="Documentation"/><name humanName="Name"/><owner classType="Slot" humanName="Owner" humanType="Slot" icon="AutomotiveCaseStudy_files/icon_slot_355231286.svg" mode="e" refid="ed094ab2-bc58-45de-8a78-cd1c5fe51bec"/><owningSlot classType="Slot" humanName="Owning Slot" humanType="Slot" icon="AutomotiveCaseStudy_files/icon_slot_355231286.svg" refid="ed094ab2-bc58-45de-8a78-cd1c5fe51bec"/><qualifiedName humanName="Qualified Name"/><text humanName="Text" mode="standard">53.1</text><TO_DO humanName="To Do"/><TYPE_MODIFIER humanName="Type Modifier"/><value humanName="Value" mode="s,e">53.1</value><visibility humanName="Visibility">public</visibility></literalstring></magicdraw>