<?xml version="1.0" encoding="UTF-8"?><magicdraw><comment classType="Comment" humanType="Comment" icon="AutomotiveCaseStudy_files/icon_comment_992361802.svg" id="53886db1-6e06-47ab-9867-55af7573c480"><annotatedElement humanName="Annotated Element" mode="s,e"><performancerequirement classType="Class" humanType="Performance Requirement" icon="AutomotiveCaseStudy_files/icon_performancerequirement_962002586.svg" name="Inventory Days of Supply" refid="13cc2a34-e331-4e73-8a63-2de745931c5e"/></annotatedElement><body humanName="Body" mode="s,e">The amount of inventory (stock) expressed in days of sales.</body><documentation humanName="Documentation"/><owner classType="Class" humanName="Owner" humanType="Performance Requirement" icon="AutomotiveCaseStudy_files/icon_performancerequirement_962002586.svg" mode="s,e" name="Inventory Days of Supply" refid="13cc2a34-e331-4e73-8a63-2de745931c5e"/><owningElement classType="Class" humanName="Owning Element" humanType="Performance Requirement" icon="AutomotiveCaseStudy_files/icon_performancerequirement_962002586.svg" name="Inventory Days of Supply" refid="13cc2a34-e331-4e73-8a63-2de745931c5e"/><TO_DO humanName="To Do" mode="s,e"/></comment></magicdraw>