<?xml version="1.0" encoding="UTF-8"?><magicdraw><diagram classType="Diagram" diagramType="SysML Use Case Diagram" height="395" humanType="Diagram" icon="AutomotiveCaseStudy_files/icon_SysML Use Case Diagram_1503593507.svg" id="53a0c206-0be2-4ca7-9101-ab2f0384a84b" src="AutomotiveCaseStudy_files/53a0c206-0be2-4ca7-9101-ab2f0384a84b.svg" width="809"><APPLIED_STEREOTYPES humanName="Applied Stereotype" mode="s,e"><stereotype classType="Stereotype" humanType="Stereotype" icon="AutomotiveCaseStudy_files/icon_stereotype_918307166.svg" name="DiagramInfo" refid="ace076d1-a486-4673-a2cc-4978d8b7f5a1"/></APPLIED_STEREOTYPES><appliedStereotype humanName="Applied Stereotype" mode="s,e"><stereotype classType="Stereotype" humanType="Stereotype" icon="AutomotiveCaseStudy_files/icon_stereotype_918307166.svg" name="DiagramInfo" refid="ace076d1-a486-4673-a2cc-4978d8b7f5a1"><property classType="Property" humanName="Author" humanType="Property" icon="AutomotiveCaseStudy_files/icon_property_2135874046.svg" name="Author" refid="9aa461fb-7317-4f16-ac4e-61634f883029"><String>tsprock</String></property><property classType="Property" humanName="Base_ Diagram" humanType="Property" icon="AutomotiveCaseStudy_files/icon_property_2135874046.svg" name="base_Diagram" refid="9d1a7e77-182b-4732-bdc6-7dfa6660aaf8"/><property classType="Property" humanName="Base_ Element" humanType="Property" icon="AutomotiveCaseStudy_files/icon_property_2135874046.svg" name="base_Element" refid="e842a895-4bd7-40d8-8c74-d7765cbd399c"/><property classType="Property" humanName="Creation Date" humanType="Property" icon="AutomotiveCaseStudy_files/icon_property_2135874046.svg" name="Creation date" refid="d64585ee-fa79-48fd-b878-a451791c8ed4"><String>3/6/20 10:43 AM</String></property><property classType="Property" humanName="Last modified by" humanType="Property" icon="AutomotiveCaseStudy_files/icon_property_2135874046.svg" name="Last modified by" refid="9ee9da34-aabb-4ba6-8d14-a92b0776d9a9"/><property classType="Property" humanName="Modification Date" humanType="Property" icon="AutomotiveCaseStudy_files/icon_property_2135874046.svg" name="Modification date" refid="eb997445-7ef5-44cc-8ecf-52c04d5a3c1b"/></stereotype></appliedStereotype><appliedStereotypeInstance classType="InstanceSpecification" humanName="Applied Stereotype Instance" humanType="Instance Specification" icon="AutomotiveCaseStudy_files/icon_instancespecification_13643661.svg" name=" : UML Standard Profile::MagicDraw Profile::DiagramInfo" refid="1796f9b5-82ae-4237-b8ef-9d24da886c15"/><documentation humanName="Documentation"/><map/><name humanName="Name" mode="s,e">Business Function Use Cases</name><namespace classType="Package" humanName="Namespace" humanType="Package" icon="AutomotiveCaseStudy_files/icon_package_1622863652.svg" name="3.0 - Operational Use Cases (mission/business function ops)" refid="b1c4ed7b-6950-4957-bc70-1351df1b7928"/><ownedElement humanName="Owned Element"><instancespecification classType="InstanceSpecification" humanType="Instance Specification" icon="AutomotiveCaseStudy_files/icon_instancespecification_13643661.svg" name=" : UML Standard Profile::MagicDraw Profile::DiagramInfo" refid="1796f9b5-82ae-4237-b8ef-9d24da886c15"/></ownedElement><owner classType="Package" humanName="Owner" humanType="Package" icon="AutomotiveCaseStudy_files/icon_package_1622863652.svg" mode="s,e" name="3.0 - Operational Use Cases (mission/business function ops)" refid="b1c4ed7b-6950-4957-bc70-1351df1b7928"/><ownerOfDiagram classType="Package" humanName="Owner Of Diagram" humanType="Package" icon="AutomotiveCaseStudy_files/icon_package_1622863652.svg" name="3.0 - Operational Use Cases (mission/business function ops)" refid="b1c4ed7b-6950-4957-bc70-1351df1b7928"/><qualifiedName humanName="Qualified Name" mode="e">0 - Automotive Production Mission Reference Architecture::3 - Use Cases - pkg::3.0 - Operational Use Cases (mission/business function ops)::Business Function Use Cases</qualifiedName><TO_DO humanName="To Do" mode="s,e"/><DIAGRAM_TYPE_DERIVED_PROPERTY humanName="Type">SysML Use Case Diagram</DIAGRAM_TYPE_DERIVED_PROPERTY><visibility humanName="Visibility">public</visibility></diagram></magicdraw>