<?xml version="1.0" encoding="UTF-8"?><magicdraw><elementvalue classType="ElementValue" humanType="Element Value" icon="AutomotiveCaseStudy_files/icon_elementvalue_2088572563.svg" id="53b747c0-3491-483d-9f24-ea6726ac0b91"><documentation humanName="Documentation"/><element classType="Class" humanName="Element" humanType="StakeholderConcern" icon="AutomotiveCaseStudy_files/icon_stakeholderconcern_1682619279.svg" mode="s,e" name="OccupationalSafety" refid="1cb9c309-caf5-4ce8-a216-57b931da663f"/><name humanName="Name"/><owner classType="Slot" humanName="Owner" humanType="Slot" icon="AutomotiveCaseStudy_files/icon_slot_780071655.svg" mode="e" refid="618ce64f-a1f2-46af-9337-7e59a62293b8"/><owningSlot classType="Slot" humanName="Owning Slot" humanType="Slot" icon="AutomotiveCaseStudy_files/icon_slot_780071655.svg" refid="618ce64f-a1f2-46af-9337-7e59a62293b8"/><qualifiedName humanName="Qualified Name"/><text humanName="Text" mode="standard">OccupationalSafety</text><TO_DO humanName="To Do"/><TYPE_MODIFIER humanName="Type Modifier"/><visibility humanName="Visibility">public</visibility></elementvalue></magicdraw>