<?xml version="1.0" encoding="UTF-8"?><magicdraw><literalstring classType="LiteralString" humanType="Literal String" icon="AutomotiveCaseStudy_files/icon_literalstring_242907379.svg" id="5445faaa-3882-42c3-9acd-a54a89f599eb"><documentation humanName="Documentation"/><name humanName="Name"/><owner classType="Slot" humanName="Owner" humanType="Slot" icon="AutomotiveCaseStudy_files/icon_slot_780071655.svg" mode="e" refid="ac55043e-c1d8-449d-8700-2708b7c3e4b1"/><owningSlot classType="Slot" humanName="Owning Slot" humanType="Slot" icon="AutomotiveCaseStudy_files/icon_slot_780071655.svg" refid="ac55043e-c1d8-449d-8700-2708b7c3e4b1"/><qualifiedName humanName="Qualified Name"/><text humanName="Text" mode="standard"> </text><TO_DO humanName="To Do"/><TYPE_MODIFIER humanName="Type Modifier"/><value humanName="Value" mode="s,e"> </value><visibility humanName="Visibility">public</visibility></literalstring></magicdraw>