<?xml version="1.0" encoding="UTF-8"?><magicdraw><literalunlimitednatural classType="LiteralUnlimitedNatural" humanType="Literal Unlimited Natural" icon="AutomotiveCaseStudy_files/icon_literalunlimitednatural_195523604.svg" id="544b2bca-8fa2-47cd-83ae-5435442b48a4"><documentation humanName="Documentation"/><name humanName="Name"/><owner classType="ExtensionEnd" humanName="Owner" humanType="Extension End" icon="AutomotiveCaseStudy_files/icon_extensionend_2061328409.svg" mode="e" name="extension_unnamed1" refid="be2909c6-f200-4ec3-8670-d7f799c4f8a5"/><owningUpper classType="ExtensionEnd" humanName="Owning Upper" humanType="Extension End" icon="AutomotiveCaseStudy_files/icon_extensionend_2061328409.svg" name="extension_unnamed1" refid="be2909c6-f200-4ec3-8670-d7f799c4f8a5"/><qualifiedName humanName="Qualified Name">0 - Automotive Production Mission Reference Architecture::1 - Stakeholders pkg::1.1 - Business Function pkg::1.1.3 Constraints &amp; Requirements pkg::::extension_unnamed1::</qualifiedName><text humanName="Text" mode="standard">1</text><TO_DO humanName="To Do"/><TYPE_MODIFIER humanName="Type Modifier"/><value humanName="Value" mode="s,e">1</value><visibility humanName="Visibility">public</visibility></literalunlimitednatural></magicdraw>