<?xml version="1.0" encoding="UTF-8"?><magicdraw><comment classType="Comment" humanType="Comment" icon="AutomotiveCaseStudy_files/icon_comment_794517456.svg" id="54d0d7be-dff6-47ac-ac92-28e8f00fbd6d"><annotatedElement humanName="Annotated Element" mode="s,e"><performancerequirement classType="Class" humanType="Performance Requirement" icon="AutomotiveCaseStudy_files/icon_performancerequirement_1011640708.svg" name="Cash-to-Cash Cycle Time" refid="f0c5a9db-c7d6-4199-a2f0-bc60aa43bd2b"/></annotatedElement><body humanName="Body" mode="s,e">The time it takes for an investment made to flow back into a company after it has been spent
for raw materials. For services, this represents the time from the point where a company
pays for the resources consumed in the performance of a service to the time that the
company received payment from the customer for those services.</body><documentation humanName="Documentation"/><owner classType="Class" humanName="Owner" humanType="Performance Requirement" icon="AutomotiveCaseStudy_files/icon_performancerequirement_1011640708.svg" mode="s,e" name="Cash-to-Cash Cycle Time" refid="f0c5a9db-c7d6-4199-a2f0-bc60aa43bd2b"/><owningElement classType="Class" humanName="Owning Element" humanType="Performance Requirement" icon="AutomotiveCaseStudy_files/icon_performancerequirement_1011640708.svg" name="Cash-to-Cash Cycle Time" refid="f0c5a9db-c7d6-4199-a2f0-bc60aa43bd2b"/><TO_DO humanName="To Do" mode="s,e"/></comment></magicdraw>