<?xml version="1.0" encoding="UTF-8"?><magicdraw><comment classType="Comment" humanType="Comment" icon="AutomotiveCaseStudy_files/icon_comment_794517456.svg" id="55561e22-0e6b-4fdd-b1ed-0ed2e530822d"><annotatedElement humanName="Annotated Element" mode="s,e"><comment classType="Comment" humanType="Comment" icon="AutomotiveCaseStudy_files/icon_comment_1472036907.svg" refid="3f7dfe15-9dc7-400a-a4bd-f461aa4007d6"/></annotatedElement><body humanName="Body" mode="s,e">There is most likely an activity that happens before this stage that focuses on "mission needs"; that is, from an enterprise perspective, what opportunities (products) are going to be pursued and what capabilities are needed (new plants or production lines)? Those decisions are considered inputs to the process/models captured here. Those needs and objectives are externally specified and captured in pkgs 1.1 and 1.2.</body><documentation humanName="Documentation"/><owner classType="Comment" humanName="Owner" humanType="Comment" icon="AutomotiveCaseStudy_files/icon_comment_1472036907.svg" mode="s,e" refid="3f7dfe15-9dc7-400a-a4bd-f461aa4007d6"/><owningElement classType="Comment" humanName="Owning Element" humanType="Comment" icon="AutomotiveCaseStudy_files/icon_comment_1472036907.svg" refid="3f7dfe15-9dc7-400a-a4bd-f461aa4007d6"/><TO_DO humanName="To Do" mode="s,e"/></comment></magicdraw>