<?xml version="1.0" encoding="UTF-8"?><magicdraw><literalstring classType="LiteralString" humanType="Literal String" icon="AutomotiveCaseStudy_files/icon_literalstring_2037275532.svg" id="556f88d9-4fb0-42e8-9f09-07f126706934"><documentation humanName="Documentation"/><name humanName="Name"/><owner classType="Slot" humanName="Owner" humanType="Slot" icon="AutomotiveCaseStudy_files/icon_slot_355231286.svg" mode="e" refid="ae28bba8-7f9d-4d13-b16c-f4522b6b2890"/><owningSlot classType="Slot" humanName="Owning Slot" humanType="Slot" icon="AutomotiveCaseStudy_files/icon_slot_355231286.svg" refid="ae28bba8-7f9d-4d13-b16c-f4522b6b2890"/><qualifiedName humanName="Qualified Name"/><text humanName="Text" mode="standard">67</text><TO_DO humanName="To Do"/><TYPE_MODIFIER humanName="Type Modifier"/><value humanName="Value" mode="s,e">67</value><visibility humanName="Visibility">public</visibility></literalstring></magicdraw>