<?xml version="1.0" encoding="UTF-8"?><magicdraw><instancespecification classType="InstanceSpecification" humanType="Instance Specification" icon="AutomotiveCaseStudy_files/icon_instancespecification_13643661.svg" id="55a1c4bf-ecc4-4402-b2d8-2544b3a1f86c"><classifier humanName="Classifier" mode="s,e"><stereotype classType="Stereotype" humanType="Stereotype" icon="AutomotiveCaseStudy_files/icon_stereotype_918307166.svg" name="DiagramInfo" refid="ace076d1-a486-4673-a2cc-4978d8b7f5a1"/></classifier><documentation humanName="Documentation"/><name humanName="Name" mode="s,e"/><ownedElement humanName="Owned Element"><slot classType="Slot" humanType="Slot" icon="AutomotiveCaseStudy_files/icon_slot_355231286.svg" refid="96341389-458f-41ae-a267-dc28e007bc63"/><slot classType="Slot" humanType="Slot" icon="AutomotiveCaseStudy_files/icon_slot_355231286.svg" refid="b120ec7e-ca96-4271-bbc9-c69ce4e67ae0"/><slot classType="Slot" humanType="Slot" icon="AutomotiveCaseStudy_files/icon_slot_355231286.svg" refid="6a2b3ef0-aa24-4b12-b138-aa6268a77ad4"/><slot classType="Slot" humanType="Slot" icon="AutomotiveCaseStudy_files/icon_slot_355231286.svg" refid="f2517d90-5d58-4ecc-8555-c88493760626"/></ownedElement><owner classType="Diagram" humanName="Owner" humanType="Diagram" icon="AutomotiveCaseStudy_files/icon_SysML Use Case Diagram_1503593507.svg" mode="s,e" name="1.1 - Business Function Stakeholders pkg" refid="685edcf2-15ea-484a-a1d5-63d1da03b9f3"/><qualifiedName humanName="Qualified Name" mode="e">0 - Automotive Production Mission Reference Architecture::1 - Stakeholders pkg::1.1 - Business Function pkg::1.1.1 Stakeholders pkg::1.1 - Business Function Stakeholders pkg::</qualifiedName><slot humanName="Slot"><slot classType="Slot" humanType="Slot" icon="AutomotiveCaseStudy_files/icon_slot_355231286.svg" refid="96341389-458f-41ae-a267-dc28e007bc63"/><slot classType="Slot" humanType="Slot" icon="AutomotiveCaseStudy_files/icon_slot_355231286.svg" refid="b120ec7e-ca96-4271-bbc9-c69ce4e67ae0"/><slot classType="Slot" humanType="Slot" icon="AutomotiveCaseStudy_files/icon_slot_355231286.svg" refid="6a2b3ef0-aa24-4b12-b138-aa6268a77ad4"/><slot classType="Slot" humanType="Slot" icon="AutomotiveCaseStudy_files/icon_slot_355231286.svg" refid="f2517d90-5d58-4ecc-8555-c88493760626"/></slot><stereotypedElement classType="Diagram" humanName="Stereotyped Element" humanType="Diagram" icon="AutomotiveCaseStudy_files/icon_SysML Use Case Diagram_1503593507.svg" name="1.1 - Business Function Stakeholders pkg" refid="685edcf2-15ea-484a-a1d5-63d1da03b9f3"/><TO_DO humanName="To Do" mode="s,e"/><visibility humanName="Visibility">public</visibility></instancespecification></magicdraw>