<?xml version="1.0" encoding="UTF-8"?><magicdraw><literalstring classType="LiteralString" humanType="Literal String" icon="AutomotiveCaseStudy_files/icon_literalstring_242907379.svg" id="5623b1b2-879c-463c-b8aa-bad995dd56a9"><documentation humanName="Documentation"/><name humanName="Name"/><owner classType="Slot" humanName="Owner" humanType="Slot" icon="AutomotiveCaseStudy_files/icon_slot_780071655.svg" mode="e" refid="8b03fa09-35c2-4025-bbd3-5c6f458774da"/><owningSlot classType="Slot" humanName="Owning Slot" humanType="Slot" icon="AutomotiveCaseStudy_files/icon_slot_780071655.svg" refid="8b03fa09-35c2-4025-bbd3-5c6f458774da"/><qualifiedName humanName="Qualified Name"/><text humanName="Text" mode="standard">22.1</text><TO_DO humanName="To Do"/><TYPE_MODIFIER humanName="Type Modifier"/><value humanName="Value" mode="s,e">22.1</value><visibility humanName="Visibility">public</visibility></literalstring></magicdraw>