<?xml version="1.0" encoding="UTF-8"?><magicdraw><literalstring classType="LiteralString" humanType="Literal String" icon="AutomotiveCaseStudy_files/icon_literalstring_242907379.svg" id="5648fbf3-0eb7-4f4d-96ec-1b23c78c1fd0"><documentation humanName="Documentation"/><name humanName="Name"/><owner classType="Slot" humanName="Owner" humanType="Slot" icon="AutomotiveCaseStudy_files/icon_slot_780071655.svg" mode="e" refid="c21fb3f8-c33d-4d82-b8fe-bc9d27379823"/><owningSlot classType="Slot" humanName="Owning Slot" humanType="Slot" icon="AutomotiveCaseStudy_files/icon_slot_780071655.svg" refid="c21fb3f8-c33d-4d82-b8fe-bc9d27379823"/><qualifiedName humanName="Qualified Name"/><text humanName="Text" mode="standard">ROI on new capacity or capability</text><TO_DO humanName="To Do"/><TYPE_MODIFIER humanName="Type Modifier"/><value humanName="Value" mode="s,e">ROI on new capacity or capability</value><visibility humanName="Visibility">public</visibility></literalstring></magicdraw>