<?xml version="1.0" encoding="UTF-8"?><magicdraw><stakeholderconcern classType="Class" humanType="StakeholderConcern" icon="AutomotiveCaseStudy_files/icon_stakeholderconcern_1682619279.svg" id="56d15929-8afc-4bc0-82af-5f5a8080dbe3"><APPLIED_STEREOTYPES humanName="Applied Stereotype" mode="e"><stereotype classType="Stereotype" humanType="Stereotype" icon="AutomotiveCaseStudy_files/icon_stereotype_918307166.svg" name="StakeholderConcern" refid="0523df55-f46a-455d-93a5-4642a88f69b8"/></APPLIED_STEREOTYPES><appliedStereotype humanName="Applied Stereotype" mode="e"><stereotype classType="Stereotype" humanType="Stereotype" icon="AutomotiveCaseStudy_files/icon_stereotype_918307166.svg" name="StakeholderConcern" refid="0523df55-f46a-455d-93a5-4642a88f69b8"><property classType="Property" humanName="Base_ Class" humanType="Property" icon="AutomotiveCaseStudy_files/icon_property_2135874046.svg" name="base_Class" refid="13165690-3e30-4216-bb53-99ef7d550909"/><property classType="Property" humanName="Base_ Class" humanType="Property" icon="AutomotiveCaseStudy_files/icon_property_2135874046.svg" name="base_Class" refid="204fb3bb-2ef1-40b4-9d7e-6f0b2e763918"/><property classType="Property" humanName="Base_ Class" humanType="Property" icon="AutomotiveCaseStudy_files/icon_property_2135874046.svg" name="base_Class" refid="2f4551a7-c615-44bb-a631-da62ee645935"/><property classType="Property" humanName="Base_ Class" humanType="Property" icon="AutomotiveCaseStudy_files/icon_property_2135874046.svg" name="base_Class" refid="74161ac9-f4ee-41ab-b2f1-83f08b04e1ab"/><property classType="Property" humanName="Base_ Named Element" humanType="Property" icon="AutomotiveCaseStudy_files/icon_property_2135874046.svg" name="base_NamedElement" refid="c4b654ad-1733-45e5-ad16-3392b56127e9"/><property classType="Property" humanName="Derived" humanType="Property" icon="AutomotiveCaseStudy_files/icon_property_2135874046.svg" name="Derived" refid="9efe314f-936d-45bc-bbae-da6754bf1d0b"/><property classType="Property" humanName="Derived From" humanType="Property" icon="AutomotiveCaseStudy_files/icon_property_2135874046.svg" name="DerivedFrom" refid="3f3dddbd-08c1-4890-91c2-e5e28da00608"/><property classType="Property" humanName="Id" humanType="Property" icon="AutomotiveCaseStudy_files/icon_property_2135874046.svg" name="Id" refid="70e95e23-9dc9-4211-a8bd-e6c40992cdbc"><String>52</String></property><property classType="Property" humanName="Master" humanType="Property" icon="AutomotiveCaseStudy_files/icon_property_2135874046.svg" name="Master" refid="003fd7ac-9986-4819-bf1b-347e133f08ff"/><property classType="Property" humanName="Refined By" humanType="Property" icon="AutomotiveCaseStudy_files/icon_property_2135874046.svg" name="RefinedBy" refid="dc5873df-0eee-4f57-9e28-fbe6d8b606f2"/><property classType="Property" humanName="Risk" humanType="Property" icon="AutomotiveCaseStudy_files/icon_property_2135874046.svg" name="risk" refid="f677da46-c631-451c-8708-2032bd1f48d7"/><property classType="Property" humanName="Satisfied By" humanType="Property" icon="AutomotiveCaseStudy_files/icon_property_2135874046.svg" name="SatisfiedBy" refid="7d7d3681-997a-42a5-b430-bff0061720e4"/><property classType="Property" humanName="Source" humanType="Property" icon="AutomotiveCaseStudy_files/icon_property_2135874046.svg" name="source" refid="4b088684-fedb-4880-9446-af6b69c3ad20"/><property classType="Property" humanName="Stakeholder" humanType="Property" icon="AutomotiveCaseStudy_files/icon_property_2135874046.svg" name="stakeholder" refid="23ebff80-df22-47e1-9b24-ef7624033fa6"><actor classType="Actor" humanType="Actor" icon="AutomotiveCaseStudy_files/icon_actor_1378559537.svg" name="Regulators" refid="0b661f6d-676d-4ddb-aa2d-a963c9b7d314"/></property><property classType="Property" humanName="Text" humanType="Property" icon="AutomotiveCaseStudy_files/icon_property_2135874046.svg" name="Text" refid="276f8ce5-69de-4660-87a3-7a7b5d0e6546"><String>What kinds of regulators (and their concerns) must be considered when designing and operating and production system?</String></property><property classType="Property" humanName="Traced To" humanType="Property" icon="AutomotiveCaseStudy_files/icon_property_2135874046.svg" name="TracedTo" refid="f434643f-c936-422d-82cc-2044f736b55a"/><property classType="Property" humanName="Verified By" humanType="Property" icon="AutomotiveCaseStudy_files/icon_property_2135874046.svg" name="VerifiedBy" refid="e048b615-aab0-4a82-af75-86d8454c084b"/><property classType="Property" humanName="Verify Method" humanType="Property" icon="AutomotiveCaseStudy_files/icon_property_2135874046.svg" name="verifyMethod" refid="61d63a70-8ac3-45af-8074-d577f68427e6"/></stereotype></appliedStereotype><appliedStereotypeInstance classType="InstanceSpecification" humanName="Applied Stereotype Instance" humanType="Instance Specification" icon="AutomotiveCaseStudy_files/icon_instancespecification_13643661.svg" name=" : 0 - Automotive Production Mission Reference Architecture::1 - Stakeholders pkg::1.3 - Stakeholder Concerns pkg::StakeholderConcern" refid="3eca8e6f-1246-4d06-8e28-0ab9b9cada6c"/><documentation humanName="Documentation"/><isAbstract humanName="Is Abstract">false</isAbstract><isActive humanName="Is Active">false</isActive><isFinalSpecialization humanName="Is Final Specialization" mode="e">false</isFinalSpecialization><isLeaf humanName="Is Leaf" mode="e">false</isLeaf><member humanName="Member"><stakeholderconcern classType="Class" humanType="StakeholderConcern" icon="AutomotiveCaseStudy_files/icon_stakeholderconcern_1682619279.svg" name="BuildingRegulations" refid="b1cb3423-622a-44b4-aff2-ae785f1e3f35"/><stakeholderconcern classType="Class" humanType="StakeholderConcern" icon="AutomotiveCaseStudy_files/icon_stakeholderconcern_1682619279.svg" name="ConsumerProtection" refid="579ac27d-88e9-4732-b974-e4f7d0662308"/><stakeholderconcern classType="Class" humanType="StakeholderConcern" icon="AutomotiveCaseStudy_files/icon_stakeholderconcern_1682619279.svg" name="EnvironmentalConcerns" refid="2c571d48-5519-4d7e-8bfd-7c183f743daa"/><stakeholderconcern classType="Class" humanType="StakeholderConcern" icon="AutomotiveCaseStudy_files/icon_stakeholderconcern_1682619279.svg" name="HazardousMaterials" refid="1f205871-22c3-4b06-b068-fae9979c725a"/><stakeholderconcern classType="Class" humanType="StakeholderConcern" icon="AutomotiveCaseStudy_files/icon_stakeholderconcern_1682619279.svg" name="Labor" refid="2524f8f2-c574-434a-994d-3f8bb802df46"/><stakeholderconcern classType="Class" humanType="StakeholderConcern" icon="AutomotiveCaseStudy_files/icon_stakeholderconcern_1682619279.svg" name="OccupationalSafety" refid="1cb9c309-caf5-4ce8-a216-57b931da663f"/><stakeholderconcern classType="Class" humanType="StakeholderConcern" icon="AutomotiveCaseStudy_files/icon_stakeholderconcern_1682619279.svg" name="Transportation" refid="6a452eca-16ef-41d6-baee-dd2356340124"/></member><name humanName="Name" mode="s,e">Regulation_Concerns</name><namespace classType="Package" humanName="Namespace" humanType="Package" icon="AutomotiveCaseStudy_files/icon_package_1622863652.svg" name="1.3 - Stakeholder Concerns pkg" refid="af04cac4-9d1a-4e35-a6e1-c32bb442bff8"/><nestedClassifier humanName="Nested Classifier"><stakeholderconcern classType="Class" humanType="StakeholderConcern" icon="AutomotiveCaseStudy_files/icon_stakeholderconcern_1682619279.svg" name="BuildingRegulations" refid="b1cb3423-622a-44b4-aff2-ae785f1e3f35"/><stakeholderconcern classType="Class" humanType="StakeholderConcern" icon="AutomotiveCaseStudy_files/icon_stakeholderconcern_1682619279.svg" name="ConsumerProtection" refid="579ac27d-88e9-4732-b974-e4f7d0662308"/><stakeholderconcern classType="Class" humanType="StakeholderConcern" icon="AutomotiveCaseStudy_files/icon_stakeholderconcern_1682619279.svg" name="EnvironmentalConcerns" refid="2c571d48-5519-4d7e-8bfd-7c183f743daa"/><stakeholderconcern classType="Class" humanType="StakeholderConcern" icon="AutomotiveCaseStudy_files/icon_stakeholderconcern_1682619279.svg" name="HazardousMaterials" refid="1f205871-22c3-4b06-b068-fae9979c725a"/><stakeholderconcern classType="Class" humanType="StakeholderConcern" icon="AutomotiveCaseStudy_files/icon_stakeholderconcern_1682619279.svg" name="Labor" refid="2524f8f2-c574-434a-994d-3f8bb802df46"/><stakeholderconcern classType="Class" humanType="StakeholderConcern" icon="AutomotiveCaseStudy_files/icon_stakeholderconcern_1682619279.svg" name="OccupationalSafety" refid="1cb9c309-caf5-4ce8-a216-57b931da663f"/><stakeholderconcern classType="Class" humanType="StakeholderConcern" icon="AutomotiveCaseStudy_files/icon_stakeholderconcern_1682619279.svg" name="Transportation" refid="6a452eca-16ef-41d6-baee-dd2356340124"/></nestedClassifier><ownedElement humanName="Owned Element"><instancespecification classType="InstanceSpecification" humanType="Instance Specification" icon="AutomotiveCaseStudy_files/icon_instancespecification_13643661.svg" name=" : 0 - Automotive Production Mission Reference Architecture::1 - Stakeholders pkg::1.3 - Stakeholder Concerns pkg::StakeholderConcern" refid="3eca8e6f-1246-4d06-8e28-0ab9b9cada6c"/><stakeholderconcern classType="Class" humanType="StakeholderConcern" icon="AutomotiveCaseStudy_files/icon_stakeholderconcern_1682619279.svg" name="BuildingRegulations" refid="b1cb3423-622a-44b4-aff2-ae785f1e3f35"/><stakeholderconcern classType="Class" humanType="StakeholderConcern" icon="AutomotiveCaseStudy_files/icon_stakeholderconcern_1682619279.svg" name="ConsumerProtection" refid="579ac27d-88e9-4732-b974-e4f7d0662308"/><stakeholderconcern classType="Class" humanType="StakeholderConcern" icon="AutomotiveCaseStudy_files/icon_stakeholderconcern_1682619279.svg" name="EnvironmentalConcerns" refid="2c571d48-5519-4d7e-8bfd-7c183f743daa"/><stakeholderconcern classType="Class" humanType="StakeholderConcern" icon="AutomotiveCaseStudy_files/icon_stakeholderconcern_1682619279.svg" name="HazardousMaterials" refid="1f205871-22c3-4b06-b068-fae9979c725a"/><stakeholderconcern classType="Class" humanType="StakeholderConcern" icon="AutomotiveCaseStudy_files/icon_stakeholderconcern_1682619279.svg" name="Labor" refid="2524f8f2-c574-434a-994d-3f8bb802df46"/><stakeholderconcern classType="Class" humanType="StakeholderConcern" icon="AutomotiveCaseStudy_files/icon_stakeholderconcern_1682619279.svg" name="OccupationalSafety" refid="1cb9c309-caf5-4ce8-a216-57b931da663f"/><stakeholderconcern classType="Class" humanType="StakeholderConcern" icon="AutomotiveCaseStudy_files/icon_stakeholderconcern_1682619279.svg" name="Transportation" refid="6a452eca-16ef-41d6-baee-dd2356340124"/></ownedElement><ownedMember humanName="Owned Member"><stakeholderconcern classType="Class" humanType="StakeholderConcern" icon="AutomotiveCaseStudy_files/icon_stakeholderconcern_1682619279.svg" name="BuildingRegulations" refid="b1cb3423-622a-44b4-aff2-ae785f1e3f35"/><stakeholderconcern classType="Class" humanType="StakeholderConcern" icon="AutomotiveCaseStudy_files/icon_stakeholderconcern_1682619279.svg" name="ConsumerProtection" refid="579ac27d-88e9-4732-b974-e4f7d0662308"/><stakeholderconcern classType="Class" humanType="StakeholderConcern" icon="AutomotiveCaseStudy_files/icon_stakeholderconcern_1682619279.svg" name="EnvironmentalConcerns" refid="2c571d48-5519-4d7e-8bfd-7c183f743daa"/><stakeholderconcern classType="Class" humanType="StakeholderConcern" icon="AutomotiveCaseStudy_files/icon_stakeholderconcern_1682619279.svg" name="HazardousMaterials" refid="1f205871-22c3-4b06-b068-fae9979c725a"/><stakeholderconcern classType="Class" humanType="StakeholderConcern" icon="AutomotiveCaseStudy_files/icon_stakeholderconcern_1682619279.svg" name="Labor" refid="2524f8f2-c574-434a-994d-3f8bb802df46"/><stakeholderconcern classType="Class" humanType="StakeholderConcern" icon="AutomotiveCaseStudy_files/icon_stakeholderconcern_1682619279.svg" name="OccupationalSafety" refid="1cb9c309-caf5-4ce8-a216-57b931da663f"/><stakeholderconcern classType="Class" humanType="StakeholderConcern" icon="AutomotiveCaseStudy_files/icon_stakeholderconcern_1682619279.svg" name="Transportation" refid="6a452eca-16ef-41d6-baee-dd2356340124"/></ownedMember><owner classType="Package" humanName="Owner" humanType="Package" icon="AutomotiveCaseStudy_files/icon_package_1622863652.svg" mode="e" name="1.3 - Stakeholder Concerns pkg" refid="af04cac4-9d1a-4e35-a6e1-c32bb442bff8"/><owningPackage classType="Package" humanName="Owning Package" humanType="Package" icon="AutomotiveCaseStudy_files/icon_package_1622863652.svg" name="1.3 - Stakeholder Concerns pkg" refid="af04cac4-9d1a-4e35-a6e1-c32bb442bff8"/><package classType="Package" humanName="Package" humanType="Package" icon="AutomotiveCaseStudy_files/icon_package_1622863652.svg" name="1.3 - Stakeholder Concerns pkg" refid="af04cac4-9d1a-4e35-a6e1-c32bb442bff8"/><qualifiedName humanName="Qualified Name" mode="s,e">0 - Automotive Production Mission Reference Architecture::1 - Stakeholders pkg::1.3 - Stakeholder Concerns pkg::Regulation_Concerns</qualifiedName><TO_DO humanName="To Do" mode="s,e"/><visibility humanName="Visibility">public</visibility><appearsIn><diagram classType="Diagram" humanType="Diagram" icon="AutomotiveCaseStudy_files/icon_Requirement Table_1977655539.svg" name="1.1 - Stakeholders Concerns tbl" refid="7491270e-b7b7-4f17-b1bc-4e7639b17f0a"/></appearsIn></stakeholderconcern></magicdraw>