<?xml version="1.0" encoding="UTF-8"?><magicdraw><comment classType="Comment" humanType="Comment" icon="AutomotiveCaseStudy_files/icon_comment_794517456.svg" id="5766b9a4-c662-4251-9593-9447b72b223a"><annotatedElement humanName="Annotated Element" mode="s,e"><performancerequirement classType="Class" humanType="Performance Requirement" icon="AutomotiveCaseStudy_files/icon_performancerequirement_1011640708.svg" name="Perfect_Order_Fulfillment" refid="67d68025-57d1-4e12-92c7-876a9d350d89"/></annotatedElement><body humanName="Body" mode="s,e">The percentage of orders meeting delivery performance with complete and accurate
documentation and no delivery damage. Components include all items and quantities ontime
using the customer’s definition of on-time, and documentation – packing slips, bills of
lading, invoices, etc.

An order is considered perfect if the products ordered are the products provided and the quantities ordered match the quantities provided (% In Full).

A delivery is considered perfect if the location, specified customer entity and delivery time ordered is met upon receipt (Delivery Performance to Customer Commit Date).

Documentation supporting the order line is considered perfect if it is all accurate, complete, and on time (Accurate Documentation).

The product condition is considered perfect if the product is delivered / faultlessly installed (as applicable) on specification, with the correct configuration, with no damage, customer ready, and is accepted by the customer (Perfect Condition)
</body><documentation humanName="Documentation"/><owner classType="Class" humanName="Owner" humanType="Performance Requirement" icon="AutomotiveCaseStudy_files/icon_performancerequirement_1011640708.svg" mode="s,e" name="Perfect_Order_Fulfillment" refid="67d68025-57d1-4e12-92c7-876a9d350d89"/><owningElement classType="Class" humanName="Owning Element" humanType="Performance Requirement" icon="AutomotiveCaseStudy_files/icon_performancerequirement_1011640708.svg" name="Perfect_Order_Fulfillment" refid="67d68025-57d1-4e12-92c7-876a9d350d89"/><TO_DO humanName="To Do" mode="s,e"/></comment></magicdraw>