<?xml version="1.0" encoding="UTF-8"?><magicdraw><comment classType="Comment" humanType="Comment" icon="AutomotiveCaseStudy_files/icon_comment_992361802.svg" id="57e1c897-2962-4e6b-b57f-ca8f62888097"><annotatedElement humanName="Annotated Element" mode="s,e"><performancerequirement classType="Class" humanType="Performance Requirement" icon="AutomotiveCaseStudy_files/icon_performancerequirement_1751427415.svg" name="Perfect Condition" refid="3d99ad42-e2c8-4b3b-9c8d-76b1c1d1cbd6"/></annotatedElement><body humanName="Body" mode="s,e">Percentage of orders delivered in an undamaged state that meet specification, have the
correct configuration, are faultlessly installed (as applicable), and accepted by the customer</body><documentation humanName="Documentation"/><owner classType="Class" humanName="Owner" humanType="Performance Requirement" icon="AutomotiveCaseStudy_files/icon_performancerequirement_1751427415.svg" mode="s,e" name="Perfect Condition" refid="3d99ad42-e2c8-4b3b-9c8d-76b1c1d1cbd6"/><owningElement classType="Class" humanName="Owning Element" humanType="Performance Requirement" icon="AutomotiveCaseStudy_files/icon_performancerequirement_1751427415.svg" name="Perfect Condition" refid="3d99ad42-e2c8-4b3b-9c8d-76b1c1d1cbd6"/><TO_DO humanName="To Do" mode="s,e"/></comment></magicdraw>