<?xml version="1.0" encoding="UTF-8"?><magicdraw><literalstring classType="LiteralString" humanType="Literal String" icon="AutomotiveCaseStudy_files/icon_literalstring_242907379.svg" id="5800cd66-abd9-43d7-8b3d-8307bd68d8f2"><documentation humanName="Documentation"/><name humanName="Name"/><owner classType="Slot" humanName="Owner" humanType="Slot" icon="AutomotiveCaseStudy_files/icon_slot_780071655.svg" mode="e" refid="2c832060-b690-4940-81bc-a53d83cde55a"/><owningSlot classType="Slot" humanName="Owning Slot" humanType="Slot" icon="AutomotiveCaseStudy_files/icon_slot_780071655.svg" refid="2c832060-b690-4940-81bc-a53d83cde55a"/><qualifiedName humanName="Qualified Name"/><text humanName="Text" mode="standard">56d15929-8afc-4bc0-82af-5f5a8080dbe3:ec3b7313-bf4c-445d-8aa5-42d99af9c28b:56d15929-8afc-4bc0-82af-5f5a8080dbe3,b1cb3423-622a-44b4-aff2-ae785f1e3f35:b5c27fde-bebe-4184-af05-9e02f6a33c32</text><TO_DO humanName="To Do"/><TYPE_MODIFIER humanName="Type Modifier"/><value humanName="Value" mode="s,e">56d15929-8afc-4bc0-82af-5f5a8080dbe3:ec3b7313-bf4c-445d-8aa5-42d99af9c28b:56d15929-8afc-4bc0-82af-5f5a8080dbe3,b1cb3423-622a-44b4-aff2-ae785f1e3f35:b5c27fde-bebe-4184-af05-9e02f6a33c32</value><visibility humanName="Visibility">public</visibility></literalstring></magicdraw>