<?xml version="1.0" encoding="UTF-8"?><magicdraw><literalinteger classType="LiteralInteger" humanType="Literal Integer" icon="AutomotiveCaseStudy_files/icon_literalinteger_1965984381.svg" id="584bae25-dc4b-4829-b9fe-b16aab06059b"><documentation humanName="Documentation"/><name humanName="Name"/><owner classType="Slot" humanName="Owner" humanType="Slot" icon="AutomotiveCaseStudy_files/icon_slot_780071655.svg" mode="e" refid="3e39d885-eaa5-43fe-95a7-08e9ddf983be"/><owningSlot classType="Slot" humanName="Owning Slot" humanType="Slot" icon="AutomotiveCaseStudy_files/icon_slot_780071655.svg" refid="3e39d885-eaa5-43fe-95a7-08e9ddf983be"/><qualifiedName humanName="Qualified Name"/><text humanName="Text" mode="standard">-1</text><TO_DO humanName="To Do"/><TYPE_MODIFIER humanName="Type Modifier"/><value humanName="Value" mode="s,e">-1</value><visibility humanName="Visibility">public</visibility></literalinteger></magicdraw>