<?xml version="1.0" encoding="UTF-8"?><magicdraw><extensionend classType="ExtensionEnd" humanType="Extension End" icon="AutomotiveCaseStudy_files/icon_extensionend_2061328409.svg" id="58bfe04f-a335-47ad-9295-f79c5674536f"><aggregation humanName="Aggregation">composite</aggregation><association classType="Extension" humanName="Association" humanType="Extension" icon="AutomotiveCaseStudy_files/icon_extension_1445366849.svg" isRelationship="true" name="Extension[extension_unnamed1:0 - Automotive Production Mission Reference Architecture::1 - Stakeholders pkg::1.1 - Business Function pkg::1.1.3 Constraints &amp; Requirements pkg::BusinessRequirement - base_Class:UML Standard Profile::UML2 Metamodel::Class]" refid="11202ef3-cafc-4635-8779-ea89af44f6d6"/><documentation humanName="Documentation"/><featuringClassifier classType="Extension" humanName="Featuring Classifier" humanType="Extension" icon="AutomotiveCaseStudy_files/icon_extension_1445366849.svg" isRelationship="true" name="Extension[extension_unnamed1:0 - Automotive Production Mission Reference Architecture::1 - Stakeholders pkg::1.1 - Business Function pkg::1.1.3 Constraints &amp; Requirements pkg::BusinessRequirement - base_Class:UML Standard Profile::UML2 Metamodel::Class]" refid="11202ef3-cafc-4635-8779-ea89af44f6d6"/><isComposite humanName="Is Composite">true</isComposite><isDerived humanName="Is Derived">false</isDerived><isDerivedUnion humanName="Is Derived Union">false</isDerivedUnion><isID humanName="Is ID" mode="s,e">false</isID><isLeaf humanName="Is Leaf">false</isLeaf><isOrdered humanName="Is Ordered">false</isOrdered><isReadOnly humanName="Is Read Only">false</isReadOnly><isStatic humanName="Is Static">false</isStatic><isUnique humanName="Is Unique">true</isUnique><lower humanName="Lower">0</lower><lowerValue classType="LiteralInteger" humanName="Lower Value" humanType="Literal Integer" icon="AutomotiveCaseStudy_files/icon_literalinteger_1097231278.svg" name="0" refid="ccdf25a2-cfdd-42ad-aad1-be2373c80308" text="0"/><multiplicity humanName="Multiplicity" mode="s,e">0..1</multiplicity><multiplicity humanName="Multiplicity" mode="s,e">0..1</multiplicity><name humanName="Name">extension_unnamed1</name><namespace classType="Extension" humanName="Namespace" humanType="Extension" icon="AutomotiveCaseStudy_files/icon_extension_1445366849.svg" isRelationship="true" name="Extension[extension_unnamed1:0 - Automotive Production Mission Reference Architecture::1 - Stakeholders pkg::1.1 - Business Function pkg::1.1.3 Constraints &amp; Requirements pkg::BusinessRequirement - base_Class:UML Standard Profile::UML2 Metamodel::Class]" refid="11202ef3-cafc-4635-8779-ea89af44f6d6"/><navigable humanName="Navigable">true</navigable><opposite classType="Property" humanName="Opposite" humanType="Property" icon="AutomotiveCaseStudy_files/icon_property_2135874046.svg" name="base_Class" refid="1bfc4bbc-161a-4ed9-84e1-43f06c9b0f7b"/><ownedBy classType="Extension" humanName="Owned By" humanType="Extension" icon="AutomotiveCaseStudy_files/icon_extension_1445366849.svg" isRelationship="true" mode="s,e" name="Extension[extension_unnamed1:0 - Automotive Production Mission Reference Architecture::1 - Stakeholders pkg::1.1 - Business Function pkg::1.1.3 Constraints &amp; Requirements pkg::BusinessRequirement - base_Class:UML Standard Profile::UML2 Metamodel::Class]" refid="11202ef3-cafc-4635-8779-ea89af44f6d6"/><ownedElement humanName="Owned Element"><literalinteger classType="LiteralInteger" humanType="Literal Integer" icon="AutomotiveCaseStudy_files/icon_literalinteger_1097231278.svg" name="0" refid="ccdf25a2-cfdd-42ad-aad1-be2373c80308" text="0"/><literalunlimitednatural classType="LiteralUnlimitedNatural" humanType="Literal Unlimited Natural" icon="AutomotiveCaseStudy_files/icon_literalunlimitednatural_195523604.svg" name="1" refid="e89d4e79-7a48-468e-b9b5-8563417fd801" text="1"/></ownedElement><owner classType="Extension" humanName="Owner" humanType="Extension" icon="AutomotiveCaseStudy_files/icon_extension_1445366849.svg" isRelationship="true" name="Extension[extension_unnamed1:0 - Automotive Production Mission Reference Architecture::1 - Stakeholders pkg::1.1 - Business Function pkg::1.1.3 Constraints &amp; Requirements pkg::BusinessRequirement - base_Class:UML Standard Profile::UML2 Metamodel::Class]" refid="11202ef3-cafc-4635-8779-ea89af44f6d6"/><owningAssociation classType="Extension" humanName="Owning Association" humanType="Extension" icon="AutomotiveCaseStudy_files/icon_extension_1445366849.svg" isRelationship="true" name="Extension[extension_unnamed1:0 - Automotive Production Mission Reference Architecture::1 - Stakeholders pkg::1.1 - Business Function pkg::1.1.3 Constraints &amp; Requirements pkg::BusinessRequirement - base_Class:UML Standard Profile::UML2 Metamodel::Class]" refid="11202ef3-cafc-4635-8779-ea89af44f6d6"/><qualifiedName humanName="Qualified Name">0 - Automotive Production Mission Reference Architecture::1 - Stakeholders pkg::1.1 - Business Function pkg::1.1.3 Constraints &amp; Requirements pkg::::extension_unnamed1</qualifiedName><redefinitionContext humanName="Redefinition Context"><extension classType="Extension" humanType="Extension" icon="AutomotiveCaseStudy_files/icon_extension_1445366849.svg" isRelationship="true" name="Extension[extension_unnamed1:0 - Automotive Production Mission Reference Architecture::1 - Stakeholders pkg::1.1 - Business Function pkg::1.1.3 Constraints &amp; Requirements pkg::BusinessRequirement - base_Class:UML Standard Profile::UML2 Metamodel::Class]" refid="11202ef3-cafc-4635-8779-ea89af44f6d6"/></redefinitionContext><TO_DO humanName="To Do"/><type classType="Stereotype" humanName="Type" humanType="Stereotype" icon="AutomotiveCaseStudy_files/icon_stereotype_918307166.svg" name="BusinessRequirement" refid="e7b1e458-d310-462e-bcc0-46ad43067f83"/><TYPE_MODIFIER humanName="Type Modifier"/><upper humanName="Upper">1</upper><upperValue classType="LiteralUnlimitedNatural" humanName="Upper Value" humanType="Literal Unlimited Natural" icon="AutomotiveCaseStudy_files/icon_literalunlimitednatural_195523604.svg" name="1" refid="e89d4e79-7a48-468e-b9b5-8563417fd801" text="1"/><visibility humanName="Visibility">private</visibility></extensionend></magicdraw>