<?xml version="1.0" encoding="UTF-8"?><magicdraw><literalstring classType="LiteralString" humanType="Literal String" icon="AutomotiveCaseStudy_files/icon_literalstring_242907379.svg" id="5929191e-a287-4c69-8b01-7a8ea4f2d651"><documentation humanName="Documentation"/><name humanName="Name"/><owner classType="Slot" humanName="Owner" humanType="Slot" icon="AutomotiveCaseStudy_files/icon_slot_780071655.svg" mode="e" refid="f4a0818c-9e1a-4445-86c5-9c125964b67e"/><owningSlot classType="Slot" humanName="Owning Slot" humanType="Slot" icon="AutomotiveCaseStudy_files/icon_slot_780071655.svg" refid="f4a0818c-9e1a-4445-86c5-9c125964b67e"/><qualifiedName humanName="Qualified Name"/><text humanName="Text" mode="standard">47</text><TO_DO humanName="To Do"/><TYPE_MODIFIER humanName="Type Modifier"/><value humanName="Value" mode="s,e">47</value><visibility humanName="Visibility">public</visibility></literalstring></magicdraw>