<?xml version="1.0" encoding="UTF-8"?><magicdraw><packageimport classType="PackageImport" humanType="Package Import" icon="AutomotiveCaseStudy_files/icon_packageimport_755759908.svg" id="599d11dd-42b9-4a99-87bf-4f638b7b0866"><APPLIED_STEREOTYPES humanName="Applied Stereotype" mode="s,e"><stereotype classType="Stereotype" humanType="Stereotype" icon="AutomotiveCaseStudy_files/icon_stereotype_918307166.svg" name="additionalPackageImport" refid="a64a0b71-263a-4369-abb3-605160b57595"/></APPLIED_STEREOTYPES><appliedStereotype humanName="Applied Stereotype" mode="s,e"><stereotype classType="Stereotype" humanType="Stereotype" icon="AutomotiveCaseStudy_files/icon_stereotype_918307166.svg" name="additionalPackageImport" refid="a64a0b71-263a-4369-abb3-605160b57595"><property classType="Property" humanName="Base_ Element" humanType="Property" icon="AutomotiveCaseStudy_files/icon_property_2135874046.svg" name="base_Element" refid="644e1140-f31d-407b-89f2-5d632e73d92d"/><property classType="Property" humanName="Base_ Element" humanType="Property" icon="AutomotiveCaseStudy_files/icon_property_2135874046.svg" name="base_Element" refid="e842a895-4bd7-40d8-8c74-d7765cbd399c"/><property classType="Property" humanName="Base_ Package Import" humanType="Property" icon="AutomotiveCaseStudy_files/icon_property_2135874046.svg" name="base_PackageImport" refid="b7d0ff51-0464-4309-a402-6ee1fd48273a"/><property classType="Property" humanName="Treat As Auxiliary In Owning Project" humanType="Property" icon="AutomotiveCaseStudy_files/icon_property_2135874046.svg" name="treatAsAuxiliaryInOwningProject" refid="6901cd52-b8f4-47ec-b06e-7341e016ce2a"><Boolean>true</Boolean></property><property classType="Property" humanName="Treat As Auxiliary In Owning Project" humanType="Property" icon="AutomotiveCaseStudy_files/icon_property_2135874046.svg" name="treatAsAuxiliaryInOwningProject" refid="17177f96-1b15-436f-ae38-0fd50eb1e16d"><Boolean>true</Boolean></property></stereotype></appliedStereotype><appliedStereotypeInstance classType="InstanceSpecification" humanName="Applied Stereotype Instance" humanType="Instance Specification" icon="AutomotiveCaseStudy_files/icon_instancespecification_13643661.svg" name=" : UML Standard Profile::MagicDraw Profile::additionalPackageImport" refid="45066c11-8ce0-4f34-a081-4a302909cfa0"/><documentation humanName="Documentation"/><importedPackage classType="Package" humanName="Imported Package" humanType="Package" icon="AutomotiveCaseStudy_files/icon_package_1622863652.svg" mode="s,e" name="Basic Volume" refid="41727761-5bac-464f-8ba5-0545008231e7"/><importingNamespace classType="Model" humanName="Importing Namespace" humanType="Model" icon="AutomotiveCaseStudy_files/icon_model_1300528434.svg" mode="s,e" name="Model" refid="a4f9265e-268e-442a-9b44-e2ee46cdc216"/><ownedElement humanName="Owned Element"><instancespecification classType="InstanceSpecification" humanType="Instance Specification" icon="AutomotiveCaseStudy_files/icon_instancespecification_13643661.svg" name=" : UML Standard Profile::MagicDraw Profile::additionalPackageImport" refid="45066c11-8ce0-4f34-a081-4a302909cfa0"/></ownedElement><owner classType="Model" humanName="Owner" humanType="Model" icon="AutomotiveCaseStudy_files/icon_model_1300528434.svg" mode="s,e" name="Model" refid="a4f9265e-268e-442a-9b44-e2ee46cdc216"/><relatedElement humanName="Related Element"><package classType="Package" humanType="Package" icon="AutomotiveCaseStudy_files/icon_package_1622863652.svg" name="Basic Volume" refid="41727761-5bac-464f-8ba5-0545008231e7"/><model classType="Model" humanType="Model" icon="AutomotiveCaseStudy_files/icon_model_1300528434.svg" name="Model" refid="a4f9265e-268e-442a-9b44-e2ee46cdc216"/></relatedElement><source humanName="Source"><model classType="Model" humanType="Model" icon="AutomotiveCaseStudy_files/icon_model_1300528434.svg" name="Model" refid="a4f9265e-268e-442a-9b44-e2ee46cdc216"/></source><target humanName="Target"><package classType="Package" humanType="Package" icon="AutomotiveCaseStudy_files/icon_package_1622863652.svg" name="Basic Volume" refid="41727761-5bac-464f-8ba5-0545008231e7"/></target><TO_DO humanName="To Do" mode="s,e"/><visibility humanName="Visibility" mode="s,e">public</visibility></packageimport></magicdraw>