<?xml version="1.0" encoding="UTF-8"?><magicdraw><comment classType="Comment" humanType="Comment" icon="AutomotiveCaseStudy_files/icon_comment_992361802.svg" id="59e97db1-8712-4e91-8688-4a994eaff657"><annotatedElement humanName="Annotated Element" mode="s,e"><performancerequirement classType="Class" humanType="Performance Requirement" icon="AutomotiveCaseStudy_files/icon_performancerequirement_962002586.svg" name="Upside Source Return Adaptability" refid="448476b1-823c-43cb-8852-d3374fbc1aeb"/></annotatedElement><body humanName="Body" mode="s,e">The maximum sustainable percentage increase in returns
of raw materials to suppliers that can be achieved in 30 days with the assumption of unconstrained finished goods availability</body><documentation humanName="Documentation"/><owner classType="Class" humanName="Owner" humanType="Performance Requirement" icon="AutomotiveCaseStudy_files/icon_performancerequirement_962002586.svg" mode="s,e" name="Upside Source Return Adaptability" refid="448476b1-823c-43cb-8852-d3374fbc1aeb"/><owningElement classType="Class" humanName="Owning Element" humanType="Performance Requirement" icon="AutomotiveCaseStudy_files/icon_performancerequirement_962002586.svg" name="Upside Source Return Adaptability" refid="448476b1-823c-43cb-8852-d3374fbc1aeb"/><TO_DO humanName="To Do" mode="s,e"/></comment></magicdraw>