<?xml version="1.0" encoding="UTF-8"?><magicdraw><literalstring classType="LiteralString" humanType="Literal String" icon="AutomotiveCaseStudy_files/icon_literalstring_2037275532.svg" id="59f7ecb5-36ac-4662-bb71-18353a7fd442"><documentation humanName="Documentation"/><name humanName="Name"/><owner classType="Slot" humanName="Owner" humanType="Slot" icon="AutomotiveCaseStudy_files/icon_slot_355231286.svg" mode="e" refid="4fd642ae-a759-4f2c-82c6-5ef36292b49d"/><owningSlot classType="Slot" humanName="Owning Slot" humanType="Slot" icon="AutomotiveCaseStudy_files/icon_slot_355231286.svg" refid="4fd642ae-a759-4f2c-82c6-5ef36292b49d"/><qualifiedName humanName="Qualified Name"/><text humanName="Text" mode="standard">40</text><TO_DO humanName="To Do"/><TYPE_MODIFIER humanName="Type Modifier"/><value humanName="Value" mode="s,e">40</value><visibility humanName="Visibility">public</visibility></literalstring></magicdraw>