<?xml version="1.0" encoding="UTF-8"?><magicdraw><literalstring classType="LiteralString" humanType="Literal String" icon="AutomotiveCaseStudy_files/icon_literalstring_242907379.svg" id="59f848ed-b2d4-4768-9fa3-f63746a089f6"><documentation humanName="Documentation"/><name humanName="Name"/><owner classType="Slot" humanName="Owner" humanType="Slot" icon="AutomotiveCaseStudy_files/icon_slot_780071655.svg" mode="e" refid="bf3f86f0-f2a8-487b-a4e7-6850bda9c02b"/><owningSlot classType="Slot" humanName="Owning Slot" humanType="Slot" icon="AutomotiveCaseStudy_files/icon_slot_780071655.svg" refid="bf3f86f0-f2a8-487b-a4e7-6850bda9c02b"/><qualifiedName humanName="Qualified Name"/><text humanName="Text" mode="standard">40.2</text><TO_DO humanName="To Do"/><TYPE_MODIFIER humanName="Type Modifier"/><value humanName="Value" mode="s,e">40.2</value><visibility humanName="Visibility">public</visibility></literalstring></magicdraw>