<?xml version="1.0" encoding="UTF-8"?><magicdraw><literalstring classType="LiteralString" humanType="Literal String" icon="AutomotiveCaseStudy_files/icon_literalstring_242907379.svg" id="5a1ecf6c-7e0b-40be-beb0-42e6d29de6ed"><documentation humanName="Documentation"/><name humanName="Name"/><owner classType="Slot" humanName="Owner" humanType="Slot" icon="AutomotiveCaseStudy_files/icon_slot_780071655.svg" mode="e" refid="41391db3-f8c2-451a-b294-dea08b123469"/><owningSlot classType="Slot" humanName="Owning Slot" humanType="Slot" icon="AutomotiveCaseStudy_files/icon_slot_780071655.svg" refid="41391db3-f8c2-451a-b294-dea08b123469"/><qualifiedName humanName="Qualified Name"/><text humanName="Text" mode="standard">22.2</text><TO_DO humanName="To Do"/><TYPE_MODIFIER humanName="Type Modifier"/><value humanName="Value" mode="s,e">22.2</value><visibility humanName="Visibility">public</visibility></literalstring></magicdraw>