<?xml version="1.0" encoding="UTF-8"?><magicdraw><literalstring classType="LiteralString" humanType="Literal String" icon="AutomotiveCaseStudy_files/icon_literalstring_2037275532.svg" id="5a381ae6-bd35-4431-abee-a26fd1efb83d"><documentation humanName="Documentation"/><name humanName="Name"/><owner classType="Slot" humanName="Owner" humanType="Slot" icon="AutomotiveCaseStudy_files/icon_slot_355231286.svg" mode="e" refid="4db6307c-fb21-426d-a593-e50475bc3696"/><owningSlot classType="Slot" humanName="Owning Slot" humanType="Slot" icon="AutomotiveCaseStudy_files/icon_slot_355231286.svg" refid="4db6307c-fb21-426d-a593-e50475bc3696"/><qualifiedName humanName="Qualified Name"/><text humanName="Text" mode="standard">39.2</text><TO_DO humanName="To Do"/><TYPE_MODIFIER humanName="Type Modifier"/><value humanName="Value" mode="s,e">39.2</value><visibility humanName="Visibility">public</visibility></literalstring></magicdraw>