<?xml version="1.0" encoding="UTF-8"?><magicdraw><stereotype classType="Stereotype" humanType="Stereotype" icon="AutomotiveCaseStudy_files/icon_stereotype_918307166.svg" id="5a84eeb1-48d5-4af4-9501-7af9640ecbca"><allGeneralClassifiers humanName="All General Classifiers"><stereotype classType="Stereotype" humanType="Stereotype" icon="AutomotiveCaseStudy_files/icon_stereotype_918307166.svg" name="AbstractRequirement" refid="2cad6c59-0acb-485b-87d5-a5884f444199"/><stereotype classType="Stereotype" humanType="Stereotype" icon="AutomotiveCaseStudy_files/icon_stereotype_1299267026.svg" name="businessRequirement" refid="a2536bca-d836-467b-bed4-7e545b60e0ae"/><stereotype classType="Stereotype" humanType="Stereotype" icon="AutomotiveCaseStudy_files/icon_stereotype_1257827708.svg" name="extendedRequirement" refid="fbf2bed2-ce90-431b-bbfe-c68133d07f29"/><stereotype classType="Stereotype" humanType="Stereotype" icon="AutomotiveCaseStudy_files/icon_stereotype_2039054864.svg" name="Requirement" refid="f838850b-430d-4cc6-ad17-c24c493eb05f"/></allGeneralClassifiers><attribute humanName="Attribute"><property classType="Property" humanType="Property" icon="AutomotiveCaseStudy_files/icon_property_2135874046.svg" name="base_Class" refid="0e14d247-cc2f-46e5-bbf3-d663f187d937"/></attribute><documentation humanName="Documentation"/><extension humanName="Extension"><extension classType="Extension" humanType="Extension" icon="AutomotiveCaseStudy_files/icon_extension_1445366849.svg" isRelationship="true" name="Extension[extension_BusinessObjective:0 - Automotive Production Mission Reference Architecture::1 - Stakeholders pkg::1.1 - Business Function pkg::1.1.2 Needs &amp; Objectives pkg::BusinessObjective - base_Class:UML Standard Profile::UML2 Metamodel::Class]" refid="6373110c-e070-4567-a47a-a63f125be1cc"/></extension><feature humanName="Feature"><property classType="Property" humanType="Property" icon="AutomotiveCaseStudy_files/icon_property_2135874046.svg" name="base_Class" refid="0e14d247-cc2f-46e5-bbf3-d663f187d937"/></feature><generalization humanName="Generalization"><generalization classType="Generalization" humanType="Generalization" icon="AutomotiveCaseStudy_files/icon_generalization_1702478809.svg" isRelationship="true" refid="25c45cac-9909-4cae-9b76-05f608dd1a90"/></generalization><inheritedMember humanName="Inherited Member"><property classType="Property" humanType="Property" icon="AutomotiveCaseStudy_files/icon_property_2135874046.svg" name="base_Class" refid="13165690-3e30-4216-bb53-99ef7d550909"/><property classType="Property" humanType="Property" icon="AutomotiveCaseStudy_files/icon_property_2135874046.svg" name="base_Class" refid="74161ac9-f4ee-41ab-b2f1-83f08b04e1ab"/><property classType="Property" humanType="Property" icon="AutomotiveCaseStudy_files/icon_property_2135874046.svg" name="base_Class" refid="2f4551a7-c615-44bb-a631-da62ee645935"/><property classType="Property" humanType="Property" icon="AutomotiveCaseStudy_files/icon_property_2135874046.svg" name="base_NamedElement" refid="c4b654ad-1733-45e5-ad16-3392b56127e9"/><property classType="Property" humanType="Property" icon="AutomotiveCaseStudy_files/icon_property_2135874046.svg" name="Derived" refid="9efe314f-936d-45bc-bbae-da6754bf1d0b"/><property classType="Property" humanType="Property" icon="AutomotiveCaseStudy_files/icon_property_2135874046.svg" name="DerivedFrom" refid="3f3dddbd-08c1-4890-91c2-e5e28da00608"/><property classType="Property" humanType="Property" icon="AutomotiveCaseStudy_files/icon_property_2135874046.svg" name="Id" refid="70e95e23-9dc9-4211-a8bd-e6c40992cdbc"/><property classType="Property" humanType="Property" icon="AutomotiveCaseStudy_files/icon_property_2135874046.svg" name="Master" refid="003fd7ac-9986-4819-bf1b-347e133f08ff"/><property classType="Property" humanType="Property" icon="AutomotiveCaseStudy_files/icon_property_2135874046.svg" name="RefinedBy" refid="dc5873df-0eee-4f57-9e28-fbe6d8b606f2"/><property classType="Property" humanType="Property" icon="AutomotiveCaseStudy_files/icon_property_2135874046.svg" name="risk" refid="f677da46-c631-451c-8708-2032bd1f48d7"/><property classType="Property" humanType="Property" icon="AutomotiveCaseStudy_files/icon_property_2135874046.svg" name="SatisfiedBy" refid="7d7d3681-997a-42a5-b430-bff0061720e4"/><property classType="Property" humanType="Property" icon="AutomotiveCaseStudy_files/icon_property_2135874046.svg" name="source" refid="4b088684-fedb-4880-9446-af6b69c3ad20"/><property classType="Property" humanType="Property" icon="AutomotiveCaseStudy_files/icon_property_2135874046.svg" name="Text" refid="276f8ce5-69de-4660-87a3-7a7b5d0e6546"/><property classType="Property" humanType="Property" icon="AutomotiveCaseStudy_files/icon_property_2135874046.svg" name="TracedTo" refid="f434643f-c936-422d-82cc-2044f736b55a"/><property classType="Property" humanType="Property" icon="AutomotiveCaseStudy_files/icon_property_2135874046.svg" name="VerifiedBy" refid="e048b615-aab0-4a82-af75-86d8454c084b"/><property classType="Property" humanType="Property" icon="AutomotiveCaseStudy_files/icon_property_2135874046.svg" name="verifyMethod" refid="61d63a70-8ac3-45af-8074-d577f68427e6"/></inheritedMember><isAbstract humanName="Is Abstract" mode="s,e">false</isAbstract><isActive humanName="Is Active">false</isActive><isFinalSpecialization humanName="Is Final Specialization">false</isFinalSpecialization><isLeaf humanName="Is Leaf">false</isLeaf><member humanName="Member"><property classType="Property" humanType="Property" icon="AutomotiveCaseStudy_files/icon_property_2135874046.svg" name="base_Class" refid="0e14d247-cc2f-46e5-bbf3-d663f187d937"/><property classType="Property" humanType="Property" icon="AutomotiveCaseStudy_files/icon_property_2135874046.svg" name="base_Class" refid="13165690-3e30-4216-bb53-99ef7d550909"/><property classType="Property" humanType="Property" icon="AutomotiveCaseStudy_files/icon_property_2135874046.svg" name="base_Class" refid="74161ac9-f4ee-41ab-b2f1-83f08b04e1ab"/><property classType="Property" humanType="Property" icon="AutomotiveCaseStudy_files/icon_property_2135874046.svg" name="base_Class" refid="2f4551a7-c615-44bb-a631-da62ee645935"/><property classType="Property" humanType="Property" icon="AutomotiveCaseStudy_files/icon_property_2135874046.svg" name="base_NamedElement" refid="c4b654ad-1733-45e5-ad16-3392b56127e9"/><property classType="Property" humanType="Property" icon="AutomotiveCaseStudy_files/icon_property_2135874046.svg" name="Derived" refid="9efe314f-936d-45bc-bbae-da6754bf1d0b"/><property classType="Property" humanType="Property" icon="AutomotiveCaseStudy_files/icon_property_2135874046.svg" name="DerivedFrom" refid="3f3dddbd-08c1-4890-91c2-e5e28da00608"/><property classType="Property" humanType="Property" icon="AutomotiveCaseStudy_files/icon_property_2135874046.svg" name="Id" refid="70e95e23-9dc9-4211-a8bd-e6c40992cdbc"/><property classType="Property" humanType="Property" icon="AutomotiveCaseStudy_files/icon_property_2135874046.svg" name="Master" refid="003fd7ac-9986-4819-bf1b-347e133f08ff"/><property classType="Property" humanType="Property" icon="AutomotiveCaseStudy_files/icon_property_2135874046.svg" name="RefinedBy" refid="dc5873df-0eee-4f57-9e28-fbe6d8b606f2"/><property classType="Property" humanType="Property" icon="AutomotiveCaseStudy_files/icon_property_2135874046.svg" name="risk" refid="f677da46-c631-451c-8708-2032bd1f48d7"/><property classType="Property" humanType="Property" icon="AutomotiveCaseStudy_files/icon_property_2135874046.svg" name="SatisfiedBy" refid="7d7d3681-997a-42a5-b430-bff0061720e4"/><property classType="Property" humanType="Property" icon="AutomotiveCaseStudy_files/icon_property_2135874046.svg" name="source" refid="4b088684-fedb-4880-9446-af6b69c3ad20"/><property classType="Property" humanType="Property" icon="AutomotiveCaseStudy_files/icon_property_2135874046.svg" name="Text" refid="276f8ce5-69de-4660-87a3-7a7b5d0e6546"/><property classType="Property" humanType="Property" icon="AutomotiveCaseStudy_files/icon_property_2135874046.svg" name="TracedTo" refid="f434643f-c936-422d-82cc-2044f736b55a"/><property classType="Property" humanType="Property" icon="AutomotiveCaseStudy_files/icon_property_2135874046.svg" name="VerifiedBy" refid="e048b615-aab0-4a82-af75-86d8454c084b"/><property classType="Property" humanType="Property" icon="AutomotiveCaseStudy_files/icon_property_2135874046.svg" name="verifyMethod" refid="61d63a70-8ac3-45af-8074-d577f68427e6"/></member><metaclass humanName="Metaclass" mode="s,e"><class classType="Class" humanType="Class" icon="AutomotiveCaseStudy_files/icon_class_290799804.svg" name="Class" refid="d1675d11-baa9-4f38-8999-df3ffed63534"/></metaclass><metaclass humanName="Metaclass" mode="s,e"><class classType="Class" humanType="Class" icon="AutomotiveCaseStudy_files/icon_class_290799804.svg" name="Class" refid="d1675d11-baa9-4f38-8999-df3ffed63534"/></metaclass><name humanName="Name" mode="s,e">BusinessObjective</name><namespace classType="Package" humanName="Namespace" humanType="Package" icon="AutomotiveCaseStudy_files/icon_package_1622863652.svg" name="1.1.2 Needs &amp; Objectives pkg" refid="6dd07680-2d7b-4cb5-9de2-f94fd719d176"/><ownedAttribute humanName="Owned Attribute"><property classType="Property" humanType="Property" icon="AutomotiveCaseStudy_files/icon_property_2135874046.svg" name="base_Class" refid="0e14d247-cc2f-46e5-bbf3-d663f187d937"/></ownedAttribute><ownedElement humanName="Owned Element"><generalization classType="Generalization" humanType="Generalization" icon="AutomotiveCaseStudy_files/icon_generalization_1702478809.svg" isRelationship="true" refid="25c45cac-9909-4cae-9b76-05f608dd1a90"/><property classType="Property" humanType="Property" icon="AutomotiveCaseStudy_files/icon_property_2135874046.svg" name="base_Class" refid="0e14d247-cc2f-46e5-bbf3-d663f187d937"/></ownedElement><ownedMember humanName="Owned Member"><property classType="Property" humanType="Property" icon="AutomotiveCaseStudy_files/icon_property_2135874046.svg" name="base_Class" refid="0e14d247-cc2f-46e5-bbf3-d663f187d937"/></ownedMember><owner classType="Package" humanName="Owner" humanType="Package" icon="AutomotiveCaseStudy_files/icon_package_1622863652.svg" mode="s,e" name="1.1.2 Needs &amp; Objectives pkg" refid="6dd07680-2d7b-4cb5-9de2-f94fd719d176"/><owningPackage classType="Package" humanName="Owning Package" humanType="Package" icon="AutomotiveCaseStudy_files/icon_package_1622863652.svg" name="1.1.2 Needs &amp; Objectives pkg" refid="6dd07680-2d7b-4cb5-9de2-f94fd719d176"/><package classType="Package" humanName="Package" humanType="Package" icon="AutomotiveCaseStudy_files/icon_package_1622863652.svg" name="1.1.2 Needs &amp; Objectives pkg" refid="6dd07680-2d7b-4cb5-9de2-f94fd719d176"/><qualifiedName humanName="Qualified Name" mode="e">0 - Automotive Production Mission Reference Architecture::1 - Stakeholders pkg::1.1 - Business Function pkg::1.1.2 Needs &amp; Objectives pkg::BusinessObjective</qualifiedName><role humanName="Role"><property classType="Property" humanType="Property" icon="AutomotiveCaseStudy_files/icon_property_2135874046.svg" name="base_Class" refid="0e14d247-cc2f-46e5-bbf3-d663f187d937"/></role><superClass humanName="Super Class"><stereotype classType="Stereotype" humanType="Stereotype" icon="AutomotiveCaseStudy_files/icon_stereotype_1299267026.svg" name="businessRequirement" refid="a2536bca-d836-467b-bed4-7e545b60e0ae"/></superClass><TO_DO humanName="To Do" mode="s,e"/><visibility humanName="Visibility">public</visibility></stereotype></magicdraw>