<?xml version="1.0" encoding="UTF-8"?><magicdraw><slot classType="Slot" humanType="Slot" icon="AutomotiveCaseStudy_files/icon_slot_780071655.svg" id="5b6960c1-19ad-4986-98b6-41eb96d55336"><definingFeature classType="Property" humanName="Defining Feature" humanType="Property" icon="AutomotiveCaseStudy_files/icon_property_3315346.svg" mode="s,e" name="expandedRows" refid="25570741-f631-453c-94b1-07543cfde681"/><documentation humanName="Documentation"/><ownedElement humanName="Owned Element"><literalstring classType="LiteralString" humanType="Literal String" icon="AutomotiveCaseStudy_files/icon_literalstring_242907379.svg" name="b1e72a88-c5df-4b1a-a3c0-6e2a3877a09c" refid="f00bd1b3-01de-47a7-a2ca-9bb96213f631" text="b1e72a88-c5df-4b1a-a3c0-6e2a3877a09c"/></ownedElement><owner classType="InstanceSpecification" humanName="Owner" humanType="Instance Specification" icon="AutomotiveCaseStudy_files/icon_instancespecification_13643661.svg" mode="s,e" name=" : MD Customization for Requirements::additional_stereotypes::RequirementTable, UML Standard Profile::MagicDraw Profile::DiagramTable, UML Standard Profile::MagicDraw Profile::DiagramInfo" refid="506548ae-66c7-41d1-9fdd-207c242f088b"/><owningInstance classType="InstanceSpecification" humanName="Owning Instance" humanType="Instance Specification" icon="AutomotiveCaseStudy_files/icon_instancespecification_13643661.svg" name=" : MD Customization for Requirements::additional_stereotypes::RequirementTable, UML Standard Profile::MagicDraw Profile::DiagramTable, UML Standard Profile::MagicDraw Profile::DiagramInfo" refid="506548ae-66c7-41d1-9fdd-207c242f088b"/><TO_DO humanName="To Do" mode="s,e"/><value humanName="Value" mode="s,e"><literalstring classType="LiteralString" humanType="Literal String" icon="AutomotiveCaseStudy_files/icon_literalstring_242907379.svg" name="b1e72a88-c5df-4b1a-a3c0-6e2a3877a09c" refid="f00bd1b3-01de-47a7-a2ca-9bb96213f631" text="b1e72a88-c5df-4b1a-a3c0-6e2a3877a09c"/></value></slot></magicdraw>