<?xml version="1.0" encoding="UTF-8"?><magicdraw><slot classType="Slot" humanType="Slot" icon="AutomotiveCaseStudy_files/icon_slot_780071655.svg" id="5c5783d7-0d67-4530-8895-da85d76e8e85"><definingFeature classType="Property" humanName="Defining Feature" humanType="Property" icon="AutomotiveCaseStudy_files/icon_property_3315346.svg" mode="s,e" name="rowsOrder" refid="65e063ee-42c5-4b40-90e4-d82de5a8feaa"/><documentation humanName="Documentation"/><ownedElement humanName="Owned Element"><literalstring classType="LiteralString" humanType="Literal String" icon="AutomotiveCaseStudy_files/icon_literalstring_242907379.svg" name="6fbc5b13-aebf-41d8-97c9-2763abbcf2e4:e8d50213-fc85-46d5-aa79-f9f484fdfab2:49f8853b-c8ce-419f-98b3-a0ceab6ce165:ce2f20f6-f38a-4ee1-aa79-437b217b59ef:7e36e40f-458d-4722-85e1-e7266eb5ff25" refid="ff8a5b90-065f-4972-9cc0-338f8b1e3a54" text="6fbc5b13-aebf-41d8-97c9-2763abbcf2e4:e8d50213-fc85-46d5-aa79-f9f484fdfab2:49f8853b-c8ce-419f-98b3-a0ceab6ce165:ce2f20f6-f38a-4ee1-aa79-437b217b59ef:7e36e40f-458d-4722-85e1-e7266eb5ff25"/></ownedElement><owner classType="InstanceSpecification" humanName="Owner" humanType="Instance Specification" icon="AutomotiveCaseStudy_files/icon_instancespecification_13643661.svg" mode="s,e" name=" : MD Customization for Requirements::additional_stereotypes::RequirementTable, UML Standard Profile::MagicDraw Profile::DiagramTable, UML Standard Profile::MagicDraw Profile::DiagramInfo" refid="472317ef-1a59-4476-b9ec-6d5de30f83e2"/><owningInstance classType="InstanceSpecification" humanName="Owning Instance" humanType="Instance Specification" icon="AutomotiveCaseStudy_files/icon_instancespecification_13643661.svg" name=" : MD Customization for Requirements::additional_stereotypes::RequirementTable, UML Standard Profile::MagicDraw Profile::DiagramTable, UML Standard Profile::MagicDraw Profile::DiagramInfo" refid="472317ef-1a59-4476-b9ec-6d5de30f83e2"/><TO_DO humanName="To Do" mode="s,e"/><value humanName="Value" mode="s,e"><literalstring classType="LiteralString" humanType="Literal String" icon="AutomotiveCaseStudy_files/icon_literalstring_242907379.svg" name="6fbc5b13-aebf-41d8-97c9-2763abbcf2e4:e8d50213-fc85-46d5-aa79-f9f484fdfab2:49f8853b-c8ce-419f-98b3-a0ceab6ce165:ce2f20f6-f38a-4ee1-aa79-437b217b59ef:7e36e40f-458d-4722-85e1-e7266eb5ff25" refid="ff8a5b90-065f-4972-9cc0-338f8b1e3a54" text="6fbc5b13-aebf-41d8-97c9-2763abbcf2e4:e8d50213-fc85-46d5-aa79-f9f484fdfab2:49f8853b-c8ce-419f-98b3-a0ceab6ce165:ce2f20f6-f38a-4ee1-aa79-437b217b59ef:7e36e40f-458d-4722-85e1-e7266eb5ff25"/></value></slot></magicdraw>