<?xml version="1.0" encoding="UTF-8"?><magicdraw><literalstring classType="LiteralString" humanType="Literal String" icon="AutomotiveCaseStudy_files/icon_literalstring_242907379.svg" id="5d04433f-9c75-423e-bfd4-4347e7948302"><documentation humanName="Documentation"/><name humanName="Name"/><owner classType="Slot" humanName="Owner" humanType="Slot" icon="AutomotiveCaseStudy_files/icon_slot_780071655.svg" mode="e" refid="0ad4625d-66e9-43ee-b71f-b7202eaf819d"/><owningSlot classType="Slot" humanName="Owning Slot" humanType="Slot" icon="AutomotiveCaseStudy_files/icon_slot_780071655.svg" refid="0ad4625d-66e9-43ee-b71f-b7202eaf819d"/><qualifiedName humanName="Qualified Name"/><text humanName="Text" mode="standard">What is the inspection criteria?</text><TO_DO humanName="To Do"/><TYPE_MODIFIER humanName="Type Modifier"/><value humanName="Value" mode="s,e">What is the inspection criteria?</value><visibility humanName="Visibility">public</visibility></literalstring></magicdraw>