<?xml version="1.0" encoding="UTF-8"?><magicdraw><comment classType="Comment" humanType="Comment" icon="AutomotiveCaseStudy_files/icon_comment_992361802.svg" id="5d5d34e5-e830-4789-b04d-75619fdf9ce1"><annotatedElement humanName="Annotated Element" mode="s,e"><performancerequirement classType="Class" humanType="Performance Requirement" icon="AutomotiveCaseStudy_files/icon_performancerequirement_1751427415.svg" name="Production System Value at Risk" refid="d685a41e-ef9d-48ac-94b3-9c370d419a43"/></annotatedElement><body humanName="Body" mode="s,e">Value at Risk – the sum of the probability of risk events times the monetary impact of
the events for all the supply chain functions (e.g. Plan, Source, Make, Deliver and Return).
(Processes: sEP.9, sES.9, sEM.9, sED.9, sER.9).</body><documentation humanName="Documentation"/><owner classType="Class" humanName="Owner" humanType="Performance Requirement" icon="AutomotiveCaseStudy_files/icon_performancerequirement_1751427415.svg" mode="s,e" name="Production System Value at Risk" refid="d685a41e-ef9d-48ac-94b3-9c370d419a43"/><owningElement classType="Class" humanName="Owning Element" humanType="Performance Requirement" icon="AutomotiveCaseStudy_files/icon_performancerequirement_1751427415.svg" name="Production System Value at Risk" refid="d685a41e-ef9d-48ac-94b3-9c370d419a43"/><TO_DO humanName="To Do" mode="s,e"/></comment></magicdraw>