<?xml version="1.0" encoding="UTF-8"?><magicdraw><literalstring classType="LiteralString" humanType="Literal String" icon="AutomotiveCaseStudy_files/icon_literalstring_242907379.svg" id="5e27b576-46b3-4cbc-acf4-6b1df127db7f"><documentation humanName="Documentation"/><name humanName="Name"/><owner classType="Slot" humanName="Owner" humanType="Slot" icon="AutomotiveCaseStudy_files/icon_slot_780071655.svg" mode="e" refid="2b1cf8c4-6e71-4ee6-8ee9-d312b59327fb"/><owningSlot classType="Slot" humanName="Owning Slot" humanType="Slot" icon="AutomotiveCaseStudy_files/icon_slot_780071655.svg" refid="2b1cf8c4-6e71-4ee6-8ee9-d312b59327fb"/><qualifiedName humanName="Qualified Name"/><text humanName="Text" mode="standard">24</text><TO_DO humanName="To Do"/><TYPE_MODIFIER humanName="Type Modifier"/><value humanName="Value" mode="s,e">24</value><visibility humanName="Visibility">public</visibility></literalstring></magicdraw>