<?xml version="1.0" encoding="UTF-8"?><magicdraw><package classType="Package" humanType="Package" icon="AutomotiveCaseStudy_files/icon_package_1622863652.svg" id="5f46e316-3300-4442-b6c7-4e3ab1e86955"><documentation humanName="Documentation"/><member humanName="Member"><package classType="Package" humanType="Package" icon="AutomotiveCaseStudy_files/icon_package_1622863652.svg" name="0 - Overview and Nagivation - pkg" refid="61737f96-0b35-4e41-ae39-eff9970f1fe7"/><package classType="Package" humanType="Package" icon="AutomotiveCaseStudy_files/icon_package_1622863652.svg" name="1 - Business Function Concept pkg" refid="d2aae795-86c3-4a6e-9276-fe0db243feec"/><package classType="Package" humanType="Package" icon="AutomotiveCaseStudy_files/icon_package_1622863652.svg" name="2 - Technical Measures pkg (non-functional rqts)" refid="0bdd1dd5-95b4-46e1-9e8b-892ea45da06a"/><package classType="Package" humanType="Package" icon="AutomotiveCaseStudy_files/icon_package_1622863652.svg" name="2.2 - Domain Structure Objects" refid="6807fb79-2723-4c2b-9c6c-785528751ebe"/><package classType="Package" humanType="Package" icon="AutomotiveCaseStudy_files/icon_package_1622863652.svg" name="3 - Behaviors - pkg (mission ops / functional rqts)" refid="95f01347-a201-4386-b902-05c5e4048669"/><package classType="Package" humanType="Package" icon="AutomotiveCaseStudy_files/icon_package_1622863652.svg" name="4 - Requirements pkg" refid="b53514c0-c316-4107-8de9-8a916293833f"/><package classType="Package" humanType="Package" icon="AutomotiveCaseStudy_files/icon_package_1622863652.svg" name="5 - Architecture pkg" refid="afe88bcd-8526-4be9-9fde-78982d7fbbf2"/></member><name humanName="Name" mode="s,e">0 - Automotive Production Mission Reference Architecture</name><namespace classType="Model" humanName="Namespace" humanType="Model" icon="AutomotiveCaseStudy_files/icon_model_1300528434.svg" name="Model" refid="a4f9265e-268e-442a-9b44-e2ee46cdc216"/><nestedPackage humanName="Nested Package"><package classType="Package" humanType="Package" icon="AutomotiveCaseStudy_files/icon_package_1622863652.svg" name="0 - Overview and Nagivation - pkg" refid="61737f96-0b35-4e41-ae39-eff9970f1fe7"/><package classType="Package" humanType="Package" icon="AutomotiveCaseStudy_files/icon_package_1622863652.svg" name="1 - Business Function Concept pkg" refid="d2aae795-86c3-4a6e-9276-fe0db243feec"/><package classType="Package" humanType="Package" icon="AutomotiveCaseStudy_files/icon_package_1622863652.svg" name="2 - Technical Measures pkg (non-functional rqts)" refid="0bdd1dd5-95b4-46e1-9e8b-892ea45da06a"/><package classType="Package" humanType="Package" icon="AutomotiveCaseStudy_files/icon_package_1622863652.svg" name="2.2 - Domain Structure Objects" refid="6807fb79-2723-4c2b-9c6c-785528751ebe"/><package classType="Package" humanType="Package" icon="AutomotiveCaseStudy_files/icon_package_1622863652.svg" name="3 - Behaviors - pkg (mission ops / functional rqts)" refid="95f01347-a201-4386-b902-05c5e4048669"/><package classType="Package" humanType="Package" icon="AutomotiveCaseStudy_files/icon_package_1622863652.svg" name="4 - Requirements pkg" refid="b53514c0-c316-4107-8de9-8a916293833f"/><package classType="Package" humanType="Package" icon="AutomotiveCaseStudy_files/icon_package_1622863652.svg" name="5 - Architecture pkg" refid="afe88bcd-8526-4be9-9fde-78982d7fbbf2"/></nestedPackage><nestingPackage classType="Model" humanName="Nesting Package" humanType="Model" icon="AutomotiveCaseStudy_files/icon_model_1300528434.svg" name="Model" refid="a4f9265e-268e-442a-9b44-e2ee46cdc216"/><ownedElement humanName="Owned Element"><package classType="Package" humanType="Package" icon="AutomotiveCaseStudy_files/icon_package_1622863652.svg" name="0 - Overview and Nagivation - pkg" refid="61737f96-0b35-4e41-ae39-eff9970f1fe7"/><package classType="Package" humanType="Package" icon="AutomotiveCaseStudy_files/icon_package_1622863652.svg" name="1 - Business Function Concept pkg" refid="d2aae795-86c3-4a6e-9276-fe0db243feec"/><package classType="Package" humanType="Package" icon="AutomotiveCaseStudy_files/icon_package_1622863652.svg" name="2 - Technical Measures pkg (non-functional rqts)" refid="0bdd1dd5-95b4-46e1-9e8b-892ea45da06a"/><package classType="Package" humanType="Package" icon="AutomotiveCaseStudy_files/icon_package_1622863652.svg" name="2.2 - Domain Structure Objects" refid="6807fb79-2723-4c2b-9c6c-785528751ebe"/><package classType="Package" humanType="Package" icon="AutomotiveCaseStudy_files/icon_package_1622863652.svg" name="3 - Behaviors - pkg (mission ops / functional rqts)" refid="95f01347-a201-4386-b902-05c5e4048669"/><package classType="Package" humanType="Package" icon="AutomotiveCaseStudy_files/icon_package_1622863652.svg" name="4 - Requirements pkg" refid="b53514c0-c316-4107-8de9-8a916293833f"/><package classType="Package" humanType="Package" icon="AutomotiveCaseStudy_files/icon_package_1622863652.svg" name="5 - Architecture pkg" refid="afe88bcd-8526-4be9-9fde-78982d7fbbf2"/></ownedElement><ownedMember humanName="Owned Member"><package classType="Package" humanType="Package" icon="AutomotiveCaseStudy_files/icon_package_1622863652.svg" name="0 - Overview and Nagivation - pkg" refid="61737f96-0b35-4e41-ae39-eff9970f1fe7"/><package classType="Package" humanType="Package" icon="AutomotiveCaseStudy_files/icon_package_1622863652.svg" name="1 - Business Function Concept pkg" refid="d2aae795-86c3-4a6e-9276-fe0db243feec"/><package classType="Package" humanType="Package" icon="AutomotiveCaseStudy_files/icon_package_1622863652.svg" name="2 - Technical Measures pkg (non-functional rqts)" refid="0bdd1dd5-95b4-46e1-9e8b-892ea45da06a"/><package classType="Package" humanType="Package" icon="AutomotiveCaseStudy_files/icon_package_1622863652.svg" name="2.2 - Domain Structure Objects" refid="6807fb79-2723-4c2b-9c6c-785528751ebe"/><package classType="Package" humanType="Package" icon="AutomotiveCaseStudy_files/icon_package_1622863652.svg" name="3 - Behaviors - pkg (mission ops / functional rqts)" refid="95f01347-a201-4386-b902-05c5e4048669"/><package classType="Package" humanType="Package" icon="AutomotiveCaseStudy_files/icon_package_1622863652.svg" name="4 - Requirements pkg" refid="b53514c0-c316-4107-8de9-8a916293833f"/><package classType="Package" humanType="Package" icon="AutomotiveCaseStudy_files/icon_package_1622863652.svg" name="5 - Architecture pkg" refid="afe88bcd-8526-4be9-9fde-78982d7fbbf2"/></ownedMember><owner classType="Model" humanName="Owner" humanType="Model" icon="AutomotiveCaseStudy_files/icon_model_1300528434.svg" mode="s,e" name="Model" refid="a4f9265e-268e-442a-9b44-e2ee46cdc216"/><owningPackage classType="Model" humanName="Owning Package" humanType="Model" icon="AutomotiveCaseStudy_files/icon_model_1300528434.svg" name="Model" refid="a4f9265e-268e-442a-9b44-e2ee46cdc216"/><packagedElement humanName="Packaged Element"><package classType="Package" humanType="Package" icon="AutomotiveCaseStudy_files/icon_package_1622863652.svg" name="0 - Overview and Nagivation - pkg" refid="61737f96-0b35-4e41-ae39-eff9970f1fe7"/><package classType="Package" humanType="Package" icon="AutomotiveCaseStudy_files/icon_package_1622863652.svg" name="1 - Business Function Concept pkg" refid="d2aae795-86c3-4a6e-9276-fe0db243feec"/><package classType="Package" humanType="Package" icon="AutomotiveCaseStudy_files/icon_package_1622863652.svg" name="2 - Technical Measures pkg (non-functional rqts)" refid="0bdd1dd5-95b4-46e1-9e8b-892ea45da06a"/><package classType="Package" humanType="Package" icon="AutomotiveCaseStudy_files/icon_package_1622863652.svg" name="2.2 - Domain Structure Objects" refid="6807fb79-2723-4c2b-9c6c-785528751ebe"/><package classType="Package" humanType="Package" icon="AutomotiveCaseStudy_files/icon_package_1622863652.svg" name="3 - Behaviors - pkg (mission ops / functional rqts)" refid="95f01347-a201-4386-b902-05c5e4048669"/><package classType="Package" humanType="Package" icon="AutomotiveCaseStudy_files/icon_package_1622863652.svg" name="4 - Requirements pkg" refid="b53514c0-c316-4107-8de9-8a916293833f"/><package classType="Package" humanType="Package" icon="AutomotiveCaseStudy_files/icon_package_1622863652.svg" name="5 - Architecture pkg" refid="afe88bcd-8526-4be9-9fde-78982d7fbbf2"/></packagedElement><qualifiedName humanName="Qualified Name" mode="e">0 - Automotive Production Mission Reference Architecture</qualifiedName><TO_DO humanName="To Do" mode="s,e"/><URI humanName="URI" mode="e"/><visibility humanName="Visibility">public</visibility></package></magicdraw>