<?xml version="1.0" encoding="UTF-8"?><magicdraw><literalstring classType="LiteralString" humanType="Literal String" icon="AutomotiveCaseStudy_files/icon_literalstring_242907379.svg" id="5fc45c05-9d5f-4c6b-b306-9b2e1dcba2f5"><documentation humanName="Documentation"/><name humanName="Name"/><owner classType="Slot" humanName="Owner" humanType="Slot" icon="AutomotiveCaseStudy_files/icon_slot_780071655.svg" mode="e" refid="cf5d406a-f574-43e5-b935-0fc2ff2a724d"/><owningSlot classType="Slot" humanName="Owning Slot" humanType="Slot" icon="AutomotiveCaseStudy_files/icon_slot_780071655.svg" refid="cf5d406a-f574-43e5-b935-0fc2ff2a724d"/><qualifiedName humanName="Qualified Name"/><text humanName="Text" mode="standard">QPROP:Element:VerifiedBy</text><TO_DO humanName="To Do"/><TYPE_MODIFIER humanName="Type Modifier"/><value humanName="Value" mode="s,e">QPROP:Element:VerifiedBy</value><visibility humanName="Visibility">public</visibility></literalstring></magicdraw>