<?xml version="1.0" encoding="UTF-8"?><magicdraw><comment classType="Comment" humanType="Comment" icon="AutomotiveCaseStudy_files/icon_comment_992361802.svg" id="616eed10-68e5-400a-ac1b-277060c7a437"><annotatedElement humanName="Annotated Element" mode="s,e"><performancerequirement classType="Class" humanType="Performance Requirement" icon="AutomotiveCaseStudy_files/icon_performancerequirement_1751427415.svg" name="Downside Make Adaptability" refid="8ff92a46-4ecd-4d9c-9aca-9897120e9a93"/></annotatedElement><body humanName="Body" mode="s,e">The production reduction sustainable at 30 days prior to delivery with no inventory or cost penalties.</body><documentation humanName="Documentation"/><owner classType="Class" humanName="Owner" humanType="Performance Requirement" icon="AutomotiveCaseStudy_files/icon_performancerequirement_1751427415.svg" mode="s,e" name="Downside Make Adaptability" refid="8ff92a46-4ecd-4d9c-9aca-9897120e9a93"/><owningElement classType="Class" humanName="Owning Element" humanType="Performance Requirement" icon="AutomotiveCaseStudy_files/icon_performancerequirement_1751427415.svg" name="Downside Make Adaptability" refid="8ff92a46-4ecd-4d9c-9aca-9897120e9a93"/><TO_DO humanName="To Do" mode="s,e"/></comment></magicdraw>