<?xml version="1.0" encoding="UTF-8"?><magicdraw><package classType="Package" humanType="Package" icon="AutomotiveCaseStudy_files/icon_package_1622863652.svg" id="61737f96-0b35-4e41-ae39-eff9970f1fe7"><documentation humanName="Documentation"/><name humanName="Name" mode="s,e">0 - Overview and Nagivation - pkg</name><namespace classType="Package" humanName="Namespace" humanType="Package" icon="AutomotiveCaseStudy_files/icon_package_1622863652.svg" name="0 - Automotive Production Mission Reference Architecture" refid="5f46e316-3300-4442-b6c7-4e3ab1e86955"/><nestingPackage classType="Package" humanName="Nesting Package" humanType="Package" icon="AutomotiveCaseStudy_files/icon_package_1622863652.svg" name="0 - Automotive Production Mission Reference Architecture" refid="5f46e316-3300-4442-b6c7-4e3ab1e86955"/><owner classType="Package" humanName="Owner" humanType="Package" icon="AutomotiveCaseStudy_files/icon_package_1622863652.svg" mode="s,e" name="0 - Automotive Production Mission Reference Architecture" refid="5f46e316-3300-4442-b6c7-4e3ab1e86955"/><owningPackage classType="Package" humanName="Owning Package" humanType="Package" icon="AutomotiveCaseStudy_files/icon_package_1622863652.svg" name="0 - Automotive Production Mission Reference Architecture" refid="5f46e316-3300-4442-b6c7-4e3ab1e86955"/><qualifiedName humanName="Qualified Name" mode="e">0 - Automotive Production Mission Reference Architecture::0 - Overview and Nagivation - pkg</qualifiedName><TO_DO humanName="To Do" mode="s,e"/><URI humanName="URI" mode="e"/><visibility humanName="Visibility">public</visibility></package></magicdraw>