<?xml version="1.0" encoding="UTF-8"?><magicdraw><literalstring classType="LiteralString" humanType="Literal String" icon="AutomotiveCaseStudy_files/icon_literalstring_242907379.svg" id="621359b2-c18a-42e8-950e-19a073058f8b"><documentation humanName="Documentation"/><name humanName="Name"/><owner classType="Slot" humanName="Owner" humanType="Slot" icon="AutomotiveCaseStudy_files/icon_slot_780071655.svg" mode="e" refid="13413a39-f9b6-43f1-9c00-153fdb3b5517"/><owningSlot classType="Slot" humanName="Owning Slot" humanType="Slot" icon="AutomotiveCaseStudy_files/icon_slot_780071655.svg" refid="13413a39-f9b6-43f1-9c00-153fdb3b5517"/><qualifiedName humanName="Qualified Name"/><text humanName="Text" mode="standard">QPROP:Element:SatisfiedBy</text><TO_DO humanName="To Do"/><TYPE_MODIFIER humanName="Type Modifier"/><value humanName="Value" mode="s,e">QPROP:Element:SatisfiedBy</value><visibility humanName="Visibility">public</visibility></literalstring></magicdraw>