<?xml version="1.0" encoding="UTF-8"?><magicdraw><instancespecification classType="InstanceSpecification" humanType="Instance Specification" icon="AutomotiveCaseStudy_files/icon_instancespecification_13643661.svg" id="6237acf5-242d-4f1f-8696-2adabb56f9ef"><classifier humanName="Classifier" mode="s,e"><stereotype classType="Stereotype" humanType="Stereotype" icon="AutomotiveCaseStudy_files/icon_stereotype_918307166.svg" name="additionalPackageImport" refid="a64a0b71-263a-4369-abb3-605160b57595"/></classifier><documentation humanName="Documentation"/><name humanName="Name" mode="s,e"/><ownedElement humanName="Owned Element"><slot classType="Slot" humanType="Slot" icon="AutomotiveCaseStudy_files/icon_slot_780071655.svg" refid="0715f483-4b0d-48f2-83ea-2317567a4da1"/></ownedElement><owner classType="PackageImport" humanName="Owner" humanType="Package Import" icon="AutomotiveCaseStudy_files/icon_packageimport_755759908.svg" isRelationship="true" mode="s,e" refid="7e3901b8-3d33-48ad-98fd-d8480815dd72"/><qualifiedName humanName="Qualified Name" mode="e"/><slot humanName="Slot"><slot classType="Slot" humanType="Slot" icon="AutomotiveCaseStudy_files/icon_slot_780071655.svg" refid="0715f483-4b0d-48f2-83ea-2317567a4da1"/></slot><stereotypedElement classType="PackageImport" humanName="Stereotyped Element" humanType="Package Import" icon="AutomotiveCaseStudy_files/icon_packageimport_755759908.svg" isRelationship="true" refid="7e3901b8-3d33-48ad-98fd-d8480815dd72"/><TO_DO humanName="To Do" mode="s,e"/><visibility humanName="Visibility">public</visibility></instancespecification></magicdraw>