<?xml version="1.0" encoding="UTF-8"?><magicdraw><slot classType="Slot" humanType="Slot" icon="AutomotiveCaseStudy_files/icon_slot_780071655.svg" id="62dfc19b-ac64-46a2-a9fa-0433e7f815b4"><definingFeature classType="Property" humanName="Defining Feature" humanType="Property" icon="AutomotiveCaseStudy_files/icon_property_3315346.svg" mode="s,e" name="showFilter" refid="20ce6d1f-40ea-44af-be55-bfb828595334"/><documentation humanName="Documentation"/><ownedElement humanName="Owned Element"><literalboolean classType="LiteralBoolean" humanType="Literal Boolean" icon="AutomotiveCaseStudy_files/icon_literalboolean_1108151841.svg" name="true" refid="289b2f44-cee1-48b5-8b5e-c29de81d31e8" text="true"/></ownedElement><owner classType="InstanceSpecification" humanName="Owner" humanType="Instance Specification" icon="AutomotiveCaseStudy_files/icon_instancespecification_13643661.svg" mode="s,e" name=" : MD Customization for Requirements::additional_stereotypes::RequirementTable, UML Standard Profile::MagicDraw Profile::DiagramTable, UML Standard Profile::MagicDraw Profile::DiagramInfo" refid="71024529-329c-4f81-830f-e083d5f9e343"/><owningInstance classType="InstanceSpecification" humanName="Owning Instance" humanType="Instance Specification" icon="AutomotiveCaseStudy_files/icon_instancespecification_13643661.svg" name=" : MD Customization for Requirements::additional_stereotypes::RequirementTable, UML Standard Profile::MagicDraw Profile::DiagramTable, UML Standard Profile::MagicDraw Profile::DiagramInfo" refid="71024529-329c-4f81-830f-e083d5f9e343"/><TO_DO humanName="To Do" mode="s,e"/><value humanName="Value" mode="s,e"><literalboolean classType="LiteralBoolean" humanType="Literal Boolean" icon="AutomotiveCaseStudy_files/icon_literalboolean_1108151841.svg" name="true" refid="289b2f44-cee1-48b5-8b5e-c29de81d31e8" text="true"/></value></slot></magicdraw>