<?xml version="1.0" encoding="UTF-8"?><magicdraw><literalstring classType="LiteralString" humanType="Literal String" icon="AutomotiveCaseStudy_files/icon_literalstring_242907379.svg" id="630c61c5-97fa-4485-a47d-fab3dc1233e6"><documentation humanName="Documentation"/><name humanName="Name"/><owner classType="Slot" humanName="Owner" humanType="Slot" icon="AutomotiveCaseStudy_files/icon_slot_780071655.svg" mode="e" refid="870fb0d3-854e-490f-b6d6-ddfc47d2bce0"/><owningSlot classType="Slot" humanName="Owning Slot" humanType="Slot" icon="AutomotiveCaseStudy_files/icon_slot_780071655.svg" refid="870fb0d3-854e-490f-b6d6-ddfc47d2bce0"/><qualifiedName humanName="Qualified Name"/><text humanName="Text" mode="standard">Percentage of orders with on time and accurate documentation supporting the order will be greater than 99%</text><TO_DO humanName="To Do"/><TYPE_MODIFIER humanName="Type Modifier"/><value humanName="Value" mode="s,e">Percentage of orders with on time and accurate documentation supporting the order will be greater than 99%</value><visibility humanName="Visibility">public</visibility></literalstring></magicdraw>