<?xml version="1.0" encoding="UTF-8"?><magicdraw><comment classType="Comment" humanType="Comment" icon="AutomotiveCaseStudy_files/icon_comment_992361802.svg" id="639c620b-05ad-4907-ab00-57d829a67aa8"><annotatedElement humanName="Annotated Element" mode="s,e"><performancerequirement classType="Class" humanType="Performance Requirement" icon="AutomotiveCaseStudy_files/icon_performancerequirement_1751427415.svg" name="Source VAR" refid="d0daf967-c0f6-427e-a86b-44e29a7ebf5f"/></annotatedElement><body humanName="Body" mode="s,e">The sum of probability of risk events times the monetary impact of the events in all Sourcing activities. Risk event here could be defined as the deviation from expected metrics value for the process.</body><documentation humanName="Documentation"/><owner classType="Class" humanName="Owner" humanType="Performance Requirement" icon="AutomotiveCaseStudy_files/icon_performancerequirement_1751427415.svg" mode="s,e" name="Source VAR" refid="d0daf967-c0f6-427e-a86b-44e29a7ebf5f"/><owningElement classType="Class" humanName="Owning Element" humanType="Performance Requirement" icon="AutomotiveCaseStudy_files/icon_performancerequirement_1751427415.svg" name="Source VAR" refid="d0daf967-c0f6-427e-a86b-44e29a7ebf5f"/><TO_DO humanName="To Do" mode="s,e"/></comment></magicdraw>