<?xml version="1.0" encoding="UTF-8"?><magicdraw><instancespecification classType="InstanceSpecification" humanType="Instance Specification" icon="AutomotiveCaseStudy_files/icon_instancespecification_13643661.svg" id="6462f156-708b-4703-8640-3208316d344f"><classifier humanName="Classifier" mode="s,e"><stereotype classType="Stereotype" humanType="Stereotype" icon="AutomotiveCaseStudy_files/icon_stereotype_918307166.svg" name="DiagramInfo" refid="ace076d1-a486-4673-a2cc-4978d8b7f5a1"/></classifier><documentation humanName="Documentation"/><name humanName="Name" mode="s,e"/><ownedElement humanName="Owned Element"><slot classType="Slot" humanType="Slot" icon="AutomotiveCaseStudy_files/icon_slot_780071655.svg" refid="69df0403-c076-4140-b18a-930d0982d7d6"/><slot classType="Slot" humanType="Slot" icon="AutomotiveCaseStudy_files/icon_slot_780071655.svg" refid="b3e80b0d-1daa-49ee-86ca-1a498294dfb2"/></ownedElement><owner classType="Diagram" humanName="Owner" humanType="Diagram" icon="AutomotiveCaseStudy_files/icon_SysML Use Case Diagram_1781568760.svg" mode="s,e" name="Operational Use Cases" refid="8c9d6eb0-e81c-4d1c-8165-7bd47c7a24df"/><qualifiedName humanName="Qualified Name" mode="e">0 - Automotive Production Mission Reference Architecture::2.5 - Use Cases::Operational Use Cases::Operational Use Cases::</qualifiedName><slot humanName="Slot"><slot classType="Slot" humanType="Slot" icon="AutomotiveCaseStudy_files/icon_slot_780071655.svg" refid="69df0403-c076-4140-b18a-930d0982d7d6"/><slot classType="Slot" humanType="Slot" icon="AutomotiveCaseStudy_files/icon_slot_780071655.svg" refid="b3e80b0d-1daa-49ee-86ca-1a498294dfb2"/></slot><stereotypedElement classType="Diagram" humanName="Stereotyped Element" humanType="Diagram" icon="AutomotiveCaseStudy_files/icon_SysML Use Case Diagram_1781568760.svg" name="Operational Use Cases" refid="8c9d6eb0-e81c-4d1c-8165-7bd47c7a24df"/><TO_DO humanName="To Do" mode="s,e"/><visibility humanName="Visibility">public</visibility></instancespecification></magicdraw>