<?xml version="1.0" encoding="UTF-8"?><magicdraw><activity classType="Activity" humanType="Activity" icon="AutomotiveCaseStudy_files/icon_activity_1372094206.svg" id="64abf22b-44c8-4105-92bc-165eb0aa417f"><documentation humanName="Documentation"/><isAbstract humanName="Is Abstract">false</isAbstract><isActive humanName="Is Active">false</isActive><isFinalSpecialization humanName="Is Final Specialization">false</isFinalSpecialization><isLeaf humanName="Is Leaf">false</isLeaf><isReadOnly humanName="Is Read Only" mode="s,e">false</isReadOnly><isReentrant humanName="Is Reentrant">true</isReentrant><isSingleExecution humanName="Is Single Execution" mode="s,e">false</isSingleExecution><name humanName="Name" mode="s,e">4 - Build</name><namespace classType="Package" humanName="Namespace" humanType="Package" icon="AutomotiveCaseStudy_files/icon_package_1622863652.svg" name="3 - Behaviors" refid="f4c1a3d4-e7c8-4240-9ad1-79a46f42e60a"/><owner classType="Package" humanName="Owner" humanType="Package" icon="AutomotiveCaseStudy_files/icon_package_1622863652.svg" mode="s,e" name="3 - Behaviors" refid="f4c1a3d4-e7c8-4240-9ad1-79a46f42e60a"/><owningPackage classType="Package" humanName="Owning Package" humanType="Package" icon="AutomotiveCaseStudy_files/icon_package_1622863652.svg" name="3 - Behaviors" refid="f4c1a3d4-e7c8-4240-9ad1-79a46f42e60a"/><package classType="Package" humanName="Package" humanType="Package" icon="AutomotiveCaseStudy_files/icon_package_1622863652.svg" name="3 - Behaviors" refid="f4c1a3d4-e7c8-4240-9ad1-79a46f42e60a"/><qualifiedName humanName="Qualified Name" mode="e">1 - Design Mission - Automotive Production System ::3 - Behaviors::4 - Build</qualifiedName><TO_DO humanName="To Do" mode="s,e"/><visibility humanName="Visibility">public</visibility></activity></magicdraw>