<?xml version="1.0" encoding="UTF-8"?><magicdraw><comment classType="Comment" humanType="Comment" icon="AutomotiveCaseStudy_files/icon_comment_992361802.svg" id="65bd4df9-ca45-48d5-b96d-8db59ad11a8e"><annotatedElement humanName="Annotated Element" mode="s,e"><performancerequirement classType="Class" humanType="Performance Requirement" icon="AutomotiveCaseStudy_files/icon_performancerequirement_1751427415.svg" name="Downside Production Adaptability" refid="139748e5-67b4-4128-a6ea-8e45e0d21f71"/></annotatedElement><body humanName="Body" mode="s,e">The reduction in quantities ordered sustainable at 30 days prior to delivery with no inventory or cost penalties.</body><documentation humanName="Documentation"/><owner classType="Class" humanName="Owner" humanType="Performance Requirement" icon="AutomotiveCaseStudy_files/icon_performancerequirement_1751427415.svg" mode="s,e" name="Downside Production Adaptability" refid="139748e5-67b4-4128-a6ea-8e45e0d21f71"/><owningElement classType="Class" humanName="Owning Element" humanType="Performance Requirement" icon="AutomotiveCaseStudy_files/icon_performancerequirement_1751427415.svg" name="Downside Production Adaptability" refid="139748e5-67b4-4128-a6ea-8e45e0d21f71"/><TO_DO humanName="To Do" mode="s,e"/></comment></magicdraw>