<?xml version="1.0" encoding="UTF-8"?><magicdraw><package classType="Package" humanType="Package" icon="AutomotiveCaseStudy_files/icon_package_1622863652.svg" id="663519a0-7952-4b7e-8390-f9aa64101099"><documentation humanName="Documentation"/><member humanName="Member"><performancerequirement classType="Class" humanType="Performance Requirement" icon="AutomotiveCaseStudy_files/icon_performancerequirement_1751427415.svg" name="Cash-to-Cash Cycle Time" refid="7ba679de-f953-4fed-9159-290300af7881"/><performancerequirement classType="Class" humanType="Performance Requirement" icon="AutomotiveCaseStudy_files/icon_performancerequirement_1751427415.svg" name="Return on SC Fixed Assets" refid="c3a74f39-1404-4ddb-a286-6432c8f8383d"/><performancerequirement classType="Class" humanType="Performance Requirement" icon="AutomotiveCaseStudy_files/icon_performancerequirement_1751427415.svg" name="Return on Working Capital" refid="932bbdee-a8e8-4ce4-9853-30a235344c33"/></member><name humanName="Name" mode="s,e">Asset Management Efficiency</name><namespace classType="Package" humanName="Namespace" humanType="Package" icon="AutomotiveCaseStudy_files/icon_package_1622863652.svg" name="Performance_Requirements" refid="e5e18aa4-6c5e-48c4-8145-ae4be690b3bc"/><nestingPackage classType="Package" humanName="Nesting Package" humanType="Package" icon="AutomotiveCaseStudy_files/icon_package_1622863652.svg" name="Performance_Requirements" refid="e5e18aa4-6c5e-48c4-8145-ae4be690b3bc"/><ownedElement humanName="Owned Element"><performancerequirement classType="Class" humanType="Performance Requirement" icon="AutomotiveCaseStudy_files/icon_performancerequirement_1751427415.svg" name="Cash-to-Cash Cycle Time" refid="7ba679de-f953-4fed-9159-290300af7881"/><performancerequirement classType="Class" humanType="Performance Requirement" icon="AutomotiveCaseStudy_files/icon_performancerequirement_1751427415.svg" name="Return on SC Fixed Assets" refid="c3a74f39-1404-4ddb-a286-6432c8f8383d"/><performancerequirement classType="Class" humanType="Performance Requirement" icon="AutomotiveCaseStudy_files/icon_performancerequirement_1751427415.svg" name="Return on Working Capital" refid="932bbdee-a8e8-4ce4-9853-30a235344c33"/></ownedElement><ownedMember humanName="Owned Member"><performancerequirement classType="Class" humanType="Performance Requirement" icon="AutomotiveCaseStudy_files/icon_performancerequirement_1751427415.svg" name="Cash-to-Cash Cycle Time" refid="7ba679de-f953-4fed-9159-290300af7881"/><performancerequirement classType="Class" humanType="Performance Requirement" icon="AutomotiveCaseStudy_files/icon_performancerequirement_1751427415.svg" name="Return on SC Fixed Assets" refid="c3a74f39-1404-4ddb-a286-6432c8f8383d"/><performancerequirement classType="Class" humanType="Performance Requirement" icon="AutomotiveCaseStudy_files/icon_performancerequirement_1751427415.svg" name="Return on Working Capital" refid="932bbdee-a8e8-4ce4-9853-30a235344c33"/></ownedMember><ownedType humanName="Owned Type"><performancerequirement classType="Class" humanType="Performance Requirement" icon="AutomotiveCaseStudy_files/icon_performancerequirement_1751427415.svg" name="Cash-to-Cash Cycle Time" refid="7ba679de-f953-4fed-9159-290300af7881"/><performancerequirement classType="Class" humanType="Performance Requirement" icon="AutomotiveCaseStudy_files/icon_performancerequirement_1751427415.svg" name="Return on SC Fixed Assets" refid="c3a74f39-1404-4ddb-a286-6432c8f8383d"/><performancerequirement classType="Class" humanType="Performance Requirement" icon="AutomotiveCaseStudy_files/icon_performancerequirement_1751427415.svg" name="Return on Working Capital" refid="932bbdee-a8e8-4ce4-9853-30a235344c33"/></ownedType><owner classType="Package" humanName="Owner" humanType="Package" icon="AutomotiveCaseStudy_files/icon_package_1622863652.svg" mode="s,e" name="Performance_Requirements" refid="e5e18aa4-6c5e-48c4-8145-ae4be690b3bc"/><owningPackage classType="Package" humanName="Owning Package" humanType="Package" icon="AutomotiveCaseStudy_files/icon_package_1622863652.svg" name="Performance_Requirements" refid="e5e18aa4-6c5e-48c4-8145-ae4be690b3bc"/><packagedElement humanName="Packaged Element"><performancerequirement classType="Class" humanType="Performance Requirement" icon="AutomotiveCaseStudy_files/icon_performancerequirement_1751427415.svg" name="Cash-to-Cash Cycle Time" refid="7ba679de-f953-4fed-9159-290300af7881"/><performancerequirement classType="Class" humanType="Performance Requirement" icon="AutomotiveCaseStudy_files/icon_performancerequirement_1751427415.svg" name="Return on SC Fixed Assets" refid="c3a74f39-1404-4ddb-a286-6432c8f8383d"/><performancerequirement classType="Class" humanType="Performance Requirement" icon="AutomotiveCaseStudy_files/icon_performancerequirement_1751427415.svg" name="Return on Working Capital" refid="932bbdee-a8e8-4ce4-9853-30a235344c33"/></packagedElement><qualifiedName humanName="Qualified Name" mode="e">0 - Automotive Production Mission Reference Architecture::4 - Requirements pkg::4.1 - L1 Enterprise Requirements pkg::4.1.2 - Making/Production Requirements - pkg::Performance_Requirements::Asset Management Efficiency</qualifiedName><TO_DO humanName="To Do" mode="s,e"/><URI humanName="URI" mode="e"/><visibility humanName="Visibility">public</visibility></package></magicdraw>