<?xml version="1.0" encoding="UTF-8"?><magicdraw><literalstring classType="LiteralString" humanType="Literal String" icon="AutomotiveCaseStudy_files/icon_literalstring_242907379.svg" id="6677cd10-e945-4951-a025-77a403289e33"><documentation humanName="Documentation"/><name humanName="Name"/><owner classType="Slot" humanName="Owner" humanType="Slot" icon="AutomotiveCaseStudy_files/icon_slot_780071655.svg" mode="e" refid="9a11e491-059e-471b-9b72-d6458b67a2bf"/><owningSlot classType="Slot" humanName="Owning Slot" humanType="Slot" icon="AutomotiveCaseStudy_files/icon_slot_780071655.svg" refid="9a11e491-059e-471b-9b72-d6458b67a2bf"/><qualifiedName humanName="Qualified Name"/><text humanName="Text" mode="standard">39</text><TO_DO humanName="To Do"/><TYPE_MODIFIER humanName="Type Modifier"/><value humanName="Value" mode="s,e">39</value><visibility humanName="Visibility">public</visibility></literalstring></magicdraw>