<?xml version="1.0" encoding="UTF-8"?><magicdraw><package classType="Package" humanType="Package" icon="AutomotiveCaseStudy_files/icon_package_1622863652.svg" id="675f45e7-aed3-491f-9a33-926f80b3b828"><documentation humanName="Documentation"/><member humanName="Member"><performancerequirement classType="Class" humanType="Performance Requirement" icon="AutomotiveCaseStudy_files/icon_performancerequirement_1751427415.svg" name="Cash-to-Cash Cycle Time" refid="f0c5a9db-c7d6-4199-a2f0-bc60aa43bd2b"/><performancerequirement classType="Class" humanType="Performance Requirement" icon="AutomotiveCaseStudy_files/icon_performancerequirement_1751427415.svg" name="Return on SC Fixed Assets" refid="3cbdab84-7988-4c5b-9913-ef0768a69d78"/><performancerequirement classType="Class" humanType="Performance Requirement" icon="AutomotiveCaseStudy_files/icon_performancerequirement_1751427415.svg" name="Return on Working Capital" refid="32a2ffb5-933a-4d07-ba8d-7b2128ec4109"/></member><name humanName="Name" mode="s,e">Asset Management Efficiency</name><namespace classType="Package" humanName="Namespace" humanType="Package" icon="AutomotiveCaseStudy_files/icon_package_1622863652.svg" name="Performance_Requirements" refid="d95b9eca-6240-428e-96d0-642ac905c6ee"/><nestingPackage classType="Package" humanName="Nesting Package" humanType="Package" icon="AutomotiveCaseStudy_files/icon_package_1622863652.svg" name="Performance_Requirements" refid="d95b9eca-6240-428e-96d0-642ac905c6ee"/><ownedElement humanName="Owned Element"><performancerequirement classType="Class" humanType="Performance Requirement" icon="AutomotiveCaseStudy_files/icon_performancerequirement_1751427415.svg" name="Cash-to-Cash Cycle Time" refid="f0c5a9db-c7d6-4199-a2f0-bc60aa43bd2b"/><performancerequirement classType="Class" humanType="Performance Requirement" icon="AutomotiveCaseStudy_files/icon_performancerequirement_1751427415.svg" name="Return on SC Fixed Assets" refid="3cbdab84-7988-4c5b-9913-ef0768a69d78"/><performancerequirement classType="Class" humanType="Performance Requirement" icon="AutomotiveCaseStudy_files/icon_performancerequirement_1751427415.svg" name="Return on Working Capital" refid="32a2ffb5-933a-4d07-ba8d-7b2128ec4109"/></ownedElement><ownedMember humanName="Owned Member"><performancerequirement classType="Class" humanType="Performance Requirement" icon="AutomotiveCaseStudy_files/icon_performancerequirement_1751427415.svg" name="Cash-to-Cash Cycle Time" refid="f0c5a9db-c7d6-4199-a2f0-bc60aa43bd2b"/><performancerequirement classType="Class" humanType="Performance Requirement" icon="AutomotiveCaseStudy_files/icon_performancerequirement_1751427415.svg" name="Return on SC Fixed Assets" refid="3cbdab84-7988-4c5b-9913-ef0768a69d78"/><performancerequirement classType="Class" humanType="Performance Requirement" icon="AutomotiveCaseStudy_files/icon_performancerequirement_1751427415.svg" name="Return on Working Capital" refid="32a2ffb5-933a-4d07-ba8d-7b2128ec4109"/></ownedMember><ownedType humanName="Owned Type"><performancerequirement classType="Class" humanType="Performance Requirement" icon="AutomotiveCaseStudy_files/icon_performancerequirement_1751427415.svg" name="Cash-to-Cash Cycle Time" refid="f0c5a9db-c7d6-4199-a2f0-bc60aa43bd2b"/><performancerequirement classType="Class" humanType="Performance Requirement" icon="AutomotiveCaseStudy_files/icon_performancerequirement_1751427415.svg" name="Return on SC Fixed Assets" refid="3cbdab84-7988-4c5b-9913-ef0768a69d78"/><performancerequirement classType="Class" humanType="Performance Requirement" icon="AutomotiveCaseStudy_files/icon_performancerequirement_1751427415.svg" name="Return on Working Capital" refid="32a2ffb5-933a-4d07-ba8d-7b2128ec4109"/></ownedType><owner classType="Package" humanName="Owner" humanType="Package" icon="AutomotiveCaseStudy_files/icon_package_1622863652.svg" mode="s,e" name="Performance_Requirements" refid="d95b9eca-6240-428e-96d0-642ac905c6ee"/><owningPackage classType="Package" humanName="Owning Package" humanType="Package" icon="AutomotiveCaseStudy_files/icon_package_1622863652.svg" name="Performance_Requirements" refid="d95b9eca-6240-428e-96d0-642ac905c6ee"/><packagedElement humanName="Packaged Element"><performancerequirement classType="Class" humanType="Performance Requirement" icon="AutomotiveCaseStudy_files/icon_performancerequirement_1751427415.svg" name="Cash-to-Cash Cycle Time" refid="f0c5a9db-c7d6-4199-a2f0-bc60aa43bd2b"/><performancerequirement classType="Class" humanType="Performance Requirement" icon="AutomotiveCaseStudy_files/icon_performancerequirement_1751427415.svg" name="Return on SC Fixed Assets" refid="3cbdab84-7988-4c5b-9913-ef0768a69d78"/><performancerequirement classType="Class" humanType="Performance Requirement" icon="AutomotiveCaseStudy_files/icon_performancerequirement_1751427415.svg" name="Return on Working Capital" refid="32a2ffb5-933a-4d07-ba8d-7b2128ec4109"/></packagedElement><qualifiedName humanName="Qualified Name" mode="e">0 - Automotive Production Mission Reference Architecture::4 - Requirements pkg::4.1 - L1 Enterprise Requirements pkg::Performance_Requirements::Asset Management Efficiency</qualifiedName><TO_DO humanName="To Do" mode="s,e"/><URI humanName="URI" mode="e"/><visibility humanName="Visibility">public</visibility></package></magicdraw>