<?xml version="1.0" encoding="UTF-8"?><magicdraw><comment classType="Comment" humanType="Comment" icon="AutomotiveCaseStudy_files/icon_comment_992361802.svg" id="682f8f3f-7c71-4846-9145-fa1fe052e404"><annotatedElement humanName="Annotated Element" mode="s,e"><performancerequirement classType="Class" humanType="Performance Requirement" icon="AutomotiveCaseStudy_files/icon_performancerequirement_1751427415.svg" name="Supplier_Customer_Product_Risk_Rating" refid="0dc4b02b-7dad-465a-8fd8-9c70915bea19"/></annotatedElement><body humanName="Body" mode="s,e">The numerical risk rating for supplier, customer, or product. Normalized and used for comparison purposes.</body><documentation humanName="Documentation"/><owner classType="Class" humanName="Owner" humanType="Performance Requirement" icon="AutomotiveCaseStudy_files/icon_performancerequirement_1751427415.svg" mode="s,e" name="Supplier_Customer_Product_Risk_Rating" refid="0dc4b02b-7dad-465a-8fd8-9c70915bea19"/><owningElement classType="Class" humanName="Owning Element" humanType="Performance Requirement" icon="AutomotiveCaseStudy_files/icon_performancerequirement_1751427415.svg" name="Supplier_Customer_Product_Risk_Rating" refid="0dc4b02b-7dad-465a-8fd8-9c70915bea19"/><TO_DO humanName="To Do" mode="s,e"/></comment></magicdraw>