<?xml version="1.0" encoding="UTF-8"?><magicdraw><generalization classType="Generalization" humanType="Generalization" icon="AutomotiveCaseStudy_files/icon_generalization_1702478809.svg" id="68437145-6d5c-49f4-99f6-f318644ae035"><documentation humanName="Documentation"/><general classType="Actor" humanName="General" humanType="Actor" icon="AutomotiveCaseStudy_files/icon_actor_1378559537.svg" mode="s,e" name="Customer" refid="87533e2e-894c-4ded-ac5d-f34eadbdca62"/><isSubstitutable humanName="Is Substitutable">true</isSubstitutable><owner classType="Actor" humanName="Owner" humanType="Actor" icon="AutomotiveCaseStudy_files/icon_actor_1378559537.svg" mode="s,e" name="Procurement" refid="330e8987-b1b7-4b28-ae14-d1915d89344b"/><relatedElement humanName="Related Element"><actor classType="Actor" humanType="Actor" icon="AutomotiveCaseStudy_files/icon_actor_1378559537.svg" name="Customer" refid="87533e2e-894c-4ded-ac5d-f34eadbdca62"/><actor classType="Actor" humanType="Actor" icon="AutomotiveCaseStudy_files/icon_actor_1378559537.svg" name="Procurement" refid="330e8987-b1b7-4b28-ae14-d1915d89344b"/></relatedElement><source humanName="Source"><actor classType="Actor" humanType="Actor" icon="AutomotiveCaseStudy_files/icon_actor_1378559537.svg" name="Procurement" refid="330e8987-b1b7-4b28-ae14-d1915d89344b"/></source><specific classType="Actor" humanName="Specific" humanType="Actor" icon="AutomotiveCaseStudy_files/icon_actor_1378559537.svg" mode="s,e" name="Procurement" refid="330e8987-b1b7-4b28-ae14-d1915d89344b"/><target humanName="Target"><actor classType="Actor" humanType="Actor" icon="AutomotiveCaseStudy_files/icon_actor_1378559537.svg" name="Customer" refid="87533e2e-894c-4ded-ac5d-f34eadbdca62"/></target><TO_DO humanName="To Do" mode="s,e"/><appearsIn><diagram classType="Diagram" humanType="Diagram" icon="AutomotiveCaseStudy_files/icon_SysML Use Case Diagram_1781568760.svg" name="1.1 - Mission Stakeholders pkg" refid="ee408cd2-cdb8-4758-8cf8-ffda7bed3c78"/></appearsIn></generalization></magicdraw>