<?xml version="1.0" encoding="UTF-8"?><magicdraw><literalstring classType="LiteralString" humanType="Literal String" icon="AutomotiveCaseStudy_files/icon_literalstring_242907379.svg" id="69c34404-217e-4ffb-97d7-0a90847c31a0"><documentation humanName="Documentation"/><name humanName="Name"/><owner classType="Slot" humanName="Owner" humanType="Slot" icon="AutomotiveCaseStudy_files/icon_slot_780071655.svg" mode="e" refid="da03992b-8515-4ed4-ae3f-afa97fa042a9"/><owningSlot classType="Slot" humanName="Owning Slot" humanType="Slot" icon="AutomotiveCaseStudy_files/icon_slot_780071655.svg" refid="da03992b-8515-4ed4-ae3f-afa97fa042a9"/><qualifiedName humanName="Qualified Name"/><text humanName="Text" mode="standard"> </text><TO_DO humanName="To Do"/><TYPE_MODIFIER humanName="Type Modifier"/><value humanName="Value" mode="s,e"> </value><visibility humanName="Visibility">public</visibility></literalstring></magicdraw>