<?xml version="1.0" encoding="UTF-8"?><magicdraw><literalstring classType="LiteralString" humanType="Literal String" icon="AutomotiveCaseStudy_files/icon_literalstring_242907379.svg" id="69ed5379-704b-43a2-8835-1716dd7ccc90"><documentation humanName="Documentation"/><name humanName="Name"/><owner classType="Slot" humanName="Owner" humanType="Slot" icon="AutomotiveCaseStudy_files/icon_slot_780071655.svg" mode="e" refid="fd6eb41c-65c2-4a6f-a2fe-fc2bf09d0272"/><owningSlot classType="Slot" humanName="Owning Slot" humanType="Slot" icon="AutomotiveCaseStudy_files/icon_slot_780071655.svg" refid="fd6eb41c-65c2-4a6f-a2fe-fc2bf09d0272"/><qualifiedName humanName="Qualified Name"/><text humanName="Text" mode="standard">28.1</text><TO_DO humanName="To Do"/><TYPE_MODIFIER humanName="Type Modifier"/><value humanName="Value" mode="s,e">28.1</value><visibility humanName="Visibility">public</visibility></literalstring></magicdraw>