<?xml version="1.0" encoding="UTF-8"?><magicdraw><package classType="Package" humanType="Package" icon="AutomotiveCaseStudy_files/icon_package_1622863652.svg" id="6a27af74-6e0f-4aa2-8087-2bb4976ad62e"><documentation humanName="Documentation"/><member humanName="Member"><package classType="Package" humanType="Package" icon="AutomotiveCaseStudy_files/icon_package_1622863652.svg" name="5.1.1 - L0 Domain pkg" refid="8df8495e-c93c-489a-8e07-aab2f5ccece5"/><package classType="Package" humanType="Package" icon="AutomotiveCaseStudy_files/icon_package_1622863652.svg" name="5.1.2 - L1 Enterprise pkg" refid="162ff91f-55ae-4086-a914-67722c063832"/><package classType="Package" humanType="Package" icon="AutomotiveCaseStudy_files/icon_package_1622863652.svg" name="5.1.3 - L2 Facility pkg" refid="dea5f7c1-383a-4c73-bbe2-f8abed61e019"/><package classType="Package" humanType="Package" icon="AutomotiveCaseStudy_files/icon_package_1622863652.svg" name="5.1.4 - L3 Work Centers pkg" refid="3547a41d-f29b-4761-a807-8f807f39a080"/><package classType="Package" humanType="Package" icon="AutomotiveCaseStudy_files/icon_package_1622863652.svg" name="5.1.5 - L4 Work Stations pkg" refid="b60a3052-7c91-4543-9612-2a6080c649c4"/><package classType="Package" humanType="Package" icon="AutomotiveCaseStudy_files/icon_package_1622863652.svg" name="5.1.6 - L5 Control Device pkg" refid="6c40e97f-7e9d-4f06-a049-ba726c3c9217"/><package classType="Package" humanType="Package" icon="AutomotiveCaseStudy_files/icon_package_1622863652.svg" name="5.1.7 - L6 Field Device pkg" refid="6881a1a6-140e-4d3f-af3b-20e2eef20be4"/></member><name humanName="Name" mode="s,e">5.1 - Hierarchical Physical Architecture</name><namespace classType="Package" humanName="Namespace" humanType="Package" icon="AutomotiveCaseStudy_files/icon_package_1622863652.svg" name="5 - Architecture pkg" refid="afe88bcd-8526-4be9-9fde-78982d7fbbf2"/><nestedPackage humanName="Nested Package"><package classType="Package" humanType="Package" icon="AutomotiveCaseStudy_files/icon_package_1622863652.svg" name="5.1.1 - L0 Domain pkg" refid="8df8495e-c93c-489a-8e07-aab2f5ccece5"/><package classType="Package" humanType="Package" icon="AutomotiveCaseStudy_files/icon_package_1622863652.svg" name="5.1.2 - L1 Enterprise pkg" refid="162ff91f-55ae-4086-a914-67722c063832"/><package classType="Package" humanType="Package" icon="AutomotiveCaseStudy_files/icon_package_1622863652.svg" name="5.1.3 - L2 Facility pkg" refid="dea5f7c1-383a-4c73-bbe2-f8abed61e019"/><package classType="Package" humanType="Package" icon="AutomotiveCaseStudy_files/icon_package_1622863652.svg" name="5.1.4 - L3 Work Centers pkg" refid="3547a41d-f29b-4761-a807-8f807f39a080"/><package classType="Package" humanType="Package" icon="AutomotiveCaseStudy_files/icon_package_1622863652.svg" name="5.1.5 - L4 Work Stations pkg" refid="b60a3052-7c91-4543-9612-2a6080c649c4"/><package classType="Package" humanType="Package" icon="AutomotiveCaseStudy_files/icon_package_1622863652.svg" name="5.1.6 - L5 Control Device pkg" refid="6c40e97f-7e9d-4f06-a049-ba726c3c9217"/><package classType="Package" humanType="Package" icon="AutomotiveCaseStudy_files/icon_package_1622863652.svg" name="5.1.7 - L6 Field Device pkg" refid="6881a1a6-140e-4d3f-af3b-20e2eef20be4"/></nestedPackage><nestingPackage classType="Package" humanName="Nesting Package" humanType="Package" icon="AutomotiveCaseStudy_files/icon_package_1622863652.svg" name="5 - Architecture pkg" refid="afe88bcd-8526-4be9-9fde-78982d7fbbf2"/><ownedElement humanName="Owned Element"><package classType="Package" humanType="Package" icon="AutomotiveCaseStudy_files/icon_package_1622863652.svg" name="5.1.1 - L0 Domain pkg" refid="8df8495e-c93c-489a-8e07-aab2f5ccece5"/><package classType="Package" humanType="Package" icon="AutomotiveCaseStudy_files/icon_package_1622863652.svg" name="5.1.2 - L1 Enterprise pkg" refid="162ff91f-55ae-4086-a914-67722c063832"/><package classType="Package" humanType="Package" icon="AutomotiveCaseStudy_files/icon_package_1622863652.svg" name="5.1.3 - L2 Facility pkg" refid="dea5f7c1-383a-4c73-bbe2-f8abed61e019"/><package classType="Package" humanType="Package" icon="AutomotiveCaseStudy_files/icon_package_1622863652.svg" name="5.1.4 - L3 Work Centers pkg" refid="3547a41d-f29b-4761-a807-8f807f39a080"/><package classType="Package" humanType="Package" icon="AutomotiveCaseStudy_files/icon_package_1622863652.svg" name="5.1.5 - L4 Work Stations pkg" refid="b60a3052-7c91-4543-9612-2a6080c649c4"/><package classType="Package" humanType="Package" icon="AutomotiveCaseStudy_files/icon_package_1622863652.svg" name="5.1.6 - L5 Control Device pkg" refid="6c40e97f-7e9d-4f06-a049-ba726c3c9217"/><package classType="Package" humanType="Package" icon="AutomotiveCaseStudy_files/icon_package_1622863652.svg" name="5.1.7 - L6 Field Device pkg" refid="6881a1a6-140e-4d3f-af3b-20e2eef20be4"/></ownedElement><ownedMember humanName="Owned Member"><package classType="Package" humanType="Package" icon="AutomotiveCaseStudy_files/icon_package_1622863652.svg" name="5.1.1 - L0 Domain pkg" refid="8df8495e-c93c-489a-8e07-aab2f5ccece5"/><package classType="Package" humanType="Package" icon="AutomotiveCaseStudy_files/icon_package_1622863652.svg" name="5.1.2 - L1 Enterprise pkg" refid="162ff91f-55ae-4086-a914-67722c063832"/><package classType="Package" humanType="Package" icon="AutomotiveCaseStudy_files/icon_package_1622863652.svg" name="5.1.3 - L2 Facility pkg" refid="dea5f7c1-383a-4c73-bbe2-f8abed61e019"/><package classType="Package" humanType="Package" icon="AutomotiveCaseStudy_files/icon_package_1622863652.svg" name="5.1.4 - L3 Work Centers pkg" refid="3547a41d-f29b-4761-a807-8f807f39a080"/><package classType="Package" humanType="Package" icon="AutomotiveCaseStudy_files/icon_package_1622863652.svg" name="5.1.5 - L4 Work Stations pkg" refid="b60a3052-7c91-4543-9612-2a6080c649c4"/><package classType="Package" humanType="Package" icon="AutomotiveCaseStudy_files/icon_package_1622863652.svg" name="5.1.6 - L5 Control Device pkg" refid="6c40e97f-7e9d-4f06-a049-ba726c3c9217"/><package classType="Package" humanType="Package" icon="AutomotiveCaseStudy_files/icon_package_1622863652.svg" name="5.1.7 - L6 Field Device pkg" refid="6881a1a6-140e-4d3f-af3b-20e2eef20be4"/></ownedMember><owner classType="Package" humanName="Owner" humanType="Package" icon="AutomotiveCaseStudy_files/icon_package_1622863652.svg" mode="s,e" name="5 - Architecture pkg" refid="afe88bcd-8526-4be9-9fde-78982d7fbbf2"/><owningPackage classType="Package" humanName="Owning Package" humanType="Package" icon="AutomotiveCaseStudy_files/icon_package_1622863652.svg" name="5 - Architecture pkg" refid="afe88bcd-8526-4be9-9fde-78982d7fbbf2"/><packagedElement humanName="Packaged Element"><package classType="Package" humanType="Package" icon="AutomotiveCaseStudy_files/icon_package_1622863652.svg" name="5.1.1 - L0 Domain pkg" refid="8df8495e-c93c-489a-8e07-aab2f5ccece5"/><package classType="Package" humanType="Package" icon="AutomotiveCaseStudy_files/icon_package_1622863652.svg" name="5.1.2 - L1 Enterprise pkg" refid="162ff91f-55ae-4086-a914-67722c063832"/><package classType="Package" humanType="Package" icon="AutomotiveCaseStudy_files/icon_package_1622863652.svg" name="5.1.3 - L2 Facility pkg" refid="dea5f7c1-383a-4c73-bbe2-f8abed61e019"/><package classType="Package" humanType="Package" icon="AutomotiveCaseStudy_files/icon_package_1622863652.svg" name="5.1.4 - L3 Work Centers pkg" refid="3547a41d-f29b-4761-a807-8f807f39a080"/><package classType="Package" humanType="Package" icon="AutomotiveCaseStudy_files/icon_package_1622863652.svg" name="5.1.5 - L4 Work Stations pkg" refid="b60a3052-7c91-4543-9612-2a6080c649c4"/><package classType="Package" humanType="Package" icon="AutomotiveCaseStudy_files/icon_package_1622863652.svg" name="5.1.6 - L5 Control Device pkg" refid="6c40e97f-7e9d-4f06-a049-ba726c3c9217"/><package classType="Package" humanType="Package" icon="AutomotiveCaseStudy_files/icon_package_1622863652.svg" name="5.1.7 - L6 Field Device pkg" refid="6881a1a6-140e-4d3f-af3b-20e2eef20be4"/></packagedElement><qualifiedName humanName="Qualified Name" mode="e">0 - Automotive Production Mission Reference Architecture::5 - Architecture pkg::5.1 - Hierarchical Physical Architecture</qualifiedName><TO_DO humanName="To Do" mode="s,e"/><URI humanName="URI" mode="e"/><visibility humanName="Visibility">public</visibility></package></magicdraw>