<?xml version="1.0" encoding="UTF-8"?><magicdraw><slot classType="Slot" humanType="Slot" icon="AutomotiveCaseStudy_files/icon_slot_780071655.svg" id="6b4790f2-7ec0-4ebe-8576-8357e7eb5c5a"><definingFeature classType="Property" humanName="Defining Feature" humanType="Property" icon="AutomotiveCaseStudy_files/icon_property_3315346.svg" mode="s,e" name="treatAsAuxiliaryInOwningProject" refid="6901cd52-b8f4-47ec-b06e-7341e016ce2a"/><documentation humanName="Documentation"/><ownedElement humanName="Owned Element"><literalboolean classType="LiteralBoolean" humanType="Literal Boolean" icon="AutomotiveCaseStudy_files/icon_literalboolean_1108151841.svg" name="true" refid="03d68c58-4dec-4227-83d3-b6101c491563" text="true"/></ownedElement><owner classType="InstanceSpecification" humanName="Owner" humanType="Instance Specification" icon="AutomotiveCaseStudy_files/icon_instancespecification_13643661.svg" mode="s,e" name=" : UML Standard Profile::MagicDraw Profile::additionalPackageImport" refid="4fb2a9d3-8ccf-4157-a01b-dc1581d44670"/><owningInstance classType="InstanceSpecification" humanName="Owning Instance" humanType="Instance Specification" icon="AutomotiveCaseStudy_files/icon_instancespecification_13643661.svg" name=" : UML Standard Profile::MagicDraw Profile::additionalPackageImport" refid="4fb2a9d3-8ccf-4157-a01b-dc1581d44670"/><TO_DO humanName="To Do" mode="s,e"/><value humanName="Value" mode="s,e"><literalboolean classType="LiteralBoolean" humanType="Literal Boolean" icon="AutomotiveCaseStudy_files/icon_literalboolean_1108151841.svg" name="true" refid="03d68c58-4dec-4227-83d3-b6101c491563" text="true"/></value></slot></magicdraw>