<?xml version="1.0" encoding="UTF-8"?><magicdraw><literalstring classType="LiteralString" humanType="Literal String" icon="AutomotiveCaseStudy_files/icon_literalstring_242907379.svg" id="6c802a81-5c54-4600-932d-31c42ea53141"><documentation humanName="Documentation"/><name humanName="Name"/><owner classType="Slot" humanName="Owner" humanType="Slot" icon="AutomotiveCaseStudy_files/icon_slot_780071655.svg" mode="e" refid="69df0403-c076-4140-b18a-930d0982d7d6"/><owningSlot classType="Slot" humanName="Owning Slot" humanType="Slot" icon="AutomotiveCaseStudy_files/icon_slot_780071655.svg" refid="69df0403-c076-4140-b18a-930d0982d7d6"/><qualifiedName humanName="Qualified Name"/><text humanName="Text" mode="standard">3/6/20 10:43 AM</text><TO_DO humanName="To Do"/><TYPE_MODIFIER humanName="Type Modifier"/><value humanName="Value" mode="s,e">3/6/20 10:43 AM</value><visibility humanName="Visibility">public</visibility></literalstring></magicdraw>