<?xml version="1.0" encoding="UTF-8"?><magicdraw><slot classType="Slot" humanType="Slot" icon="AutomotiveCaseStudy_files/icon_slot_780071655.svg" id="6cbea9ed-c4fa-4c19-bdc4-aaeb71b06b6a"><definingFeature classType="Property" humanName="Defining Feature" humanType="Property" icon="AutomotiveCaseStudy_files/icon_property_3315346.svg" mode="s,e" name="treatAsAuxiliaryInOwningProject" refid="6901cd52-b8f4-47ec-b06e-7341e016ce2a"/><documentation humanName="Documentation"/><ownedElement humanName="Owned Element"><literalboolean classType="LiteralBoolean" humanType="Literal Boolean" icon="AutomotiveCaseStudy_files/icon_literalboolean_1108151841.svg" name="true" refid="b52e7f0c-1633-4ba8-9801-c7de2189d26c" text="true"/></ownedElement><owner classType="InstanceSpecification" humanName="Owner" humanType="Instance Specification" icon="AutomotiveCaseStudy_files/icon_instancespecification_13643661.svg" mode="s,e" name=" : UML Standard Profile::MagicDraw Profile::additionalPackageImport" refid="45066c11-8ce0-4f34-a081-4a302909cfa0"/><owningInstance classType="InstanceSpecification" humanName="Owning Instance" humanType="Instance Specification" icon="AutomotiveCaseStudy_files/icon_instancespecification_13643661.svg" name=" : UML Standard Profile::MagicDraw Profile::additionalPackageImport" refid="45066c11-8ce0-4f34-a081-4a302909cfa0"/><TO_DO humanName="To Do" mode="s,e"/><value humanName="Value" mode="s,e"><literalboolean classType="LiteralBoolean" humanType="Literal Boolean" icon="AutomotiveCaseStudy_files/icon_literalboolean_1108151841.svg" name="true" refid="b52e7f0c-1633-4ba8-9801-c7de2189d26c" text="true"/></value></slot></magicdraw>