<?xml version="1.0" encoding="UTF-8"?><magicdraw><literalstring classType="LiteralString" humanType="Literal String" icon="AutomotiveCaseStudy_files/icon_literalstring_242907379.svg" id="6e995e4e-499b-4829-a185-1d4ed1a6844a"><documentation humanName="Documentation"/><name humanName="Name"/><owner classType="Slot" humanName="Owner" humanType="Slot" icon="AutomotiveCaseStudy_files/icon_slot_780071655.svg" mode="e" refid="a745d98a-a112-4490-8358-77d6c6b6c58c"/><owningSlot classType="Slot" humanName="Owning Slot" humanType="Slot" icon="AutomotiveCaseStudy_files/icon_slot_780071655.svg" refid="a745d98a-a112-4490-8358-77d6c6b6c58c"/><qualifiedName humanName="Qualified Name"/><text humanName="Text" mode="standard">22.3</text><TO_DO humanName="To Do"/><TYPE_MODIFIER humanName="Type Modifier"/><value humanName="Value" mode="s,e">22.3</value><visibility humanName="Visibility">public</visibility></literalstring></magicdraw>