<?xml version="1.0" encoding="UTF-8"?><magicdraw><comment classType="Comment" humanType="Comment" icon="AutomotiveCaseStudy_files/icon_comment_992361802.svg" id="6fa682d4-79b9-42b5-8f1c-8eb6d108f9df"><annotatedElement humanName="Annotated Element" mode="s,e"><model classType="Model" humanType="Model" icon="AutomotiveCaseStudy_files/icon_model_1300528434.svg" name="Model" refid="a4f9265e-268e-442a-9b44-e2ee46cdc216"/></annotatedElement><body humanName="Body" mode="s,e">Author:tas5.
Created:10/1/2012 3:10 PM.
Title:.
Comment:.
</body><documentation humanName="Documentation"/><owner classType="Model" humanName="Owner" humanType="Model" icon="AutomotiveCaseStudy_files/icon_model_1300528434.svg" mode="s,e" name="Model" refid="a4f9265e-268e-442a-9b44-e2ee46cdc216"/><owningElement classType="Model" humanName="Owning Element" humanType="Model" icon="AutomotiveCaseStudy_files/icon_model_1300528434.svg" name="Model" refid="a4f9265e-268e-442a-9b44-e2ee46cdc216"/><TO_DO humanName="To Do" mode="s,e"/></comment></magicdraw>