<?xml version="1.0" encoding="UTF-8"?><magicdraw><instancespecification classType="InstanceSpecification" humanType="Instance Specification" icon="AutomotiveCaseStudy_files/icon_instancespecification_13643661.svg" id="71024529-329c-4f81-830f-e083d5f9e343"><classifier humanName="Classifier" mode="s,e"><stereotype classType="Stereotype" humanType="Stereotype" icon="AutomotiveCaseStudy_files/icon_stereotype_918307166.svg" name="DiagramInfo" refid="ace076d1-a486-4673-a2cc-4978d8b7f5a1"/><stereotype classType="Stereotype" humanType="Stereotype" icon="AutomotiveCaseStudy_files/icon_stereotype_918307166.svg" name="DiagramTable" refid="53c13861-71ec-4f90-a8fd-853e3a5ca966"/><stereotype classType="Stereotype" humanType="Stereotype" icon="AutomotiveCaseStudy_files/icon_stereotype_918307166.svg" name="RequirementTable" refid="49108a7e-7c70-46c4-94db-4967d7257d81"/></classifier><documentation humanName="Documentation"/><name humanName="Name" mode="s,e"/><ownedElement humanName="Owned Element"><slot classType="Slot" humanType="Slot" icon="AutomotiveCaseStudy_files/icon_slot_780071655.svg" refid="ac8b4470-d4fb-48ef-ad4c-0b59d0b336dc"/><slot classType="Slot" humanType="Slot" icon="AutomotiveCaseStudy_files/icon_slot_780071655.svg" refid="26750d75-471a-456f-84eb-b03143f63a81"/><slot classType="Slot" humanType="Slot" icon="AutomotiveCaseStudy_files/icon_slot_780071655.svg" refid="bfd4715d-8c42-473e-b2ec-fb28badcf150"/><slot classType="Slot" humanType="Slot" icon="AutomotiveCaseStudy_files/icon_slot_780071655.svg" refid="658e518f-6e9a-4d4d-abbe-e0fbb8c5c940"/><slot classType="Slot" humanType="Slot" icon="AutomotiveCaseStudy_files/icon_slot_780071655.svg" refid="f0df9bba-e343-404c-9f73-d34f15836d00"/><slot classType="Slot" humanType="Slot" icon="AutomotiveCaseStudy_files/icon_slot_780071655.svg" refid="285061f7-26b6-4911-8b18-d3f9a01b55dd"/><slot classType="Slot" humanType="Slot" icon="AutomotiveCaseStudy_files/icon_slot_780071655.svg" refid="26ab1b80-8df5-409d-b0b7-b7ead02728f3"/><slot classType="Slot" humanType="Slot" icon="AutomotiveCaseStudy_files/icon_slot_780071655.svg" refid="62dfc19b-ac64-46a2-a9fa-0433e7f815b4"/><slot classType="Slot" humanType="Slot" icon="AutomotiveCaseStudy_files/icon_slot_780071655.svg" refid="9299146e-78aa-4742-a161-74ebe764ceae"/><slot classType="Slot" humanType="Slot" icon="AutomotiveCaseStudy_files/icon_slot_780071655.svg" refid="1696f8e9-ed7d-44ea-80ed-331303017097"/><slot classType="Slot" humanType="Slot" icon="AutomotiveCaseStudy_files/icon_slot_780071655.svg" refid="13413a39-f9b6-43f1-9c00-153fdb3b5517"/><slot classType="Slot" humanType="Slot" icon="AutomotiveCaseStudy_files/icon_slot_780071655.svg" refid="9d201310-d60f-4fa4-8d42-c215b5067b16"/><slot classType="Slot" humanType="Slot" icon="AutomotiveCaseStudy_files/icon_slot_780071655.svg" refid="08a543ee-4a6d-47a1-b211-29fe45cf1a3f"/><slot classType="Slot" humanType="Slot" icon="AutomotiveCaseStudy_files/icon_slot_780071655.svg" refid="931996ba-28f6-42bb-9186-42a009f652c7"/><slot classType="Slot" humanType="Slot" icon="AutomotiveCaseStudy_files/icon_slot_780071655.svg" refid="f58c4130-5159-4c9c-9f86-5c40bdcb083f"/><slot classType="Slot" humanType="Slot" icon="AutomotiveCaseStudy_files/icon_slot_780071655.svg" refid="a6d6193e-030d-4bd4-9d9e-7fb7c7756882"/><slot classType="Slot" humanType="Slot" icon="AutomotiveCaseStudy_files/icon_slot_780071655.svg" refid="13501da3-1b76-40fc-94b5-4cd4c0593e21"/><slot classType="Slot" humanType="Slot" icon="AutomotiveCaseStudy_files/icon_slot_780071655.svg" refid="26bc24fc-9ef0-418a-a20c-54555c7dfa63"/></ownedElement><owner classType="Diagram" humanName="Owner" humanType="Diagram" icon="AutomotiveCaseStudy_files/icon_Requirement Table_1662400542.svg" mode="s,e" name="1.1 - Mission Stakeholders Concerns pkg" refid="7491270e-b7b7-4f17-b1bc-4e7639b17f0a"/><qualifiedName humanName="Qualified Name" mode="e">0 - Automotive Production Mission Reference Architecture::1 - Mission Stakeholders pkg::1.1 - Mission Stakeholders pkg::1.1 - Mission Stakeholders Concerns pkg::</qualifiedName><slot humanName="Slot"><slot classType="Slot" humanType="Slot" icon="AutomotiveCaseStudy_files/icon_slot_780071655.svg" refid="ac8b4470-d4fb-48ef-ad4c-0b59d0b336dc"/><slot classType="Slot" humanType="Slot" icon="AutomotiveCaseStudy_files/icon_slot_780071655.svg" refid="26750d75-471a-456f-84eb-b03143f63a81"/><slot classType="Slot" humanType="Slot" icon="AutomotiveCaseStudy_files/icon_slot_780071655.svg" refid="bfd4715d-8c42-473e-b2ec-fb28badcf150"/><slot classType="Slot" humanType="Slot" icon="AutomotiveCaseStudy_files/icon_slot_780071655.svg" refid="658e518f-6e9a-4d4d-abbe-e0fbb8c5c940"/><slot classType="Slot" humanType="Slot" icon="AutomotiveCaseStudy_files/icon_slot_780071655.svg" refid="f0df9bba-e343-404c-9f73-d34f15836d00"/><slot classType="Slot" humanType="Slot" icon="AutomotiveCaseStudy_files/icon_slot_780071655.svg" refid="285061f7-26b6-4911-8b18-d3f9a01b55dd"/><slot classType="Slot" humanType="Slot" icon="AutomotiveCaseStudy_files/icon_slot_780071655.svg" refid="26ab1b80-8df5-409d-b0b7-b7ead02728f3"/><slot classType="Slot" humanType="Slot" icon="AutomotiveCaseStudy_files/icon_slot_780071655.svg" refid="62dfc19b-ac64-46a2-a9fa-0433e7f815b4"/><slot classType="Slot" humanType="Slot" icon="AutomotiveCaseStudy_files/icon_slot_780071655.svg" refid="9299146e-78aa-4742-a161-74ebe764ceae"/><slot classType="Slot" humanType="Slot" icon="AutomotiveCaseStudy_files/icon_slot_780071655.svg" refid="1696f8e9-ed7d-44ea-80ed-331303017097"/><slot classType="Slot" humanType="Slot" icon="AutomotiveCaseStudy_files/icon_slot_780071655.svg" refid="13413a39-f9b6-43f1-9c00-153fdb3b5517"/><slot classType="Slot" humanType="Slot" icon="AutomotiveCaseStudy_files/icon_slot_780071655.svg" refid="9d201310-d60f-4fa4-8d42-c215b5067b16"/><slot classType="Slot" humanType="Slot" icon="AutomotiveCaseStudy_files/icon_slot_780071655.svg" refid="08a543ee-4a6d-47a1-b211-29fe45cf1a3f"/><slot classType="Slot" humanType="Slot" icon="AutomotiveCaseStudy_files/icon_slot_780071655.svg" refid="931996ba-28f6-42bb-9186-42a009f652c7"/><slot classType="Slot" humanType="Slot" icon="AutomotiveCaseStudy_files/icon_slot_780071655.svg" refid="f58c4130-5159-4c9c-9f86-5c40bdcb083f"/><slot classType="Slot" humanType="Slot" icon="AutomotiveCaseStudy_files/icon_slot_780071655.svg" refid="a6d6193e-030d-4bd4-9d9e-7fb7c7756882"/><slot classType="Slot" humanType="Slot" icon="AutomotiveCaseStudy_files/icon_slot_780071655.svg" refid="13501da3-1b76-40fc-94b5-4cd4c0593e21"/><slot classType="Slot" humanType="Slot" icon="AutomotiveCaseStudy_files/icon_slot_780071655.svg" refid="26bc24fc-9ef0-418a-a20c-54555c7dfa63"/></slot><stereotypedElement classType="Diagram" humanName="Stereotyped Element" humanType="Diagram" icon="AutomotiveCaseStudy_files/icon_Requirement Table_1662400542.svg" name="1.1 - Mission Stakeholders Concerns pkg" refid="7491270e-b7b7-4f17-b1bc-4e7639b17f0a"/><TO_DO humanName="To Do" mode="s,e"/><visibility humanName="Visibility">public</visibility></instancespecification></magicdraw>