<?xml version="1.0" encoding="UTF-8"?><magicdraw><package classType="Package" humanType="Package" icon="AutomotiveCaseStudy_files/icon_package_1622863652.svg" id="7129e757-2e63-4bad-a966-a24d332100da"><documentation humanName="Documentation"/><member humanName="Member"><package classType="Package" humanType="Package" icon="AutomotiveCaseStudy_files/icon_package_1622863652.svg" name="Mission Objectives" refid="b433dc82-7340-48e8-bf31-7978280fe43e"/><diagram classType="Diagram" humanType="Diagram" icon="AutomotiveCaseStudy_files/icon_SysML Use Case Diagram_1781568760.svg" name="Mission Use Cases" refid="53a0c206-0be2-4ca7-9101-ab2f0384a84b"/><package classType="Package" humanType="Package" icon="AutomotiveCaseStudy_files/icon_package_1622863652.svg" name="Operational Use Cases" refid="b1c4ed7b-6950-4957-bc70-1351df1b7928"/></member><name humanName="Name" mode="s,e">2.5 - Use Cases</name><namespace classType="Package" humanName="Namespace" humanType="Package" icon="AutomotiveCaseStudy_files/icon_package_1622863652.svg" name="0 - Automotive Production Mission Reference Architecture" refid="5f46e316-3300-4442-b6c7-4e3ab1e86955"/><nestedPackage humanName="Nested Package"><package classType="Package" humanType="Package" icon="AutomotiveCaseStudy_files/icon_package_1622863652.svg" name="Mission Objectives" refid="b433dc82-7340-48e8-bf31-7978280fe43e"/><package classType="Package" humanType="Package" icon="AutomotiveCaseStudy_files/icon_package_1622863652.svg" name="Operational Use Cases" refid="b1c4ed7b-6950-4957-bc70-1351df1b7928"/></nestedPackage><nestingPackage classType="Package" humanName="Nesting Package" humanType="Package" icon="AutomotiveCaseStudy_files/icon_package_1622863652.svg" name="0 - Automotive Production Mission Reference Architecture" refid="5f46e316-3300-4442-b6c7-4e3ab1e86955"/><ownedDiagram humanName="Owned Diagram"><diagram classType="Diagram" humanType="Diagram" icon="AutomotiveCaseStudy_files/icon_SysML Use Case Diagram_1781568760.svg" name="Mission Use Cases" refid="53a0c206-0be2-4ca7-9101-ab2f0384a84b"/></ownedDiagram><ownedElement humanName="Owned Element"><package classType="Package" humanType="Package" icon="AutomotiveCaseStudy_files/icon_package_1622863652.svg" name="Mission Objectives" refid="b433dc82-7340-48e8-bf31-7978280fe43e"/><diagram classType="Diagram" humanType="Diagram" icon="AutomotiveCaseStudy_files/icon_SysML Use Case Diagram_1781568760.svg" name="Mission Use Cases" refid="53a0c206-0be2-4ca7-9101-ab2f0384a84b"/><package classType="Package" humanType="Package" icon="AutomotiveCaseStudy_files/icon_package_1622863652.svg" name="Operational Use Cases" refid="b1c4ed7b-6950-4957-bc70-1351df1b7928"/></ownedElement><ownedMember humanName="Owned Member"><package classType="Package" humanType="Package" icon="AutomotiveCaseStudy_files/icon_package_1622863652.svg" name="Mission Objectives" refid="b433dc82-7340-48e8-bf31-7978280fe43e"/><diagram classType="Diagram" humanType="Diagram" icon="AutomotiveCaseStudy_files/icon_SysML Use Case Diagram_1781568760.svg" name="Mission Use Cases" refid="53a0c206-0be2-4ca7-9101-ab2f0384a84b"/><package classType="Package" humanType="Package" icon="AutomotiveCaseStudy_files/icon_package_1622863652.svg" name="Operational Use Cases" refid="b1c4ed7b-6950-4957-bc70-1351df1b7928"/></ownedMember><owner classType="Package" humanName="Owner" humanType="Package" icon="AutomotiveCaseStudy_files/icon_package_1622863652.svg" mode="s,e" name="0 - Automotive Production Mission Reference Architecture" refid="5f46e316-3300-4442-b6c7-4e3ab1e86955"/><owningPackage classType="Package" humanName="Owning Package" humanType="Package" icon="AutomotiveCaseStudy_files/icon_package_1622863652.svg" name="0 - Automotive Production Mission Reference Architecture" refid="5f46e316-3300-4442-b6c7-4e3ab1e86955"/><packagedElement humanName="Packaged Element"><package classType="Package" humanType="Package" icon="AutomotiveCaseStudy_files/icon_package_1622863652.svg" name="Mission Objectives" refid="b433dc82-7340-48e8-bf31-7978280fe43e"/><package classType="Package" humanType="Package" icon="AutomotiveCaseStudy_files/icon_package_1622863652.svg" name="Operational Use Cases" refid="b1c4ed7b-6950-4957-bc70-1351df1b7928"/></packagedElement><qualifiedName humanName="Qualified Name" mode="e">0 - Automotive Production Mission Reference Architecture::2.5 - Use Cases</qualifiedName><TO_DO humanName="To Do" mode="s,e"/><URI humanName="URI" mode="e"/><visibility humanName="Visibility">public</visibility></package></magicdraw>