<?xml version="1.0" encoding="UTF-8"?><magicdraw><literalstring classType="LiteralString" humanType="Literal String" icon="AutomotiveCaseStudy_files/icon_literalstring_242907379.svg" id="71af9d50-a871-4c7e-b86a-171b5a96502c"><documentation humanName="Documentation"/><name humanName="Name"/><owner classType="Slot" humanName="Owner" humanType="Slot" icon="AutomotiveCaseStudy_files/icon_slot_780071655.svg" mode="e" refid="00619276-2d3e-4d9d-b4a9-e3a887c3c8e7"/><owningSlot classType="Slot" humanName="Owning Slot" humanType="Slot" icon="AutomotiveCaseStudy_files/icon_slot_780071655.svg" refid="00619276-2d3e-4d9d-b4a9-e3a887c3c8e7"/><qualifiedName humanName="Qualified Name"/><text humanName="Text" mode="standard">Percentage of orders delivered in an undamaged state that meet specification, have the correct
configuration, are faultlessly installed (as applicable) and accepted by the customer.</text><TO_DO humanName="To Do"/><TYPE_MODIFIER humanName="Type Modifier"/><value humanName="Value" mode="s,e">Percentage of orders delivered in an undamaged state that meet specification, have the correct
configuration, are faultlessly installed (as applicable) and accepted by the customer.</value><visibility humanName="Visibility">public</visibility></literalstring></magicdraw>