<?xml version="1.0" encoding="UTF-8"?><magicdraw><slot classType="Slot" humanType="Slot" icon="AutomotiveCaseStudy_files/icon_slot_780071655.svg" id="720866eb-1ab7-4cc4-b247-786bfb1a2976"><definingFeature classType="Property" humanName="Defining Feature" humanType="Property" icon="AutomotiveCaseStudy_files/icon_property_3315346.svg" mode="s,e" name="Text" refid="276f8ce5-69de-4660-87a3-7a7b5d0e6546"/><documentation humanName="Documentation"/><ownedElement humanName="Owned Element"><literalstring classType="LiteralString" humanType="Literal String" icon="AutomotiveCaseStudy_files/icon_literalstring_242907379.svg" name=" " refid="22e5c139-a573-4a7d-90e9-670a2e359868" text=" "/></ownedElement><owner classType="InstanceSpecification" humanName="Owner" humanType="Instance Specification" icon="AutomotiveCaseStudy_files/icon_instancespecification_13643661.svg" mode="s,e" name=" : SysML::Non-Normative Extensions::Requirement::performanceRequirement" refid="abd5aa10-d948-48b2-9a16-7bbd09ce421a"/><owningInstance classType="InstanceSpecification" humanName="Owning Instance" humanType="Instance Specification" icon="AutomotiveCaseStudy_files/icon_instancespecification_13643661.svg" name=" : SysML::Non-Normative Extensions::Requirement::performanceRequirement" refid="abd5aa10-d948-48b2-9a16-7bbd09ce421a"/><TO_DO humanName="To Do" mode="s,e"/><value humanName="Value" mode="s,e"><literalstring classType="LiteralString" humanType="Literal String" icon="AutomotiveCaseStudy_files/icon_literalstring_242907379.svg" name=" " refid="22e5c139-a573-4a7d-90e9-670a2e359868" text=" "/></value></slot></magicdraw>