<?xml version="1.0" encoding="UTF-8"?><magicdraw><elementvalue classType="ElementValue" humanType="Element Value" icon="AutomotiveCaseStudy_files/icon_elementvalue_2088572563.svg" id="733b6640-b41d-4ecb-9963-ed6fac55bee9"><documentation humanName="Documentation"/><element classType="Stereotype" humanName="Element" humanType="Stereotype" icon="AutomotiveCaseStudy_files/icon_stereotype_918307166.svg" mode="s,e" name="AbstractRequirement" refid="2cad6c59-0acb-485b-87d5-a5884f444199"/><name humanName="Name"/><owner classType="Slot" humanName="Owner" humanType="Slot" icon="AutomotiveCaseStudy_files/icon_slot_780071655.svg" mode="e" refid="1696f8e9-ed7d-44ea-80ed-331303017097"/><owningSlot classType="Slot" humanName="Owning Slot" humanType="Slot" icon="AutomotiveCaseStudy_files/icon_slot_780071655.svg" refid="1696f8e9-ed7d-44ea-80ed-331303017097"/><qualifiedName humanName="Qualified Name"/><text humanName="Text" mode="standard">AbstractRequirement</text><TO_DO humanName="To Do"/><TYPE_MODIFIER humanName="Type Modifier"/><visibility humanName="Visibility">public</visibility></elementvalue></magicdraw>