<?xml version="1.0" encoding="UTF-8"?><magicdraw><literalstring classType="LiteralString" humanType="Literal String" icon="AutomotiveCaseStudy_files/icon_literalstring_242907379.svg" id="738570d4-ebb8-44b0-bd53-ce853d0b01ae"><documentation humanName="Documentation"/><name humanName="Name"/><owner classType="Slot" humanName="Owner" humanType="Slot" icon="AutomotiveCaseStudy_files/icon_slot_780071655.svg" mode="e" refid="2d474bee-61ac-4d6e-b029-24aec03ef058"/><owningSlot classType="Slot" humanName="Owning Slot" humanType="Slot" icon="AutomotiveCaseStudy_files/icon_slot_780071655.svg" refid="2d474bee-61ac-4d6e-b029-24aec03ef058"/><qualifiedName humanName="Qualified Name"/><text humanName="Text" mode="standard">23.3</text><TO_DO humanName="To Do"/><TYPE_MODIFIER humanName="Type Modifier"/><value humanName="Value" mode="s,e">23.3</value><visibility humanName="Visibility">public</visibility></literalstring></magicdraw>