<?xml version="1.0" encoding="UTF-8"?><magicdraw><literalstring classType="LiteralString" humanType="Literal String" icon="AutomotiveCaseStudy_files/icon_literalstring_242907379.svg" id="73b14339-5b0c-4c25-8ce2-567b733a77c5"><documentation humanName="Documentation"/><name humanName="Name"/><owner classType="Slot" humanName="Owner" humanType="Slot" icon="AutomotiveCaseStudy_files/icon_slot_780071655.svg" mode="e" refid="d5480966-fe77-4d5f-a1e3-9373cc01683a"/><owningSlot classType="Slot" humanName="Owning Slot" humanType="Slot" icon="AutomotiveCaseStudy_files/icon_slot_780071655.svg" refid="d5480966-fe77-4d5f-a1e3-9373cc01683a"/><qualifiedName humanName="Qualified Name"/><text humanName="Text" mode="standard">23.1</text><TO_DO humanName="To Do"/><TYPE_MODIFIER humanName="Type Modifier"/><value humanName="Value" mode="s,e">23.1</value><visibility humanName="Visibility">public</visibility></literalstring></magicdraw>