<?xml version="1.0" encoding="UTF-8"?><magicdraw><slot classType="Slot" humanType="Slot" icon="AutomotiveCaseStudy_files/icon_slot_780071655.svg" id="75919601-0c37-4a9b-aabe-e43b3cb3bb54"><definingFeature classType="Property" humanName="Defining Feature" humanType="Property" icon="AutomotiveCaseStudy_files/icon_property_3315346.svg" mode="s,e" name="Text" refid="276f8ce5-69de-4660-87a3-7a7b5d0e6546"/><documentation humanName="Documentation"/><ownedElement humanName="Owned Element"><literalstring classType="LiteralString" humanType="Literal String" icon="AutomotiveCaseStudy_files/icon_literalstring_242907379.svg" name=" " refid="7f727fb7-1197-4b22-a957-218398d7cd8a" text=" "/></ownedElement><owner classType="InstanceSpecification" humanName="Owner" humanType="Instance Specification" icon="AutomotiveCaseStudy_files/icon_instancespecification_13643661.svg" mode="s,e" name=" : SysML::Non-Normative Extensions::Requirement::performanceRequirement" refid="8a29fd6c-540d-44bc-9eae-117e8acae113"/><owningInstance classType="InstanceSpecification" humanName="Owning Instance" humanType="Instance Specification" icon="AutomotiveCaseStudy_files/icon_instancespecification_13643661.svg" name=" : SysML::Non-Normative Extensions::Requirement::performanceRequirement" refid="8a29fd6c-540d-44bc-9eae-117e8acae113"/><TO_DO humanName="To Do" mode="s,e"/><value humanName="Value" mode="s,e"><literalstring classType="LiteralString" humanType="Literal String" icon="AutomotiveCaseStudy_files/icon_literalstring_242907379.svg" name=" " refid="7f727fb7-1197-4b22-a957-218398d7cd8a" text=" "/></value></slot></magicdraw>