<?xml version="1.0" encoding="UTF-8"?><magicdraw><literalstring classType="LiteralString" humanType="Literal String" icon="AutomotiveCaseStudy_files/icon_literalstring_242907379.svg" id="75aac87c-619b-433a-94dc-44422a63dc16"><documentation humanName="Documentation"/><name humanName="Name"/><owner classType="Slot" humanName="Owner" humanType="Slot" icon="AutomotiveCaseStudy_files/icon_slot_780071655.svg" mode="e" refid="ad525be7-af09-4130-87a7-1f520436e0cb"/><owningSlot classType="Slot" humanName="Owning Slot" humanType="Slot" icon="AutomotiveCaseStudy_files/icon_slot_780071655.svg" refid="ad525be7-af09-4130-87a7-1f520436e0cb"/><qualifiedName humanName="Qualified Name"/><text humanName="Text" mode="standard">27.1</text><TO_DO humanName="To Do"/><TYPE_MODIFIER humanName="Type Modifier"/><value humanName="Value" mode="s,e">27.1</value><visibility humanName="Visibility">public</visibility></literalstring></magicdraw>