<?xml version="1.0" encoding="UTF-8"?><magicdraw><literalstring classType="LiteralString" humanType="Literal String" icon="AutomotiveCaseStudy_files/icon_literalstring_242907379.svg" id="7623b6ee-d851-4913-98ac-bfd3fd8b7bd9"><documentation humanName="Documentation"/><name humanName="Name"/><owner classType="Slot" humanName="Owner" humanType="Slot" icon="AutomotiveCaseStudy_files/icon_slot_780071655.svg" mode="e" refid="caf44343-8352-435c-ba7d-2017654e6896"/><owningSlot classType="Slot" humanName="Owning Slot" humanType="Slot" icon="AutomotiveCaseStudy_files/icon_slot_780071655.svg" refid="caf44343-8352-435c-ba7d-2017654e6896"/><qualifiedName humanName="Qualified Name"/><text humanName="Text" mode="standard">23.4</text><TO_DO humanName="To Do"/><TYPE_MODIFIER humanName="Type Modifier"/><value humanName="Value" mode="s,e">23.4</value><visibility humanName="Visibility">public</visibility></literalstring></magicdraw>