<?xml version="1.0" encoding="UTF-8"?><magicdraw><slot classType="Slot" humanType="Slot" icon="AutomotiveCaseStudy_files/icon_slot_780071655.svg" id="77613809-4041-427e-8449-4943259d7c61"><definingFeature classType="Property" humanName="Defining Feature" humanType="Property" icon="AutomotiveCaseStudy_files/icon_property_3315346.svg" mode="s,e" name="treatAsAuxiliaryInOwningProject" refid="6901cd52-b8f4-47ec-b06e-7341e016ce2a"/><documentation humanName="Documentation"/><ownedElement humanName="Owned Element"><literalboolean classType="LiteralBoolean" humanType="Literal Boolean" icon="AutomotiveCaseStudy_files/icon_literalboolean_1108151841.svg" name="true" refid="26ed5d16-7b3a-43d0-81d1-878102375616" text="true"/></ownedElement><owner classType="InstanceSpecification" humanName="Owner" humanType="Instance Specification" icon="AutomotiveCaseStudy_files/icon_instancespecification_13643661.svg" mode="s,e" name=" : UML Standard Profile::MagicDraw Profile::additionalPackageImport" refid="1dfb807f-acde-4a88-af04-029a28de1504"/><owningInstance classType="InstanceSpecification" humanName="Owning Instance" humanType="Instance Specification" icon="AutomotiveCaseStudy_files/icon_instancespecification_13643661.svg" name=" : UML Standard Profile::MagicDraw Profile::additionalPackageImport" refid="1dfb807f-acde-4a88-af04-029a28de1504"/><TO_DO humanName="To Do" mode="s,e"/><value humanName="Value" mode="s,e"><literalboolean classType="LiteralBoolean" humanType="Literal Boolean" icon="AutomotiveCaseStudy_files/icon_literalboolean_1108151841.svg" name="true" refid="26ed5d16-7b3a-43d0-81d1-878102375616" text="true"/></value></slot></magicdraw>