<?xml version="1.0" encoding="UTF-8"?><magicdraw><diagram classType="Diagram" diagramType="SysML Package Diagram" height="1214" humanType="Diagram" icon="AutomotiveCaseStudy_files/icon_SysML Package Diagram_273610005.svg" id="7a9a1de0-eab8-4f5a-8ff3-295ffbc12e8b" src="AutomotiveCaseStudy_files/7a9a1de0-eab8-4f5a-8ff3-295ffbc12e8b.svg" width="1619"><APPLIED_STEREOTYPES humanName="Applied Stereotype" mode="s,e"><stereotype classType="Stereotype" humanType="Stereotype" icon="AutomotiveCaseStudy_files/icon_stereotype_918307166.svg" name="DiagramInfo" refid="ace076d1-a486-4673-a2cc-4978d8b7f5a1"/></APPLIED_STEREOTYPES><appliedStereotype humanName="Applied Stereotype" mode="s,e"><stereotype classType="Stereotype" humanType="Stereotype" icon="AutomotiveCaseStudy_files/icon_stereotype_918307166.svg" name="DiagramInfo" refid="ace076d1-a486-4673-a2cc-4978d8b7f5a1"><property classType="Property" humanName="Author" humanType="Property" icon="AutomotiveCaseStudy_files/icon_property_3315346.svg" name="Author" refid="9aa461fb-7317-4f16-ac4e-61634f883029"><String>tsprock</String></property><property classType="Property" humanName="Base_ Diagram" humanType="Property" icon="AutomotiveCaseStudy_files/icon_property_3315346.svg" name="base_Diagram" refid="9d1a7e77-182b-4732-bdc6-7dfa6660aaf8"/><property classType="Property" humanName="Base_ Element" humanType="Property" icon="AutomotiveCaseStudy_files/icon_property_3315346.svg" name="base_Element" refid="e842a895-4bd7-40d8-8c74-d7765cbd399c"/><property classType="Property" humanName="Creation Date" humanType="Property" icon="AutomotiveCaseStudy_files/icon_property_3315346.svg" name="Creation date" refid="d64585ee-fa79-48fd-b878-a451791c8ed4"><String>3/6/20 10:17 AM</String></property><property classType="Property" humanName="Last modified by" humanType="Property" icon="AutomotiveCaseStudy_files/icon_property_3315346.svg" name="Last modified by" refid="9ee9da34-aabb-4ba6-8d14-a92b0776d9a9"/><property classType="Property" humanName="Modification Date" humanType="Property" icon="AutomotiveCaseStudy_files/icon_property_3315346.svg" name="Modification date" refid="eb997445-7ef5-44cc-8ecf-52c04d5a3c1b"/></stereotype></appliedStereotype><appliedStereotypeInstance classType="InstanceSpecification" humanName="Applied Stereotype Instance" humanType="Instance Specification" icon="AutomotiveCaseStudy_files/icon_instancespecification_13643661.svg" name=" : UML Standard Profile::MagicDraw Profile::DiagramInfo" refid="8e072985-7bcf-4b74-9adc-7a3267de0320"/><documentation humanName="Documentation"/><map/><name humanName="Name" mode="s,e">1 - Mission Stakeholders pkg</name><namespace classType="Package" humanName="Namespace" humanType="Package" icon="AutomotiveCaseStudy_files/icon_package_1622863652.svg" name="1 - Mission Stakeholders pkg" refid="d2aae795-86c3-4a6e-9276-fe0db243feec"/><ownedElement humanName="Owned Element"><instancespecification classType="InstanceSpecification" humanType="Instance Specification" icon="AutomotiveCaseStudy_files/icon_instancespecification_13643661.svg" name=" : UML Standard Profile::MagicDraw Profile::DiagramInfo" refid="8e072985-7bcf-4b74-9adc-7a3267de0320"/></ownedElement><owner classType="Package" humanName="Owner" humanType="Package" icon="AutomotiveCaseStudy_files/icon_package_1622863652.svg" mode="s,e" name="1 - Mission Stakeholders pkg" refid="d2aae795-86c3-4a6e-9276-fe0db243feec"/><ownerOfDiagram classType="Package" humanName="Owner Of Diagram" humanType="Package" icon="AutomotiveCaseStudy_files/icon_package_1622863652.svg" name="1 - Mission Stakeholders pkg" refid="d2aae795-86c3-4a6e-9276-fe0db243feec"/><qualifiedName humanName="Qualified Name" mode="e">0 - Automotive Production Mission Reference Architecture::1 - Mission Stakeholders pkg::1 - Mission Stakeholders pkg</qualifiedName><TO_DO humanName="To Do" mode="s,e"/><DIAGRAM_TYPE_DERIVED_PROPERTY humanName="Type">SysML Package Diagram</DIAGRAM_TYPE_DERIVED_PROPERTY><visibility humanName="Visibility">public</visibility></diagram></magicdraw>