<?xml version="1.0" encoding="UTF-8"?><magicdraw><literalstring classType="LiteralString" humanType="Literal String" icon="AutomotiveCaseStudy_files/icon_literalstring_242907379.svg" id="7b2be23f-fc28-49b5-9c7b-e0e9747a6242"><documentation humanName="Documentation"/><name humanName="Name"/><owner classType="Slot" humanName="Owner" humanType="Slot" icon="AutomotiveCaseStudy_files/icon_slot_780071655.svg" mode="e" refid="30c53d9b-f8ee-4358-8be8-f4ef4404d1bf"/><owningSlot classType="Slot" humanName="Owning Slot" humanType="Slot" icon="AutomotiveCaseStudy_files/icon_slot_780071655.svg" refid="30c53d9b-f8ee-4358-8be8-f4ef4404d1bf"/><qualifiedName humanName="Qualified Name"/><text humanName="Text" mode="standard">34.4</text><TO_DO humanName="To Do"/><TYPE_MODIFIER humanName="Type Modifier"/><value humanName="Value" mode="s,e">34.4</value><visibility humanName="Visibility">public</visibility></literalstring></magicdraw>