<?xml version="1.0" encoding="UTF-8"?><magicdraw><comment classType="Comment" humanType="Comment" icon="AutomotiveCaseStudy_files/icon_comment_992361802.svg" id="7cee458e-e579-45af-8a34-2cf0695fb808"><annotatedElement humanName="Annotated Element" mode="s,e"><performancerequirement classType="Class" humanType="Performance Requirement" icon="AutomotiveCaseStudy_files/icon_performancerequirement_1751427415.svg" name="Upside Production Flexibility" refid="f434f2c0-5019-45b1-8e9e-21aca781ba50"/></annotatedElement><body humanName="Body" mode="s,e">The number of days required to achieve an unplanned sustainable 20% increase in quantities
delivered.</body><documentation humanName="Documentation"/><owner classType="Class" humanName="Owner" humanType="Performance Requirement" icon="AutomotiveCaseStudy_files/icon_performancerequirement_1751427415.svg" mode="s,e" name="Upside Production Flexibility" refid="f434f2c0-5019-45b1-8e9e-21aca781ba50"/><owningElement classType="Class" humanName="Owning Element" humanType="Performance Requirement" icon="AutomotiveCaseStudy_files/icon_performancerequirement_1751427415.svg" name="Upside Production Flexibility" refid="f434f2c0-5019-45b1-8e9e-21aca781ba50"/><TO_DO humanName="To Do" mode="s,e"/></comment></magicdraw>