<?xml version="1.0" encoding="UTF-8"?><magicdraw><comment classType="Comment" humanType="Comment" icon="AutomotiveCaseStudy_files/icon_comment_992361802.svg" id="7e7df0db-20a6-4d36-99ac-444df8f549da"><annotatedElement humanName="Annotated Element" mode="s,e"><performancerequirement classType="Class" humanType="Performance Requirement" icon="AutomotiveCaseStudy_files/icon_performancerequirement_1751427415.svg" name="SC Revenue" refid="e5464149-57c3-4e3f-9d86-ad5d1b95a6b7"/></annotatedElement><body humanName="Body" mode="s,e">Operating revenue generated from a supply chain. This does not include non-operating revenue, such as leasing real estate, investments, court settlements, sale of office buildings, etc...</body><documentation humanName="Documentation"/><owner classType="Class" humanName="Owner" humanType="Performance Requirement" icon="AutomotiveCaseStudy_files/icon_performancerequirement_1751427415.svg" mode="s,e" name="SC Revenue" refid="e5464149-57c3-4e3f-9d86-ad5d1b95a6b7"/><owningElement classType="Class" humanName="Owning Element" humanType="Performance Requirement" icon="AutomotiveCaseStudy_files/icon_performancerequirement_1751427415.svg" name="SC Revenue" refid="e5464149-57c3-4e3f-9d86-ad5d1b95a6b7"/><TO_DO humanName="To Do" mode="s,e"/></comment></magicdraw>