<?xml version="1.0" encoding="UTF-8"?><magicdraw><comment classType="Comment" humanType="Comment" icon="AutomotiveCaseStudy_files/icon_comment_992361802.svg" id="7f03efda-c9b5-4a07-9154-e5b8e423c5ce"><annotatedElement humanName="Annotated Element" mode="s,e"><performancerequirement classType="Class" humanType="Performance Requirement" icon="AutomotiveCaseStudy_files/icon_performancerequirement_1751427415.svg" name="Upside Deliver Return Adaptability" refid="f746aae8-e06b-45a3-8c6c-664532821521"/></annotatedElement><body humanName="Body" mode="s,e">The maximum sustainable percentage increase in returns of finished goods from customers that can be achieved in 30 days.</body><documentation humanName="Documentation"/><owner classType="Class" humanName="Owner" humanType="Performance Requirement" icon="AutomotiveCaseStudy_files/icon_performancerequirement_1751427415.svg" mode="s,e" name="Upside Deliver Return Adaptability" refid="f746aae8-e06b-45a3-8c6c-664532821521"/><owningElement classType="Class" humanName="Owning Element" humanType="Performance Requirement" icon="AutomotiveCaseStudy_files/icon_performancerequirement_1751427415.svg" name="Upside Deliver Return Adaptability" refid="f746aae8-e06b-45a3-8c6c-664532821521"/><TO_DO humanName="To Do" mode="s,e"/></comment></magicdraw>