<?xml version="1.0" encoding="UTF-8"?><magicdraw><literalunlimitednatural classType="LiteralUnlimitedNatural" humanType="Literal Unlimited Natural" icon="AutomotiveCaseStudy_files/icon_literalunlimitednatural_87448685.svg" id="7fa4ab83-5f49-42a0-b44b-5217dccc7f54"><documentation humanName="Documentation"/><name humanName="Name"/><owner classType="ExtensionEnd" humanName="Owner" humanType="Extension End" icon="AutomotiveCaseStudy_files/icon_extensionend_1676185970.svg" mode="e" name="extension_unnamed1" refid="a13d74d8-789d-4cbe-a91f-90f8699c07b3"/><owningUpper classType="ExtensionEnd" humanName="Owning Upper" humanType="Extension End" icon="AutomotiveCaseStudy_files/icon_extensionend_1676185970.svg" name="extension_unnamed1" refid="a13d74d8-789d-4cbe-a91f-90f8699c07b3"/><qualifiedName humanName="Qualified Name">0 - Automotive Production Mission Reference Architecture::1 - Mission Stakeholders pkg::1.1 - Mission Stakeholders pkg::::extension_unnamed1::</qualifiedName><text humanName="Text" mode="standard">1</text><TO_DO humanName="To Do"/><TYPE_MODIFIER humanName="Type Modifier"/><value humanName="Value" mode="s,e">1</value><visibility humanName="Visibility">public</visibility></literalunlimitednatural></magicdraw>