<?xml version="1.0" encoding="UTF-8"?><magicdraw><elementvalue classType="ElementValue" humanType="Element Value" icon="AutomotiveCaseStudy_files/icon_elementvalue_2088572563.svg" id="800d36c0-adaf-4c6a-bc2f-588e331fffb0"><documentation humanName="Documentation"/><element classType="Actor" humanName="Element" humanType="Actor" icon="AutomotiveCaseStudy_files/icon_actor_1378559537.svg" mode="s,e" name="Quality" refid="80663fa4-8402-4bf6-8e9f-d51accc2b054"/><name humanName="Name"/><owner classType="Slot" humanName="Owner" humanType="Slot" icon="AutomotiveCaseStudy_files/icon_slot_780071655.svg" mode="e" refid="4bd94814-bc85-41f1-806d-ca4d994e2728"/><owningSlot classType="Slot" humanName="Owning Slot" humanType="Slot" icon="AutomotiveCaseStudy_files/icon_slot_780071655.svg" refid="4bd94814-bc85-41f1-806d-ca4d994e2728"/><qualifiedName humanName="Qualified Name"/><text humanName="Text" mode="standard">Quality</text><TO_DO humanName="To Do"/><TYPE_MODIFIER humanName="Type Modifier"/><visibility humanName="Visibility">public</visibility></elementvalue></magicdraw>