<?xml version="1.0" encoding="UTF-8"?><magicdraw><literalstring classType="LiteralString" humanType="Literal String" icon="AutomotiveCaseStudy_files/icon_literalstring_242907379.svg" id="802d23f4-a8cd-4b27-b6af-fc767cc847e9"><documentation humanName="Documentation"/><name humanName="Name"/><owner classType="Slot" humanName="Owner" humanType="Slot" icon="AutomotiveCaseStudy_files/icon_slot_780071655.svg" mode="e" refid="82e95a3b-81bf-4fd2-b194-01a144dd495b"/><owningSlot classType="Slot" humanName="Owning Slot" humanType="Slot" icon="AutomotiveCaseStudy_files/icon_slot_780071655.svg" refid="82e95a3b-81bf-4fd2-b194-01a144dd495b"/><qualifiedName humanName="Qualified Name"/><text humanName="Text" mode="standard">30</text><TO_DO humanName="To Do"/><TYPE_MODIFIER humanName="Type Modifier"/><value humanName="Value" mode="s,e">30</value><visibility humanName="Visibility">public</visibility></literalstring></magicdraw>