<?xml version="1.0" encoding="UTF-8"?><magicdraw><actor classType="Actor" humanType="Actor" icon="AutomotiveCaseStudy_files/icon_actor_1378559537.svg" id="80663fa4-8402-4bf6-8e9f-d51accc2b054"><documentation humanName="Documentation"/><isAbstract humanName="Is Abstract" mode="s,e">false</isAbstract><isFinalSpecialization humanName="Is Final Specialization">false</isFinalSpecialization><isLeaf humanName="Is Leaf">false</isLeaf><name humanName="Name" mode="s,e">Quality</name><namespace classType="Package" humanName="Namespace" humanType="Package" icon="AutomotiveCaseStudy_files/icon_package_1622863652.svg" name="1.1 - Mission Stakeholders pkg" refid="a4655a15-ad89-49f8-8b4c-83b652a495bc"/><owner classType="Package" humanName="Owner" humanType="Package" icon="AutomotiveCaseStudy_files/icon_package_1622863652.svg" mode="s,e" name="1.1 - Mission Stakeholders pkg" refid="a4655a15-ad89-49f8-8b4c-83b652a495bc"/><owningPackage classType="Package" humanName="Owning Package" humanType="Package" icon="AutomotiveCaseStudy_files/icon_package_1622863652.svg" name="1.1 - Mission Stakeholders pkg" refid="a4655a15-ad89-49f8-8b4c-83b652a495bc"/><package classType="Package" humanName="Package" humanType="Package" icon="AutomotiveCaseStudy_files/icon_package_1622863652.svg" name="1.1 - Mission Stakeholders pkg" refid="a4655a15-ad89-49f8-8b4c-83b652a495bc"/><qualifiedName humanName="Qualified Name" mode="e">0 - Automotive Production Mission Reference Architecture::1 - Mission Stakeholders pkg::1.1 - Mission Stakeholders pkg::Quality</qualifiedName><TO_DO humanName="To Do" mode="s,e"/><visibility humanName="Visibility">public</visibility><appearsIn><diagram classType="Diagram" humanType="Diagram" icon="AutomotiveCaseStudy_files/icon_SysML Use Case Diagram_1781568760.svg" name="1.1 - Mission Stakeholders pkg" refid="ee408cd2-cdb8-4758-8cf8-ffda7bed3c78"/></appearsIn></actor></magicdraw>