<?xml version="1.0" encoding="UTF-8"?><magicdraw><literalstring classType="LiteralString" humanType="Literal String" icon="AutomotiveCaseStudy_files/icon_literalstring_242907379.svg" id="8106316b-fd65-425b-a588-bfb98d71b8a4"><documentation humanName="Documentation"/><name humanName="Name"/><owner classType="Slot" humanName="Owner" humanType="Slot" icon="AutomotiveCaseStudy_files/icon_slot_780071655.svg" mode="e" refid="a3d6f806-1ac1-4e9e-946e-d9974e241b0b"/><owningSlot classType="Slot" humanName="Owning Slot" humanType="Slot" icon="AutomotiveCaseStudy_files/icon_slot_780071655.svg" refid="a3d6f806-1ac1-4e9e-946e-d9974e241b0b"/><qualifiedName humanName="Qualified Name"/><text humanName="Text" mode="standard">39.1</text><TO_DO humanName="To Do"/><TYPE_MODIFIER humanName="Type Modifier"/><value humanName="Value" mode="s,e">39.1</value><visibility humanName="Visibility">public</visibility></literalstring></magicdraw>