<?xml version="1.0" encoding="UTF-8"?><magicdraw><comment classType="Comment" humanType="Comment" icon="AutomotiveCaseStudy_files/icon_comment_992361802.svg" id="8566b179-adaa-44e1-ac92-f80a1cde732d"><annotatedElement humanName="Annotated Element" mode="s,e"><performancerequirement classType="Class" humanType="Performance Requirement" icon="AutomotiveCaseStudy_files/icon_performancerequirement_1751427415.svg" name="Upside Make Flexibility" refid="3980430b-cadd-4fe1-be8c-0f23ab70c8ad"/></annotatedElement><body humanName="Body" mode="s,e">The number of days required to achieve an unplanned sustainable
20% increase in production with the assumption of no raw material constraints.</body><documentation humanName="Documentation"/><owner classType="Class" humanName="Owner" humanType="Performance Requirement" icon="AutomotiveCaseStudy_files/icon_performancerequirement_1751427415.svg" mode="s,e" name="Upside Make Flexibility" refid="3980430b-cadd-4fe1-be8c-0f23ab70c8ad"/><owningElement classType="Class" humanName="Owning Element" humanType="Performance Requirement" icon="AutomotiveCaseStudy_files/icon_performancerequirement_1751427415.svg" name="Upside Make Flexibility" refid="3980430b-cadd-4fe1-be8c-0f23ab70c8ad"/><TO_DO humanName="To Do" mode="s,e"/></comment></magicdraw>