<?xml version="1.0" encoding="UTF-8"?><magicdraw><slot classType="Slot" humanType="Slot" icon="AutomotiveCaseStudy_files/icon_slot_780071655.svg" id="870fb0d3-854e-490f-b6d6-ddfc47d2bce0"><definingFeature classType="Property" humanName="Defining Feature" humanType="Property" icon="AutomotiveCaseStudy_files/icon_property_3315346.svg" mode="s,e" name="Text" refid="276f8ce5-69de-4660-87a3-7a7b5d0e6546"/><documentation humanName="Documentation"/><ownedElement humanName="Owned Element"><literalstring classType="LiteralString" humanType="Literal String" icon="AutomotiveCaseStudy_files/icon_literalstring_242907379.svg" name="Percentage of orders with on time and accurate documentation supporting the order will be greater than 99%" refid="630c61c5-97fa-4485-a47d-fab3dc1233e6" text="Percentage of orders with on time and accurate documentation supporting the order will be greater than 99%"/></ownedElement><owner classType="InstanceSpecification" humanName="Owner" humanType="Instance Specification" icon="AutomotiveCaseStudy_files/icon_instancespecification_13643661.svg" mode="s,e" name=" : SysML::Non-Normative Extensions::Requirement::performanceRequirement" refid="0f30343d-8bb8-43a1-b161-3e1e0577581d"/><owningInstance classType="InstanceSpecification" humanName="Owning Instance" humanType="Instance Specification" icon="AutomotiveCaseStudy_files/icon_instancespecification_13643661.svg" name=" : SysML::Non-Normative Extensions::Requirement::performanceRequirement" refid="0f30343d-8bb8-43a1-b161-3e1e0577581d"/><TO_DO humanName="To Do" mode="s,e"/><value humanName="Value" mode="s,e"><literalstring classType="LiteralString" humanType="Literal String" icon="AutomotiveCaseStudy_files/icon_literalstring_242907379.svg" name="Percentage of orders with on time and accurate documentation supporting the order will be greater than 99%" refid="630c61c5-97fa-4485-a47d-fab3dc1233e6" text="Percentage of orders with on time and accurate documentation supporting the order will be greater than 99%"/></value></slot></magicdraw>