<?xml version="1.0" encoding="UTF-8"?><magicdraw><actor classType="Actor" humanType="Actor" icon="AutomotiveCaseStudy_files/icon_actor_1378559537.svg" id="87533e2e-894c-4ded-ac5d-f34eadbdca62"><allSpecificClassifiers humanName="All Specific Classifiers"><actor classType="Actor" humanType="Actor" icon="AutomotiveCaseStudy_files/icon_actor_1378559537.svg" name="ConsumerGoods" refid="e3bbfd32-9123-4802-a47c-b14c731154ab"/><actor classType="Actor" humanType="Actor" icon="AutomotiveCaseStudy_files/icon_actor_1378559537.svg" name="Defense/Aerospace" refid="afa637b1-36b7-44d3-a60f-1f6eb3def2cc"/><actor classType="Actor" humanType="Actor" icon="AutomotiveCaseStudy_files/icon_actor_1378559537.svg" name="DistributionChannel" refid="d011642b-bb8e-40a2-a9f2-e0e707949b68"/><actor classType="Actor" humanType="Actor" icon="AutomotiveCaseStudy_files/icon_actor_1378559537.svg" name="EndUser" refid="ba1fab30-fc16-451f-9643-9f501fbb9b6d"/><actor classType="Actor" humanType="Actor" icon="AutomotiveCaseStudy_files/icon_actor_1378559537.svg" name="OEM" refid="aa5bfaab-f8f0-4378-abdb-7a5c49ab353f"/><actor classType="Actor" humanType="Actor" icon="AutomotiveCaseStudy_files/icon_actor_1378559537.svg" name="Procurement" refid="330e8987-b1b7-4b28-ae14-d1915d89344b"/></allSpecificClassifiers><documentation humanName="Documentation"/><isAbstract humanName="Is Abstract" mode="s,e">false</isAbstract><isFinalSpecialization humanName="Is Final Specialization">false</isFinalSpecialization><isLeaf humanName="Is Leaf">false</isLeaf><name humanName="Name" mode="s,e">Customer</name><namespace classType="Package" humanName="Namespace" humanType="Package" icon="AutomotiveCaseStudy_files/icon_package_1622863652.svg" name="1.1 - Mission Stakeholders pkg" refid="a4655a15-ad89-49f8-8b4c-83b652a495bc"/><owner classType="Package" humanName="Owner" humanType="Package" icon="AutomotiveCaseStudy_files/icon_package_1622863652.svg" mode="s,e" name="1.1 - Mission Stakeholders pkg" refid="a4655a15-ad89-49f8-8b4c-83b652a495bc"/><owningPackage classType="Package" humanName="Owning Package" humanType="Package" icon="AutomotiveCaseStudy_files/icon_package_1622863652.svg" name="1.1 - Mission Stakeholders pkg" refid="a4655a15-ad89-49f8-8b4c-83b652a495bc"/><package classType="Package" humanName="Package" humanType="Package" icon="AutomotiveCaseStudy_files/icon_package_1622863652.svg" name="1.1 - Mission Stakeholders pkg" refid="a4655a15-ad89-49f8-8b4c-83b652a495bc"/><qualifiedName humanName="Qualified Name" mode="e">0 - Automotive Production Mission Reference Architecture::1 - Mission Stakeholders pkg::1.1 - Mission Stakeholders pkg::Customer</qualifiedName><specificClassifier humanName="Specific Classifier"><actor classType="Actor" humanType="Actor" icon="AutomotiveCaseStudy_files/icon_actor_1378559537.svg" name="DistributionChannel" refid="d011642b-bb8e-40a2-a9f2-e0e707949b68"/><actor classType="Actor" humanType="Actor" icon="AutomotiveCaseStudy_files/icon_actor_1378559537.svg" name="EndUser" refid="ba1fab30-fc16-451f-9643-9f501fbb9b6d"/><actor classType="Actor" humanType="Actor" icon="AutomotiveCaseStudy_files/icon_actor_1378559537.svg" name="OEM" refid="aa5bfaab-f8f0-4378-abdb-7a5c49ab353f"/><actor classType="Actor" humanType="Actor" icon="AutomotiveCaseStudy_files/icon_actor_1378559537.svg" name="Procurement" refid="330e8987-b1b7-4b28-ae14-d1915d89344b"/></specificClassifier><TO_DO humanName="To Do" mode="s,e"/><visibility humanName="Visibility">public</visibility><appearsIn><diagram classType="Diagram" humanType="Diagram" icon="AutomotiveCaseStudy_files/icon_SysML Use Case Diagram_1781568760.svg" name="1.1 - Mission Stakeholders pkg" refid="ee408cd2-cdb8-4758-8cf8-ffda7bed3c78"/></appearsIn></actor></magicdraw>