<?xml version="1.0" encoding="UTF-8"?><magicdraw><literalstring classType="LiteralString" humanType="Literal String" icon="AutomotiveCaseStudy_files/icon_literalstring_242907379.svg" id="89a68f4a-fb26-4386-8e83-1c1a6b93b25f"><documentation humanName="Documentation"/><name humanName="Name"/><owner classType="Slot" humanName="Owner" humanType="Slot" icon="AutomotiveCaseStudy_files/icon_slot_780071655.svg" mode="e" refid="665fb3b5-54ce-402b-ba1b-0ae43962d4e4"/><owningSlot classType="Slot" humanName="Owning Slot" humanType="Slot" icon="AutomotiveCaseStudy_files/icon_slot_780071655.svg" refid="665fb3b5-54ce-402b-ba1b-0ae43962d4e4"/><qualifiedName humanName="Qualified Name"/><text humanName="Text" mode="standard">42.2</text><TO_DO humanName="To Do"/><TYPE_MODIFIER humanName="Type Modifier"/><value humanName="Value" mode="s,e">42.2</value><visibility humanName="Visibility">public</visibility></literalstring></magicdraw>