<?xml version="1.0" encoding="UTF-8"?><magicdraw><package classType="Package" humanType="Package" icon="AutomotiveCaseStudy_files/icon_package_1622863652.svg" id="8a011b4b-f313-49e0-a858-ffd000c9960b"><documentation humanName="Documentation"/><member humanName="Member"><performancerequirement classType="Class" humanType="Performance Requirement" icon="AutomotiveCaseStudy_files/icon_performancerequirement_1751427415.svg" name="Cost of Goods Sold" refid="b005702f-46b6-4b80-8402-35a27babb40b"/><performancerequirement classType="Class" humanType="Performance Requirement" icon="AutomotiveCaseStudy_files/icon_performancerequirement_1751427415.svg" name="Total Supply Chain Management Cost" refid="5b3903f5-83f3-481e-9ae4-693e443fc1e6"/></member><name humanName="Name" mode="s,e">Cost</name><namespace classType="Package" humanName="Namespace" humanType="Package" icon="AutomotiveCaseStudy_files/icon_package_1622863652.svg" name="Performance_Requirements" refid="d95b9eca-6240-428e-96d0-642ac905c6ee"/><nestingPackage classType="Package" humanName="Nesting Package" humanType="Package" icon="AutomotiveCaseStudy_files/icon_package_1622863652.svg" name="Performance_Requirements" refid="d95b9eca-6240-428e-96d0-642ac905c6ee"/><ownedElement humanName="Owned Element"><performancerequirement classType="Class" humanType="Performance Requirement" icon="AutomotiveCaseStudy_files/icon_performancerequirement_1751427415.svg" name="Cost of Goods Sold" refid="b005702f-46b6-4b80-8402-35a27babb40b"/><performancerequirement classType="Class" humanType="Performance Requirement" icon="AutomotiveCaseStudy_files/icon_performancerequirement_1751427415.svg" name="Total Supply Chain Management Cost" refid="5b3903f5-83f3-481e-9ae4-693e443fc1e6"/></ownedElement><ownedMember humanName="Owned Member"><performancerequirement classType="Class" humanType="Performance Requirement" icon="AutomotiveCaseStudy_files/icon_performancerequirement_1751427415.svg" name="Cost of Goods Sold" refid="b005702f-46b6-4b80-8402-35a27babb40b"/><performancerequirement classType="Class" humanType="Performance Requirement" icon="AutomotiveCaseStudy_files/icon_performancerequirement_1751427415.svg" name="Total Supply Chain Management Cost" refid="5b3903f5-83f3-481e-9ae4-693e443fc1e6"/></ownedMember><ownedType humanName="Owned Type"><performancerequirement classType="Class" humanType="Performance Requirement" icon="AutomotiveCaseStudy_files/icon_performancerequirement_1751427415.svg" name="Cost of Goods Sold" refid="b005702f-46b6-4b80-8402-35a27babb40b"/><performancerequirement classType="Class" humanType="Performance Requirement" icon="AutomotiveCaseStudy_files/icon_performancerequirement_1751427415.svg" name="Total Supply Chain Management Cost" refid="5b3903f5-83f3-481e-9ae4-693e443fc1e6"/></ownedType><owner classType="Package" humanName="Owner" humanType="Package" icon="AutomotiveCaseStudy_files/icon_package_1622863652.svg" mode="s,e" name="Performance_Requirements" refid="d95b9eca-6240-428e-96d0-642ac905c6ee"/><owningPackage classType="Package" humanName="Owning Package" humanType="Package" icon="AutomotiveCaseStudy_files/icon_package_1622863652.svg" name="Performance_Requirements" refid="d95b9eca-6240-428e-96d0-642ac905c6ee"/><packagedElement humanName="Packaged Element"><performancerequirement classType="Class" humanType="Performance Requirement" icon="AutomotiveCaseStudy_files/icon_performancerequirement_1751427415.svg" name="Cost of Goods Sold" refid="b005702f-46b6-4b80-8402-35a27babb40b"/><performancerequirement classType="Class" humanType="Performance Requirement" icon="AutomotiveCaseStudy_files/icon_performancerequirement_1751427415.svg" name="Total Supply Chain Management Cost" refid="5b3903f5-83f3-481e-9ae4-693e443fc1e6"/></packagedElement><qualifiedName humanName="Qualified Name" mode="e">0 - Automotive Production Mission Reference Architecture::4 - Requirements pkg::4.1 - L1 Enterprise Requirements pkg::Performance_Requirements::Cost</qualifiedName><TO_DO humanName="To Do" mode="s,e"/><URI humanName="URI" mode="e"/><visibility humanName="Visibility">public</visibility></package></magicdraw>