<?xml version="1.0" encoding="UTF-8"?><magicdraw><literalstring classType="LiteralString" humanType="Literal String" icon="AutomotiveCaseStudy_files/icon_literalstring_242907379.svg" id="8b35ff9e-8405-4532-b89d-4efd54ed4cc8"><documentation humanName="Documentation"/><name humanName="Name"/><owner classType="Slot" humanName="Owner" humanType="Slot" icon="AutomotiveCaseStudy_files/icon_slot_780071655.svg" mode="e" refid="aad75288-4c17-44ca-9c93-6ede60809537"/><owningSlot classType="Slot" humanName="Owning Slot" humanType="Slot" icon="AutomotiveCaseStudy_files/icon_slot_780071655.svg" refid="aad75288-4c17-44ca-9c93-6ede60809537"/><qualifiedName humanName="Qualified Name"/><text humanName="Text" mode="standard">38.1</text><TO_DO humanName="To Do"/><TYPE_MODIFIER humanName="Type Modifier"/><value humanName="Value" mode="s,e">38.1</value><visibility humanName="Visibility">public</visibility></literalstring></magicdraw>